code,product_name,generic_name,brands,categories,main_category,origins
2961251404189,Organic QuickMeal Tomato Paste,Tomato Paste,QuickMeal,Pasta,Pasta,Indonesia
2531350688820,Pure NatureBite Instant Coffee,Instant Coffee,NatureBite,Juice,Juice,Mexico
8381094320374,Natural CountryStyle Cream,Cream,CountryStyle,Beverages,Beverages,Vietnam
3808074611645,Royal MorningFresh Instant Coffee,Instant Coffee,MorningFresh,Juice,Juice,Vietnam
2796741992313,Fresh PureChoice Mineral Water,Mineral Water,PureChoice,Jam,Jam,Germany
7661160537249,Fresh HealthyLife Bagel Pack of 12,Bagel,HealthyLife,Pickles,Pickles,Germany
1803457621458,Golden HealthyLife Mustard 500g,Mustard,HealthyLife,Condiments,Condiments,Italy
8976948156217,Golden GoldenHarvest Gouda,Gouda,GoldenHarvest,Jam,Jam,Mexico
5697277634980,Royal DailyBasics Tempeh,Tempeh,DailyBasics,Spices,Spices,Spain
5306688806356,Premium SimpleJoy Frozen Pizza,Frozen Pizza,SimpleJoy,Tea,Tea,Japan
5028919575309,Organic MorningFresh Cheddar,Cheddar,MorningFresh,Canned Goods,Canned Goods,Mexico
6535001295567,Natural OrganicPlus Soy Milk,Soy Milk,OrganicPlus,Soup Mix,Soup Mix,Brazil
3453563977694,Natural VillageMade Coconut Oil,Coconut Oil,VillageMade,Salt,Salt,Germany
7366856944791,Natural FamilyFarm Sauce,Sauce,FamilyFarm,Bakery,Bakery,Turkey
3689120466741,Golden KitchenPride Pickle,Pickle,KitchenPride,Vinegar,Vinegar,Italy
1205911172655,Golden PureChoice Corn,Corn,PureChoice,Health Supplements,Health Supplements,Vietnam
6985642353299,Fresh KitchenPride Gum,Gum,KitchenPride,Beverages,Beverages,Indonesia
9930004312372,Fresh HealthyLife Condensed Milk Pack of 6,Condensed Milk,HealthyLife,Sauces,Sauces,Brazil
1012534834141,Pure OrganicPlus Almonds,Almonds,OrganicPlus,Pickles,Pickles,Turkey
6410828897069,Natural TastyBites Butter 200g,Butter,TastyBites,Frozen Foods,Frozen Foods,Indonesia
3215197391284,Premium OrganicPlus Almond Milk 250g,Almond Milk,OrganicPlus,Chocolate,Chocolate,Spain
8019315372954,Golden GoldenHarvest Soy Milk,Soy Milk,GoldenHarvest,Personal Care,Personal Care,France
5359911514519,Natural MorningFresh Cheese,Cheese,MorningFresh,Tea,Tea,Germany
1125499878070,Fresh NatureBite Black Beans,Black Beans,NatureBite,Dairy,Dairy,Turkey
2246959695420,Farm Fresh QuickMeal Pepper,Pepper,QuickMeal,Juice,Juice,Spain
5275522566137,Artisan KitchenPride Cheddar,Cheddar,KitchenPride,Condiments,Condiments,Japan
7233848897235,Traditional NutriWell Black Tea 100g,Black Tea,NutriWell,Condiments,Condiments,India
2923551236702,Natural SunValley Cornflakes,Cornflakes,SunValley,Pasta,Pasta,Italy
5897050792566,Artisan DailyBasics Cinnamon,Cinnamon,DailyBasics,Condiments,Condiments,India
3925887970752,Traditional OrganicPlus Chicken Nuggets,Chicken Nuggets,OrganicPlus,Flour,Flour,India
7666496354440,Organic QuickMeal Sparkling Water 2L,Sparkling Water,QuickMeal,Chips,Chips,Italy
3725099503481,Natural SunValley Gum Pack of 12,Gum,SunValley,Health Supplements,Health Supplements,India
6517950538651,Organic CountryStyle Oil,Oil,CountryStyle,Personal Care,Personal Care,Brazil
2410930379874,Premium LocalBest Cheese,Cheese,LocalBest,Coffee,Coffee,Italy
1698338142294,Pure KitchenPride Juice,Juice,KitchenPride,Personal Care,Personal Care,Thailand
5591039604949,Natural MorningFresh Oat Milk,Oat Milk,MorningFresh,Flour,Flour,Brazil
9041467255746,Classic DailyBasics Olive Oil,Olive Oil,DailyBasics,Condiments,Condiments,USA
4751815571595,Farm Fresh HomeMade Cumin 200g,Cumin,HomeMade,Coffee,Coffee,Thailand
3775772884754,Artisan VillageMade Gouda Pack of 12,Gouda,VillageMade,Personal Care,Personal Care,India
6268011903574,Golden HomeMade Biscuits,Biscuits,HomeMade,Condiments,Condiments,Indonesia
3733975277719,Homestyle LocalBest Candy,Candy,LocalBest,Honey,Honey,Mexico
5646522879626,Farm Fresh QuickMeal Chicken Nuggets 100g,Chicken Nuggets,QuickMeal,Frozen Foods,Frozen Foods,Japan
1774282445811,Organic HomeMade Cashews,Cashews,HomeMade,Chocolate,Chocolate,Brazil
8772779400991,Farm Fresh KitchenPride Black Beans,Black Beans,KitchenPride,Cereals,Cereals,USA
3605123258594,Traditional NatureBite Pasta,Pasta,NatureBite,Dairy,Dairy,Thailand
7219554139843,Farm Fresh LocalBest Black Tea 500g,Black Tea,LocalBest,Spices,Spices,Vietnam
4117333527642,Traditional GreenLeaf Flour 750ml,Flour,GreenLeaf,Sugar,Sugar,Vietnam
5691170157410,Premium PureChoice Margarine,Margarine,PureChoice,Dairy,Dairy,Turkey
4914736804901,Natural NutriWell Parmesan,Parmesan,NutriWell,Tea,Tea,Mexico
8010216113207,Classic DailyBasics Chocolate Bar 1kg,Chocolate Bar,DailyBasics,Jam,Jam,Japan
8033049344267,Golden VillageMade Swiss Cheese,Swiss Cheese,VillageMade,Snacks,Snacks,USA
4140743004108,Pure NatureBite Cumin,Cumin,NatureBite,Salt,Salt,Thailand
8676453791775,Pure PureChoice Samosa,Samosa,PureChoice,Sauces,Sauces,China
1027642656565,Farm Fresh VillageMade Cheddar,Cheddar,VillageMade,Sauces,Sauces,Thailand
2230213054883,Golden LocalBest Cashews,Cashews,LocalBest,Cereals,Cereals,Indonesia
6286675445811,Farm Fresh KitchenPride Popcorn,Popcorn,KitchenPride,Chips,Chips,Spain
4372096024310,Traditional SimpleJoy Oat Milk,Oat Milk,SimpleJoy,Oils,Oils,Germany
6293843997145,Traditional FreshFarm Bagel,Bagel,FreshFarm,Juice,Juice,Italy
9179001781498,Artisan SunValley Whole Beans,Whole Beans,SunValley,Spices,Spices,Japan
5991116192008,Farm Fresh LocalBest Almond Milk,Almond Milk,LocalBest,Coffee,Coffee,Japan
4952703153765,Natural FreshFarm Jam,Jam,FreshFarm,Baby Food,Baby Food,Germany
9010426801904,Traditional CountryStyle Condensed Milk,Condensed Milk,CountryStyle,Vinegar,Vinegar,France
5292388824675,Premium FreshFarm Soy Milk 200g,Soy Milk,FreshFarm,Salt,Salt,Mexico
9171252408595,Organic TastyBites Croissant 200g,Croissant,TastyBites,Soup Mix,Soup Mix,Brazil
9176764822383,Golden VillageMade Chapati,Chapati,VillageMade,Noodles,Noodles,Germany
9881528598830,Traditional VillageMade Gouda,Gouda,VillageMade,Spices,Spices,Indonesia
9353116515888,Artisan TastyBites Cumin 1kg,Cumin,TastyBites,Personal Care,Personal Care,France
5207464846825,Homestyle DailyBasics Whole Beans 500g,Whole Beans,DailyBasics,Biscuits,Biscuits,Thailand
2419659143815,Premium TastyBites Honey,Honey,TastyBites,Rice,Rice,Indonesia
2130495319468,Traditional MorningFresh Black Tea,Black Tea,MorningFresh,Sugar,Sugar,India
7852277339807,Pure FreshFarm Chickpeas Pack of 12,Chickpeas,FreshFarm,Vinegar,Vinegar,France
6254255795580,Traditional KitchenPride Gouda,Gouda,KitchenPride,Health Supplements,Health Supplements,Vietnam
9586586831180,Natural KitchenPride Coriander,Coriander,KitchenPride,Vinegar,Vinegar,Thailand
8115893837366,Royal NutriWell Vinegar Pack of 12,Vinegar,NutriWell,Health Supplements,Health Supplements,India
7931677478267,Pure FreshFarm Muffin,Muffin,FreshFarm,Salt,Salt,Brazil
9125506254947,Premium QuickMeal Oil,Oil,QuickMeal,Juice,Juice,France
6937048595129,Traditional KitchenPride Chocolate Bar,Chocolate Bar,KitchenPride,Frozen Foods,Frozen Foods,France
1917144821246,Classic DailyBasics Mayonnaise 100g,Mayonnaise,DailyBasics,Snacks,Snacks,Mexico
5196837525387,Premium PureChoice Frozen Veggies,Frozen Veggies,PureChoice,Juice,Juice,France
5508424872688,Classic LocalBest Vinegar,Vinegar,LocalBest,Cereals,Cereals,Vietnam
3881146960064,Homestyle CountryStyle Biscuits,Biscuits,CountryStyle,Nuts,Nuts,Germany
7605480054946,Traditional SunValley Kidney Beans,Kidney Beans,SunValley,Coffee,Coffee,USA
3129468527791,Pure NatureBite Margarine,Margarine,NatureBite,Salt,Salt,Japan
2212772367295,Farm Fresh MorningFresh Coconut Milk,Coconut Milk,MorningFresh,Sugar,Sugar,Turkey
2857531272173,Traditional NutriWell Soda 1L,Soda,NutriWell,Oils,Oils,Indonesia
5753027522713,Pure VillageMade Cheddar 2L,Cheddar,VillageMade,Salt,Salt,Turkey
6670509580791,Natural DailyBasics Gouda,Gouda,DailyBasics,Noodles,Noodles,Mexico
9176546035391,Pure SimpleJoy Peanut Butter,Peanut Butter,SimpleJoy,Pet Food,Pet Food,Turkey
4196851593446,Artisan GoldenHarvest Ketchup 750ml,Ketchup,GoldenHarvest,Biscuits,Biscuits,Germany
4362736323263,Fresh KitchenPride Pepper,Pepper,KitchenPride,Coffee,Coffee,Indonesia
9635941604803,Artisan FreshFarm Cream Cheese,Cream Cheese,FreshFarm,Tea,Tea,Italy
5280758630029,Homestyle CountryStyle Almond Milk,Almond Milk,CountryStyle,Personal Care,Personal Care,Thailand
7190468611355,Royal QuickMeal Ice Cream,Ice Cream,QuickMeal,Tea,Tea,USA
4387532121887,Classic VillageMade Noodles 250g,Noodles,VillageMade,Sauces,Sauces,Mexico
9520092430792,Homestyle CountryStyle Corn Pack of 6,Corn,CountryStyle,Chips,Chips,USA
4418075111911,Homestyle GoldenHarvest Mustard,Mustard,GoldenHarvest,Beverages,Beverages,Indonesia
3227087152081,Homestyle NatureBite Salt,Salt,NatureBite,Pasta,Pasta,Japan
2805994572272,Organic HealthyLife Cake Mix,Cake Mix,HealthyLife,Noodles,Noodles,Thailand
5441216845401,Artisan DailyBasics Chips,Chips,DailyBasics,Canned Goods,Canned Goods,Germany
3667404940033,Premium CountryStyle Cheddar 200g,Cheddar,CountryStyle,Coffee,Coffee,USA
4971205868098,Farm Fresh NutriWell Mineral Water 1kg,Mineral Water,NutriWell,Salt,Salt,China
4658293099819,Golden QuickMeal Ketchup,Ketchup,QuickMeal,Spices,Spices,Mexico
3753396437918,Organic NutriWell Black Tea,Black Tea,NutriWell,Baby Food,Baby Food,China
5071769183739,Homestyle HealthyLife Black Beans 2L,Black Beans,HealthyLife,Canned Goods,Canned Goods,Japan
8478387689394,Fresh TastyBites Pita Bread,Pita Bread,TastyBites,Biscuits,Biscuits,Turkey
2254741350632,Organic HealthyLife Vinegar,Vinegar,HealthyLife,Chips,Chips,France
9242576335907,Royal SimpleJoy Crackers Pack of 6,Crackers,SimpleJoy,Health Supplements,Health Supplements,France
2414924400409,Pure KitchenPride Salt Pack of 12,Salt,KitchenPride,Chocolate,Chocolate,India
5024776602349,Golden CountryStyle Swiss Cheese,Swiss Cheese,CountryStyle,Snacks,Snacks,Vietnam
4082739701132,Artisan NutriWell Paratha 250g,Paratha,NutriWell,Salt,Salt,Japan
9653561289564,Fresh GoldenHarvest Frozen Veggies,Frozen Veggies,GoldenHarvest,Dried Fruits,Dried Fruits,Japan
6798896587094,Traditional OrganicPlus Lentils,Lentils,OrganicPlus,Flour,Flour,Turkey
8997386718143,Fresh QuickMeal Peanuts,Peanuts,QuickMeal,Flour,Flour,Turkey
1021423808904,Golden NutriWell Pita Bread,Pita Bread,NutriWell,Sauces,Sauces,Spain
9769277149755,Golden NatureBite Whole Beans,Whole Beans,NatureBite,Pasta,Pasta,China
9528509043604,Fresh LocalBest Flour 250g,Flour,LocalBest,Nuts,Nuts,Spain
2638134846457,Natural PureChoice Swiss Cheese,Swiss Cheese,PureChoice,Cereals,Cereals,Japan
3709403424217,Artisan HealthyLife Kidney Beans,Kidney Beans,HealthyLife,Biscuits,Biscuits,Italy
9490440488928,Artisan NutriWell Cinnamon,Cinnamon,NutriWell,Vinegar,Vinegar,Mexico
3404663395981,Fresh KitchenPride Chocolate Bar,Chocolate Bar,KitchenPride,Cleaning Supplies,Cleaning Supplies,China
1046473906128,Homestyle HealthyLife Corn Pack of 12,Corn,HealthyLife,Pet Food,Pet Food,Turkey
8856133396834,Farm Fresh GoldenHarvest Fish Fillet,Fish Fillet,GoldenHarvest,Health Supplements,Health Supplements,Italy
5203473748446,Pure TastyBites Sparkling Water 1L,Sparkling Water,TastyBites,Dairy,Dairy,Thailand
9322550136625,Royal SimpleJoy Cheddar,Cheddar,SimpleJoy,Rice,Rice,France
1652683951118,Premium CountryStyle Spring Rolls,Spring Rolls,CountryStyle,Condiments,Condiments,Turkey
8747455451376,Fresh NutriWell Chapati,Chapati,NutriWell,Rice,Rice,Italy
3718585263795,Fresh QuickMeal Frozen Veggies,Frozen Veggies,QuickMeal,Flour,Flour,Japan
7685261002965,Classic OrganicPlus Condensed Milk 100g,Condensed Milk,OrganicPlus,Canned Goods,Canned Goods,Mexico
6059131867759,Natural DailyBasics Coconut Oil,Coconut Oil,DailyBasics,Condiments,Condiments,Vietnam
2768979257948,Artisan HealthyLife Vinegar 100g,Vinegar,HealthyLife,Dried Fruits,Dried Fruits,Vietnam
6158496752738,Classic KitchenPride Energy Drink,Energy Drink,KitchenPride,Personal Care,Personal Care,Italy
4168794742374,Premium DailyBasics Cereal,Cereal,DailyBasics,Vinegar,Vinegar,Germany
5237771794539,Artisan HomeMade Brownie Mix,Brownie Mix,HomeMade,Chocolate,Chocolate,France
9185368571616,Homestyle VillageMade Tofu,Tofu,VillageMade,Noodles,Noodles,Thailand
8464490076550,Royal NutriWell Turmeric 500g,Turmeric,NutriWell,Vinegar,Vinegar,Turkey
2874681103877,Natural CountryStyle Mineral Water,Mineral Water,CountryStyle,Chips,Chips,Indonesia
1383520095792,Golden QuickMeal Iced Tea,Iced Tea,QuickMeal,Bakery,Bakery,Germany
9739163970103,Homestyle TastyBites Ghee,Ghee,TastyBites,Jam,Jam,Mexico
4344218809251,Pure HomeMade Turmeric,Turmeric,HomeMade,Dairy,Dairy,China
8755803025524,Organic GoldenHarvest Brownie Mix 200g,Brownie Mix,GoldenHarvest,Chips,Chips,Thailand
8308949776358,Premium HomeMade Muesli 750ml,Muesli,HomeMade,Personal Care,Personal Care,Spain
5797106899018,Premium OrganicPlus Turmeric 1kg,Turmeric,OrganicPlus,Honey,Honey,Vietnam
9238241923859,Fresh TastyBites Jam 1L,Jam,TastyBites,Pickles,Pickles,USA
7944063103524,Organic VillageMade Cumin,Cumin,VillageMade,Pickles,Pickles,Japan
2904265979267,Golden OrganicPlus Mustard,Mustard,OrganicPlus,Dried Fruits,Dried Fruits,Germany
9168271261496,Royal KitchenPride Crackers,Crackers,KitchenPride,Dairy,Dairy,India
3042225272225,Fresh VillageMade Pepper,Pepper,VillageMade,Soup Mix,Soup Mix,Thailand
5921824307767,Organic GoldenHarvest Lentils,Lentils,GoldenHarvest,Noodles,Noodles,Mexico
7381700565161,Fresh GoldenHarvest Tempeh,Tempeh,GoldenHarvest,Jam,Jam,India
5855023041229,Natural NutriWell Noodles,Noodles,NutriWell,Juice,Juice,Japan
1377832968774,Organic MorningFresh Margarine,Margarine,MorningFresh,Pasta,Pasta,Vietnam
4610197372591,Fresh VillageMade Gouda,Gouda,VillageMade,Juice,Juice,Turkey
5101134113817,Classic HomeMade Ghee Pack of 12,Ghee,HomeMade,Beverages,Beverages,China
2933484742631,Golden HomeMade Flour,Flour,HomeMade,Coffee,Coffee,Germany
1276268494809,Premium NatureBite Cumin,Cumin,NatureBite,Sugar,Sugar,Spain
9375459206885,Artisan GoldenHarvest Ghee,Ghee,GoldenHarvest,Condiments,Condiments,France
4897699308182,Pure FamilyFarm Salt,Salt,FamilyFarm,Snacks,Snacks,India
9426719764926,Traditional PureChoice Instant Coffee,Instant Coffee,PureChoice,Noodles,Noodles,USA
2421201529033,Classic HomeMade Syrup,Syrup,HomeMade,Biscuits,Biscuits,Germany
7701545642610,Pure HealthyLife Chapati,Chapati,HealthyLife,Salt,Salt,USA
4783288481694,Traditional TastyBites Cream,Cream,TastyBites,Soup Mix,Soup Mix,Italy
6497966529455,Traditional QuickMeal Peanuts,Peanuts,QuickMeal,Rice,Rice,Japan
9344790679381,Fresh DailyBasics Tea,Tea,DailyBasics,Condiments,Condiments,Indonesia
7557293198353,Premium NatureBite Croissant,Croissant,NatureBite,Honey,Honey,Japan
8224659971233,Classic KitchenPride Oat Milk 100g,Oat Milk,KitchenPride,Chips,Chips,Germany
7186094864049,Fresh FamilyFarm Cake Mix,Cake Mix,FamilyFarm,Baby Food,Baby Food,Mexico
2906309529903,Classic GoldenHarvest Croissant,Croissant,GoldenHarvest,Biscuits,Biscuits,Germany
1461952679740,Pure QuickMeal Almond Milk,Almond Milk,QuickMeal,Biscuits,Biscuits,Indonesia
6436408153382,Classic FreshFarm Dates,Dates,FreshFarm,Rice,Rice,Germany
8050864606439,Fresh FreshFarm Jam,Jam,FreshFarm,Personal Care,Personal Care,Mexico
8384664524491,Artisan GreenLeaf Raisins,Raisins,GreenLeaf,Dried Fruits,Dried Fruits,Vietnam
2492914413340,Organic GreenLeaf Honey 100g,Honey,GreenLeaf,Frozen Foods,Frozen Foods,China
9544511081322,Pure KitchenPride Whole Beans,Whole Beans,KitchenPride,Cleaning Supplies,Cleaning Supplies,USA
8560624947078,Fresh CountryStyle Candy,Candy,CountryStyle,Nuts,Nuts,India
7950204204415,Pure FreshFarm Butter,Butter,FreshFarm,Juice,Juice,Vietnam
6090633693692,Classic FreshFarm Noodles,Noodles,FreshFarm,Salt,Salt,Brazil
7687818928252,Farm Fresh TastyBites Black Beans,Black Beans,TastyBites,Jam,Jam,USA
1746216385445,Traditional NutriWell Rice 750ml,Rice,NutriWell,Salt,Salt,Germany
8347143463689,Homestyle SimpleJoy Chips,Chips,SimpleJoy,Dried Fruits,Dried Fruits,Brazil
9094373213453,Royal DailyBasics Soda,Soda,DailyBasics,Condiments,Condiments,Mexico
7962479773503,Homestyle MorningFresh Coconut Oil,Coconut Oil,MorningFresh,Spices,Spices,USA
4412394260455,Classic HomeMade Dates,Dates,HomeMade,Rice,Rice,China
4050274056097,Pure DailyBasics Honey,Honey,DailyBasics,Pet Food,Pet Food,France
6684924033223,Golden HomeMade Peanuts,Peanuts,HomeMade,Baby Food,Baby Food,France
6328471225477,Homestyle NatureBite Pancake Mix,Pancake Mix,NatureBite,Canned Goods,Canned Goods,China
8951967633769,Organic GoldenHarvest Butter 200g,Butter,GoldenHarvest,Frozen Foods,Frozen Foods,Germany
9918903659884,Traditional CountryStyle Frozen Pizza,Frozen Pizza,CountryStyle,Dairy,Dairy,France
6652985443891,Pure FamilyFarm Frozen Veggies,Frozen Veggies,FamilyFarm,Bakery,Bakery,France
2484831679063,Farm Fresh GreenLeaf Coconut Milk,Coconut Milk,GreenLeaf,Noodles,Noodles,France
3794347836695,Classic HealthyLife Energy Drink,Energy Drink,HealthyLife,Honey,Honey,Japan
1921690901595,Golden MorningFresh Coconut Milk,Coconut Milk,MorningFresh,Condiments,Condiments,Spain
7801846846666,Homestyle LocalBest Turmeric 750ml,Turmeric,LocalBest,Frozen Foods,Frozen Foods,Germany
3489636256681,Classic SimpleJoy Popcorn,Popcorn,SimpleJoy,Frozen Foods,Frozen Foods,China
7625240122441,Golden MorningFresh Cream Cheese Pack of 6,Cream Cheese,MorningFresh,Frozen Foods,Frozen Foods,Japan
8450352878027,Farm Fresh FreshFarm Soda,Soda,FreshFarm,Oils,Oils,Mexico
9554570502206,Natural HomeMade Mayonnaise,Mayonnaise,HomeMade,Chips,Chips,Turkey
2781501410921,Farm Fresh VillageMade Sesame Oil Pack of 6,Sesame Oil,VillageMade,Dairy,Dairy,Japan
3711742363297,Premium LocalBest Oats 250g,Oats,LocalBest,Noodles,Noodles,India
7409855829942,Golden TastyBites Corn Pack of 12,Corn,TastyBites,Chips,Chips,Vietnam
5116506800494,Farm Fresh HealthyLife Pepper 2L,Pepper,HealthyLife,Sauces,Sauces,Thailand
9123675508184,Homestyle SimpleJoy Ghee,Ghee,SimpleJoy,Sugar,Sugar,Brazil
4512496801984,Pure QuickMeal Sauce,Sauce,QuickMeal,Baby Food,Baby Food,Turkey
2807899024580,Royal PureChoice Paratha,Paratha,PureChoice,Spices,Spices,China
3592070112711,Traditional TastyBites Tea 750ml,Tea,TastyBites,Snacks,Snacks,Italy
7970960658012,Farm Fresh TastyBites Energy Drink,Energy Drink,TastyBites,Frozen Foods,Frozen Foods,Thailand
1494885625681,Classic MorningFresh Coffee 250g,Coffee,MorningFresh,Dairy,Dairy,China
3443111016498,Royal NutriWell Frozen Veggies,Frozen Veggies,NutriWell,Frozen Foods,Frozen Foods,India
4793555307267,Premium LocalBest Bagel,Bagel,LocalBest,Cereals,Cereals,Vietnam
5180240565865,Homestyle NatureBite Noodles,Noodles,NatureBite,Soup Mix,Soup Mix,USA
9795685631174,Pure FreshFarm Tortilla,Tortilla,FreshFarm,Coffee,Coffee,Indonesia
6124512641977,Traditional LocalBest Milk,Milk,LocalBest,Sugar,Sugar,Brazil
7347852805344,Fresh VillageMade Chapati,Chapati,VillageMade,Cleaning Supplies,Cleaning Supplies,Spain
7867740041473,Artisan SimpleJoy Salt 1kg,Salt,SimpleJoy,Snacks,Snacks,Thailand
2188797641400,Classic PureChoice Pepper 750ml,Pepper,PureChoice,Pasta,Pasta,India
4082252337393,Golden OrganicPlus Frozen Pizza,Frozen Pizza,OrganicPlus,Pasta,Pasta,USA
9052821465982,Organic SunValley Gum,Gum,SunValley,Sauces,Sauces,India
5455914322464,Organic SunValley Olive Oil,Olive Oil,SunValley,Bakery,Bakery,Turkey
6839676900044,Homestyle GoldenHarvest Noodles,Noodles,GoldenHarvest,Flour,Flour,Indonesia
7803041274375,Classic OrganicPlus Oats,Oats,OrganicPlus,Pickles,Pickles,Vietnam
5692334560036,Fresh KitchenPride Peas,Peas,KitchenPride,Oils,Oils,Spain
6649143711420,Fresh MorningFresh Juice,Juice,MorningFresh,Nuts,Nuts,France
3930997850479,Royal GoldenHarvest Whole Beans,Whole Beans,GoldenHarvest,Jam,Jam,Germany
8653623778353,Homestyle NatureBite Evaporated Milk,Evaporated Milk,NatureBite,Flour,Flour,Thailand
3508394648816,Pure NutriWell Tofu,Tofu,NutriWell,Canned Goods,Canned Goods,Mexico
7371009868774,Traditional NatureBite Muffin,Muffin,NatureBite,Noodles,Noodles,Thailand
8809848329436,Fresh HomeMade Cake Mix,Cake Mix,HomeMade,Flour,Flour,Thailand
5903347526876,Natural FreshFarm Chips 2L,Chips,FreshFarm,Personal Care,Personal Care,Italy
5604710720952,Homestyle NutriWell Black Beans,Black Beans,NutriWell,Chips,Chips,Indonesia
4519687904193,Fresh DailyBasics Sauce,Sauce,DailyBasics,Noodles,Noodles,USA
6626349496376,Golden DailyBasics Dates,Dates,DailyBasics,Chips,Chips,China
3773910478093,Royal GreenLeaf Black Beans Pack of 6,Black Beans,GreenLeaf,Tea,Tea,USA
4538989196695,Premium OrganicPlus Pepper,Pepper,OrganicPlus,Pickles,Pickles,France
3282996939736,Pure DailyBasics Tea,Tea,DailyBasics,Baby Food,Baby Food,Spain
2299549302273,Premium DailyBasics Peanuts,Peanuts,DailyBasics,Personal Care,Personal Care,Thailand
4202275157122,Premium FamilyFarm Ground Coffee 100g,Ground Coffee,FamilyFarm,Cereals,Cereals,Spain
6347891479944,Premium MorningFresh Pickle 500g,Pickle,MorningFresh,Jam,Jam,Spain
5998890642814,Fresh SunValley Turmeric,Turmeric,SunValley,Biscuits,Biscuits,Brazil
6328443897632,Pure DailyBasics Tortilla,Tortilla,DailyBasics,Spices,Spices,Germany
4011434333829,Golden LocalBest Nutella,Nutella,LocalBest,Dairy,Dairy,Turkey
1501926118335,Fresh CountryStyle Salt,Salt,CountryStyle,Juice,Juice,Vietnam
8329671517556,Pure FreshFarm Evaporated Milk,Evaporated Milk,FreshFarm,Health Supplements,Health Supplements,China
9496742795837,Natural SimpleJoy Cheddar,Cheddar,SimpleJoy,Canned Goods,Canned Goods,Indonesia
3779101165048,Artisan OrganicPlus Herbal Tea,Herbal Tea,OrganicPlus,Honey,Honey,Germany
6498175191205,Royal GoldenHarvest Peanuts 250g,Peanuts,GoldenHarvest,Pickles,Pickles,Spain
2866428080064,Classic NutriWell Pepper,Pepper,NutriWell,Noodles,Noodles,Mexico
2701412114074,Organic SimpleJoy Gum 1L,Gum,SimpleJoy,Coffee,Coffee,Turkey
3812784007087,Classic MorningFresh Cake Mix,Cake Mix,MorningFresh,Spices,Spices,France
9772328174110,Homestyle FreshFarm French Fries,French Fries,FreshFarm,Flour,Flour,Spain
4784900109430,Pure NatureBite Coconut Water,Coconut Water,NatureBite,Pet Food,Pet Food,Germany
6027132891456,Farm Fresh PureChoice Bread,Bread,PureChoice,Chocolate,Chocolate,Indonesia
7435592972477,Organic NatureBite Green Tea,Green Tea,NatureBite,Sauces,Sauces,Thailand
6079027418261,Fresh FamilyFarm Sparkling Water,Sparkling Water,FamilyFarm,Biscuits,Biscuits,Turkey
3263958054440,Fresh GoldenHarvest Iced Tea 750ml,Iced Tea,GoldenHarvest,Pickles,Pickles,Vietnam
4501017969830,Pure SimpleJoy Samosa,Samosa,SimpleJoy,Dairy,Dairy,India
3621892801489,Pure HomeMade Samosa,Samosa,HomeMade,Dried Fruits,Dried Fruits,Brazil
6264953885332,Pure FamilyFarm Raisins Pack of 6,Raisins,FamilyFarm,Pet Food,Pet Food,Indonesia
6272342613487,Artisan FreshFarm Parmesan,Parmesan,FreshFarm,Cereals,Cereals,Italy
6414165774564,Royal FreshFarm Lentils,Lentils,FreshFarm,Chocolate,Chocolate,Japan
5005390440711,Royal CountryStyle Oil,Oil,CountryStyle,Personal Care,Personal Care,Japan
3600088119141,Golden NatureBite Cinnamon,Cinnamon,NatureBite,Cereals,Cereals,Mexico
8756792271966,Classic HomeMade Herbal Tea,Herbal Tea,HomeMade,Juice,Juice,Italy
2098340828707,Royal FamilyFarm Sauce,Sauce,FamilyFarm,Dried Fruits,Dried Fruits,Japan
6520651425443,Premium VillageMade Ice Cream,Ice Cream,VillageMade,Jam,Jam,Japan
5650132372257,Pure SunValley Fish Fillet 1kg,Fish Fillet,SunValley,Nuts,Nuts,Mexico
6239783909667,Homestyle SunValley Black Beans,Black Beans,SunValley,Pet Food,Pet Food,Thailand
7135274038689,Farm Fresh QuickMeal Cream Cheese,Cream Cheese,QuickMeal,Health Supplements,Health Supplements,Italy
6107345225109,Organic DailyBasics Candy,Candy,DailyBasics,Noodles,Noodles,Japan
4764448981074,Natural VillageMade Feta,Feta,VillageMade,Biscuits,Biscuits,Brazil
5265930233598,Organic FamilyFarm Oat Milk,Oat Milk,FamilyFarm,Tea,Tea,India
8267515011785,Classic OrganicPlus Kidney Beans,Kidney Beans,OrganicPlus,Pasta,Pasta,India
8156093866896,Golden OrganicPlus Frozen Veggies,Frozen Veggies,OrganicPlus,Chips,Chips,Thailand
2575259679055,Golden TastyBites Cake Mix,Cake Mix,TastyBites,Dairy,Dairy,Brazil
4095973938727,Organic SimpleJoy Swiss Cheese 250g,Swiss Cheese,SimpleJoy,Chips,Chips,India
6248489837891,Pure PureChoice Syrup 750ml,Syrup,PureChoice,Chips,Chips,France
3361968132163,Farm Fresh QuickMeal Frozen Pizza,Frozen Pizza,QuickMeal,Cereals,Cereals,Thailand
1245612854795,Royal HealthyLife Raisins,Raisins,HealthyLife,Sauces,Sauces,Brazil
2526121824371,Traditional PureChoice Oat Milk,Oat Milk,PureChoice,Pasta,Pasta,France
1117029471109,Homestyle TastyBites Sparkling Water,Sparkling Water,TastyBites,Biscuits,Biscuits,Thailand
5599959090126,Golden TastyBites Soda,Soda,TastyBites,Cereals,Cereals,France
3810226334795,Traditional FamilyFarm Tempeh 1kg,Tempeh,FamilyFarm,Cereals,Cereals,Japan
7465192957343,Pure TastyBites Mayonnaise 2L,Mayonnaise,TastyBites,Rice,Rice,France
7573901591856,Traditional VillageMade Chickpeas Pack of 6,Chickpeas,VillageMade,Juice,Juice,Vietnam
7363869217878,Fresh PureChoice Muffin,Muffin,PureChoice,Cleaning Supplies,Cleaning Supplies,Mexico
3891156601305,Classic NutriWell Paratha,Paratha,NutriWell,Juice,Juice,Indonesia
9601029126786,Fresh NutriWell Samosa 2L,Samosa,NutriWell,Pasta,Pasta,Spain
9037668045774,Pure VillageMade Butter,Butter,VillageMade,Nuts,Nuts,Indonesia
7962235490213,Homestyle FreshFarm Parmesan Pack of 12,Parmesan,FreshFarm,Canned Goods,Canned Goods,India
7062018621077,Royal VillageMade Cheese 200g,Cheese,VillageMade,Baby Food,Baby Food,India
8191008298705,Premium HomeMade Sesame Oil 1L,Sesame Oil,HomeMade,Pickles,Pickles,Italy
7607281035732,Fresh VillageMade Tempeh,Tempeh,VillageMade,Jam,Jam,USA
7912909886891,Farm Fresh TastyBites Pasta 100g,Pasta,TastyBites,Nuts,Nuts,France
8462696568081,Farm Fresh TastyBites Mineral Water,Mineral Water,TastyBites,Jam,Jam,Brazil
4316898659093,Royal PureChoice Sunflower Oil,Sunflower Oil,PureChoice,Sugar,Sugar,Germany
5230609984749,Natural PureChoice Cheese,Cheese,PureChoice,Noodles,Noodles,Germany
1858444615735,Natural NatureBite Tomato Paste,Tomato Paste,NatureBite,Tea,Tea,Spain
3461258685911,Farm Fresh TastyBites Gum Pack of 12,Gum,TastyBites,Dried Fruits,Dried Fruits,Germany
5167495523315,Homestyle FamilyFarm Jam,Jam,FamilyFarm,Nuts,Nuts,China
4083406747489,Golden KitchenPride Tofu,Tofu,KitchenPride,Bakery,Bakery,Thailand
7707327343247,Farm Fresh KitchenPride Peanuts,Peanuts,KitchenPride,Nuts,Nuts,Italy
9330251971248,Natural HealthyLife Mayonnaise 250g,Mayonnaise,HealthyLife,Soup Mix,Soup Mix,India
8260910159517,Traditional FamilyFarm Croissant,Croissant,FamilyFarm,Coffee,Coffee,China
6807669108809,Golden NutriWell Juice 200g,Juice,NutriWell,Health Supplements,Health Supplements,Indonesia
4353636763751,Organic SimpleJoy Coriander,Coriander,SimpleJoy,Dairy,Dairy,Turkey
4307437424253,Pure VillageMade Corn,Corn,VillageMade,Juice,Juice,Turkey
6857936100773,Homestyle SunValley Bread 200g,Bread,SunValley,Baby Food,Baby Food,Mexico
4597910289811,Traditional VillageMade Pepper,Pepper,VillageMade,Chips,Chips,Italy
7320683129372,Homestyle GoldenHarvest Cumin,Cumin,GoldenHarvest,Pet Food,Pet Food,France
6634308743034,Natural MorningFresh Energy Drink,Energy Drink,MorningFresh,Tea,Tea,Indonesia
1284094574818,Homestyle CountryStyle Bagel,Bagel,CountryStyle,Sugar,Sugar,China
4449513340709,Classic SimpleJoy Mustard,Mustard,SimpleJoy,Coffee,Coffee,France
5528345357543,Artisan OrganicPlus Corn,Corn,OrganicPlus,Jam,Jam,Brazil
9592281990593,Premium NatureBite Pita Bread,Pita Bread,NatureBite,Canned Goods,Canned Goods,Turkey
1853273488539,Organic HomeMade Black Tea 500g,Black Tea,HomeMade,Canned Goods,Canned Goods,Indonesia
1159562457344,Natural NutriWell Spring Rolls,Spring Rolls,NutriWell,Baby Food,Baby Food,Japan
1276973225593,Organic VillageMade Tortilla,Tortilla,VillageMade,Snacks,Snacks,Spain
5834940002134,Farm Fresh FreshFarm Candy,Candy,FreshFarm,Salt,Salt,Vietnam
2881965620881,Fresh HomeMade Chapati,Chapati,HomeMade,Personal Care,Personal Care,China
7235498865643,Homestyle SimpleJoy Cream Cheese,Cream Cheese,SimpleJoy,Flour,Flour,France
5280214092735,Royal HealthyLife Mayonnaise,Mayonnaise,HealthyLife,Frozen Foods,Frozen Foods,Japan
2640813590996,Traditional SimpleJoy Mineral Water,Mineral Water,SimpleJoy,Bakery,Bakery,Japan
2452435032897,Artisan MorningFresh Ground Coffee,Ground Coffee,MorningFresh,Condiments,Condiments,Spain
1751272038210,Natural CountryStyle Ketchup,Ketchup,CountryStyle,Dairy,Dairy,USA
1578352175352,Premium FreshFarm Peanuts Pack of 12,Peanuts,FreshFarm,Rice,Rice,Vietnam
8008617408691,Fresh GreenLeaf Crackers,Crackers,GreenLeaf,Vinegar,Vinegar,Japan
7753113358131,Royal DailyBasics Sauce,Sauce,DailyBasics,Jam,Jam,India
8688411017095,Natural DailyBasics Swiss Cheese,Swiss Cheese,DailyBasics,Flour,Flour,Vietnam
1521092819852,Golden NutriWell Coriander,Coriander,NutriWell,Jam,Jam,Spain
7605406911694,Traditional CountryStyle Oats,Oats,CountryStyle,Frozen Foods,Frozen Foods,Vietnam
6195272395898,Natural DailyBasics Kidney Beans,Kidney Beans,DailyBasics,Rice,Rice,Italy
3712846947357,Royal MorningFresh Sparkling Water,Sparkling Water,MorningFresh,Frozen Foods,Frozen Foods,India
6424298710905,Artisan QuickMeal Soda,Soda,QuickMeal,Frozen Foods,Frozen Foods,Brazil
8896000932973,Farm Fresh FamilyFarm Croissant,Croissant,FamilyFarm,Snacks,Snacks,USA
1216402949080,Homestyle SimpleJoy Black Tea Pack of 6,Black Tea,SimpleJoy,Coffee,Coffee,Germany
3982945430360,Golden GreenLeaf Mineral Water,Mineral Water,GreenLeaf,Nuts,Nuts,China
3566213426916,Fresh KitchenPride Vinegar,Vinegar,KitchenPride,Nuts,Nuts,France
2356276225812,Classic TastyBites Turmeric 2L,Turmeric,TastyBites,Sauces,Sauces,France
3379871324829,Homestyle SimpleJoy Milk,Milk,SimpleJoy,Vinegar,Vinegar,Vietnam
6797613995870,Artisan KitchenPride Cashews Pack of 12,Cashews,KitchenPride,Pasta,Pasta,China
9427588485323,Classic SimpleJoy Cereal 1kg,Cereal,SimpleJoy,Pet Food,Pet Food,Germany
5263966111997,Classic QuickMeal Mineral Water 1L,Mineral Water,QuickMeal,Pickles,Pickles,USA
9120611547066,Royal NutriWell Soup 200g,Soup,NutriWell,Sugar,Sugar,Japan
3450275849710,Golden TastyBites Crackers,Crackers,TastyBites,Rice,Rice,Indonesia
2298699286639,Artisan OrganicPlus Waffle Mix,Waffle Mix,OrganicPlus,Health Supplements,Health Supplements,Spain
7326351226478,Royal VillageMade Cheddar,Cheddar,VillageMade,Frozen Foods,Frozen Foods,USA
5366989405230,Golden GoldenHarvest Oat Milk,Oat Milk,GoldenHarvest,Dairy,Dairy,Germany
6835798335891,Traditional FreshFarm Biscuits,Biscuits,FreshFarm,Tea,Tea,Spain
8839264639289,Classic NutriWell Iced Tea Pack of 12,Iced Tea,NutriWell,Cleaning Supplies,Cleaning Supplies,Brazil
9491255839990,Fresh KitchenPride Gum 200g,Gum,KitchenPride,Cereals,Cereals,Turkey
7125231854337,Homestyle NutriWell Raisins Pack of 6,Raisins,NutriWell,Baby Food,Baby Food,Thailand
2715737053610,Artisan NutriWell Corn,Corn,NutriWell,Nuts,Nuts,India
1395631278694,Classic PureChoice Coconut Milk,Coconut Milk,PureChoice,Spices,Spices,Indonesia
6820368463713,Farm Fresh NutriWell Instant Coffee,Instant Coffee,NutriWell,Flour,Flour,Japan
4277852261187,Golden KitchenPride Almond Milk,Almond Milk,KitchenPride,Sauces,Sauces,France
8557390966865,Traditional SunValley Milk,Milk,SunValley,Canned Goods,Canned Goods,Germany
7434663995794,Classic NutriWell Muesli,Muesli,NutriWell,Pet Food,Pet Food,Spain
7120819019834,Classic LocalBest Ice Cream,Ice Cream,LocalBest,Nuts,Nuts,Germany
2492888405555,Golden MorningFresh Sauce,Sauce,MorningFresh,Nuts,Nuts,USA
7567791165822,Royal FamilyFarm Jam,Jam,FamilyFarm,Pasta,Pasta,Germany
8440531378428,Premium VillageMade Chicken Nuggets,Chicken Nuggets,VillageMade,Oils,Oils,Spain
9612126110447,Homestyle GreenLeaf Sauce,Sauce,GreenLeaf,Noodles,Noodles,Germany
9521256275827,Premium SimpleJoy Cornflakes Pack of 6,Cornflakes,SimpleJoy,Pet Food,Pet Food,Italy
9653004883952,Traditional NutriWell Black Beans,Black Beans,NutriWell,Frozen Foods,Frozen Foods,Germany
4881624181590,Homestyle QuickMeal Sugar,Sugar,QuickMeal,Chips,Chips,Brazil
9047826999018,Pure OrganicPlus Coconut Oil,Coconut Oil,OrganicPlus,Cereals,Cereals,Germany
5712069637540,Farm Fresh GoldenHarvest Feta,Feta,GoldenHarvest,Dairy,Dairy,Vietnam
8764093900485,Farm Fresh KitchenPride Ketchup,Ketchup,KitchenPride,Coffee,Coffee,China
8911468187738,Homestyle DailyBasics Dates,Dates,DailyBasics,Cereals,Cereals,Vietnam
5169605313465,Natural CountryStyle Cheddar,Cheddar,CountryStyle,Salt,Salt,Brazil
3450777707968,Natural SunValley Parmesan Pack of 12,Parmesan,SunValley,Jam,Jam,Spain
3961546460241,Classic HealthyLife Black Beans,Black Beans,HealthyLife,Biscuits,Biscuits,Turkey
2678538420789,Premium KitchenPride Olive Oil 1kg,Olive Oil,KitchenPride,Pasta,Pasta,Indonesia
3335887021838,Natural MorningFresh Jam 1L,Jam,MorningFresh,Pet Food,Pet Food,Brazil
7598848849877,Artisan DailyBasics Yogurt,Yogurt,DailyBasics,Biscuits,Biscuits,Indonesia
8998814253768,Artisan CountryStyle Almonds,Almonds,CountryStyle,Frozen Foods,Frozen Foods,Indonesia
9065828968311,Golden GoldenHarvest Oat Milk Pack of 6,Oat Milk,GoldenHarvest,Flour,Flour,Mexico
8559005554269,Natural QuickMeal French Fries,French Fries,QuickMeal,Chips,Chips,Thailand
9537761144245,Classic NatureBite Tempeh,Tempeh,NatureBite,Soup Mix,Soup Mix,India
3782527426098,Artisan FreshFarm Ice Cream 1L,Ice Cream,FreshFarm,Sauces,Sauces,Indonesia
3323188214097,Golden GreenLeaf Crackers 1kg,Crackers,GreenLeaf,Frozen Foods,Frozen Foods,Japan
5403889536589,Fresh GreenLeaf Energy Drink,Energy Drink,GreenLeaf,Nuts,Nuts,Indonesia
8551558146497,Golden PureChoice Tea,Tea,PureChoice,Baby Food,Baby Food,USA
8828350916894,Organic MorningFresh Bread 1L,Bread,MorningFresh,Pasta,Pasta,France
5024688561631,Traditional PureChoice Tea,Tea,PureChoice,Pickles,Pickles,China
7730802718663,Premium HomeMade Coconut Milk,Coconut Milk,HomeMade,Beverages,Beverages,Germany
3889009838466,Artisan SunValley Dates,Dates,SunValley,Rice,Rice,Italy
2525646448889,Fresh PureChoice Sauce,Sauce,PureChoice,Vinegar,Vinegar,Thailand
8554689628065,Classic HomeMade Cream Cheese,Cream Cheese,HomeMade,Frozen Foods,Frozen Foods,Mexico
6014836426926,Royal HealthyLife Flour,Flour,HealthyLife,Cleaning Supplies,Cleaning Supplies,Mexico
7892339506770,Homestyle NatureBite Coconut Milk 500g,Coconut Milk,NatureBite,Pet Food,Pet Food,Italy
5239616951490,Artisan LocalBest Evaporated Milk,Evaporated Milk,LocalBest,Beverages,Beverages,Thailand
6570288790386,Premium CountryStyle Sparkling Water,Sparkling Water,CountryStyle,Health Supplements,Health Supplements,Japan
1292371273700,Pure FreshFarm Cheese,Cheese,FreshFarm,Dairy,Dairy,India
9913766428917,Homestyle FamilyFarm Condensed Milk 1L,Condensed Milk,FamilyFarm,Flour,Flour,USA
5879738605761,Fresh DailyBasics Popcorn,Popcorn,DailyBasics,Juice,Juice,Vietnam
7873351055440,Pure DailyBasics Evaporated Milk,Evaporated Milk,DailyBasics,Salt,Salt,Indonesia
2018932188946,Natural KitchenPride Tea,Tea,KitchenPride,Bakery,Bakery,China
3100993401152,Organic HomeMade Black Beans 250g,Black Beans,HomeMade,Pet Food,Pet Food,Thailand
5560055965394,Premium HomeMade Energy Drink 1kg,Energy Drink,HomeMade,Cereals,Cereals,Vietnam
1519261105543,Classic KitchenPride Cheddar,Cheddar,KitchenPride,Canned Goods,Canned Goods,China
9727704558737,Artisan GoldenHarvest Samosa,Samosa,GoldenHarvest,Spices,Spices,Thailand
5484621498240,Fresh PureChoice Cake Mix,Cake Mix,PureChoice,Cleaning Supplies,Cleaning Supplies,India
1218454614469,Natural OrganicPlus Salt,Salt,OrganicPlus,Rice,Rice,Brazil
1622158161504,Farm Fresh KitchenPride Mozzarella,Mozzarella,KitchenPride,Coffee,Coffee,Italy
5773082776804,Fresh GoldenHarvest Cake Mix,Cake Mix,GoldenHarvest,Bakery,Bakery,Brazil
2212902736598,Artisan HealthyLife Candy,Candy,HealthyLife,Soup Mix,Soup Mix,India
4527752646602,Homestyle HealthyLife Muffin 500g,Muffin,HealthyLife,Soup Mix,Soup Mix,Thailand
3646752666245,Organic FreshFarm Black Tea,Black Tea,FreshFarm,Jam,Jam,Japan
1171271263926,Classic SimpleJoy Milk 1kg,Milk,SimpleJoy,Condiments,Condiments,Mexico
8384071703840,Artisan HomeMade Butter 200g,Butter,HomeMade,Dairy,Dairy,Mexico
8265022046381,Royal NutriWell Energy Drink 200g,Energy Drink,NutriWell,Condiments,Condiments,Spain
7939893896849,Fresh CountryStyle Pancake Mix,Pancake Mix,CountryStyle,Pasta,Pasta,Mexico
5592572778418,Classic SimpleJoy Mozzarella 750ml,Mozzarella,SimpleJoy,Dried Fruits,Dried Fruits,France
5107156776564,Fresh HomeMade Muesli Pack of 12,Muesli,HomeMade,Condiments,Condiments,Brazil
3890966786795,Artisan MorningFresh Frozen Pizza,Frozen Pizza,MorningFresh,Health Supplements,Health Supplements,Thailand
8950876255688,Homestyle QuickMeal Frozen Pizza 200g,Frozen Pizza,QuickMeal,Spices,Spices,Vietnam
6354475833941,Royal LocalBest Chickpeas,Chickpeas,LocalBest,Dried Fruits,Dried Fruits,Brazil
7972259824927,Farm Fresh HealthyLife Oil,Oil,HealthyLife,Oils,Oils,India
8116555065969,Artisan VillageMade Croissant,Croissant,VillageMade,Soup Mix,Soup Mix,USA
3135199152670,Organic TastyBites Butter,Butter,TastyBites,Flour,Flour,Thailand
5555182694644,Fresh DailyBasics Rice,Rice,DailyBasics,Noodles,Noodles,Vietnam
2615460858786,Classic NatureBite Noodles 100g,Noodles,NatureBite,Spices,Spices,Germany
7948073524446,Artisan SimpleJoy Flour,Flour,SimpleJoy,Oils,Oils,Thailand
5836936983210,Homestyle HomeMade Cream,Cream,HomeMade,Coffee,Coffee,Japan
9775885652767,Traditional OrganicPlus Bagel,Bagel,OrganicPlus,Biscuits,Biscuits,Italy
8375048271438,Natural FamilyFarm Coconut Milk,Coconut Milk,FamilyFarm,Health Supplements,Health Supplements,Vietnam
7316665828805,Artisan OrganicPlus Pita Bread,Pita Bread,OrganicPlus,Cleaning Supplies,Cleaning Supplies,Thailand
5756196881561,Premium MorningFresh Flour,Flour,MorningFresh,Snacks,Snacks,Vietnam
5942556186879,Organic OrganicPlus Cheddar,Cheddar,OrganicPlus,Tea,Tea,Brazil
5359821879151,Golden QuickMeal Pepper,Pepper,QuickMeal,Bakery,Bakery,Vietnam
7832422767579,Classic GreenLeaf Swiss Cheese,Swiss Cheese,GreenLeaf,Dried Fruits,Dried Fruits,Vietnam
1496461980635,Royal GoldenHarvest Chickpeas Pack of 12,Chickpeas,GoldenHarvest,Rice,Rice,Germany
4315492996931,Artisan HealthyLife Pita Bread,Pita Bread,HealthyLife,Dairy,Dairy,USA
5089050105439,Pure FreshFarm Mayonnaise,Mayonnaise,FreshFarm,Beverages,Beverages,Thailand
6992039826270,Royal MorningFresh Cereal,Cereal,MorningFresh,Rice,Rice,Germany
7571611483744,Royal SimpleJoy Almond Milk,Almond Milk,SimpleJoy,Honey,Honey,China
3397977321395,Premium KitchenPride Peas 2L,Peas,KitchenPride,Dried Fruits,Dried Fruits,Brazil
4927132662601,Golden GreenLeaf Pancake Mix,Pancake Mix,GreenLeaf,Chips,Chips,Brazil
7887292882180,Pure GreenLeaf Sugar,Sugar,GreenLeaf,Tea,Tea,Japan
2832085087916,Artisan MorningFresh Jam 500g,Jam,MorningFresh,Jam,Jam,Thailand
6909388179844,Artisan QuickMeal Bread,Bread,QuickMeal,Canned Goods,Canned Goods,Thailand
1846114059849,Traditional KitchenPride Whole Beans 1L,Whole Beans,KitchenPride,Pet Food,Pet Food,Italy
2784023533379,Artisan CountryStyle Margarine,Margarine,CountryStyle,Tea,Tea,Brazil
2294723420810,Organic FreshFarm Gum,Gum,FreshFarm,Condiments,Condiments,USA
3990765293079,Traditional DailyBasics Pickle,Pickle,DailyBasics,Frozen Foods,Frozen Foods,Thailand
8585045359528,Golden LocalBest Vinegar 250g,Vinegar,LocalBest,Bakery,Bakery,USA
4613489536348,Natural VillageMade Black Tea Pack of 6,Black Tea,VillageMade,Chocolate,Chocolate,Japan
6232479298914,Natural NatureBite Coffee,Coffee,NatureBite,Pet Food,Pet Food,Brazil
7343900792760,Organic DailyBasics Instant Coffee,Instant Coffee,DailyBasics,Baby Food,Baby Food,Mexico
1451388121656,Natural HealthyLife Vinegar 2L,Vinegar,HealthyLife,Cereals,Cereals,China
7995577777117,Artisan QuickMeal Chicken Nuggets,Chicken Nuggets,QuickMeal,Health Supplements,Health Supplements,Italy
7524849381427,Traditional GreenLeaf Energy Drink,Energy Drink,GreenLeaf,Chocolate,Chocolate,France
5631972153819,Natural QuickMeal Swiss Cheese,Swiss Cheese,QuickMeal,Rice,Rice,Vietnam
2507948855506,Golden VillageMade Dates,Dates,VillageMade,Tea,Tea,Spain
8363818419134,Farm Fresh OrganicPlus Tempeh,Tempeh,OrganicPlus,Coffee,Coffee,France
2388557996640,Traditional NatureBite Kidney Beans,Kidney Beans,NatureBite,Personal Care,Personal Care,Vietnam
3113757192509,Artisan GreenLeaf Cereal 500g,Cereal,GreenLeaf,Pasta,Pasta,India
2376207916076,Golden SunValley Ground Coffee 250g,Ground Coffee,SunValley,Chocolate,Chocolate,Thailand
2529296171527,Traditional SimpleJoy Croissant,Croissant,SimpleJoy,Biscuits,Biscuits,Spain
1218499873823,Royal CountryStyle Nutella,Nutella,CountryStyle,Sugar,Sugar,USA
3630300001711,Premium CountryStyle Muffin,Muffin,CountryStyle,Condiments,Condiments,USA
5644624406250,Traditional OrganicPlus Soy Milk,Soy Milk,OrganicPlus,Baby Food,Baby Food,India
5845462702084,Traditional LocalBest Jam,Jam,LocalBest,Flour,Flour,India
6832045714972,Royal NatureBite Pepper 1kg,Pepper,NatureBite,Pickles,Pickles,India
6333463123973,Homestyle OrganicPlus Chocolate Bar 200g,Chocolate Bar,OrganicPlus,Tea,Tea,Brazil
8794264943658,Classic KitchenPride Coriander,Coriander,KitchenPride,Frozen Foods,Frozen Foods,Mexico
4717043869406,Traditional OrganicPlus Tomato Paste 750ml,Tomato Paste,OrganicPlus,Bakery,Bakery,Spain
3799423135065,Fresh FamilyFarm Popcorn,Popcorn,FamilyFarm,Personal Care,Personal Care,Germany
4053846078851,Natural SunValley Gouda 500g,Gouda,SunValley,Dairy,Dairy,France
5819808476075,Classic NutriWell Feta,Feta,NutriWell,Cereals,Cereals,Japan
5252148890957,Classic LocalBest Chicken Nuggets,Chicken Nuggets,LocalBest,Baby Food,Baby Food,Germany
7152761128185,Classic QuickMeal Pickle 200g,Pickle,QuickMeal,Chips,Chips,India
1873538648002,Premium SunValley Cake Mix 500g,Cake Mix,SunValley,Juice,Juice,China
8205458701690,Farm Fresh FreshFarm Rice,Rice,FreshFarm,Pasta,Pasta,Japan
1149468576226,Natural LocalBest Turmeric 1kg,Turmeric,LocalBest,Biscuits,Biscuits,Italy
7626685640524,Classic QuickMeal Ice Cream,Ice Cream,QuickMeal,Nuts,Nuts,Japan
7986295191079,Pure FreshFarm Biscuits,Biscuits,FreshFarm,Pickles,Pickles,Spain
5971893011753,Homestyle PureChoice Tempeh,Tempeh,PureChoice,Honey,Honey,China
6719352804473,Homestyle HealthyLife Cumin,Cumin,HealthyLife,Personal Care,Personal Care,Vietnam
5562524880607,Traditional SimpleJoy Green Tea Pack of 12,Green Tea,SimpleJoy,Sauces,Sauces,Thailand
9369967399799,Golden FamilyFarm Coconut Water,Coconut Water,FamilyFarm,Spices,Spices,Turkey
4184968423450,Homestyle OrganicPlus Coffee,Coffee,OrganicPlus,Chocolate,Chocolate,Indonesia
4908803779182,Classic HealthyLife Mayonnaise,Mayonnaise,HealthyLife,Honey,Honey,Thailand
9157405835059,Fresh NatureBite Frozen Veggies Pack of 12,Frozen Veggies,NatureBite,Canned Goods,Canned Goods,France
4422614023478,Farm Fresh SimpleJoy Noodles,Noodles,SimpleJoy,Sugar,Sugar,India
3414419208875,Natural KitchenPride Raisins 2L,Raisins,KitchenPride,Rice,Rice,Thailand
9577396772706,Classic GreenLeaf Condensed Milk,Condensed Milk,GreenLeaf,Bakery,Bakery,India
5812304925356,Natural GreenLeaf Sunflower Oil,Sunflower Oil,GreenLeaf,Spices,Spices,France
2549537237858,Premium KitchenPride Peanut Butter,Peanut Butter,KitchenPride,Flour,Flour,Italy
9400807115174,Traditional NatureBite Milk,Milk,NatureBite,Pickles,Pickles,India
6668893001704,Farm Fresh FreshFarm Cornflakes,Cornflakes,FreshFarm,Coffee,Coffee,Mexico
6490447175296,Premium SimpleJoy Biscuits,Biscuits,SimpleJoy,Nuts,Nuts,Brazil
6244351427251,Homestyle FamilyFarm Ice Cream,Ice Cream,FamilyFarm,Honey,Honey,Italy
3357917599678,Classic GoldenHarvest Chicken Nuggets 250g,Chicken Nuggets,GoldenHarvest,Flour,Flour,India
4943761026810,Royal SunValley Pasta Pack of 12,Pasta,SunValley,Cleaning Supplies,Cleaning Supplies,Brazil
7447274887986,Royal NatureBite Soy Milk,Soy Milk,NatureBite,Chocolate,Chocolate,Vietnam
1846085709111,Golden FreshFarm Biscuits,Biscuits,FreshFarm,Cereals,Cereals,Italy
7689172395203,Fresh QuickMeal Bagel,Bagel,QuickMeal,Rice,Rice,Mexico
1165915923866,Homestyle PureChoice Herbal Tea,Herbal Tea,PureChoice,Biscuits,Biscuits,Germany
8366458025483,Fresh LocalBest Samosa,Samosa,LocalBest,Cereals,Cereals,Vietnam
9753599748407,Natural SunValley Syrup Pack of 6,Syrup,SunValley,Sauces,Sauces,Thailand
8209976360522,Homestyle NatureBite Pickle,Pickle,NatureBite,Juice,Juice,Indonesia
9456503377070,Classic FreshFarm Pepper,Pepper,FreshFarm,Frozen Foods,Frozen Foods,USA
9691592267128,Premium FamilyFarm Tea,Tea,FamilyFarm,Condiments,Condiments,China
5065806467461,Artisan QuickMeal Gum,Gum,QuickMeal,Condiments,Condiments,Turkey
7336324738142,Golden KitchenPride Peanuts 200g,Peanuts,KitchenPride,Dairy,Dairy,India
3434610796206,Golden GreenLeaf Coconut Milk,Coconut Milk,GreenLeaf,Noodles,Noodles,Germany
2635236075343,Classic MorningFresh Parmesan,Parmesan,MorningFresh,Flour,Flour,Italy
9031426965896,Homestyle SimpleJoy Gouda,Gouda,SimpleJoy,Baby Food,Baby Food,Vietnam
2989286167234,Premium NatureBite Chickpeas 250g,Chickpeas,NatureBite,Condiments,Condiments,Italy
4188747628564,Pure GoldenHarvest Mineral Water,Mineral Water,GoldenHarvest,Pasta,Pasta,France
9589592703947,Fresh NutriWell Black Tea,Black Tea,NutriWell,Chocolate,Chocolate,Japan
1216098006512,Royal FamilyFarm Tofu Pack of 12,Tofu,FamilyFarm,Tea,Tea,Japan
6952279828019,Farm Fresh LocalBest Paratha,Paratha,LocalBest,Coffee,Coffee,France
3612993148452,Farm Fresh NatureBite Peanut Butter,Peanut Butter,NatureBite,Spices,Spices,Spain
9258572906888,Artisan DailyBasics Vinegar 750ml,Vinegar,DailyBasics,Coffee,Coffee,Thailand
5896134491402,Organic TastyBites Spring Rolls,Spring Rolls,TastyBites,Vinegar,Vinegar,Italy
5135267970728,Fresh NutriWell Ice Cream 2L,Ice Cream,NutriWell,Frozen Foods,Frozen Foods,Turkey
8866225971831,Classic OrganicPlus Noodles 100g,Noodles,OrganicPlus,Condiments,Condiments,Italy
1628836205816,Farm Fresh FreshFarm Bagel Pack of 12,Bagel,FreshFarm,Nuts,Nuts,Spain
4640252499713,Golden NutriWell Oat Milk 750ml,Oat Milk,NutriWell,Bakery,Bakery,Turkey
6838812446023,Farm Fresh LocalBest Sesame Oil,Sesame Oil,LocalBest,Pickles,Pickles,Indonesia
3007693339342,Fresh TastyBites Sunflower Oil,Sunflower Oil,TastyBites,Jam,Jam,Turkey
6135921517695,Farm Fresh GoldenHarvest Paratha 100g,Paratha,GoldenHarvest,Spices,Spices,France
8201464260815,Fresh LocalBest Turmeric,Turmeric,LocalBest,Cereals,Cereals,Turkey
4794143599964,Artisan SunValley Feta 200g,Feta,SunValley,Sugar,Sugar,India
3167192441645,Artisan CountryStyle Ice Cream 250g,Ice Cream,CountryStyle,Pet Food,Pet Food,India
8614699166977,Pure FamilyFarm Fish Fillet 250g,Fish Fillet,FamilyFarm,Oils,Oils,Indonesia
3258359277394,Fresh LocalBest Sparkling Water,Sparkling Water,LocalBest,Dried Fruits,Dried Fruits,Spain
7768359034855,Traditional TastyBites Syrup,Syrup,TastyBites,Honey,Honey,China
3427229349894,Traditional FamilyFarm Syrup,Syrup,FamilyFarm,Dried Fruits,Dried Fruits,Indonesia
4531396596490,Natural HealthyLife Nutella,Nutella,HealthyLife,Pasta,Pasta,Indonesia
4130852172280,Farm Fresh MorningFresh Pita Bread 750ml,Pita Bread,MorningFresh,Baby Food,Baby Food,Germany
8433932552572,Organic PureChoice Paratha,Paratha,PureChoice,Rice,Rice,India
1995016165167,Natural GreenLeaf Coriander 1kg,Coriander,GreenLeaf,Rice,Rice,Turkey
6191689282962,Natural VillageMade Olive Oil,Olive Oil,VillageMade,Noodles,Noodles,USA
5180673434504,Farm Fresh HealthyLife Margarine,Margarine,HealthyLife,Bakery,Bakery,Italy
8328878741525,Golden VillageMade Peanuts,Peanuts,VillageMade,Chocolate,Chocolate,Mexico
8794807803706,Natural GoldenHarvest Evaporated Milk Pack of 6,Evaporated Milk,GoldenHarvest,Sauces,Sauces,Vietnam
6171971690732,Artisan DailyBasics Cereal,Cereal,DailyBasics,Oils,Oils,Indonesia
3098150995885,Traditional KitchenPride Salt,Salt,KitchenPride,Chocolate,Chocolate,Brazil
5487579460328,Organic NutriWell Cashews 250g,Cashews,NutriWell,Dairy,Dairy,Brazil
6677640225924,Pure LocalBest Oil 1kg,Oil,LocalBest,Pet Food,Pet Food,Vietnam
2281438220106,Royal FamilyFarm Peanuts,Peanuts,FamilyFarm,Oils,Oils,Spain
3802488238281,Traditional VillageMade Pita Bread,Pita Bread,VillageMade,Jam,Jam,Mexico
4753300609518,Golden MorningFresh Cashews,Cashews,MorningFresh,Juice,Juice,Vietnam
1157407545428,Fresh GoldenHarvest Oat Milk,Oat Milk,GoldenHarvest,Coffee,Coffee,India
7710117330317,Fresh QuickMeal Sparkling Water,Sparkling Water,QuickMeal,Chips,Chips,India
9949864949198,Artisan NatureBite Chicken Nuggets,Chicken Nuggets,NatureBite,Sauces,Sauces,Thailand
2449611139681,Fresh VillageMade Vinegar,Vinegar,VillageMade,Canned Goods,Canned Goods,Mexico
4752828959960,Golden PureChoice Instant Coffee,Instant Coffee,PureChoice,Salt,Salt,Japan
3704480963774,Organic MorningFresh Ice Cream,Ice Cream,MorningFresh,Canned Goods,Canned Goods,India
5006438347998,Homestyle SimpleJoy Black Tea,Black Tea,SimpleJoy,Flour,Flour,Italy
1297711689316,Traditional PureChoice Tofu,Tofu,PureChoice,Canned Goods,Canned Goods,Vietnam
2279248498241,Classic PureChoice Spring Rolls,Spring Rolls,PureChoice,Nuts,Nuts,Germany
5952468829386,Artisan SimpleJoy Mineral Water 100g,Mineral Water,SimpleJoy,Baby Food,Baby Food,Brazil
4867761793021,Premium SimpleJoy Coconut Oil Pack of 6,Coconut Oil,SimpleJoy,Chips,Chips,Japan
6240478900844,Golden GoldenHarvest Cream Cheese 100g,Cream Cheese,GoldenHarvest,Rice,Rice,USA
1086078760196,Pure SimpleJoy Waffle Mix,Waffle Mix,SimpleJoy,Frozen Foods,Frozen Foods,China
7050431829929,Natural FamilyFarm Black Tea,Black Tea,FamilyFarm,Oils,Oils,Mexico
4415584518012,Fresh CountryStyle Oats Pack of 6,Oats,CountryStyle,Soup Mix,Soup Mix,Japan
2286556013040,Homestyle DailyBasics Oat Milk,Oat Milk,DailyBasics,Sauces,Sauces,Indonesia
9570953394864,Classic HomeMade Coconut Water,Coconut Water,HomeMade,Coffee,Coffee,USA
6588583522120,Artisan MorningFresh Cream,Cream,MorningFresh,Nuts,Nuts,Indonesia
3682568583478,Pure GoldenHarvest Muffin 1L,Muffin,GoldenHarvest,Spices,Spices,India
5330672281624,Natural KitchenPride Kidney Beans,Kidney Beans,KitchenPride,Pickles,Pickles,Brazil
9141024412519,Artisan HealthyLife Coconut Water,Coconut Water,HealthyLife,Condiments,Condiments,Brazil
3464565809175,Farm Fresh QuickMeal Muesli 200g,Muesli,QuickMeal,Canned Goods,Canned Goods,India
9924296023356,Golden CountryStyle Flour,Flour,CountryStyle,Juice,Juice,India
5585099183038,Farm Fresh OrganicPlus Pita Bread,Pita Bread,OrganicPlus,Rice,Rice,Thailand
4927285876113,Pure HealthyLife Peas,Peas,HealthyLife,Cleaning Supplies,Cleaning Supplies,Spain
7979710782568,Classic FreshFarm Spring Rolls,Spring Rolls,FreshFarm,Spices,Spices,Vietnam
3467519428131,Artisan GreenLeaf Pickle,Pickle,GreenLeaf,Rice,Rice,Indonesia
9507179181349,Classic TastyBites Salt 500g,Salt,TastyBites,Canned Goods,Canned Goods,China
5116165381600,Organic SunValley Oat Milk,Oat Milk,SunValley,Pickles,Pickles,Italy
1700279116618,Golden PureChoice Almonds Pack of 6,Almonds,PureChoice,Biscuits,Biscuits,Turkey
5633161223034,Pure CountryStyle Pita Bread,Pita Bread,CountryStyle,Vinegar,Vinegar,Thailand
7619625158544,Natural SimpleJoy Paratha,Paratha,SimpleJoy,Jam,Jam,France
9481669880153,Pure FamilyFarm Milk 2L,Milk,FamilyFarm,Spices,Spices,Mexico
5941976103103,Natural GreenLeaf Honey,Honey,GreenLeaf,Cereals,Cereals,Japan
8293843798561,Classic PureChoice Corn,Corn,PureChoice,Baby Food,Baby Food,France
8232009234585,Organic NatureBite Cinnamon,Cinnamon,NatureBite,Spices,Spices,Brazil
3583733222818,Organic QuickMeal Vinegar Pack of 6,Vinegar,QuickMeal,Flour,Flour,Germany
1329156083197,Royal HealthyLife Peas 500g,Peas,HealthyLife,Noodles,Noodles,Germany
9293550820983,Artisan TastyBites Vinegar Pack of 12,Vinegar,TastyBites,Rice,Rice,Vietnam
4198752013182,Pure FamilyFarm Almond Milk,Almond Milk,FamilyFarm,Honey,Honey,France
5041859903550,Traditional HomeMade Sparkling Water,Sparkling Water,HomeMade,Sauces,Sauces,Spain
4118559856137,Artisan LocalBest Peanut Butter,Peanut Butter,LocalBest,Health Supplements,Health Supplements,Spain
3069110730430,Fresh HomeMade Fish Fillet Pack of 6,Fish Fillet,HomeMade,Beverages,Beverages,Vietnam
7517272212156,Organic FamilyFarm Chickpeas,Chickpeas,FamilyFarm,Baby Food,Baby Food,Vietnam
7707745368756,Classic CountryStyle Pancake Mix,Pancake Mix,CountryStyle,Pasta,Pasta,China
2476863388152,Homestyle VillageMade Waffle Mix,Waffle Mix,VillageMade,Sauces,Sauces,India
1127944595328,Pure PureChoice Paratha,Paratha,PureChoice,Vinegar,Vinegar,Japan
6556847100762,Traditional PureChoice Soda,Soda,PureChoice,Chocolate,Chocolate,China
7990834969830,Natural VillageMade Black Tea 2L,Black Tea,VillageMade,Oils,Oils,Thailand
5464548754623,Homestyle GoldenHarvest Cake Mix 1L,Cake Mix,GoldenHarvest,Pasta,Pasta,Turkey
8856482044616,Royal PureChoice Pickle,Pickle,PureChoice,Flour,Flour,Vietnam
1917863673711,Premium FreshFarm Sparkling Water 250g,Sparkling Water,FreshFarm,Baby Food,Baby Food,Germany
2552353125725,Fresh TastyBites Cumin,Cumin,TastyBites,Dairy,Dairy,Indonesia
8052269505146,Pure FamilyFarm Soy Milk,Soy Milk,FamilyFarm,Bakery,Bakery,Vietnam
4083014406822,Golden NutriWell French Fries,French Fries,NutriWell,Personal Care,Personal Care,China
1589246949399,Pure FamilyFarm Samosa,Samosa,FamilyFarm,Spices,Spices,Japan
7326641708402,Natural FreshFarm Soy Milk 200g,Soy Milk,FreshFarm,Biscuits,Biscuits,Vietnam
7212238264660,Golden SimpleJoy Iced Tea,Iced Tea,SimpleJoy,Personal Care,Personal Care,India
7113233519908,Homestyle LocalBest Mayonnaise 2L,Mayonnaise,LocalBest,Flour,Flour,Germany
5591340017259,Premium FamilyFarm Black Tea,Black Tea,FamilyFarm,Canned Goods,Canned Goods,Spain
6979858278000,Fresh FamilyFarm Mozzarella Pack of 6,Mozzarella,FamilyFarm,Chocolate,Chocolate,Indonesia
9073574720690,Golden CountryStyle Ice Cream 2L,Ice Cream,CountryStyle,Cereals,Cereals,China
7730503896185,Golden TastyBites Margarine,Margarine,TastyBites,Tea,Tea,Vietnam
8255555815939,Classic VillageMade Paratha,Paratha,VillageMade,Chocolate,Chocolate,Mexico
2633321471847,Traditional MorningFresh Tofu,Tofu,MorningFresh,Oils,Oils,France
7220460717947,Natural QuickMeal Cake Mix,Cake Mix,QuickMeal,Sauces,Sauces,France
4512154153837,Natural TastyBites Tomato Paste 500g,Tomato Paste,TastyBites,Tea,Tea,Mexico
5393042618588,Pure HomeMade Coconut Water 200g,Coconut Water,HomeMade,Frozen Foods,Frozen Foods,Japan
1747143891230,Artisan LocalBest Energy Drink,Energy Drink,LocalBest,Biscuits,Biscuits,France
5928522790772,Traditional CountryStyle Mayonnaise,Mayonnaise,CountryStyle,Personal Care,Personal Care,Vietnam
9415658459376,Farm Fresh FamilyFarm Sugar,Sugar,FamilyFarm,Oils,Oils,France
3121612943412,Royal NutriWell Paratha,Paratha,NutriWell,Beverages,Beverages,India
4709452027060,Traditional PureChoice Brownie Mix,Brownie Mix,PureChoice,Chocolate,Chocolate,Brazil
5623740872365,Natural OrganicPlus Coriander 750ml,Coriander,OrganicPlus,Pickles,Pickles,Brazil
8458205426776,Natural GoldenHarvest Herbal Tea,Herbal Tea,GoldenHarvest,Flour,Flour,China
4163031796151,Pure CountryStyle Pasta,Pasta,CountryStyle,Condiments,Condiments,Indonesia
4450494620382,Premium HomeMade Mozzarella,Mozzarella,HomeMade,Beverages,Beverages,Brazil
9789313505110,Premium FamilyFarm Condensed Milk,Condensed Milk,FamilyFarm,Dried Fruits,Dried Fruits,Vietnam
6276309857342,Homestyle CountryStyle Croissant,Croissant,CountryStyle,Condiments,Condiments,Indonesia
2052968535571,Natural QuickMeal Parmesan,Parmesan,QuickMeal,Condiments,Condiments,France
6887303199057,Homestyle GoldenHarvest Soda,Soda,GoldenHarvest,Chocolate,Chocolate,Thailand
8241400053160,Fresh LocalBest Dates,Dates,LocalBest,Health Supplements,Health Supplements,Brazil
7246104833574,Classic FamilyFarm Tofu,Tofu,FamilyFarm,Noodles,Noodles,USA
9157373504493,Golden GreenLeaf Jam,Jam,GreenLeaf,Honey,Honey,Italy
8119215974151,Fresh GreenLeaf Juice,Juice,GreenLeaf,Dried Fruits,Dried Fruits,Thailand
6126700654045,Royal LocalBest Coriander,Coriander,LocalBest,Biscuits,Biscuits,France
7390648354897,Royal FamilyFarm Pancake Mix 1L,Pancake Mix,FamilyFarm,Spices,Spices,Brazil
1407395737777,Premium TastyBites Peas,Peas,TastyBites,Frozen Foods,Frozen Foods,Mexico
7984333698297,Fresh DailyBasics Coffee 2L,Coffee,DailyBasics,Bakery,Bakery,India
7986927958365,Farm Fresh DailyBasics Sunflower Oil,Sunflower Oil,DailyBasics,Rice,Rice,USA
7858570874759,Homestyle TastyBites Mustard 2L,Mustard,TastyBites,Pasta,Pasta,Brazil
1503243929362,Organic GoldenHarvest Almond Milk 750ml,Almond Milk,GoldenHarvest,Baby Food,Baby Food,France
3377027509151,Royal GreenLeaf Pita Bread,Pita Bread,GreenLeaf,Soup Mix,Soup Mix,Japan
6448311116724,Classic VillageMade Fish Fillet,Fish Fillet,VillageMade,Frozen Foods,Frozen Foods,France
7435183293197,Traditional HomeMade Cumin,Cumin,HomeMade,Beverages,Beverages,Spain
3400233653629,Classic OrganicPlus Candy,Candy,OrganicPlus,Pet Food,Pet Food,Vietnam
6271973859665,Organic KitchenPride Sesame Oil Pack of 12,Sesame Oil,KitchenPride,Tea,Tea,Vietnam
4317319540754,Traditional KitchenPride Croissant,Croissant,KitchenPride,Spices,Spices,Indonesia
4879980503787,Homestyle KitchenPride Juice,Juice,KitchenPride,Personal Care,Personal Care,Vietnam
6009099518920,Golden VillageMade Coconut Oil 1L,Coconut Oil,VillageMade,Sauces,Sauces,Turkey
4208634620563,Premium PureChoice Gum,Gum,PureChoice,Noodles,Noodles,China
4304942957432,Classic HomeMade Rice,Rice,HomeMade,Health Supplements,Health Supplements,India
5961126488164,Homestyle NutriWell Pasta 500g,Pasta,NutriWell,Frozen Foods,Frozen Foods,Brazil
9680192147966,Natural KitchenPride Raisins,Raisins,KitchenPride,Pet Food,Pet Food,Thailand
1557449924471,Classic HomeMade Juice,Juice,HomeMade,Flour,Flour,USA
9270145036473,Premium QuickMeal Cornflakes 100g,Cornflakes,QuickMeal,Cereals,Cereals,Vietnam
5379641212700,Traditional NutriWell Sesame Oil,Sesame Oil,NutriWell,Dairy,Dairy,Mexico
2652578844136,Farm Fresh SunValley Oat Milk,Oat Milk,SunValley,Nuts,Nuts,Thailand
1741862129368,Royal FamilyFarm Bagel,Bagel,FamilyFarm,Baby Food,Baby Food,Japan
4493091804091,Classic SunValley Oil 500g,Oil,SunValley,Salt,Salt,Thailand
3942117313070,Homestyle PureChoice Brownie Mix,Brownie Mix,PureChoice,Coffee,Coffee,India
1742895489264,Pure OrganicPlus Margarine,Margarine,OrganicPlus,Rice,Rice,Thailand
2575268578245,Natural OrganicPlus Pickle,Pickle,OrganicPlus,Honey,Honey,Vietnam
2054951910432,Organic HomeMade Coconut Water 200g,Coconut Water,HomeMade,Pasta,Pasta,France
6571571912846,Farm Fresh GoldenHarvest Margarine 2L,Margarine,GoldenHarvest,Sauces,Sauces,India
7647274713032,Classic HomeMade Corn,Corn,HomeMade,Dairy,Dairy,France
8699616329914,Farm Fresh VillageMade Gum,Gum,VillageMade,Sauces,Sauces,Germany
6692324875621,Royal QuickMeal Frozen Pizza Pack of 12,Frozen Pizza,QuickMeal,Spices,Spices,USA
3725290483554,Artisan QuickMeal Gum,Gum,QuickMeal,Soup Mix,Soup Mix,India
7667962315307,Royal FreshFarm Oats,Oats,FreshFarm,Pickles,Pickles,Vietnam
5203141742685,Classic DailyBasics Corn,Corn,DailyBasics,Health Supplements,Health Supplements,Turkey
4338853849490,Farm Fresh OrganicPlus Tempeh 250g,Tempeh,OrganicPlus,Chips,Chips,Thailand
2942708300585,Fresh DailyBasics Paratha,Paratha,DailyBasics,Pasta,Pasta,Brazil
1553507436816,Natural OrganicPlus Biscuits,Biscuits,OrganicPlus,Dairy,Dairy,Germany
5503661049341,Organic TastyBites Soda,Soda,TastyBites,Canned Goods,Canned Goods,India
9233795718301,Golden GoldenHarvest Butter,Butter,GoldenHarvest,Sugar,Sugar,Turkey
2025244916394,Pure FamilyFarm Coriander,Coriander,FamilyFarm,Canned Goods,Canned Goods,Turkey
2371399827549,Natural PureChoice Paratha,Paratha,PureChoice,Tea,Tea,Spain
4334549606124,Natural TastyBites Chapati,Chapati,TastyBites,Oils,Oils,Spain
8514754994856,Fresh GreenLeaf Vinegar,Vinegar,GreenLeaf,Cleaning Supplies,Cleaning Supplies,Thailand
3781667918462,Farm Fresh NutriWell Waffle Mix 750ml,Waffle Mix,NutriWell,Dried Fruits,Dried Fruits,Turkey
8251501318800,Golden MorningFresh Ground Coffee,Ground Coffee,MorningFresh,Health Supplements,Health Supplements,Mexico
5469963927503,Classic NutriWell Cream 100g,Cream,NutriWell,Dairy,Dairy,China
1286026623409,Farm Fresh HealthyLife Sauce,Sauce,HealthyLife,Tea,Tea,Mexico
6539888135807,Organic QuickMeal Sesame Oil Pack of 6,Sesame Oil,QuickMeal,Rice,Rice,USA
9096175429146,Classic HomeMade Honey,Honey,HomeMade,Coffee,Coffee,Mexico
2616197492427,Pure CountryStyle Green Tea 200g,Green Tea,CountryStyle,Dried Fruits,Dried Fruits,Vietnam
4042909309770,Artisan CountryStyle Feta 200g,Feta,CountryStyle,Nuts,Nuts,India
7711214035987,Fresh NatureBite Ghee 750ml,Ghee,NatureBite,Jam,Jam,Turkey
8329079530169,Fresh TastyBites Sesame Oil Pack of 12,Sesame Oil,TastyBites,Beverages,Beverages,Japan
1950830541413,Homestyle NatureBite Chapati,Chapati,NatureBite,Rice,Rice,Thailand
3693892811263,Organic SimpleJoy Tofu Pack of 12,Tofu,SimpleJoy,Cleaning Supplies,Cleaning Supplies,USA
8598750997136,Homestyle SimpleJoy Margarine,Margarine,SimpleJoy,Honey,Honey,USA
1866489530208,Farm Fresh QuickMeal Green Tea,Green Tea,QuickMeal,Cleaning Supplies,Cleaning Supplies,Italy
9457369871352,Farm Fresh OrganicPlus Muesli,Muesli,OrganicPlus,Sauces,Sauces,Spain
5261665175462,Fresh KitchenPride Coriander,Coriander,KitchenPride,Frozen Foods,Frozen Foods,USA
8278559733200,Traditional GoldenHarvest Soda,Soda,GoldenHarvest,Jam,Jam,Germany
1428016726213,Homestyle GoldenHarvest Vinegar,Vinegar,GoldenHarvest,Noodles,Noodles,Germany
8748747287578,Organic TastyBites Parmesan,Parmesan,TastyBites,Pickles,Pickles,Brazil
2511196115020,Fresh NatureBite Tomato Paste,Tomato Paste,NatureBite,Rice,Rice,Turkey
1241753766635,Classic PureChoice Lentils,Lentils,PureChoice,Baby Food,Baby Food,India
4677917405040,Royal SunValley Tortilla,Tortilla,SunValley,Personal Care,Personal Care,Vietnam
7622918548498,Pure FamilyFarm Almond Milk,Almond Milk,FamilyFarm,Spices,Spices,India
4531682946184,Royal QuickMeal Nutella,Nutella,QuickMeal,Beverages,Beverages,USA
7337911871120,Fresh HealthyLife Rice 1L,Rice,HealthyLife,Tea,Tea,Italy
2751099779670,Classic LocalBest Chicken Nuggets,Chicken Nuggets,LocalBest,Oils,Oils,Mexico
1695876994195,Natural HealthyLife Chapati,Chapati,HealthyLife,Flour,Flour,Indonesia
1322796879629,Classic GoldenHarvest Tempeh,Tempeh,GoldenHarvest,Nuts,Nuts,Mexico
9821770861407,Homestyle NatureBite Cheddar,Cheddar,NatureBite,Vinegar,Vinegar,Turkey
1519649646170,Farm Fresh TastyBites Chocolate Bar,Chocolate Bar,TastyBites,Flour,Flour,Japan
2542482789398,Royal FamilyFarm Mineral Water Pack of 12,Mineral Water,FamilyFarm,Tea,Tea,Italy
8499668951455,Homestyle MorningFresh Syrup,Syrup,MorningFresh,Pasta,Pasta,Mexico
3438048805504,Pure SunValley Pita Bread 1kg,Pita Bread,SunValley,Personal Care,Personal Care,Brazil
3554517913390,Golden GreenLeaf Muffin,Muffin,GreenLeaf,Health Supplements,Health Supplements,Indonesia
4238913810739,Classic HomeMade Swiss Cheese 750ml,Swiss Cheese,HomeMade,Sugar,Sugar,Italy
8792373545143,Royal QuickMeal Feta,Feta,QuickMeal,Sauces,Sauces,USA
4247560261045,Organic LocalBest Sunflower Oil,Sunflower Oil,LocalBest,Tea,Tea,Germany
5059741311122,Golden GoldenHarvest Flour,Flour,GoldenHarvest,Baby Food,Baby Food,Brazil
9248934425548,Royal GoldenHarvest Soy Milk,Soy Milk,GoldenHarvest,Vinegar,Vinegar,France
3420101744696,Premium TastyBites Cornflakes,Cornflakes,TastyBites,Beverages,Beverages,China
8266870767059,Natural SunValley Coconut Oil 200g,Coconut Oil,SunValley,Oils,Oils,France
8521547663816,Traditional NatureBite Ghee,Ghee,NatureBite,Vinegar,Vinegar,Indonesia
7933421100239,Pure CountryStyle Coconut Oil,Coconut Oil,CountryStyle,Personal Care,Personal Care,Japan
1677689660565,Farm Fresh NutriWell Biscuits,Biscuits,NutriWell,Dairy,Dairy,Mexico
1690352298831,Farm Fresh FamilyFarm Sparkling Water 100g,Sparkling Water,FamilyFarm,Sauces,Sauces,China
8002684561989,Homestyle HealthyLife Ghee,Ghee,HealthyLife,Salt,Salt,China
9152458842306,Golden DailyBasics Cream 200g,Cream,DailyBasics,Oils,Oils,Vietnam
3381758682640,Traditional MorningFresh Black Tea,Black Tea,MorningFresh,Oils,Oils,France
2586795781743,Homestyle GreenLeaf Almonds 200g,Almonds,GreenLeaf,Frozen Foods,Frozen Foods,USA
8905773045267,Golden DailyBasics Soda,Soda,DailyBasics,Vinegar,Vinegar,Indonesia
3812987773502,Traditional SimpleJoy Bagel,Bagel,SimpleJoy,Spices,Spices,Thailand
3852502915067,Premium NatureBite Cereal,Cereal,NatureBite,Nuts,Nuts,Indonesia
6078568008397,Golden PureChoice Oats 500g,Oats,PureChoice,Beverages,Beverages,Germany
5452873468611,Organic OrganicPlus Ice Cream Pack of 6,Ice Cream,OrganicPlus,Beverages,Beverages,Germany
9683920085394,Natural CountryStyle Ketchup,Ketchup,CountryStyle,Soup Mix,Soup Mix,Italy
2397762211439,Pure FreshFarm Waffle Mix,Waffle Mix,FreshFarm,Biscuits,Biscuits,Germany
1859885255918,Premium NatureBite Jam,Jam,NatureBite,Dairy,Dairy,Brazil
1570602851952,Golden LocalBest Cake Mix,Cake Mix,LocalBest,Frozen Foods,Frozen Foods,India
8331976843150,Premium HealthyLife Pickle,Pickle,HealthyLife,Oils,Oils,France
2636536471600,Homestyle GoldenHarvest Almonds 200g,Almonds,GoldenHarvest,Salt,Salt,Turkey
2140530588759,Homestyle HomeMade Frozen Veggies,Frozen Veggies,HomeMade,Biscuits,Biscuits,Thailand
8277938273689,Farm Fresh SunValley Soup,Soup,SunValley,Condiments,Condiments,Germany
2546133204894,Artisan LocalBest Corn 1kg,Corn,LocalBest,Salt,Salt,Germany
6569918880170,Homestyle CountryStyle Chapati 750ml,Chapati,CountryStyle,Pasta,Pasta,Germany
9734085008841,Farm Fresh OrganicPlus Peas,Peas,OrganicPlus,Oils,Oils,Germany
1026601118073,Fresh NutriWell Flour,Flour,NutriWell,Cereals,Cereals,Indonesia
4650069666308,Pure KitchenPride Herbal Tea,Herbal Tea,KitchenPride,Jam,Jam,Spain
1198480480099,Golden HealthyLife Muesli,Muesli,HealthyLife,Canned Goods,Canned Goods,China
9913346849151,Farm Fresh FreshFarm Almonds,Almonds,FreshFarm,Honey,Honey,Thailand
1515224761433,Premium MorningFresh Cornflakes 2L,Cornflakes,MorningFresh,Baby Food,Baby Food,Vietnam
9470258566261,Premium NutriWell Condensed Milk Pack of 6,Condensed Milk,NutriWell,Honey,Honey,France
1986736887567,Farm Fresh CountryStyle Crackers 750ml,Crackers,CountryStyle,Health Supplements,Health Supplements,India
6835509759275,Classic HomeMade Cheese,Cheese,HomeMade,Snacks,Snacks,Thailand
7601294377095,Golden GreenLeaf Tortilla,Tortilla,GreenLeaf,Vinegar,Vinegar,Brazil
3055550697097,Homestyle MorningFresh Black Beans 1kg,Black Beans,MorningFresh,Sugar,Sugar,USA
7537960890206,Artisan HealthyLife Gouda,Gouda,HealthyLife,Nuts,Nuts,Brazil
7580371927115,Organic SunValley Ghee 2L,Ghee,SunValley,Cleaning Supplies,Cleaning Supplies,India
9490287164329,Farm Fresh SunValley Honey,Honey,SunValley,Baby Food,Baby Food,Indonesia
3518256741269,Fresh FamilyFarm Feta,Feta,FamilyFarm,Pasta,Pasta,Mexico
1643062134295,Artisan FamilyFarm Sparkling Water,Sparkling Water,FamilyFarm,Nuts,Nuts,India
6863004347160,Artisan PureChoice Salt,Salt,PureChoice,Nuts,Nuts,India
4693208600420,Classic SunValley Muesli,Muesli,SunValley,Health Supplements,Health Supplements,Thailand
8760030031894,Golden QuickMeal Noodles,Noodles,QuickMeal,Biscuits,Biscuits,USA
2801799170757,Natural GoldenHarvest Pita Bread,Pita Bread,GoldenHarvest,Biscuits,Biscuits,Brazil
5985615229260,Pure GreenLeaf Cinnamon,Cinnamon,GreenLeaf,Honey,Honey,Spain
1890963682371,Premium OrganicPlus Flour 100g,Flour,OrganicPlus,Condiments,Condiments,Italy
2512059556910,Traditional GreenLeaf Iced Tea Pack of 12,Iced Tea,GreenLeaf,Noodles,Noodles,Germany
6494790566378,Classic SunValley Parmesan Pack of 6,Parmesan,SunValley,Frozen Foods,Frozen Foods,Vietnam
9193785827963,Pure DailyBasics Pasta 2L,Pasta,DailyBasics,Condiments,Condiments,France
9189499730656,Artisan TastyBites Mustard,Mustard,TastyBites,Chocolate,Chocolate,Thailand
4227204396860,Royal MorningFresh Oat Milk 750ml,Oat Milk,MorningFresh,Soup Mix,Soup Mix,France
2146886251502,Artisan GoldenHarvest Chips,Chips,GoldenHarvest,Spices,Spices,China
7132216615080,Pure HomeMade Cake Mix,Cake Mix,HomeMade,Flour,Flour,Turkey
6729945854047,Farm Fresh DailyBasics Soy Milk Pack of 6,Soy Milk,DailyBasics,Soup Mix,Soup Mix,Italy
8273915964759,Natural TastyBites Nutella,Nutella,TastyBites,Baby Food,Baby Food,Italy
6991763103182,Natural CountryStyle Parmesan,Parmesan,CountryStyle,Salt,Salt,Germany
7020630724443,Farm Fresh TastyBites Lentils,Lentils,TastyBites,Canned Goods,Canned Goods,Indonesia
3012134755779,Pure NutriWell Waffle Mix,Waffle Mix,NutriWell,Condiments,Condiments,Turkey
4098583609570,Homestyle DailyBasics Green Tea,Green Tea,DailyBasics,Vinegar,Vinegar,Thailand
2080872177357,Fresh HomeMade Ketchup 100g,Ketchup,HomeMade,Rice,Rice,Japan
8967805213763,Farm Fresh SimpleJoy Gum,Gum,SimpleJoy,Noodles,Noodles,Mexico
6570046128803,Homestyle HealthyLife Muffin 1L,Muffin,HealthyLife,Jam,Jam,USA
1144236714092,Pure SimpleJoy Samosa 1kg,Samosa,SimpleJoy,Bakery,Bakery,Thailand
1936165000031,Organic VillageMade Black Beans 750ml,Black Beans,VillageMade,Cereals,Cereals,Turkey
5136187443488,Traditional CountryStyle Chickpeas,Chickpeas,CountryStyle,Dried Fruits,Dried Fruits,Indonesia
8144174682122,Traditional VillageMade Ground Coffee,Ground Coffee,VillageMade,Oils,Oils,France
4307722114157,Farm Fresh GoldenHarvest Sparkling Water 250g,Sparkling Water,GoldenHarvest,Chips,Chips,Turkey
3210491102059,Premium DailyBasics Bread,Bread,DailyBasics,Rice,Rice,Indonesia
9563670388893,Golden HomeMade Ground Coffee,Ground Coffee,HomeMade,Sugar,Sugar,Turkey
8993706361709,Farm Fresh VillageMade Instant Coffee 1L,Instant Coffee,VillageMade,Jam,Jam,Mexico
8469746094168,Pure CountryStyle Milk,Milk,CountryStyle,Coffee,Coffee,Indonesia
5735208869002,Traditional CountryStyle Pita Bread,Pita Bread,CountryStyle,Dairy,Dairy,Germany
2990152891096,Pure DailyBasics Fish Fillet,Fish Fillet,DailyBasics,Personal Care,Personal Care,Turkey
5916787807022,Artisan DailyBasics Paratha,Paratha,DailyBasics,Frozen Foods,Frozen Foods,Mexico
1192322309616,Artisan FamilyFarm Ice Cream Pack of 12,Ice Cream,FamilyFarm,Honey,Honey,Italy
6086506652900,Premium LocalBest Sugar Pack of 12,Sugar,LocalBest,Chocolate,Chocolate,India
9326349442798,Pure CountryStyle Vinegar,Vinegar,CountryStyle,Chips,Chips,Vietnam
6042408849894,Artisan HomeMade Juice,Juice,HomeMade,Biscuits,Biscuits,China
5841634907869,Homestyle PureChoice Bread,Bread,PureChoice,Rice,Rice,Japan
7504498846902,Premium TastyBites Cumin,Cumin,TastyBites,Personal Care,Personal Care,Turkey
7030276206320,Fresh LocalBest Jam 250g,Jam,LocalBest,Pet Food,Pet Food,Vietnam
8267057115081,Traditional NutriWell Pepper 250g,Pepper,NutriWell,Juice,Juice,Germany
1954964828668,Golden PureChoice Cumin,Cumin,PureChoice,Soup Mix,Soup Mix,Italy
6302035043873,Artisan VillageMade Coconut Oil,Coconut Oil,VillageMade,Vinegar,Vinegar,France
3552338540284,Farm Fresh FreshFarm Ground Coffee,Ground Coffee,FreshFarm,Noodles,Noodles,Italy
6556306820730,Farm Fresh NatureBite Tempeh,Tempeh,NatureBite,Health Supplements,Health Supplements,Japan
8597128159441,Pure QuickMeal Soy Milk,Soy Milk,QuickMeal,Biscuits,Biscuits,Vietnam
5488662919909,Golden SimpleJoy Brownie Mix,Brownie Mix,SimpleJoy,Coffee,Coffee,Indonesia
4430693162878,Farm Fresh GreenLeaf Raisins,Raisins,GreenLeaf,Beverages,Beverages,Japan
1206450281651,Traditional FamilyFarm Coffee,Coffee,FamilyFarm,Noodles,Noodles,Thailand
5429328033612,Natural FreshFarm Sugar,Sugar,FreshFarm,Bakery,Bakery,Germany
4817519228516,Pure PureChoice Evaporated Milk 200g,Evaporated Milk,PureChoice,Frozen Foods,Frozen Foods,Turkey
3287519707149,Traditional CountryStyle Almond Milk 250g,Almond Milk,CountryStyle,Cereals,Cereals,Indonesia
5454672489491,Homestyle DailyBasics Frozen Pizza,Frozen Pizza,DailyBasics,Biscuits,Biscuits,Vietnam
5528284540141,Premium DailyBasics Ghee,Ghee,DailyBasics,Bakery,Bakery,Italy
6851414440345,Organic QuickMeal Cumin,Cumin,QuickMeal,Canned Goods,Canned Goods,France
4137012478183,Golden PureChoice Chicken Nuggets,Chicken Nuggets,PureChoice,Salt,Salt,Mexico
2817883546672,Organic DailyBasics Yogurt,Yogurt,DailyBasics,Chocolate,Chocolate,Vietnam
1328332563357,Artisan FreshFarm Honey 1L,Honey,FreshFarm,Biscuits,Biscuits,Brazil
6801212563779,Traditional FreshFarm Cake Mix,Cake Mix,FreshFarm,Pet Food,Pet Food,France
8105748760997,Royal DailyBasics Ghee,Ghee,DailyBasics,Beverages,Beverages,Italy
3132374237987,Pure GoldenHarvest Tortilla,Tortilla,GoldenHarvest,Nuts,Nuts,Italy
2596212030266,Classic MorningFresh Tortilla,Tortilla,MorningFresh,Soup Mix,Soup Mix,Vietnam
6101418307535,Golden GreenLeaf Muesli,Muesli,GreenLeaf,Vinegar,Vinegar,Japan
6257860322627,Royal PureChoice Sparkling Water,Sparkling Water,PureChoice,Jam,Jam,France
8703594179526,Royal HomeMade Cornflakes,Cornflakes,HomeMade,Snacks,Snacks,Indonesia
9603843779727,Traditional VillageMade Cheese,Cheese,VillageMade,Pet Food,Pet Food,Spain
8906226384960,Organic MorningFresh Sugar,Sugar,MorningFresh,Dairy,Dairy,Italy
4724244255419,Golden FamilyFarm Oat Milk,Oat Milk,FamilyFarm,Health Supplements,Health Supplements,Brazil
1648849443125,Royal OrganicPlus Jam,Jam,OrganicPlus,Baby Food,Baby Food,Germany
5269394209014,Royal HomeMade Soy Milk,Soy Milk,HomeMade,Bakery,Bakery,China
9023416775913,Pure CountryStyle Vinegar,Vinegar,CountryStyle,Condiments,Condiments,USA
2109048914160,Natural MorningFresh Instant Coffee 1L,Instant Coffee,MorningFresh,Dried Fruits,Dried Fruits,USA
6657061754142,Natural NatureBite Sunflower Oil,Sunflower Oil,NatureBite,Honey,Honey,USA
5815176936763,Premium KitchenPride Olive Oil,Olive Oil,KitchenPride,Pickles,Pickles,Spain
8714469959529,Natural NatureBite Brownie Mix,Brownie Mix,NatureBite,Vinegar,Vinegar,Vietnam
1275555453774,Artisan FreshFarm Juice,Juice,FreshFarm,Frozen Foods,Frozen Foods,Indonesia
5994561269474,Traditional OrganicPlus Lentils,Lentils,OrganicPlus,Juice,Juice,Brazil
5765866761752,Farm Fresh KitchenPride Cream,Cream,KitchenPride,Oils,Oils,Germany
1664395678951,Pure OrganicPlus Oats,Oats,OrganicPlus,Frozen Foods,Frozen Foods,Japan
7117327072640,Traditional VillageMade Milk,Milk,VillageMade,Cereals,Cereals,Spain
2683527500196,Pure VillageMade Soda,Soda,VillageMade,Soup Mix,Soup Mix,Vietnam
5862796799153,Organic PureChoice Cornflakes 2L,Cornflakes,PureChoice,Pet Food,Pet Food,Brazil
1759877094640,Organic GoldenHarvest Coconut Milk,Coconut Milk,GoldenHarvest,Salt,Salt,China
8974716639032,Organic NatureBite Biscuits 250g,Biscuits,NatureBite,Spices,Spices,Vietnam
9529929884047,Farm Fresh DailyBasics Chips 2L,Chips,DailyBasics,Dried Fruits,Dried Fruits,Italy
5047257999079,Fresh TastyBites Almonds,Almonds,TastyBites,Sugar,Sugar,Turkey
7606518505011,Natural OrganicPlus Yogurt,Yogurt,OrganicPlus,Bakery,Bakery,Italy
4801668574990,Pure GreenLeaf Ice Cream,Ice Cream,GreenLeaf,Pasta,Pasta,France
4417590608915,Golden QuickMeal Coconut Water,Coconut Water,QuickMeal,Pasta,Pasta,India
5935173625306,Premium NutriWell Chips,Chips,NutriWell,Spices,Spices,Vietnam
4866946214112,Homestyle GreenLeaf Syrup Pack of 12,Syrup,GreenLeaf,Spices,Spices,Germany
5040941472552,Fresh FamilyFarm Black Tea,Black Tea,FamilyFarm,Juice,Juice,Germany
5911135170918,Organic KitchenPride Peas 500g,Peas,KitchenPride,Coffee,Coffee,Thailand
3623994173472,Pure KitchenPride Milk 100g,Milk,KitchenPride,Baby Food,Baby Food,Indonesia
9872408605544,Organic FamilyFarm Instant Coffee,Instant Coffee,FamilyFarm,Condiments,Condiments,France
5232670019630,Fresh FreshFarm Croissant,Croissant,FreshFarm,Sugar,Sugar,Mexico
7305581984233,Homestyle DailyBasics Pepper,Pepper,DailyBasics,Nuts,Nuts,Brazil
9081854153555,Pure CountryStyle Coconut Oil,Coconut Oil,CountryStyle,Soup Mix,Soup Mix,France
3438561462967,Royal GreenLeaf Green Tea 750ml,Green Tea,GreenLeaf,Soup Mix,Soup Mix,Indonesia
1024195278683,Golden SimpleJoy Yogurt 750ml,Yogurt,SimpleJoy,Personal Care,Personal Care,India
8491696808508,Homestyle LocalBest Chickpeas,Chickpeas,LocalBest,Juice,Juice,Vietnam
2424574789555,Pure NatureBite Cashews,Cashews,NatureBite,Pickles,Pickles,India
7734985317808,Classic LocalBest Frozen Pizza,Frozen Pizza,LocalBest,Pickles,Pickles,Brazil
2179848448438,Farm Fresh SunValley Black Beans,Black Beans,SunValley,Honey,Honey,Mexico
2999477502297,Golden CountryStyle Fish Fillet 500g,Fish Fillet,CountryStyle,Tea,Tea,Thailand
9857370857575,Golden QuickMeal Instant Coffee,Instant Coffee,QuickMeal,Pickles,Pickles,Thailand
9553222975294,Farm Fresh PureChoice Chapati,Chapati,PureChoice,Health Supplements,Health Supplements,Japan
6144938966795,Artisan GoldenHarvest Nutella 200g,Nutella,GoldenHarvest,Sauces,Sauces,France
2409124261324,Traditional HealthyLife Cereal 200g,Cereal,HealthyLife,Condiments,Condiments,Brazil
2968280186593,Royal OrganicPlus Jam,Jam,OrganicPlus,Juice,Juice,Spain
6154058209182,Traditional VillageMade Tempeh 2L,Tempeh,VillageMade,Jam,Jam,Italy
1376431053353,Homestyle DailyBasics Cornflakes,Cornflakes,DailyBasics,Tea,Tea,Turkey
6908348877297,Traditional MorningFresh Brownie Mix,Brownie Mix,MorningFresh,Dried Fruits,Dried Fruits,France
9054976041270,Homestyle HomeMade Muffin 1kg,Muffin,HomeMade,Spices,Spices,Vietnam
4986846374209,Artisan HealthyLife Energy Drink 100g,Energy Drink,HealthyLife,Rice,Rice,Thailand
9019925353152,Premium GreenLeaf Nutella 1kg,Nutella,GreenLeaf,Oils,Oils,Brazil
3835337627559,Natural NatureBite Chips Pack of 12,Chips,NatureBite,Pasta,Pasta,France
7503698926535,Premium VillageMade Soup 750ml,Soup,VillageMade,Jam,Jam,Brazil
8887161612922,Farm Fresh VillageMade Pickle,Pickle,VillageMade,Snacks,Snacks,Italy
9787207030870,Premium MorningFresh Ice Cream,Ice Cream,MorningFresh,Health Supplements,Health Supplements,Spain
6199940318672,Artisan CountryStyle Gum,Gum,CountryStyle,Noodles,Noodles,Thailand
2978644819914,Royal NatureBite Fish Fillet,Fish Fillet,NatureBite,Cereals,Cereals,China
8065327698186,Pure TastyBites Swiss Cheese,Swiss Cheese,TastyBites,Frozen Foods,Frozen Foods,Thailand
4434433286389,Pure TastyBites Chapati 1kg,Chapati,TastyBites,Sauces,Sauces,India
8837668713826,Golden DailyBasics Oat Milk 1L,Oat Milk,DailyBasics,Sauces,Sauces,France
1987599392247,Golden SimpleJoy Soda,Soda,SimpleJoy,Salt,Salt,Thailand
7560073402064,Organic GoldenHarvest Candy,Candy,GoldenHarvest,Noodles,Noodles,Turkey
2540007910421,Natural NutriWell Peas 1L,Peas,NutriWell,Noodles,Noodles,China
8459918919394,Royal HomeMade Herbal Tea Pack of 12,Herbal Tea,HomeMade,Frozen Foods,Frozen Foods,Brazil
6335241806218,Artisan MorningFresh Chapati,Chapati,MorningFresh,Vinegar,Vinegar,USA
8202688583206,Golden KitchenPride Coriander,Coriander,KitchenPride,Soup Mix,Soup Mix,Indonesia
3409111031575,Natural SimpleJoy Oats,Oats,SimpleJoy,Pet Food,Pet Food,India
6345452766533,Artisan NutriWell Croissant,Croissant,NutriWell,Beverages,Beverages,Brazil
6279642996012,Golden OrganicPlus Gouda,Gouda,OrganicPlus,Chips,Chips,Italy
9650834532345,Royal TastyBites Coconut Milk,Coconut Milk,TastyBites,Biscuits,Biscuits,France
7364048745127,Pure CountryStyle Fish Fillet,Fish Fillet,CountryStyle,Chocolate,Chocolate,Japan
9373837233106,Royal PureChoice Parmesan,Parmesan,PureChoice,Snacks,Snacks,Turkey
3865857890169,Pure HomeMade Butter,Butter,HomeMade,Pasta,Pasta,Thailand
1928414342138,Homestyle KitchenPride Soda,Soda,KitchenPride,Jam,Jam,India
6129435874334,Farm Fresh DailyBasics Evaporated Milk,Evaporated Milk,DailyBasics,Oils,Oils,Vietnam
3940990145290,Farm Fresh MorningFresh Almonds 1kg,Almonds,MorningFresh,Biscuits,Biscuits,Japan
2685184203101,Farm Fresh GoldenHarvest Brownie Mix 100g,Brownie Mix,GoldenHarvest,Pasta,Pasta,Spain
7559623741087,Artisan MorningFresh Black Tea 250g,Black Tea,MorningFresh,Condiments,Condiments,Mexico
9852591405359,Natural SunValley Gouda Pack of 6,Gouda,SunValley,Personal Care,Personal Care,Turkey
8340588592265,Artisan PureChoice Yogurt 100g,Yogurt,PureChoice,Baby Food,Baby Food,Thailand
3445393611554,Artisan FamilyFarm Waffle Mix 750ml,Waffle Mix,FamilyFarm,Oils,Oils,Indonesia
1503819782570,Royal PureChoice Parmesan,Parmesan,PureChoice,Rice,Rice,Indonesia
6408336955454,Premium HomeMade Soup 1L,Soup,HomeMade,Cereals,Cereals,USA
1749176503306,Natural NatureBite Biscuits Pack of 6,Biscuits,NatureBite,Bakery,Bakery,France
1761295891702,Fresh FreshFarm Crackers 200g,Crackers,FreshFarm,Juice,Juice,Germany
4521448732001,Premium GoldenHarvest Oat Milk,Oat Milk,GoldenHarvest,Rice,Rice,Turkey
7118523442598,Classic FamilyFarm Pickle Pack of 12,Pickle,FamilyFarm,Coffee,Coffee,Spain
2200745017799,Fresh CountryStyle Parmesan Pack of 6,Parmesan,CountryStyle,Juice,Juice,Indonesia
4020572574784,Farm Fresh PureChoice Milk Pack of 6,Milk,PureChoice,Baby Food,Baby Food,Thailand
8731736241967,Golden GreenLeaf Biscuits 1L,Biscuits,GreenLeaf,Salt,Salt,Mexico
5005118211105,Traditional MorningFresh Chips,Chips,MorningFresh,Cereals,Cereals,Spain
9719367350048,Classic HealthyLife Black Beans,Black Beans,HealthyLife,Dairy,Dairy,USA
9685833117471,Fresh HealthyLife Sparkling Water,Sparkling Water,HealthyLife,Nuts,Nuts,Japan
4974751524738,Farm Fresh HealthyLife Black Tea 1L,Black Tea,HealthyLife,Sauces,Sauces,Turkey
7466842626371,Premium OrganicPlus Bread,Bread,OrganicPlus,Flour,Flour,France
2497554244558,Fresh SimpleJoy Jam,Jam,SimpleJoy,Condiments,Condiments,Indonesia
3972022249619,Fresh SunValley Soda,Soda,SunValley,Flour,Flour,USA
5898406379043,Royal CountryStyle Sesame Oil,Sesame Oil,CountryStyle,Flour,Flour,Thailand
9995742570599,Homestyle NutriWell Jam,Jam,NutriWell,Chocolate,Chocolate,France
5060879869369,Golden FreshFarm Sauce,Sauce,FreshFarm,Bakery,Bakery,Turkey
9762026323745,Golden GreenLeaf Flour,Flour,GreenLeaf,Dried Fruits,Dried Fruits,Brazil
2694893878353,Fresh FamilyFarm Almond Milk 2L,Almond Milk,FamilyFarm,Sauces,Sauces,China
9760281985329,Artisan QuickMeal Spring Rolls,Spring Rolls,QuickMeal,Health Supplements,Health Supplements,Spain
1557331985479,Traditional SimpleJoy Noodles,Noodles,SimpleJoy,Vinegar,Vinegar,France
1633334401049,Organic VillageMade Cereal,Cereal,VillageMade,Nuts,Nuts,Indonesia
9646474161001,Traditional HealthyLife Sauce 2L,Sauce,HealthyLife,Cereals,Cereals,Germany
9631488506174,Golden VillageMade Bagel,Bagel,VillageMade,Baby Food,Baby Food,Spain
3752448481085,Farm Fresh SimpleJoy Butter,Butter,SimpleJoy,Vinegar,Vinegar,Germany
7204838268344,Homestyle NatureBite Almonds,Almonds,NatureBite,Dairy,Dairy,Brazil
7446045548802,Classic CountryStyle Cheddar,Cheddar,CountryStyle,Honey,Honey,Italy
8529495785175,Classic KitchenPride Coconut Water,Coconut Water,KitchenPride,Coffee,Coffee,Mexico
2154006135323,Homestyle MorningFresh Chips,Chips,MorningFresh,Health Supplements,Health Supplements,Thailand
9104763823213,Golden CountryStyle Instant Coffee,Instant Coffee,CountryStyle,Sugar,Sugar,China
7645673825605,Pure MorningFresh Sparkling Water,Sparkling Water,MorningFresh,Pet Food,Pet Food,USA
6910759368797,Artisan MorningFresh Spring Rolls,Spring Rolls,MorningFresh,Nuts,Nuts,Thailand
8670680283864,Natural DailyBasics French Fries Pack of 6,French Fries,DailyBasics,Juice,Juice,China
1834362487917,Homestyle SimpleJoy Cake Mix Pack of 12,Cake Mix,SimpleJoy,Frozen Foods,Frozen Foods,Indonesia
5807515112698,Fresh FamilyFarm Muffin,Muffin,FamilyFarm,Juice,Juice,Thailand
2352037029186,Golden HealthyLife Feta,Feta,HealthyLife,Nuts,Nuts,Italy
4518924056169,Traditional QuickMeal Green Tea,Green Tea,QuickMeal,Soup Mix,Soup Mix,Japan
4285060324545,Pure SunValley French Fries,French Fries,SunValley,Soup Mix,Soup Mix,China
2054958894679,Farm Fresh GoldenHarvest Muesli,Muesli,GoldenHarvest,Coffee,Coffee,Brazil
6281802733452,Traditional MorningFresh Black Tea 200g,Black Tea,MorningFresh,Juice,Juice,Turkey
5696170663889,Homestyle GreenLeaf Coconut Milk,Coconut Milk,GreenLeaf,Coffee,Coffee,Italy
2998184071165,Premium FreshFarm Cornflakes,Cornflakes,FreshFarm,Nuts,Nuts,France
8675069162117,Traditional NatureBite Coconut Milk,Coconut Milk,NatureBite,Biscuits,Biscuits,Brazil
5544200562552,Homestyle VillageMade Almond Milk,Almond Milk,VillageMade,Dairy,Dairy,Indonesia
1970748116301,Fresh LocalBest Peanuts,Peanuts,LocalBest,Canned Goods,Canned Goods,Italy
7394762948220,Golden DailyBasics Almond Milk,Almond Milk,DailyBasics,Pasta,Pasta,Mexico
9803542558827,Fresh CountryStyle Paratha Pack of 6,Paratha,CountryStyle,Chocolate,Chocolate,France
2588642109386,Natural PureChoice Waffle Mix 750ml,Waffle Mix,PureChoice,Honey,Honey,Turkey
4832927036563,Premium GreenLeaf Biscuits,Biscuits,GreenLeaf,Biscuits,Biscuits,France
5472814914811,Pure OrganicPlus Butter,Butter,OrganicPlus,Cereals,Cereals,Thailand
8454112215618,Artisan TastyBites Tempeh 250g,Tempeh,TastyBites,Pickles,Pickles,France
7471294532313,Homestyle LocalBest Rice,Rice,LocalBest,Bakery,Bakery,Indonesia
5216247411382,Homestyle SimpleJoy Bagel,Bagel,SimpleJoy,Pickles,Pickles,Vietnam
3146131799905,Farm Fresh NutriWell Pepper,Pepper,NutriWell,Flour,Flour,China
2586135237003,Natural SunValley Crackers 250g,Crackers,SunValley,Noodles,Noodles,Japan
8149593384188,Organic DailyBasics Chocolate Bar 2L,Chocolate Bar,DailyBasics,Baby Food,Baby Food,Indonesia
6853358226741,Royal PureChoice Instant Coffee 1kg,Instant Coffee,PureChoice,Cleaning Supplies,Cleaning Supplies,USA
8401739862503,Pure VillageMade Peas 2L,Peas,VillageMade,Snacks,Snacks,Vietnam
4232571025466,Golden HomeMade Whole Beans,Whole Beans,HomeMade,Sauces,Sauces,Japan
6520345292035,Pure PureChoice Juice,Juice,PureChoice,Personal Care,Personal Care,Indonesia
3288200360330,Pure KitchenPride Tempeh 750ml,Tempeh,KitchenPride,Noodles,Noodles,France
5583303525071,Premium CountryStyle Tempeh 1kg,Tempeh,CountryStyle,Sauces,Sauces,USA
7465706029083,Premium SimpleJoy Iced Tea Pack of 12,Iced Tea,SimpleJoy,Tea,Tea,India
1407799023906,Farm Fresh LocalBest Coconut Milk,Coconut Milk,LocalBest,Frozen Foods,Frozen Foods,France
5605056488177,Royal NatureBite Vinegar,Vinegar,NatureBite,Salt,Salt,Germany
3625342387025,Fresh GreenLeaf Energy Drink 200g,Energy Drink,GreenLeaf,Beverages,Beverages,Indonesia
8655890177207,Artisan OrganicPlus Feta,Feta,OrganicPlus,Juice,Juice,Mexico
6064909774503,Royal SimpleJoy French Fries,French Fries,SimpleJoy,Juice,Juice,Germany
5981406530909,Royal SunValley Tofu,Tofu,SunValley,Sugar,Sugar,Vietnam
1503137993415,Homestyle TastyBites Cumin,Cumin,TastyBites,Coffee,Coffee,Thailand
9060138502909,Fresh OrganicPlus Bread,Bread,OrganicPlus,Dried Fruits,Dried Fruits,Indonesia
5507985630540,Fresh VillageMade Coffee,Coffee,VillageMade,Honey,Honey,Mexico
1802342209015,Organic FamilyFarm Turmeric,Turmeric,FamilyFarm,Nuts,Nuts,Italy
7526938371057,Premium NatureBite Croissant,Croissant,NatureBite,Chocolate,Chocolate,Brazil
9669407579009,Classic HomeMade Frozen Pizza,Frozen Pizza,HomeMade,Personal Care,Personal Care,Italy
5579044145576,Fresh NatureBite Peanuts 2L,Peanuts,NatureBite,Biscuits,Biscuits,Indonesia
5975419334171,Homestyle QuickMeal Peanut Butter,Peanut Butter,QuickMeal,Salt,Salt,Brazil
9645745823969,Premium NutriWell Croissant,Croissant,NutriWell,Rice,Rice,India
4222212715526,Organic QuickMeal Frozen Veggies,Frozen Veggies,QuickMeal,Soup Mix,Soup Mix,Italy
1719385164032,Artisan VillageMade Coconut Water,Coconut Water,VillageMade,Pet Food,Pet Food,USA
3606473399644,Fresh DailyBasics Dates,Dates,DailyBasics,Chips,Chips,Brazil
3962818565619,Royal QuickMeal Samosa,Samosa,QuickMeal,Juice,Juice,Germany
8323694776986,Fresh OrganicPlus Cinnamon,Cinnamon,OrganicPlus,Honey,Honey,India
7932601162856,Classic PureChoice Pancake Mix 250g,Pancake Mix,PureChoice,Snacks,Snacks,USA
8986405165201,Golden LocalBest Coriander,Coriander,LocalBest,Honey,Honey,India
8971248401171,Classic CountryStyle Peas,Peas,CountryStyle,Bakery,Bakery,Vietnam
5976336558821,Classic NatureBite Mozzarella Pack of 6,Mozzarella,NatureBite,Vinegar,Vinegar,USA
5489953908536,Premium SimpleJoy Pepper,Pepper,SimpleJoy,Juice,Juice,Brazil
6013955113097,Golden HomeMade Olive Oil,Olive Oil,HomeMade,Pet Food,Pet Food,Vietnam
7314165797067,Golden GoldenHarvest Coffee,Coffee,GoldenHarvest,Pet Food,Pet Food,France
7828505853383,Artisan CountryStyle Coriander,Coriander,CountryStyle,Frozen Foods,Frozen Foods,Vietnam
8637252244481,Golden DailyBasics Instant Coffee,Instant Coffee,DailyBasics,Honey,Honey,France
4945685265538,Golden HomeMade Tempeh Pack of 6,Tempeh,HomeMade,Personal Care,Personal Care,USA
9234700866411,Traditional OrganicPlus Juice,Juice,OrganicPlus,Pasta,Pasta,Japan
6286687715609,Natural KitchenPride Paratha,Paratha,KitchenPride,Bakery,Bakery,Spain
9981238892577,Traditional PureChoice Black Tea,Black Tea,PureChoice,Chocolate,Chocolate,Thailand
1285630119501,Fresh NutriWell Tomato Paste,Tomato Paste,NutriWell,Oils,Oils,Turkey
1796256688697,Fresh HealthyLife Herbal Tea,Herbal Tea,HealthyLife,Soup Mix,Soup Mix,Vietnam
8914208503447,Pure QuickMeal Cheddar,Cheddar,QuickMeal,Oils,Oils,Mexico
2375184479028,Royal QuickMeal Syrup 200g,Syrup,QuickMeal,Salt,Salt,Spain
1098861193109,Traditional FreshFarm Chips,Chips,FreshFarm,Baby Food,Baby Food,France
8128322029206,Golden LocalBest Coconut Oil 1kg,Coconut Oil,LocalBest,Pickles,Pickles,Indonesia
2538898192425,Premium FreshFarm Sauce,Sauce,FreshFarm,Snacks,Snacks,Indonesia
4311293171146,Organic OrganicPlus Soup,Soup,OrganicPlus,Coffee,Coffee,Italy
4356682652553,Fresh NutriWell Crackers,Crackers,NutriWell,Salt,Salt,India
3921077948109,Premium NutriWell Tomato Paste 2L,Tomato Paste,NutriWell,Snacks,Snacks,Turkey
4540095138324,Homestyle SimpleJoy Muffin,Muffin,SimpleJoy,Beverages,Beverages,USA
8596564889655,Traditional CountryStyle French Fries,French Fries,CountryStyle,Chips,Chips,India
8032955245144,Artisan CountryStyle Samosa 2L,Samosa,CountryStyle,Tea,Tea,Indonesia
8421785176312,Pure VillageMade Peanuts,Peanuts,VillageMade,Sugar,Sugar,France
9702105998337,Pure GoldenHarvest Coconut Milk,Coconut Milk,GoldenHarvest,Salt,Salt,India
6064459363836,Royal OrganicPlus Cornflakes,Cornflakes,OrganicPlus,Tea,Tea,Spain
9240568887433,Premium SimpleJoy Gum 750ml,Gum,SimpleJoy,Baby Food,Baby Food,Vietnam
5965872148305,Royal DailyBasics Coconut Oil,Coconut Oil,DailyBasics,Pasta,Pasta,Brazil
3749635847648,Pure PureChoice Chicken Nuggets 2L,Chicken Nuggets,PureChoice,Nuts,Nuts,Mexico
7309384828135,Homestyle GreenLeaf Coconut Water,Coconut Water,GreenLeaf,Cleaning Supplies,Cleaning Supplies,India
2120156743330,Classic PureChoice Ground Coffee,Ground Coffee,PureChoice,Cereals,Cereals,Spain
9556537337072,Homestyle GoldenHarvest Raisins Pack of 6,Raisins,GoldenHarvest,Biscuits,Biscuits,Brazil
8704940550662,Artisan PureChoice Swiss Cheese Pack of 12,Swiss Cheese,PureChoice,Condiments,Condiments,Turkey
1736855210185,Farm Fresh GreenLeaf Biscuits,Biscuits,GreenLeaf,Juice,Juice,Thailand
9768201060562,Royal HomeMade Coffee,Coffee,HomeMade,Honey,Honey,Turkey
3160960278130,Natural KitchenPride Whole Beans 100g,Whole Beans,KitchenPride,Coffee,Coffee,Turkey
9335711806483,Classic FamilyFarm Candy,Candy,FamilyFarm,Biscuits,Biscuits,Thailand
7345449144579,Golden TastyBites Oat Milk,Oat Milk,TastyBites,Personal Care,Personal Care,Italy
5014880520339,Premium KitchenPride Mozzarella,Mozzarella,KitchenPride,Sugar,Sugar,France
7363776586236,Organic HomeMade Whole Beans Pack of 6,Whole Beans,HomeMade,Canned Goods,Canned Goods,USA
6537665847583,Traditional GreenLeaf Sesame Oil,Sesame Oil,GreenLeaf,Flour,Flour,Vietnam
2016079986515,Golden FamilyFarm Kidney Beans 1L,Kidney Beans,FamilyFarm,Flour,Flour,Japan
6355281103895,Royal MorningFresh Coconut Oil 100g,Coconut Oil,MorningFresh,Biscuits,Biscuits,Spain
8848640150594,Golden VillageMade Soup,Soup,VillageMade,Noodles,Noodles,Indonesia
8115252232298,Natural DailyBasics Crackers,Crackers,DailyBasics,Honey,Honey,Italy
4759315844880,Fresh VillageMade Samosa,Samosa,VillageMade,Honey,Honey,Vietnam
3815933827358,Organic VillageMade Flour,Flour,VillageMade,Coffee,Coffee,Turkey
6346264298593,Royal FamilyFarm Instant Coffee,Instant Coffee,FamilyFarm,Bakery,Bakery,Turkey
5567152167680,Golden GoldenHarvest Spring Rolls,Spring Rolls,GoldenHarvest,Cereals,Cereals,France
1093359097217,Artisan TastyBites Raisins Pack of 12,Raisins,TastyBites,Health Supplements,Health Supplements,Turkey
5112841565402,Classic HealthyLife Crackers,Crackers,HealthyLife,Pasta,Pasta,Indonesia
5358264429452,Fresh FamilyFarm Almonds,Almonds,FamilyFarm,Pickles,Pickles,France
3577401232156,Royal KitchenPride Instant Coffee,Instant Coffee,KitchenPride,Bakery,Bakery,Italy
3288738719847,Artisan NutriWell Ketchup,Ketchup,NutriWell,Personal Care,Personal Care,Italy
8335689347753,Premium FamilyFarm Jam,Jam,FamilyFarm,Soup Mix,Soup Mix,Brazil
3076741847743,Royal NutriWell Ketchup,Ketchup,NutriWell,Spices,Spices,Spain
3091442149163,Pure PureChoice Black Tea,Black Tea,PureChoice,Chips,Chips,India
3695189806863,Fresh HealthyLife Energy Drink 1kg,Energy Drink,HealthyLife,Chips,Chips,France
3500284585652,Pure NatureBite Herbal Tea 1kg,Herbal Tea,NatureBite,Chips,Chips,Mexico
9601701343506,Organic VillageMade Noodles,Noodles,VillageMade,Dairy,Dairy,Italy
9359626873365,Royal LocalBest Gouda,Gouda,LocalBest,Pasta,Pasta,Spain
9107336863571,Artisan NutriWell Oat Milk,Oat Milk,NutriWell,Dried Fruits,Dried Fruits,USA
7813577471741,Natural MorningFresh Iced Tea,Iced Tea,MorningFresh,Noodles,Noodles,Indonesia
3180319358806,Golden DailyBasics Croissant,Croissant,DailyBasics,Health Supplements,Health Supplements,Germany
1930966868291,Pure SunValley Paratha Pack of 6,Paratha,SunValley,Snacks,Snacks,USA
4163380248757,Organic SunValley Chocolate Bar,Chocolate Bar,SunValley,Noodles,Noodles,USA
6637603513972,Traditional NatureBite Pancake Mix,Pancake Mix,NatureBite,Snacks,Snacks,Thailand
4175857807266,Traditional FamilyFarm Flour,Flour,FamilyFarm,Chocolate,Chocolate,USA
6017244026219,Premium QuickMeal Oats 250g,Oats,QuickMeal,Nuts,Nuts,Italy
3979326937729,Organic MorningFresh Peanut Butter,Peanut Butter,MorningFresh,Bakery,Bakery,China
2736841565889,Classic KitchenPride Jam 1kg,Jam,KitchenPride,Vinegar,Vinegar,Turkey
3129872141056,Organic TastyBites Muesli Pack of 12,Muesli,TastyBites,Coffee,Coffee,France
7775329898577,Fresh NatureBite Coriander,Coriander,NatureBite,Sugar,Sugar,USA
1508885641734,Traditional TastyBites Evaporated Milk 100g,Evaporated Milk,TastyBites,Biscuits,Biscuits,Spain
2785310949218,Natural VillageMade Sunflower Oil,Sunflower Oil,VillageMade,Pasta,Pasta,China
8157856111581,Artisan FamilyFarm Juice,Juice,FamilyFarm,Rice,Rice,Thailand
8455859698626,Farm Fresh NatureBite Cream,Cream,NatureBite,Soup Mix,Soup Mix,Turkey
6087907293178,Golden FreshFarm Vinegar,Vinegar,FreshFarm,Baby Food,Baby Food,China
5413499235443,Golden GoldenHarvest Mineral Water 500g,Mineral Water,GoldenHarvest,Cleaning Supplies,Cleaning Supplies,China
3839168738091,Royal CountryStyle Tortilla,Tortilla,CountryStyle,Frozen Foods,Frozen Foods,Italy
3163368280946,Premium VillageMade Corn 1L,Corn,VillageMade,Juice,Juice,Germany
6599787193367,Golden QuickMeal Raisins 2L,Raisins,QuickMeal,Biscuits,Biscuits,Mexico
7010040672886,Natural LocalBest Ice Cream,Ice Cream,LocalBest,Pasta,Pasta,Japan
1038320805382,Pure FreshFarm Frozen Veggies 250g,Frozen Veggies,FreshFarm,Sugar,Sugar,Spain
9601545175688,Traditional DailyBasics Tortilla 200g,Tortilla,DailyBasics,Health Supplements,Health Supplements,India
7206757808653,Traditional LocalBest Feta,Feta,LocalBest,Oils,Oils,Turkey
3194764500743,Artisan SunValley Energy Drink,Energy Drink,SunValley,Tea,Tea,Indonesia
4368791189658,Fresh LocalBest Parmesan,Parmesan,LocalBest,Tea,Tea,Mexico
9688633452084,Classic QuickMeal Sugar,Sugar,QuickMeal,Juice,Juice,India
2951616329593,Homestyle FamilyFarm Muffin,Muffin,FamilyFarm,Sauces,Sauces,Japan
2147510158679,Pure DailyBasics Pasta,Pasta,DailyBasics,Tea,Tea,Spain
4372727557046,Golden VillageMade Rice,Rice,VillageMade,Soup Mix,Soup Mix,India
8515926009183,Golden NatureBite Tofu 750ml,Tofu,NatureBite,Salt,Salt,Turkey
8159689464918,Homestyle FamilyFarm Noodles,Noodles,FamilyFarm,Pickles,Pickles,Spain
1767764152140,Royal NatureBite Mayonnaise,Mayonnaise,NatureBite,Sugar,Sugar,Spain
6563910493778,Organic SunValley Iced Tea,Iced Tea,SunValley,Snacks,Snacks,Indonesia
8454729848801,Fresh SunValley Cinnamon,Cinnamon,SunValley,Nuts,Nuts,USA
1490041707177,Artisan FreshFarm Ground Coffee,Ground Coffee,FreshFarm,Honey,Honey,Turkey
5347582404045,Fresh TastyBites Frozen Veggies 100g,Frozen Veggies,TastyBites,Honey,Honey,Spain
5165233991110,Fresh LocalBest Ghee,Ghee,LocalBest,Condiments,Condiments,Japan
2503774678794,Organic SimpleJoy Sugar,Sugar,SimpleJoy,Canned Goods,Canned Goods,Vietnam
2087174487963,Artisan HealthyLife Butter,Butter,HealthyLife,Salt,Salt,USA
6184249737060,Traditional PureChoice Green Tea,Green Tea,PureChoice,Sugar,Sugar,Mexico
1187363688371,Artisan NutriWell Sparkling Water Pack of 12,Sparkling Water,NutriWell,Condiments,Condiments,Thailand
8984455752509,Farm Fresh CountryStyle Cashews,Cashews,CountryStyle,Condiments,Condiments,India
3218665052100,Golden QuickMeal Samosa,Samosa,QuickMeal,Baby Food,Baby Food,Indonesia
8823801980279,Premium HomeMade Cinnamon 100g,Cinnamon,HomeMade,Pasta,Pasta,China
8669027127513,Farm Fresh GoldenHarvest Soy Milk,Soy Milk,GoldenHarvest,Health Supplements,Health Supplements,Vietnam
3590490732764,Artisan LocalBest Popcorn,Popcorn,LocalBest,Pickles,Pickles,India
2005643401188,Natural VillageMade Spring Rolls 1L,Spring Rolls,VillageMade,Jam,Jam,Mexico
4526067264575,Golden DailyBasics Muesli,Muesli,DailyBasics,Baby Food,Baby Food,Indonesia
6826949548184,Pure MorningFresh Muffin,Muffin,MorningFresh,Sugar,Sugar,Thailand
2843237957240,Artisan NatureBite Cream Cheese,Cream Cheese,NatureBite,Beverages,Beverages,Japan
9204376554693,Pure TastyBites Ketchup,Ketchup,TastyBites,Honey,Honey,Vietnam
7613133293916,Natural GreenLeaf Green Tea 100g,Green Tea,GreenLeaf,Pickles,Pickles,India
7292443761564,Organic PureChoice Croissant,Croissant,PureChoice,Noodles,Noodles,Mexico
1770344944390,Organic SunValley Muesli,Muesli,SunValley,Tea,Tea,China
4065399062076,Classic TastyBites Bagel,Bagel,TastyBites,Snacks,Snacks,Brazil
5607825089463,Fresh HomeMade Rice,Rice,HomeMade,Cereals,Cereals,Thailand
4701987421322,Homestyle TastyBites Ice Cream,Ice Cream,TastyBites,Pickles,Pickles,Japan
2149809741300,Fresh HomeMade Jam 500g,Jam,HomeMade,Health Supplements,Health Supplements,Italy
7582872124747,Classic KitchenPride Waffle Mix 500g,Waffle Mix,KitchenPride,Dairy,Dairy,Vietnam
6173440443420,Premium TastyBites Almonds,Almonds,TastyBites,Biscuits,Biscuits,Turkey
4682887171486,Royal OrganicPlus Juice Pack of 12,Juice,OrganicPlus,Canned Goods,Canned Goods,Brazil
7826887513000,Golden FamilyFarm Olive Oil,Olive Oil,FamilyFarm,Personal Care,Personal Care,France
6661535688896,Royal FamilyFarm Energy Drink,Energy Drink,FamilyFarm,Pet Food,Pet Food,France
4642289482108,Natural NutriWell Muesli 1L,Muesli,NutriWell,Juice,Juice,China
7583508113642,Homestyle DailyBasics Bagel,Bagel,DailyBasics,Frozen Foods,Frozen Foods,China
5047369195762,Pure NutriWell Salt,Salt,NutriWell,Honey,Honey,Italy
9226800051503,Traditional GoldenHarvest Black Tea 750ml,Black Tea,GoldenHarvest,Biscuits,Biscuits,Italy
4156907126405,Artisan QuickMeal Mustard,Mustard,QuickMeal,Jam,Jam,USA
2731849963005,Fresh GoldenHarvest Yogurt,Yogurt,GoldenHarvest,Sauces,Sauces,Thailand
5399460591685,Homestyle QuickMeal Coconut Oil,Coconut Oil,QuickMeal,Pasta,Pasta,Turkey
5595238692565,Organic HealthyLife Sesame Oil,Sesame Oil,HealthyLife,Jam,Jam,Vietnam
8108157312801,Traditional CountryStyle Feta 100g,Feta,CountryStyle,Baby Food,Baby Food,Japan
5004616792077,Natural SunValley Corn,Corn,SunValley,Personal Care,Personal Care,Germany
9245296199735,Royal NutriWell Parmesan,Parmesan,NutriWell,Frozen Foods,Frozen Foods,Thailand
4306462541125,Traditional KitchenPride Sesame Oil,Sesame Oil,KitchenPride,Noodles,Noodles,Turkey
1530679488232,Classic CountryStyle Sauce 1kg,Sauce,CountryStyle,Beverages,Beverages,France
7239875800196,Classic KitchenPride Mayonnaise,Mayonnaise,KitchenPride,Flour,Flour,Vietnam
6272233863833,Classic FreshFarm Pancake Mix,Pancake Mix,FreshFarm,Dairy,Dairy,Brazil
7879966140273,Traditional SimpleJoy Soup,Soup,SimpleJoy,Vinegar,Vinegar,Mexico
2909004633943,Classic NutriWell Muffin,Muffin,NutriWell,Nuts,Nuts,USA
2834687294417,Golden GreenLeaf Bagel,Bagel,GreenLeaf,Pet Food,Pet Food,India
4501200182734,Fresh HealthyLife Sparkling Water,Sparkling Water,HealthyLife,Chips,Chips,Japan
2230612909026,Artisan GoldenHarvest Butter,Butter,GoldenHarvest,Spices,Spices,Thailand
7878007276473,Premium HomeMade Chips,Chips,HomeMade,Baby Food,Baby Food,Indonesia
7842178237334,Natural SunValley Pasta,Pasta,SunValley,Baby Food,Baby Food,Brazil
6462937070041,Pure FamilyFarm Muesli 2L,Muesli,FamilyFarm,Biscuits,Biscuits,Mexico
8838928172625,Fresh SimpleJoy Feta,Feta,SimpleJoy,Coffee,Coffee,Spain
9093827036903,Artisan NatureBite Cake Mix 1kg,Cake Mix,NatureBite,Soup Mix,Soup Mix,Thailand
7877520173454,Pure GreenLeaf Feta,Feta,GreenLeaf,Oils,Oils,Germany
8600946405431,Artisan GreenLeaf Sparkling Water,Sparkling Water,GreenLeaf,Condiments,Condiments,Italy
5213550454842,Premium VillageMade Chocolate Bar,Chocolate Bar,VillageMade,Canned Goods,Canned Goods,Indonesia
4822100994755,Artisan VillageMade Black Tea,Black Tea,VillageMade,Pickles,Pickles,USA
2850080342124,Farm Fresh MorningFresh Sesame Oil,Sesame Oil,MorningFresh,Spices,Spices,China
9900062893693,Organic FreshFarm Frozen Pizza,Frozen Pizza,FreshFarm,Soup Mix,Soup Mix,Italy
7975861845753,Organic QuickMeal Bread,Bread,QuickMeal,Pasta,Pasta,Thailand
9527504001991,Artisan DailyBasics Cheese,Cheese,DailyBasics,Coffee,Coffee,Indonesia
8700661692509,Premium QuickMeal Frozen Veggies 250g,Frozen Veggies,QuickMeal,Snacks,Snacks,Germany
4114282998768,Homestyle VillageMade Noodles 250g,Noodles,VillageMade,Canned Goods,Canned Goods,Japan
1196553118331,Golden HomeMade Coriander,Coriander,HomeMade,Oils,Oils,Mexico
1608658766107,Golden SunValley Tortilla,Tortilla,SunValley,Bakery,Bakery,Turkey
7868094200124,Royal NutriWell Popcorn,Popcorn,NutriWell,Beverages,Beverages,India
7639041946697,Natural GoldenHarvest Cinnamon 500g,Cinnamon,GoldenHarvest,Frozen Foods,Frozen Foods,India
1491437385302,Organic SunValley Raisins,Raisins,SunValley,Canned Goods,Canned Goods,Mexico
3953494857755,Royal NatureBite Vinegar,Vinegar,NatureBite,Condiments,Condiments,Turkey
6675056859920,Farm Fresh SunValley Condensed Milk,Condensed Milk,SunValley,Health Supplements,Health Supplements,Italy
8528815347143,Fresh SunValley Mustard,Mustard,SunValley,Dried Fruits,Dried Fruits,Brazil
8073875537727,Golden FreshFarm Peanuts,Peanuts,FreshFarm,Soup Mix,Soup Mix,Mexico
5899763480407,Golden GoldenHarvest Nutella,Nutella,GoldenHarvest,Juice,Juice,Italy
9790075210801,Fresh VillageMade Kidney Beans Pack of 12,Kidney Beans,VillageMade,Spices,Spices,China
2670566333545,Pure SimpleJoy Almonds,Almonds,SimpleJoy,Pasta,Pasta,Thailand
6595000746714,Golden DailyBasics Fish Fillet,Fish Fillet,DailyBasics,Noodles,Noodles,Italy
5091994932339,Farm Fresh FreshFarm Pancake Mix,Pancake Mix,FreshFarm,Cereals,Cereals,China
2052607963440,Premium OrganicPlus Energy Drink,Energy Drink,OrganicPlus,Rice,Rice,Italy
5187755921724,Royal NutriWell Waffle Mix 750ml,Waffle Mix,NutriWell,Pasta,Pasta,China
6075846941775,Organic MorningFresh Mustard,Mustard,MorningFresh,Juice,Juice,Spain
5372226783832,Golden TastyBites Chickpeas,Chickpeas,TastyBites,Vinegar,Vinegar,Spain
4226901859673,Artisan FreshFarm Condensed Milk,Condensed Milk,FreshFarm,Pet Food,Pet Food,USA
4388530172889,Organic HomeMade Evaporated Milk 250g,Evaporated Milk,HomeMade,Frozen Foods,Frozen Foods,Brazil
4598889731795,Natural DailyBasics Spring Rolls,Spring Rolls,DailyBasics,Soup Mix,Soup Mix,China
5308700609685,Traditional LocalBest Cereal,Cereal,LocalBest,Chips,Chips,Germany
4541782949340,Homestyle OrganicPlus Margarine,Margarine,OrganicPlus,Pickles,Pickles,Italy
3952264816633,Artisan KitchenPride Whole Beans,Whole Beans,KitchenPride,Salt,Salt,Vietnam
1349962528348,Traditional DailyBasics Instant Coffee 1kg,Instant Coffee,DailyBasics,Health Supplements,Health Supplements,Brazil
5523355185524,Traditional HealthyLife Frozen Pizza,Frozen Pizza,HealthyLife,Vinegar,Vinegar,Spain
9459393464917,Fresh HomeMade Cashews 500g,Cashews,HomeMade,Rice,Rice,Mexico
1223356254725,Farm Fresh GoldenHarvest Peas,Peas,GoldenHarvest,Sugar,Sugar,Italy
7757586201742,Artisan CountryStyle Popcorn,Popcorn,CountryStyle,Dairy,Dairy,USA
3858582522242,Natural KitchenPride Sunflower Oil 750ml,Sunflower Oil,KitchenPride,Cleaning Supplies,Cleaning Supplies,Indonesia
7479767721818,Royal SimpleJoy Butter 500g,Butter,SimpleJoy,Coffee,Coffee,France
7360043949419,Golden FreshFarm Black Beans,Black Beans,FreshFarm,Rice,Rice,China
9012714333284,Golden QuickMeal Jam,Jam,QuickMeal,Spices,Spices,India
7993857518824,Royal DailyBasics Pancake Mix,Pancake Mix,DailyBasics,Sauces,Sauces,Italy
5447124550392,Royal FamilyFarm Crackers 1L,Crackers,FamilyFarm,Nuts,Nuts,Indonesia
2920232089832,Golden GoldenHarvest Cake Mix 1kg,Cake Mix,GoldenHarvest,Juice,Juice,Indonesia
1112992430610,Premium OrganicPlus Parmesan,Parmesan,OrganicPlus,Canned Goods,Canned Goods,Vietnam
8351679700947,Farm Fresh HealthyLife Herbal Tea 250g,Herbal Tea,HealthyLife,Oils,Oils,Thailand
4483795428874,Artisan FamilyFarm Oats 2L,Oats,FamilyFarm,Juice,Juice,Brazil
2035950152733,Royal SunValley Oats,Oats,SunValley,Sugar,Sugar,France
2922532251052,Golden DailyBasics Vinegar,Vinegar,DailyBasics,Vinegar,Vinegar,USA
2130765083469,Classic CountryStyle Flour,Flour,CountryStyle,Pet Food,Pet Food,Japan
2772792992893,Organic QuickMeal Butter 100g,Butter,QuickMeal,Dairy,Dairy,USA
1127954748892,Traditional FamilyFarm Syrup 1kg,Syrup,FamilyFarm,Pet Food,Pet Food,France
6930305779224,Pure MorningFresh Instant Coffee,Instant Coffee,MorningFresh,Honey,Honey,Thailand
5216871249352,Classic SimpleJoy Oat Milk,Oat Milk,SimpleJoy,Bakery,Bakery,Thailand
6810545623224,Fresh NutriWell Milk 1L,Milk,NutriWell,Pasta,Pasta,India
3162953730131,Farm Fresh TastyBites Chocolate Bar,Chocolate Bar,TastyBites,Baby Food,Baby Food,Spain
1052346781960,Golden MorningFresh Parmesan,Parmesan,MorningFresh,Pickles,Pickles,Turkey
5107897015410,Pure SimpleJoy Chicken Nuggets 200g,Chicken Nuggets,SimpleJoy,Jam,Jam,Italy
6168498611956,Pure HomeMade Cornflakes Pack of 12,Cornflakes,HomeMade,Cleaning Supplies,Cleaning Supplies,India
9757987476890,Fresh VillageMade Crackers 2L,Crackers,VillageMade,Spices,Spices,France
3035621444768,Artisan VillageMade Almond Milk,Almond Milk,VillageMade,Juice,Juice,Brazil
2855809978597,Traditional FreshFarm Kidney Beans,Kidney Beans,FreshFarm,Dried Fruits,Dried Fruits,Italy
5933913727162,Natural QuickMeal Corn,Corn,QuickMeal,Cereals,Cereals,Japan
9657474732581,Fresh MorningFresh Cream Cheese Pack of 12,Cream Cheese,MorningFresh,Canned Goods,Canned Goods,Japan
7632903648542,Royal SimpleJoy Coconut Oil,Coconut Oil,SimpleJoy,Salt,Salt,Vietnam
4930897381388,Homestyle HealthyLife Chips,Chips,HealthyLife,Frozen Foods,Frozen Foods,Thailand
4311150107019,Royal CountryStyle Chips,Chips,CountryStyle,Dried Fruits,Dried Fruits,Italy
6467500576880,Organic VillageMade Pancake Mix,Pancake Mix,VillageMade,Vinegar,Vinegar,Italy
3223919313983,Farm Fresh LocalBest Almond Milk,Almond Milk,LocalBest,Condiments,Condiments,Italy
9103969187289,Classic HealthyLife Jam 2L,Jam,HealthyLife,Soup Mix,Soup Mix,Brazil
5984745337656,Premium NatureBite Coconut Oil,Coconut Oil,NatureBite,Nuts,Nuts,Spain
5810893645410,Royal OrganicPlus Cake Mix,Cake Mix,OrganicPlus,Juice,Juice,France
7626990637870,Organic MorningFresh Cheddar,Cheddar,MorningFresh,Juice,Juice,Turkey
4959145601228,Royal NatureBite Tomato Paste 250g,Tomato Paste,NatureBite,Pet Food,Pet Food,Indonesia
6263017739564,Golden FreshFarm Pickle,Pickle,FreshFarm,Honey,Honey,Italy
9330853139644,Classic SimpleJoy Olive Oil,Olive Oil,SimpleJoy,Personal Care,Personal Care,Indonesia
5966197841174,Royal VillageMade Cornflakes,Cornflakes,VillageMade,Pasta,Pasta,Thailand
1952645529425,Royal NutriWell Crackers,Crackers,NutriWell,Pasta,Pasta,France
9489844483112,Homestyle SunValley Jam,Jam,SunValley,Sauces,Sauces,Indonesia
1161710835857,Classic CountryStyle Corn,Corn,CountryStyle,Rice,Rice,Italy
3962847369523,Organic GoldenHarvest Coffee 250g,Coffee,GoldenHarvest,Bakery,Bakery,USA
6955616821059,Pure HomeMade Ground Coffee,Ground Coffee,HomeMade,Flour,Flour,Mexico
3087500103953,Natural OrganicPlus Iced Tea,Iced Tea,OrganicPlus,Oils,Oils,Japan
7604565344604,Royal DailyBasics Cream Cheese 1L,Cream Cheese,DailyBasics,Biscuits,Biscuits,Japan
8832530833819,Classic PureChoice Bread,Bread,PureChoice,Cereals,Cereals,France
9967498631973,Natural CountryStyle Rice,Rice,CountryStyle,Baby Food,Baby Food,China
4185117162300,Traditional KitchenPride Fish Fillet,Fish Fillet,KitchenPride,Pasta,Pasta,USA
2118088344783,Royal VillageMade Cream Cheese,Cream Cheese,VillageMade,Snacks,Snacks,Italy
2123084827499,Farm Fresh CountryStyle Swiss Cheese,Swiss Cheese,CountryStyle,Cereals,Cereals,Vietnam
4649661293982,Golden GreenLeaf Noodles 250g,Noodles,GreenLeaf,Beverages,Beverages,Spain
3161718441306,Organic CountryStyle Pasta,Pasta,CountryStyle,Spices,Spices,USA
5516426530925,Organic PureChoice Juice,Juice,PureChoice,Pickles,Pickles,Spain
8439620386815,Golden TastyBites Milk,Milk,TastyBites,Personal Care,Personal Care,Vietnam
8827724365642,Premium OrganicPlus Cake Mix,Cake Mix,OrganicPlus,Personal Care,Personal Care,Thailand
4691569876110,Royal NatureBite Coffee,Coffee,NatureBite,Sauces,Sauces,Brazil
4787442296987,Premium VillageMade Syrup,Syrup,VillageMade,Jam,Jam,China
8424376300373,Fresh QuickMeal Bagel,Bagel,QuickMeal,Spices,Spices,Italy
2466542644030,Homestyle KitchenPride Tofu 250g,Tofu,KitchenPride,Health Supplements,Health Supplements,Mexico
5740495742225,Golden SunValley Chickpeas Pack of 12,Chickpeas,SunValley,Cleaning Supplies,Cleaning Supplies,Germany
8383753341460,Premium KitchenPride Peanuts,Peanuts,KitchenPride,Coffee,Coffee,USA
3191593500002,Farm Fresh VillageMade Chips,Chips,VillageMade,Honey,Honey,Japan
7382703542945,Classic QuickMeal Ghee,Ghee,QuickMeal,Tea,Tea,China
2722324248413,Traditional SimpleJoy Mayonnaise 200g,Mayonnaise,SimpleJoy,Oils,Oils,Spain
2681435108639,Farm Fresh CountryStyle Dates Pack of 6,Dates,CountryStyle,Biscuits,Biscuits,Germany
4002388140641,Classic SimpleJoy Olive Oil,Olive Oil,SimpleJoy,Health Supplements,Health Supplements,Spain
8086050204225,Artisan HomeMade Pancake Mix,Pancake Mix,HomeMade,Cleaning Supplies,Cleaning Supplies,Indonesia
3508803648838,Traditional QuickMeal Muffin,Muffin,QuickMeal,Pickles,Pickles,Indonesia
5384206099939,Golden KitchenPride Syrup 250g,Syrup,KitchenPride,Noodles,Noodles,Thailand
9245471638846,Farm Fresh QuickMeal Candy Pack of 6,Candy,QuickMeal,Tea,Tea,China
8152433353995,Classic DailyBasics Tea,Tea,DailyBasics,Coffee,Coffee,USA
2486305265039,Royal VillageMade Candy 100g,Candy,VillageMade,Salt,Salt,Japan
3399730501962,Artisan FamilyFarm French Fries,French Fries,FamilyFarm,Health Supplements,Health Supplements,Indonesia
8130181257647,Organic SunValley Peanut Butter 100g,Peanut Butter,SunValley,Salt,Salt,Indonesia
5296449320096,Royal FamilyFarm Almond Milk,Almond Milk,FamilyFarm,Dairy,Dairy,Germany
4959546665146,Premium GoldenHarvest Yogurt Pack of 6,Yogurt,GoldenHarvest,Jam,Jam,India
9716304221890,Traditional GoldenHarvest Vinegar 750ml,Vinegar,GoldenHarvest,Coffee,Coffee,Turkey
6102927375691,Homestyle HealthyLife Fish Fillet,Fish Fillet,HealthyLife,Beverages,Beverages,Indonesia
4824211484806,Homestyle FamilyFarm Coconut Milk 100g,Coconut Milk,FamilyFarm,Soup Mix,Soup Mix,Germany
9589283267865,Organic FreshFarm Coconut Water,Coconut Water,FreshFarm,Honey,Honey,China
2882715633429,Organic GreenLeaf Dates,Dates,GreenLeaf,Beverages,Beverages,USA
9656209389740,Natural FamilyFarm Juice,Juice,FamilyFarm,Rice,Rice,Italy
1122352503575,Premium QuickMeal Sesame Oil,Sesame Oil,QuickMeal,Flour,Flour,Thailand
7409376624713,Traditional VillageMade Oats 200g,Oats,VillageMade,Noodles,Noodles,Japan
8730251178364,Premium GoldenHarvest Sauce 100g,Sauce,GoldenHarvest,Jam,Jam,Turkey
4490559518646,Fresh HealthyLife Cornflakes,Cornflakes,HealthyLife,Flour,Flour,Italy
6827170782560,Organic SunValley Pickle 1kg,Pickle,SunValley,Cereals,Cereals,Italy
6712853828511,Traditional SimpleJoy Spring Rolls,Spring Rolls,SimpleJoy,Condiments,Condiments,Vietnam
3216293972776,Premium FamilyFarm Dates,Dates,FamilyFarm,Coffee,Coffee,India
8556316958052,Pure FreshFarm Tomato Paste,Tomato Paste,FreshFarm,Chips,Chips,China
2453785996283,Traditional LocalBest Cinnamon,Cinnamon,LocalBest,Cleaning Supplies,Cleaning Supplies,Brazil
5944578809387,Fresh TastyBites Cumin,Cumin,TastyBites,Salt,Salt,Mexico
9837885015578,Pure SunValley Oats Pack of 12,Oats,SunValley,Rice,Rice,Mexico
3324094684017,Traditional QuickMeal Sugar 250g,Sugar,QuickMeal,Salt,Salt,India
4511635987972,Fresh SimpleJoy Oil,Oil,SimpleJoy,Nuts,Nuts,Indonesia
4900824278973,Classic OrganicPlus Instant Coffee,Instant Coffee,OrganicPlus,Salt,Salt,Japan
6351751109463,Fresh GoldenHarvest Coriander,Coriander,GoldenHarvest,Jam,Jam,Indonesia
5344007551279,Classic GreenLeaf Oil,Oil,GreenLeaf,Bakery,Bakery,Japan
6659670625951,Natural OrganicPlus Candy,Candy,OrganicPlus,Condiments,Condiments,Italy
5437495098534,Artisan MorningFresh Soda,Soda,MorningFresh,Condiments,Condiments,Japan
3292919720083,Classic GoldenHarvest Soda Pack of 12,Soda,GoldenHarvest,Personal Care,Personal Care,Germany
5189189090310,Golden SunValley Chocolate Bar,Chocolate Bar,SunValley,Frozen Foods,Frozen Foods,USA
1722071423724,Pure SunValley Soy Milk,Soy Milk,SunValley,Noodles,Noodles,USA
6301462378828,Royal SunValley Frozen Veggies,Frozen Veggies,SunValley,Rice,Rice,India
4372098361392,Traditional QuickMeal Bagel Pack of 6,Bagel,QuickMeal,Jam,Jam,Thailand
3064665193267,Traditional OrganicPlus Cheese,Cheese,OrganicPlus,Cleaning Supplies,Cleaning Supplies,Vietnam
3933556615158,Pure HomeMade Chocolate Bar,Chocolate Bar,HomeMade,Bakery,Bakery,Vietnam
7995705152669,Artisan VillageMade Tempeh 200g,Tempeh,VillageMade,Spices,Spices,France
9962526130767,Traditional SimpleJoy Croissant,Croissant,SimpleJoy,Biscuits,Biscuits,Mexico
1060920101084,Premium SunValley Cake Mix,Cake Mix,SunValley,Beverages,Beverages,Vietnam
9012316447697,Farm Fresh FamilyFarm Black Beans,Black Beans,FamilyFarm,Tea,Tea,China
5723210989099,Farm Fresh GreenLeaf Noodles,Noodles,GreenLeaf,Health Supplements,Health Supplements,Mexico
1688448224783,Golden QuickMeal Jam 1kg,Jam,QuickMeal,Bakery,Bakery,Japan
5380780844200,Natural PureChoice Tortilla,Tortilla,PureChoice,Jam,Jam,Japan
6709596852453,Fresh VillageMade Black Beans,Black Beans,VillageMade,Pasta,Pasta,Italy
6709278102239,Organic FreshFarm Condensed Milk 500g,Condensed Milk,FreshFarm,Biscuits,Biscuits,Brazil
2870815861621,Royal SimpleJoy Coconut Oil 1kg,Coconut Oil,SimpleJoy,Juice,Juice,Turkey
4880254637926,Classic SunValley Coriander,Coriander,SunValley,Flour,Flour,Brazil
5077839759451,Royal KitchenPride Corn,Corn,KitchenPride,Baby Food,Baby Food,USA
4193290837979,Artisan GreenLeaf Oats,Oats,GreenLeaf,Pet Food,Pet Food,Indonesia
1370578558289,Homestyle GreenLeaf Pickle Pack of 12,Pickle,GreenLeaf,Sauces,Sauces,USA
2267631776168,Traditional NutriWell Cinnamon 1L,Cinnamon,NutriWell,Condiments,Condiments,Indonesia
3416034117014,Royal FreshFarm Olive Oil,Olive Oil,FreshFarm,Vinegar,Vinegar,Italy
2932824257376,Organic NatureBite Sunflower Oil,Sunflower Oil,NatureBite,Frozen Foods,Frozen Foods,China
1167359245133,Fresh MorningFresh Pita Bread 200g,Pita Bread,MorningFresh,Sauces,Sauces,Brazil
6408064525720,Classic HomeMade Fish Fillet,Fish Fillet,HomeMade,Health Supplements,Health Supplements,Indonesia
3166998316848,Organic NatureBite Feta,Feta,NatureBite,Chips,Chips,USA
8309332039281,Premium TastyBites Milk,Milk,TastyBites,Salt,Salt,Italy
7215450654613,Golden TastyBites Candy 1L,Candy,TastyBites,Cereals,Cereals,France
4947547974073,Fresh GoldenHarvest Candy,Candy,GoldenHarvest,Honey,Honey,USA
4131680141097,Traditional MorningFresh Chapati,Chapati,MorningFresh,Salt,Salt,Brazil
6307235943388,Pure HealthyLife Parmesan,Parmesan,HealthyLife,Condiments,Condiments,China
9782848349605,Golden QuickMeal Energy Drink 200g,Energy Drink,QuickMeal,Beverages,Beverages,Turkey
3579797249614,Classic SimpleJoy Jam,Jam,SimpleJoy,Baby Food,Baby Food,Turkey
2988858967918,Pure QuickMeal Instant Coffee,Instant Coffee,QuickMeal,Dried Fruits,Dried Fruits,Brazil
7203586412567,Classic KitchenPride French Fries,French Fries,KitchenPride,Sugar,Sugar,Germany
3432383711430,Golden SimpleJoy Cinnamon,Cinnamon,SimpleJoy,Pet Food,Pet Food,Spain
9665241563503,Farm Fresh TastyBites Tortilla,Tortilla,TastyBites,Sugar,Sugar,Spain
4860094484970,Royal TastyBites Tea,Tea,TastyBites,Juice,Juice,Turkey
7373805145938,Farm Fresh HomeMade Frozen Veggies 100g,Frozen Veggies,HomeMade,Jam,Jam,Thailand
3451648981843,Homestyle HomeMade Ice Cream Pack of 6,Ice Cream,HomeMade,Sugar,Sugar,Mexico
1980217138171,Royal PureChoice Sauce 250g,Sauce,PureChoice,Vinegar,Vinegar,Indonesia
8473092398356,Classic PureChoice Oil,Oil,PureChoice,Canned Goods,Canned Goods,France
3782582510686,Organic GoldenHarvest Jam,Jam,GoldenHarvest,Coffee,Coffee,USA
3634603784314,Premium HomeMade Frozen Veggies 1kg,Frozen Veggies,HomeMade,Baby Food,Baby Food,Italy
6934453196284,Artisan FreshFarm Margarine,Margarine,FreshFarm,Rice,Rice,India
4052652871528,Farm Fresh FreshFarm Pickle,Pickle,FreshFarm,Salt,Salt,Japan
9828614794312,Homestyle TastyBites Black Beans,Black Beans,TastyBites,Spices,Spices,China
2619087231899,Farm Fresh HomeMade Mineral Water 1L,Mineral Water,HomeMade,Bakery,Bakery,Mexico
4231500283443,Royal LocalBest Croissant 2L,Croissant,LocalBest,Baby Food,Baby Food,Thailand
3900737031292,Organic GoldenHarvest Mozzarella,Mozzarella,GoldenHarvest,Sauces,Sauces,China
2834416613650,Fresh LocalBest Soda 750ml,Soda,LocalBest,Snacks,Snacks,Mexico
3861660288673,Farm Fresh DailyBasics Biscuits,Biscuits,DailyBasics,Beverages,Beverages,Vietnam
6441335672728,Natural SunValley Bagel,Bagel,SunValley,Dairy,Dairy,Mexico
2495804686817,Pure NatureBite Muffin,Muffin,NatureBite,Baby Food,Baby Food,India
6532124245727,Fresh FreshFarm Popcorn 1kg,Popcorn,FreshFarm,Flour,Flour,Spain
6532754896392,Traditional GoldenHarvest Corn 200g,Corn,GoldenHarvest,Honey,Honey,Italy
2775984346031,Farm Fresh HomeMade Cheddar,Cheddar,HomeMade,Vinegar,Vinegar,France
1660789424818,Homestyle HomeMade Pickle,Pickle,HomeMade,Frozen Foods,Frozen Foods,Japan
5074714770451,Natural HomeMade Cheddar 250g,Cheddar,HomeMade,Cleaning Supplies,Cleaning Supplies,Spain
7007665547224,Artisan HomeMade Margarine,Margarine,HomeMade,Pickles,Pickles,Germany
1701930376867,Royal SimpleJoy Ghee,Ghee,SimpleJoy,Canned Goods,Canned Goods,Brazil
9753119316885,Fresh FreshFarm Cheddar,Cheddar,FreshFarm,Nuts,Nuts,Spain
2537147899554,Artisan NutriWell Coffee,Coffee,NutriWell,Chips,Chips,Brazil
5926620241394,Pure GoldenHarvest Soda,Soda,GoldenHarvest,Oils,Oils,Indonesia
9107918746794,Homestyle QuickMeal Frozen Veggies 2L,Frozen Veggies,QuickMeal,Pasta,Pasta,USA
1697881758384,Classic SimpleJoy Candy,Candy,SimpleJoy,Pasta,Pasta,France
6518827010034,Classic KitchenPride Juice,Juice,KitchenPride,Chocolate,Chocolate,Japan
5306952791548,Royal VillageMade Feta,Feta,VillageMade,Condiments,Condiments,China
3784752949679,Pure DailyBasics Green Tea,Green Tea,DailyBasics,Soup Mix,Soup Mix,Japan
7137909858819,Artisan VillageMade Frozen Pizza 2L,Frozen Pizza,VillageMade,Condiments,Condiments,USA
4510848493013,Traditional DailyBasics Cashews,Cashews,DailyBasics,Pet Food,Pet Food,Mexico
3012090041569,Homestyle NatureBite Ice Cream,Ice Cream,NatureBite,Baby Food,Baby Food,Brazil
4756551125138,Classic NatureBite Muffin 1L,Muffin,NatureBite,Bakery,Bakery,Vietnam
4755834695622,Organic FreshFarm Ketchup 1L,Ketchup,FreshFarm,Biscuits,Biscuits,China
4099401676565,Fresh DailyBasics Jam,Jam,DailyBasics,Frozen Foods,Frozen Foods,China
5565090989345,Premium NatureBite Gouda,Gouda,NatureBite,Salt,Salt,Thailand
3891788187393,Natural KitchenPride Dates,Dates,KitchenPride,Health Supplements,Health Supplements,Indonesia
3829455122632,Royal GoldenHarvest Ground Coffee Pack of 12,Ground Coffee,GoldenHarvest,Vinegar,Vinegar,Turkey
4494373059644,Fresh CountryStyle Corn,Corn,CountryStyle,Dried Fruits,Dried Fruits,Japan
1250467525998,Premium HomeMade Ice Cream,Ice Cream,HomeMade,Dried Fruits,Dried Fruits,USA
8149720153620,Homestyle FreshFarm Paratha 250g,Paratha,FreshFarm,Noodles,Noodles,Japan
1640368654745,Natural SunValley Coconut Oil,Coconut Oil,SunValley,Health Supplements,Health Supplements,Vietnam
4802667650080,Classic SunValley Soup Pack of 12,Soup,SunValley,Beverages,Beverages,Thailand
7402996426740,Organic HealthyLife Crackers,Crackers,HealthyLife,Cereals,Cereals,Indonesia
9022994820854,Traditional GoldenHarvest Black Tea,Black Tea,GoldenHarvest,Health Supplements,Health Supplements,Italy
6908866030482,Fresh NutriWell Cereal,Cereal,NutriWell,Oils,Oils,Spain
3863003260003,Farm Fresh SimpleJoy Ground Coffee,Ground Coffee,SimpleJoy,Salt,Salt,Japan
2747437497426,Fresh PureChoice Cheddar,Cheddar,PureChoice,Snacks,Snacks,Germany
8236729969533,Fresh LocalBest French Fries 200g,French Fries,LocalBest,Noodles,Noodles,Spain
4725543284367,Natural NutriWell Ghee,Ghee,NutriWell,Cereals,Cereals,Mexico
9262900073808,Fresh NutriWell Dates,Dates,NutriWell,Flour,Flour,India
7592515455521,Natural HealthyLife Spring Rolls,Spring Rolls,HealthyLife,Chocolate,Chocolate,China
1074051912475,Traditional FreshFarm Sugar,Sugar,FreshFarm,Pickles,Pickles,Turkey
6586034231864,Classic CountryStyle Vinegar 500g,Vinegar,CountryStyle,Flour,Flour,Mexico
3265290745977,Golden GreenLeaf Sparkling Water,Sparkling Water,GreenLeaf,Dried Fruits,Dried Fruits,Spain
8692966937450,Natural HomeMade Coffee,Coffee,HomeMade,Flour,Flour,Turkey
5578077217992,Farm Fresh MorningFresh Pickle,Pickle,MorningFresh,Frozen Foods,Frozen Foods,India
1203742171990,Golden CountryStyle Sesame Oil,Sesame Oil,CountryStyle,Health Supplements,Health Supplements,USA
7728374621367,Organic HomeMade Coconut Oil 750ml,Coconut Oil,HomeMade,Oils,Oils,Mexico
6223632663366,Natural TastyBites Tortilla 1L,Tortilla,TastyBites,Chocolate,Chocolate,Japan
5836355434989,Fresh FreshFarm Jam,Jam,FreshFarm,Condiments,Condiments,USA
3158632929755,Fresh HealthyLife Jam,Jam,HealthyLife,Oils,Oils,USA
9693346157822,Classic SunValley Swiss Cheese,Swiss Cheese,SunValley,Pet Food,Pet Food,Vietnam
8275768903896,Fresh DailyBasics Chicken Nuggets,Chicken Nuggets,DailyBasics,Sugar,Sugar,Italy
6518559298545,Golden GreenLeaf Cream,Cream,GreenLeaf,Beverages,Beverages,Brazil
1553427190287,Fresh GoldenHarvest Raisins,Raisins,GoldenHarvest,Health Supplements,Health Supplements,India
5478541486059,Fresh LocalBest Cornflakes,Cornflakes,LocalBest,Snacks,Snacks,Spain
4801700378123,Classic SunValley Chips,Chips,SunValley,Pasta,Pasta,Mexico
5707827814443,Homestyle SunValley Fish Fillet 750ml,Fish Fillet,SunValley,Chips,Chips,France
8672941042771,Farm Fresh SunValley Green Tea,Green Tea,SunValley,Sauces,Sauces,Japan
5946588550626,Traditional CountryStyle Biscuits Pack of 12,Biscuits,CountryStyle,Nuts,Nuts,Brazil
4624068062027,Royal KitchenPride Chicken Nuggets 1L,Chicken Nuggets,KitchenPride,Biscuits,Biscuits,Turkey
8552197675764,Natural GoldenHarvest Muffin,Muffin,GoldenHarvest,Canned Goods,Canned Goods,France
5451782379438,Pure HealthyLife Black Tea,Black Tea,HealthyLife,Personal Care,Personal Care,Thailand
1525696724230,Fresh MorningFresh Oats,Oats,MorningFresh,Oils,Oils,Thailand
2276658920332,Natural GoldenHarvest Almond Milk,Almond Milk,GoldenHarvest,Dried Fruits,Dried Fruits,USA
6600678727411,Royal MorningFresh Bread,Bread,MorningFresh,Dried Fruits,Dried Fruits,Mexico
2166348365177,Traditional LocalBest Candy,Candy,LocalBest,Juice,Juice,USA
5890082082129,Royal DailyBasics Syrup,Syrup,DailyBasics,Sugar,Sugar,Japan
8656879580905,Classic MorningFresh Parmesan,Parmesan,MorningFresh,Bakery,Bakery,Vietnam
9772444649934,Organic KitchenPride Chocolate Bar,Chocolate Bar,KitchenPride,Noodles,Noodles,Brazil
6749249367158,Pure TastyBites Sparkling Water,Sparkling Water,TastyBites,Chips,Chips,India
1085847612054,Artisan HomeMade Candy 1L,Candy,HomeMade,Dairy,Dairy,Spain
6931517855949,Golden DailyBasics Rice,Rice,DailyBasics,Sugar,Sugar,Indonesia
5833130985757,Classic GoldenHarvest Olive Oil,Olive Oil,GoldenHarvest,Dried Fruits,Dried Fruits,France
1827263618008,Traditional NutriWell Crackers,Crackers,NutriWell,Cereals,Cereals,Turkey
2806540455356,Organic NatureBite Mayonnaise 250g,Mayonnaise,NatureBite,Condiments,Condiments,Thailand
8665332300550,Natural DailyBasics Vinegar,Vinegar,DailyBasics,Pickles,Pickles,Turkey
1090149495387,Royal QuickMeal Oil 100g,Oil,QuickMeal,Cereals,Cereals,India
6355597207030,Fresh MorningFresh Cumin,Cumin,MorningFresh,Vinegar,Vinegar,China
3996592947909,Premium NutriWell Brownie Mix,Brownie Mix,NutriWell,Dried Fruits,Dried Fruits,Turkey
8270930709577,Golden PureChoice Cream,Cream,PureChoice,Coffee,Coffee,Germany
6661971813148,Royal TastyBites Fish Fillet,Fish Fillet,TastyBites,Chips,Chips,Indonesia
7206583341431,Farm Fresh TastyBites Gouda,Gouda,TastyBites,Juice,Juice,Indonesia
2318890039177,Artisan SunValley Butter,Butter,SunValley,Juice,Juice,France
7776678905680,Natural PureChoice Chicken Nuggets,Chicken Nuggets,PureChoice,Personal Care,Personal Care,Spain
6514130093401,Homestyle NutriWell Black Beans,Black Beans,NutriWell,Cleaning Supplies,Cleaning Supplies,USA
3288848739595,Natural SimpleJoy Soda Pack of 12,Soda,SimpleJoy,Cleaning Supplies,Cleaning Supplies,Mexico
8042801563102,Natural QuickMeal Cheese,Cheese,QuickMeal,Nuts,Nuts,Turkey
3590303642554,Artisan PureChoice Biscuits,Biscuits,PureChoice,Soup Mix,Soup Mix,Brazil
1503656884808,Artisan FamilyFarm Almond Milk,Almond Milk,FamilyFarm,Chocolate,Chocolate,USA
7232358610525,Traditional HomeMade Ketchup,Ketchup,HomeMade,Salt,Salt,Spain
1933441303489,Artisan GoldenHarvest Coriander,Coriander,GoldenHarvest,Vinegar,Vinegar,Indonesia
8434279237459,Natural SunValley Gum,Gum,SunValley,Biscuits,Biscuits,Spain
9682737875096,Farm Fresh PureChoice Ground Coffee,Ground Coffee,PureChoice,Coffee,Coffee,USA
3023872684348,Organic CountryStyle Sugar,Sugar,CountryStyle,Canned Goods,Canned Goods,Spain
5845157038992,Natural SimpleJoy Nutella,Nutella,SimpleJoy,Condiments,Condiments,Mexico
9711345874052,Natural SunValley Vinegar,Vinegar,SunValley,Chips,Chips,Indonesia
6066327588514,Royal PureChoice Milk,Milk,PureChoice,Baby Food,Baby Food,Indonesia
3994617068217,Classic DailyBasics Tempeh,Tempeh,DailyBasics,Honey,Honey,France
8526821097037,Classic GreenLeaf Rice 200g,Rice,GreenLeaf,Spices,Spices,Japan
9589938914772,Natural PureChoice Frozen Veggies,Frozen Veggies,PureChoice,Snacks,Snacks,Germany
3944213595397,Premium PureChoice Ghee,Ghee,PureChoice,Honey,Honey,France
5529239358386,Golden QuickMeal Chicken Nuggets,Chicken Nuggets,QuickMeal,Beverages,Beverages,Turkey
6297209194730,Royal FamilyFarm Cashews Pack of 12,Cashews,FamilyFarm,Baby Food,Baby Food,USA
1363525174272,Premium TastyBites Black Tea,Black Tea,TastyBites,Rice,Rice,Thailand
1543304052470,Natural KitchenPride Cake Mix,Cake Mix,KitchenPride,Frozen Foods,Frozen Foods,Mexico
8906658511789,Farm Fresh QuickMeal Cereal 750ml,Cereal,QuickMeal,Honey,Honey,Italy
8342629479559,Homestyle SunValley Popcorn,Popcorn,SunValley,Personal Care,Personal Care,Indonesia
3162998647971,Traditional NutriWell Cream Cheese,Cream Cheese,NutriWell,Jam,Jam,China
9774653983760,Golden NutriWell Jam,Jam,NutriWell,Personal Care,Personal Care,China
3863301453205,Homestyle HealthyLife Chicken Nuggets,Chicken Nuggets,HealthyLife,Chips,Chips,India
1719208844492,Natural CountryStyle Candy,Candy,CountryStyle,Pet Food,Pet Food,China
8567754237993,Classic FreshFarm Almond Milk,Almond Milk,FreshFarm,Pasta,Pasta,Thailand
5985936146022,Farm Fresh VillageMade Oat Milk,Oat Milk,VillageMade,Frozen Foods,Frozen Foods,Indonesia
3509423414914,Royal KitchenPride Muesli,Muesli,KitchenPride,Frozen Foods,Frozen Foods,China
1563580702745,Artisan TastyBites Coconut Water 1L,Coconut Water,TastyBites,Salt,Salt,Italy
4046466412985,Pure MorningFresh Ground Coffee 250g,Ground Coffee,MorningFresh,Sauces,Sauces,China
8323502027012,Farm Fresh HealthyLife Muesli,Muesli,HealthyLife,Nuts,Nuts,Germany
7610742246032,Traditional HomeMade Coffee,Coffee,HomeMade,Dried Fruits,Dried Fruits,Spain
7290892708610,Artisan KitchenPride Coconut Water,Coconut Water,KitchenPride,Sugar,Sugar,France
1466256964295,Traditional HomeMade Tea,Tea,HomeMade,Nuts,Nuts,Vietnam
7564909939712,Premium VillageMade Nutella 1kg,Nutella,VillageMade,Bakery,Bakery,Vietnam
7909937120356,Premium FreshFarm Green Tea,Green Tea,FreshFarm,Personal Care,Personal Care,France
1957087067858,Fresh QuickMeal Butter 200g,Butter,QuickMeal,Honey,Honey,Germany
3134860158306,Royal FamilyFarm Brownie Mix 100g,Brownie Mix,FamilyFarm,Juice,Juice,Spain
3398719068461,Natural HomeMade Tofu,Tofu,HomeMade,Nuts,Nuts,Indonesia
4533417087147,Fresh FreshFarm Cheese,Cheese,FreshFarm,Cereals,Cereals,Spain
5346922929705,Natural OrganicPlus Biscuits,Biscuits,OrganicPlus,Cleaning Supplies,Cleaning Supplies,France
1976635679586,Fresh SimpleJoy Crackers,Crackers,SimpleJoy,Oils,Oils,Turkey
8602621238978,Premium FreshFarm Evaporated Milk,Evaporated Milk,FreshFarm,Coffee,Coffee,Brazil
9376046728360,Artisan HealthyLife Gum,Gum,HealthyLife,Pet Food,Pet Food,Thailand
5843295890792,Traditional PureChoice Sparkling Water,Sparkling Water,PureChoice,Salt,Salt,Brazil
5982282196423,Artisan CountryStyle Noodles,Noodles,CountryStyle,Nuts,Nuts,India
8819502827860,Organic HomeMade Coconut Water,Coconut Water,HomeMade,Soup Mix,Soup Mix,China
7292807044354,Farm Fresh SunValley Spring Rolls,Spring Rolls,SunValley,Personal Care,Personal Care,Italy
2106010107233,Premium HomeMade Soy Milk,Soy Milk,HomeMade,Honey,Honey,France
3464395097926,Homestyle HealthyLife Margarine 200g,Margarine,HealthyLife,Baby Food,Baby Food,Italy
9302010958171,Pure GreenLeaf Almond Milk,Almond Milk,GreenLeaf,Cleaning Supplies,Cleaning Supplies,Vietnam
3277446034147,Royal CountryStyle Almonds 750ml,Almonds,CountryStyle,Flour,Flour,USA
1515589044695,Royal TastyBites Pickle,Pickle,TastyBites,Condiments,Condiments,France
6692877845480,Natural TastyBites Sesame Oil,Sesame Oil,TastyBites,Oils,Oils,Indonesia
7759816698333,Traditional NatureBite Cheese,Cheese,NatureBite,Cereals,Cereals,India
8765613895671,Classic FreshFarm Syrup 750ml,Syrup,FreshFarm,Condiments,Condiments,Indonesia
7641950068792,Premium CountryStyle Evaporated Milk,Evaporated Milk,CountryStyle,Sauces,Sauces,China
8698690665841,Golden TastyBites Candy,Candy,TastyBites,Spices,Spices,Italy
2512654392436,Pure PureChoice Flour,Flour,PureChoice,Pasta,Pasta,India
6991788465744,Premium FamilyFarm Tempeh,Tempeh,FamilyFarm,Juice,Juice,Germany
9335790964974,Farm Fresh GoldenHarvest Coconut Water,Coconut Water,GoldenHarvest,Pasta,Pasta,Vietnam
8718344658059,Traditional SimpleJoy Condensed Milk Pack of 12,Condensed Milk,SimpleJoy,Frozen Foods,Frozen Foods,Brazil
2775102368398,Fresh TastyBites French Fries,French Fries,TastyBites,Health Supplements,Health Supplements,Thailand
4938581829648,Homestyle QuickMeal Gouda,Gouda,QuickMeal,Jam,Jam,USA
2315497239517,Farm Fresh TastyBites Cake Mix Pack of 12,Cake Mix,TastyBites,Cleaning Supplies,Cleaning Supplies,China
1567064437758,Classic QuickMeal Herbal Tea,Herbal Tea,QuickMeal,Bakery,Bakery,Brazil
5144911139542,Artisan CountryStyle Yogurt 100g,Yogurt,CountryStyle,Jam,Jam,USA
8322704095250,Pure LocalBest Tomato Paste Pack of 6,Tomato Paste,LocalBest,Baby Food,Baby Food,Brazil
2829835344226,Organic FamilyFarm French Fries,French Fries,FamilyFarm,Jam,Jam,Italy
6336400626199,Natural NatureBite Rice,Rice,NatureBite,Sauces,Sauces,Spain
1916898952795,Traditional SimpleJoy Sesame Oil,Sesame Oil,SimpleJoy,Salt,Salt,Indonesia
3032111250516,Artisan LocalBest Noodles 750ml,Noodles,LocalBest,Jam,Jam,Mexico
8680875238641,Organic TastyBites Pepper,Pepper,TastyBites,Beverages,Beverages,Mexico
1265436568521,Royal NatureBite Cinnamon,Cinnamon,NatureBite,Pasta,Pasta,France
5970052804566,Organic GoldenHarvest Peanuts,Peanuts,GoldenHarvest,Coffee,Coffee,China
9419844518243,Golden DailyBasics Noodles,Noodles,DailyBasics,Health Supplements,Health Supplements,Mexico
8800606736245,Royal GoldenHarvest Crackers 1kg,Crackers,GoldenHarvest,Coffee,Coffee,Spain
5706824502489,Classic VillageMade Chickpeas,Chickpeas,VillageMade,Bakery,Bakery,Thailand
8228002289424,Royal OrganicPlus Nutella,Nutella,OrganicPlus,Juice,Juice,Brazil
5056686783686,Homestyle VillageMade Tomato Paste,Tomato Paste,VillageMade,Pickles,Pickles,Indonesia
1627674944081,Natural NutriWell Chickpeas,Chickpeas,NutriWell,Soup Mix,Soup Mix,USA
9774709624080,Organic QuickMeal Coriander,Coriander,QuickMeal,Nuts,Nuts,Turkey
2490203742219,Organic LocalBest Chocolate Bar,Chocolate Bar,LocalBest,Snacks,Snacks,Turkey
7766216694936,Artisan TastyBites Salt,Salt,TastyBites,Oils,Oils,Japan
1551066414909,Farm Fresh GoldenHarvest Sunflower Oil Pack of 12,Sunflower Oil,GoldenHarvest,Honey,Honey,Turkey
5620987309472,Pure FreshFarm Ketchup,Ketchup,FreshFarm,Salt,Salt,Turkey
6058088364338,Farm Fresh KitchenPride Frozen Pizza,Frozen Pizza,KitchenPride,Personal Care,Personal Care,China
9222205037062,Royal HomeMade Pepper 1kg,Pepper,HomeMade,Biscuits,Biscuits,USA
5398041383314,Farm Fresh MorningFresh Gum,Gum,MorningFresh,Dairy,Dairy,Germany
7362024545554,Homestyle QuickMeal Almond Milk Pack of 12,Almond Milk,QuickMeal,Beverages,Beverages,USA
6646425040306,Homestyle NutriWell Cereal,Cereal,NutriWell,Noodles,Noodles,India
1650543404097,Classic VillageMade Fish Fillet,Fish Fillet,VillageMade,Bakery,Bakery,Germany
2399896633643,Homestyle VillageMade Peanut Butter,Peanut Butter,VillageMade,Canned Goods,Canned Goods,France
5536257716511,Homestyle OrganicPlus Cumin,Cumin,OrganicPlus,Oils,Oils,Brazil
1874695765795,Natural NatureBite Chips,Chips,NatureBite,Cleaning Supplies,Cleaning Supplies,Turkey
1735802348644,Farm Fresh TastyBites Kidney Beans,Kidney Beans,TastyBites,Chocolate,Chocolate,China
7218465854006,Farm Fresh NatureBite Kidney Beans,Kidney Beans,NatureBite,Jam,Jam,USA
9916684876879,Artisan FamilyFarm Chips,Chips,FamilyFarm,Juice,Juice,Thailand
7535094960066,Golden DailyBasics Herbal Tea,Herbal Tea,DailyBasics,Chips,Chips,Brazil
6742477337250,Pure GoldenHarvest Margarine,Margarine,GoldenHarvest,Sugar,Sugar,Japan
9278011370679,Homestyle FreshFarm Nutella,Nutella,FreshFarm,Dairy,Dairy,China
3641105564404,Pure PureChoice Flour,Flour,PureChoice,Dried Fruits,Dried Fruits,Spain
9941013995184,Pure GoldenHarvest Kidney Beans 1L,Kidney Beans,GoldenHarvest,Dairy,Dairy,Japan
3640229181695,Traditional DailyBasics Sunflower Oil 500g,Sunflower Oil,DailyBasics,Cleaning Supplies,Cleaning Supplies,Germany
8356136307367,Farm Fresh PureChoice Peas Pack of 6,Peas,PureChoice,Bakery,Bakery,Germany
6576761705588,Homestyle CountryStyle Cornflakes,Cornflakes,CountryStyle,Coffee,Coffee,Thailand
5060298722387,Artisan PureChoice Peanuts,Peanuts,PureChoice,Noodles,Noodles,Indonesia
7366902150642,Fresh VillageMade Coconut Water,Coconut Water,VillageMade,Pickles,Pickles,Japan
8895139235058,Traditional CountryStyle Mustard 250g,Mustard,CountryStyle,Health Supplements,Health Supplements,Mexico
7009891409603,Classic DailyBasics Noodles,Noodles,DailyBasics,Cleaning Supplies,Cleaning Supplies,Brazil
9695487758741,Golden SunValley Sesame Oil 2L,Sesame Oil,SunValley,Beverages,Beverages,Brazil
8362092729472,Homestyle VillageMade Sunflower Oil 2L,Sunflower Oil,VillageMade,Condiments,Condiments,Brazil
1600734751248,Traditional GreenLeaf Flour 250g,Flour,GreenLeaf,Cleaning Supplies,Cleaning Supplies,Turkey
7233811563260,Premium VillageMade Green Tea,Green Tea,VillageMade,Chips,Chips,USA
1797670687457,Fresh GoldenHarvest Tomato Paste 1L,Tomato Paste,GoldenHarvest,Noodles,Noodles,Indonesia
8665807114828,Homestyle OrganicPlus Olive Oil 250g,Olive Oil,OrganicPlus,Cleaning Supplies,Cleaning Supplies,USA
7509422576384,Golden NutriWell Soy Milk,Soy Milk,NutriWell,Noodles,Noodles,Brazil
5915968374769,Fresh HealthyLife Mustard,Mustard,HealthyLife,Bakery,Bakery,Germany
8507293782904,Homestyle SimpleJoy Almonds,Almonds,SimpleJoy,Oils,Oils,Brazil
4705401365319,Traditional QuickMeal Paratha,Paratha,QuickMeal,Dried Fruits,Dried Fruits,USA
6009423705186,Premium HealthyLife Noodles,Noodles,HealthyLife,Noodles,Noodles,Mexico
3980214881852,Homestyle LocalBest Cumin 500g,Cumin,LocalBest,Biscuits,Biscuits,Brazil
4638249513564,Farm Fresh FamilyFarm Swiss Cheese 100g,Swiss Cheese,FamilyFarm,Dairy,Dairy,Spain
1116802205418,Artisan FreshFarm Gouda,Gouda,FreshFarm,Chips,Chips,Germany
6190269761806,Fresh PureChoice Kidney Beans,Kidney Beans,PureChoice,Salt,Salt,France
2525843209297,Premium PureChoice Chocolate Bar 200g,Chocolate Bar,PureChoice,Tea,Tea,Indonesia
6751280541579,Premium MorningFresh Spring Rolls,Spring Rolls,MorningFresh,Cleaning Supplies,Cleaning Supplies,Japan
2304712476031,Royal MorningFresh Lentils 100g,Lentils,MorningFresh,Salt,Salt,USA
4347143292533,Farm Fresh NatureBite Almond Milk 100g,Almond Milk,NatureBite,Coffee,Coffee,Brazil
7616767961448,Natural SunValley Tofu,Tofu,SunValley,Rice,Rice,France
4293440488852,Royal HealthyLife French Fries,French Fries,HealthyLife,Frozen Foods,Frozen Foods,Spain
4769905164555,Organic DailyBasics Ground Coffee,Ground Coffee,DailyBasics,Juice,Juice,Indonesia
1679369830993,Traditional QuickMeal Lentils,Lentils,QuickMeal,Coffee,Coffee,Japan
9518417819292,Farm Fresh GreenLeaf Almond Milk 500g,Almond Milk,GreenLeaf,Chips,Chips,Japan
9622082679685,Golden LocalBest Iced Tea,Iced Tea,LocalBest,Baby Food,Baby Food,China
4848705304312,Fresh HealthyLife Olive Oil,Olive Oil,HealthyLife,Noodles,Noodles,Thailand
3037639280810,Premium MorningFresh Frozen Pizza,Frozen Pizza,MorningFresh,Jam,Jam,Indonesia
9512119110890,Artisan KitchenPride Waffle Mix,Waffle Mix,KitchenPride,Snacks,Snacks,China
9926092765315,Natural KitchenPride Margarine,Margarine,KitchenPride,Dried Fruits,Dried Fruits,China
6586356540679,Traditional NutriWell Iced Tea,Iced Tea,NutriWell,Chocolate,Chocolate,India
9539547398207,Royal MorningFresh Mayonnaise,Mayonnaise,MorningFresh,Dairy,Dairy,China
8208877706166,Natural GreenLeaf Cake Mix,Cake Mix,GreenLeaf,Cereals,Cereals,Germany
6800829006894,Premium VillageMade Syrup,Syrup,VillageMade,Snacks,Snacks,Vietnam
2586471532839,Royal GoldenHarvest Cashews Pack of 6,Cashews,GoldenHarvest,Canned Goods,Canned Goods,Japan
7370340433366,Farm Fresh GreenLeaf Muesli 1L,Muesli,GreenLeaf,Tea,Tea,China
3842414877236,Classic KitchenPride Cashews,Cashews,KitchenPride,Coffee,Coffee,India
9822303149169,Traditional OrganicPlus Cream Cheese,Cream Cheese,OrganicPlus,Chips,Chips,China
5045963321574,Golden TastyBites Sesame Oil,Sesame Oil,TastyBites,Cereals,Cereals,Turkey
7647681891536,Golden HomeMade Green Tea 1kg,Green Tea,HomeMade,Frozen Foods,Frozen Foods,USA
9873719789712,Royal KitchenPride Black Beans,Black Beans,KitchenPride,Health Supplements,Health Supplements,Germany
3671121656519,Fresh CountryStyle Tomato Paste 500g,Tomato Paste,CountryStyle,Nuts,Nuts,Vietnam
8478928458066,Farm Fresh FreshFarm Coconut Oil,Coconut Oil,FreshFarm,Soup Mix,Soup Mix,Mexico
5647582733262,Golden OrganicPlus Cake Mix,Cake Mix,OrganicPlus,Salt,Salt,USA
9500936675845,Homestyle VillageMade Chickpeas,Chickpeas,VillageMade,Vinegar,Vinegar,India
9744524011106,Royal GoldenHarvest Iced Tea 200g,Iced Tea,GoldenHarvest,Noodles,Noodles,Mexico
7988018700358,Natural GoldenHarvest Cream,Cream,GoldenHarvest,Condiments,Condiments,Japan
6846784548880,Premium DailyBasics Cheddar,Cheddar,DailyBasics,Spices,Spices,Mexico
2474247391473,Premium LocalBest Green Tea Pack of 6,Green Tea,LocalBest,Tea,Tea,India
9683424899520,Homestyle HealthyLife Black Tea 250g,Black Tea,HealthyLife,Dairy,Dairy,Thailand
8153692074014,Organic SunValley Coriander 2L,Coriander,SunValley,Health Supplements,Health Supplements,France
5147443796375,Classic OrganicPlus Frozen Pizza,Frozen Pizza,OrganicPlus,Frozen Foods,Frozen Foods,USA
7605992580310,Premium FreshFarm Olive Oil,Olive Oil,FreshFarm,Cereals,Cereals,Brazil
8697429081856,Fresh KitchenPride Sugar,Sugar,KitchenPride,Personal Care,Personal Care,France
8024067458135,Organic PureChoice Gum,Gum,PureChoice,Chips,Chips,Indonesia
5770320030621,Farm Fresh LocalBest Almonds Pack of 12,Almonds,LocalBest,Spices,Spices,Brazil
4597829781916,Pure GoldenHarvest Kidney Beans,Kidney Beans,GoldenHarvest,Chocolate,Chocolate,France
4704249864341,Classic HomeMade Coconut Oil,Coconut Oil,HomeMade,Baby Food,Baby Food,India
8324283699366,Premium OrganicPlus Honey,Honey,OrganicPlus,Beverages,Beverages,China
4301547651000,Natural PureChoice Lentils,Lentils,PureChoice,Honey,Honey,USA
2173198032418,Classic VillageMade Evaporated Milk 750ml,Evaporated Milk,VillageMade,Beverages,Beverages,Mexico
6000521247304,Traditional HealthyLife Brownie Mix,Brownie Mix,HealthyLife,Flour,Flour,China
2362374742172,Pure PureChoice Honey 1kg,Honey,PureChoice,Oils,Oils,China
2802012197281,Premium FamilyFarm Mozzarella,Mozzarella,FamilyFarm,Vinegar,Vinegar,Thailand
5877385370698,Royal OrganicPlus Peanut Butter,Peanut Butter,OrganicPlus,Beverages,Beverages,Vietnam
2607247386282,Pure HomeMade Jam,Jam,HomeMade,Beverages,Beverages,Thailand
1918993474016,Premium NutriWell Samosa,Samosa,NutriWell,Baby Food,Baby Food,Thailand
9801687467593,Fresh VillageMade Pepper,Pepper,VillageMade,Vinegar,Vinegar,Indonesia
7246920315902,Homestyle FamilyFarm Swiss Cheese,Swiss Cheese,FamilyFarm,Frozen Foods,Frozen Foods,Germany
4766008535053,Premium QuickMeal Evaporated Milk 1L,Evaporated Milk,QuickMeal,Noodles,Noodles,France
8661791137724,Golden GreenLeaf Dates,Dates,GreenLeaf,Pickles,Pickles,Turkey
7088846454436,Royal SunValley Instant Coffee,Instant Coffee,SunValley,Sauces,Sauces,Italy
4149818229890,Royal SunValley Bread,Bread,SunValley,Personal Care,Personal Care,Mexico
6778064131025,Fresh QuickMeal Energy Drink,Energy Drink,QuickMeal,Beverages,Beverages,Germany
1589583165153,Golden OrganicPlus Chocolate Bar,Chocolate Bar,OrganicPlus,Chocolate,Chocolate,China
2007707863256,Pure FreshFarm Feta 2L,Feta,FreshFarm,Soup Mix,Soup Mix,France
9328687927558,Royal VillageMade Coconut Milk 100g,Coconut Milk,VillageMade,Pickles,Pickles,India
3696008139665,Royal GreenLeaf Tomato Paste 250g,Tomato Paste,GreenLeaf,Frozen Foods,Frozen Foods,Italy
1984060444846,Artisan NatureBite Evaporated Milk,Evaporated Milk,NatureBite,Health Supplements,Health Supplements,China
6849817073393,Golden GreenLeaf Peanuts Pack of 12,Peanuts,GreenLeaf,Pickles,Pickles,Spain
8093844991434,Traditional NatureBite Swiss Cheese,Swiss Cheese,NatureBite,Cleaning Supplies,Cleaning Supplies,Brazil
5693235134013,Fresh NutriWell Cereal,Cereal,NutriWell,Sauces,Sauces,Indonesia
8200536147308,Premium FreshFarm Evaporated Milk,Evaporated Milk,FreshFarm,Jam,Jam,USA
9200559095343,Pure DailyBasics Swiss Cheese,Swiss Cheese,DailyBasics,Soup Mix,Soup Mix,USA
4208729529755,Royal GreenLeaf Tea,Tea,GreenLeaf,Snacks,Snacks,Vietnam
4822565727329,Golden NutriWell Energy Drink,Energy Drink,NutriWell,Coffee,Coffee,China
6459473524896,Organic HealthyLife Mineral Water,Mineral Water,HealthyLife,Pasta,Pasta,Germany
8281324804913,Natural SunValley Gouda,Gouda,SunValley,Sauces,Sauces,Brazil
6192526461458,Homestyle NutriWell Chickpeas,Chickpeas,NutriWell,Pet Food,Pet Food,Thailand
7397691784848,Classic FamilyFarm Sesame Oil,Sesame Oil,FamilyFarm,Spices,Spices,India
7784266873968,Premium CountryStyle Tortilla,Tortilla,CountryStyle,Salt,Salt,Thailand
4647667144135,Classic FamilyFarm Chickpeas,Chickpeas,FamilyFarm,Biscuits,Biscuits,USA
5540685475915,Natural QuickMeal Frozen Pizza,Frozen Pizza,QuickMeal,Cereals,Cereals,Spain
9358807049483,Premium CountryStyle Frozen Pizza,Frozen Pizza,CountryStyle,Vinegar,Vinegar,Japan
6669502214439,Royal GoldenHarvest Biscuits 100g,Biscuits,GoldenHarvest,Spices,Spices,Italy
6886147434971,Classic PureChoice Coconut Milk,Coconut Milk,PureChoice,Jam,Jam,China
9212676457175,Farm Fresh FreshFarm Oats,Oats,FreshFarm,Soup Mix,Soup Mix,Germany
9329656711177,Natural GoldenHarvest Turmeric,Turmeric,GoldenHarvest,Baby Food,Baby Food,Japan
6280237746265,Organic FamilyFarm Mustard,Mustard,FamilyFarm,Salt,Salt,Vietnam
8050521624780,Pure GreenLeaf Flour,Flour,GreenLeaf,Nuts,Nuts,Germany
3455655497572,Premium MorningFresh Almond Milk 100g,Almond Milk,MorningFresh,Frozen Foods,Frozen Foods,China
9067435080584,Traditional NutriWell Vinegar,Vinegar,NutriWell,Rice,Rice,Mexico
4027449238129,Homestyle DailyBasics Popcorn,Popcorn,DailyBasics,Juice,Juice,Italy
3711175481957,Golden GoldenHarvest Croissant,Croissant,GoldenHarvest,Spices,Spices,Thailand
9281126071806,Farm Fresh SimpleJoy Tempeh,Tempeh,SimpleJoy,Baby Food,Baby Food,Japan
2687565449178,Traditional MorningFresh Pasta 250g,Pasta,MorningFresh,Flour,Flour,Vietnam
8472696276113,Pure VillageMade Iced Tea,Iced Tea,VillageMade,Pet Food,Pet Food,Japan
1474965095763,Natural GreenLeaf Syrup 750ml,Syrup,GreenLeaf,Pickles,Pickles,Thailand
3427644680291,Artisan NatureBite Cornflakes,Cornflakes,NatureBite,Salt,Salt,USA
7757442070179,Golden KitchenPride Oats,Oats,KitchenPride,Nuts,Nuts,Italy
1611949740907,Homestyle GreenLeaf Herbal Tea,Herbal Tea,GreenLeaf,Personal Care,Personal Care,Turkey
9178074847334,Fresh PureChoice Dates,Dates,PureChoice,Flour,Flour,Vietnam
1218214041006,Premium HomeMade Peanuts,Peanuts,HomeMade,Vinegar,Vinegar,Japan
1203816350489,Artisan SimpleJoy Soy Milk,Soy Milk,SimpleJoy,Bakery,Bakery,China
5550195646819,Royal PureChoice Evaporated Milk,Evaporated Milk,PureChoice,Noodles,Noodles,Spain
2964367123733,Premium VillageMade Instant Coffee 200g,Instant Coffee,VillageMade,Rice,Rice,India
5538020152503,Natural LocalBest Samosa 2L,Samosa,LocalBest,Salt,Salt,India
5954093434920,Organic OrganicPlus Noodles,Noodles,OrganicPlus,Bakery,Bakery,Germany
7496938564026,Homestyle MorningFresh Instant Coffee,Instant Coffee,MorningFresh,Snacks,Snacks,Spain
4145063828484,Homestyle KitchenPride Coconut Water,Coconut Water,KitchenPride,Dried Fruits,Dried Fruits,China
1625501782829,Pure GoldenHarvest Chips Pack of 6,Chips,GoldenHarvest,Flour,Flour,Mexico
2478221372608,Farm Fresh HomeMade Coffee 2L,Coffee,HomeMade,Salt,Salt,China
5293323359188,Royal FamilyFarm Feta,Feta,FamilyFarm,Dairy,Dairy,USA
7555522780531,Organic LocalBest Jam 200g,Jam,LocalBest,Vinegar,Vinegar,Spain
6940278062897,Golden HealthyLife Coconut Oil,Coconut Oil,HealthyLife,Snacks,Snacks,Brazil
2395361539477,Traditional SunValley Chips,Chips,SunValley,Nuts,Nuts,Germany
1862424940933,Classic OrganicPlus Cake Mix,Cake Mix,OrganicPlus,Salt,Salt,China
4267517956562,Homestyle NatureBite Spring Rolls,Spring Rolls,NatureBite,Oils,Oils,Japan
5794407192227,Organic SunValley Black Tea,Black Tea,SunValley,Sugar,Sugar,Japan
5832395552795,Homestyle LocalBest Frozen Pizza 750ml,Frozen Pizza,LocalBest,Condiments,Condiments,Mexico
1318793194944,Royal TastyBites Almonds,Almonds,TastyBites,Chips,Chips,Indonesia
9103860150737,Pure LocalBest Herbal Tea,Herbal Tea,LocalBest,Vinegar,Vinegar,France
7030188059403,Classic GoldenHarvest Peanuts 250g,Peanuts,GoldenHarvest,Soup Mix,Soup Mix,Turkey
9777807504554,Natural GreenLeaf Tortilla,Tortilla,GreenLeaf,Chocolate,Chocolate,Italy
2382840843284,Golden VillageMade Chicken Nuggets 200g,Chicken Nuggets,VillageMade,Juice,Juice,Indonesia
6348819948762,Homestyle MorningFresh Olive Oil,Olive Oil,MorningFresh,Soup Mix,Soup Mix,India
3931679980682,Pure CountryStyle Coconut Water,Coconut Water,CountryStyle,Snacks,Snacks,Vietnam
5994932534733,Farm Fresh OrganicPlus Coconut Oil 1L,Coconut Oil,OrganicPlus,Health Supplements,Health Supplements,Brazil
2705632419249,Traditional SunValley Ketchup Pack of 12,Ketchup,SunValley,Chips,Chips,Brazil
3799738398102,Royal VillageMade Green Tea,Green Tea,VillageMade,Juice,Juice,Italy
6619015002454,Classic PureChoice Condensed Milk,Condensed Milk,PureChoice,Dried Fruits,Dried Fruits,Spain
4961644218693,Traditional NutriWell French Fries,French Fries,NutriWell,Noodles,Noodles,Brazil
8035919331403,Homestyle VillageMade Milk 2L,Milk,VillageMade,Oils,Oils,Japan
2730473594725,Traditional KitchenPride Brownie Mix 1L,Brownie Mix,KitchenPride,Sauces,Sauces,Japan
3436209356774,Pure FamilyFarm Nutella Pack of 12,Nutella,FamilyFarm,Sugar,Sugar,India
3925946215955,Pure OrganicPlus Condensed Milk,Condensed Milk,OrganicPlus,Pickles,Pickles,India
7848987276838,Farm Fresh SunValley Samosa 250g,Samosa,SunValley,Soup Mix,Soup Mix,Thailand
4080519402750,Artisan SunValley Kidney Beans,Kidney Beans,SunValley,Chips,Chips,USA
1545007494167,Natural NutriWell Cake Mix,Cake Mix,NutriWell,Noodles,Noodles,Mexico
4112978352799,Artisan PureChoice Spring Rolls 750ml,Spring Rolls,PureChoice,Spices,Spices,Mexico
2232494441145,Organic NatureBite Coconut Oil,Coconut Oil,NatureBite,Sugar,Sugar,Turkey
2238605499134,Traditional VillageMade Cumin,Cumin,VillageMade,Health Supplements,Health Supplements,Indonesia
8713863140775,Artisan NatureBite Feta,Feta,NatureBite,Flour,Flour,Turkey
1703381474841,Classic FamilyFarm Green Tea,Green Tea,FamilyFarm,Noodles,Noodles,Italy
3185225344683,Fresh QuickMeal Jam Pack of 12,Jam,QuickMeal,Cereals,Cereals,Indonesia
7447471560922,Traditional MorningFresh Almond Milk,Almond Milk,MorningFresh,Coffee,Coffee,Vietnam
4695744587137,Homestyle MorningFresh Coffee,Coffee,MorningFresh,Canned Goods,Canned Goods,France
7022660838570,Homestyle NutriWell Lentils,Lentils,NutriWell,Noodles,Noodles,Indonesia
3603351566927,Farm Fresh FreshFarm Candy,Candy,FreshFarm,Pickles,Pickles,Germany
6395729696851,Royal CountryStyle Pickle,Pickle,CountryStyle,Baby Food,Baby Food,Indonesia
3715685829384,Royal HomeMade Cheddar,Cheddar,HomeMade,Chips,Chips,Turkey
5524250803685,Golden FreshFarm Mustard Pack of 12,Mustard,FreshFarm,Nuts,Nuts,Brazil
1212962666753,Homestyle FamilyFarm Soda Pack of 6,Soda,FamilyFarm,Flour,Flour,France
9816934825472,Classic GoldenHarvest Paratha,Paratha,GoldenHarvest,Pet Food,Pet Food,Japan
9480521317489,Premium SimpleJoy Fish Fillet,Fish Fillet,SimpleJoy,Canned Goods,Canned Goods,Thailand
6438394213527,Natural HomeMade Mayonnaise,Mayonnaise,HomeMade,Cereals,Cereals,Japan
7271498112490,Artisan CountryStyle Ice Cream 100g,Ice Cream,CountryStyle,Personal Care,Personal Care,Mexico
4563712082057,Classic NatureBite Oat Milk,Oat Milk,NatureBite,Condiments,Condiments,Thailand
2183295343692,Homestyle VillageMade Bagel Pack of 6,Bagel,VillageMade,Frozen Foods,Frozen Foods,Vietnam
8855735594321,Pure TastyBites Paratha,Paratha,TastyBites,Oils,Oils,Indonesia
5311535229442,Natural NutriWell Lentils,Lentils,NutriWell,Biscuits,Biscuits,Spain
2607509521454,Royal DailyBasics Cornflakes 250g,Cornflakes,DailyBasics,Personal Care,Personal Care,China
4650983615288,Natural CountryStyle Cinnamon 2L,Cinnamon,CountryStyle,Soup Mix,Soup Mix,USA
1901004306383,Classic DailyBasics Cream Cheese,Cream Cheese,DailyBasics,Cereals,Cereals,France
9371249400941,Natural VillageMade Coffee,Coffee,VillageMade,Pet Food,Pet Food,China
1169948975165,Pure PureChoice Ground Coffee 2L,Ground Coffee,PureChoice,Sauces,Sauces,Germany
5428113408710,Traditional QuickMeal Waffle Mix,Waffle Mix,QuickMeal,Oils,Oils,Thailand
9501919085546,Farm Fresh HealthyLife Candy,Candy,HealthyLife,Health Supplements,Health Supplements,Mexico
5841893337549,Golden FamilyFarm Croissant,Croissant,FamilyFarm,Noodles,Noodles,USA
4208107340581,Artisan MorningFresh Milk Pack of 6,Milk,MorningFresh,Baby Food,Baby Food,France
4144616702457,Fresh KitchenPride Sunflower Oil,Sunflower Oil,KitchenPride,Condiments,Condiments,Turkey
7023447671336,Golden VillageMade Tempeh 500g,Tempeh,VillageMade,Condiments,Condiments,Vietnam
4750502034855,Homestyle HealthyLife Spring Rolls,Spring Rolls,HealthyLife,Personal Care,Personal Care,France
4700584739070,Pure HomeMade Tofu,Tofu,HomeMade,Sauces,Sauces,Vietnam
3764509776899,Classic OrganicPlus Paratha,Paratha,OrganicPlus,Sugar,Sugar,Vietnam
5740469085046,Natural OrganicPlus Cumin 1kg,Cumin,OrganicPlus,Pickles,Pickles,Brazil
6868240584430,Royal MorningFresh Coconut Water,Coconut Water,MorningFresh,Salt,Salt,Germany
1100575780208,Traditional KitchenPride Butter,Butter,KitchenPride,Pasta,Pasta,France
5826542722051,Organic SunValley Parmesan,Parmesan,SunValley,Chocolate,Chocolate,China
7570580778048,Organic KitchenPride Almonds 750ml,Almonds,KitchenPride,Sauces,Sauces,Vietnam
8741691192935,Homestyle DailyBasics Biscuits,Biscuits,DailyBasics,Dried Fruits,Dried Fruits,Indonesia
7861894951480,Royal OrganicPlus Black Beans,Black Beans,OrganicPlus,Vinegar,Vinegar,India
1983983191925,Golden QuickMeal Raisins,Raisins,QuickMeal,Noodles,Noodles,China
9298353689474,Premium DailyBasics Coconut Oil,Coconut Oil,DailyBasics,Sugar,Sugar,Turkey
8709844275611,Natural CountryStyle Almonds,Almonds,CountryStyle,Chocolate,Chocolate,Spain
3469700048009,Fresh MorningFresh Margarine 750ml,Margarine,MorningFresh,Noodles,Noodles,Indonesia
4779075517788,Premium NutriWell Almonds,Almonds,NutriWell,Pickles,Pickles,Thailand
5489353331753,Pure FreshFarm Coconut Oil,Coconut Oil,FreshFarm,Sugar,Sugar,Italy
2058831404293,Farm Fresh FreshFarm Energy Drink,Energy Drink,FreshFarm,Dairy,Dairy,Spain
9656673270154,Homestyle MorningFresh Cake Mix,Cake Mix,MorningFresh,Canned Goods,Canned Goods,Germany
2545550363577,Pure LocalBest Frozen Pizza,Frozen Pizza,LocalBest,Sauces,Sauces,Vietnam
8583554833851,Homestyle NutriWell Frozen Pizza 250g,Frozen Pizza,NutriWell,Honey,Honey,USA
6976770076019,Artisan KitchenPride Chapati 1L,Chapati,KitchenPride,Chips,Chips,India
1332387293567,Organic MorningFresh Mayonnaise,Mayonnaise,MorningFresh,Chocolate,Chocolate,Turkey
4524731061988,Pure CountryStyle Coconut Water,Coconut Water,CountryStyle,Rice,Rice,Mexico
4192485619591,Fresh VillageMade Flour,Flour,VillageMade,Dairy,Dairy,Vietnam
6759848642938,Classic SunValley Mustard,Mustard,SunValley,Spices,Spices,Italy
5771670026725,Natural GoldenHarvest Ketchup,Ketchup,GoldenHarvest,Noodles,Noodles,USA
1448287700926,Artisan SunValley Coconut Oil,Coconut Oil,SunValley,Noodles,Noodles,France
4493522868984,Natural SimpleJoy Sesame Oil,Sesame Oil,SimpleJoy,Cereals,Cereals,USA
4083654421599,Farm Fresh FamilyFarm Brownie Mix,Brownie Mix,FamilyFarm,Juice,Juice,USA
9606859751451,Royal GoldenHarvest Syrup 750ml,Syrup,GoldenHarvest,Sugar,Sugar,Mexico
7328663989672,Artisan FamilyFarm Turmeric,Turmeric,FamilyFarm,Soup Mix,Soup Mix,India
7683000275124,Traditional PureChoice Green Tea,Green Tea,PureChoice,Nuts,Nuts,Turkey
8636732337715,Golden TastyBites Crackers 200g,Crackers,TastyBites,Vinegar,Vinegar,France
5835979563503,Royal MorningFresh Coconut Milk,Coconut Milk,MorningFresh,Coffee,Coffee,Brazil
1161338639360,Premium HomeMade Paratha,Paratha,HomeMade,Baby Food,Baby Food,Vietnam
2073909288267,Pure SunValley Mozzarella 1kg,Mozzarella,SunValley,Pickles,Pickles,Germany
8375135230258,Premium FamilyFarm Cereal 250g,Cereal,FamilyFarm,Pickles,Pickles,USA
3859531487511,Organic SunValley French Fries,French Fries,SunValley,Pickles,Pickles,Turkey
1499595203237,Organic FreshFarm Cashews 100g,Cashews,FreshFarm,Rice,Rice,Italy
3987258007303,Premium FreshFarm Coffee,Coffee,FreshFarm,Tea,Tea,USA
2975969822985,Artisan KitchenPride Frozen Pizza Pack of 6,Frozen Pizza,KitchenPride,Noodles,Noodles,Brazil
6476086401774,Artisan QuickMeal Frozen Veggies,Frozen Veggies,QuickMeal,Health Supplements,Health Supplements,Thailand
9405665025771,Artisan CountryStyle Coconut Oil,Coconut Oil,CountryStyle,Tea,Tea,Spain
3512308001867,Natural DailyBasics Almond Milk 1L,Almond Milk,DailyBasics,Chips,Chips,Germany
5394203495539,Natural GreenLeaf Turmeric 1kg,Turmeric,GreenLeaf,Honey,Honey,Indonesia
9130261236397,Golden FamilyFarm Pancake Mix,Pancake Mix,FamilyFarm,Biscuits,Biscuits,Vietnam
3318850833660,Classic GoldenHarvest Instant Coffee,Instant Coffee,GoldenHarvest,Dairy,Dairy,Indonesia
1249890527980,Premium NatureBite Evaporated Milk 500g,Evaporated Milk,NatureBite,Spices,Spices,Italy
1203248728941,Pure OrganicPlus Fish Fillet 500g,Fish Fillet,OrganicPlus,Flour,Flour,France
4779539862013,Artisan QuickMeal Nutella,Nutella,QuickMeal,Cereals,Cereals,Indonesia
6935317894359,Classic QuickMeal Oats,Oats,QuickMeal,Pet Food,Pet Food,Vietnam
9029651387138,Golden MorningFresh Coffee 1kg,Coffee,MorningFresh,Canned Goods,Canned Goods,Vietnam
8504877342698,Golden VillageMade Flour,Flour,VillageMade,Tea,Tea,France
2957775277365,Fresh HealthyLife Bagel,Bagel,HealthyLife,Jam,Jam,China
8672755341776,Farm Fresh FamilyFarm Juice,Juice,FamilyFarm,Cleaning Supplies,Cleaning Supplies,Mexico
4902753349426,Organic GoldenHarvest Muesli,Muesli,GoldenHarvest,Rice,Rice,Germany
1826888772913,Farm Fresh VillageMade Soda,Soda,VillageMade,Personal Care,Personal Care,Brazil
3793337087931,Fresh GreenLeaf Tempeh,Tempeh,GreenLeaf,Tea,Tea,Turkey
3674545223926,Farm Fresh KitchenPride Peanut Butter 1kg,Peanut Butter,KitchenPride,Bakery,Bakery,Italy
7856041246881,Farm Fresh OrganicPlus Herbal Tea,Herbal Tea,OrganicPlus,Pasta,Pasta,Indonesia
6278249134422,Organic QuickMeal Yogurt 1kg,Yogurt,QuickMeal,Juice,Juice,Indonesia
2176646129796,Organic KitchenPride Olive Oil,Olive Oil,KitchenPride,Baby Food,Baby Food,Turkey
5269104491787,Traditional GreenLeaf Margarine,Margarine,GreenLeaf,Flour,Flour,Germany
5373107230737,Classic TastyBites Yogurt 1kg,Yogurt,TastyBites,Pasta,Pasta,Italy
4621309605012,Artisan QuickMeal Jam 100g,Jam,QuickMeal,Cereals,Cereals,Spain
5086537297664,Golden HealthyLife Whole Beans Pack of 6,Whole Beans,HealthyLife,Soup Mix,Soup Mix,Brazil
1721502791787,Traditional QuickMeal Swiss Cheese,Swiss Cheese,QuickMeal,Soup Mix,Soup Mix,Italy
3961744930790,Royal OrganicPlus Lentils 500g,Lentils,OrganicPlus,Personal Care,Personal Care,USA
7381741946647,Natural OrganicPlus Oat Milk 1L,Oat Milk,OrganicPlus,Sugar,Sugar,India
2849576383722,Homestyle QuickMeal Swiss Cheese Pack of 6,Swiss Cheese,QuickMeal,Honey,Honey,Italy
2461820729243,Organic OrganicPlus Coffee,Coffee,OrganicPlus,Pet Food,Pet Food,Mexico
8630400606025,Golden PureChoice Coriander 2L,Coriander,PureChoice,Vinegar,Vinegar,Germany
1740377574540,Pure CountryStyle Biscuits 200g,Biscuits,CountryStyle,Condiments,Condiments,USA
7344691536878,Pure LocalBest Tofu,Tofu,LocalBest,Flour,Flour,Indonesia
1703276455411,Classic NutriWell Coconut Milk Pack of 12,Coconut Milk,NutriWell,Personal Care,Personal Care,India
8017719709745,Golden KitchenPride Coconut Oil,Coconut Oil,KitchenPride,Snacks,Snacks,Mexico
4180710744849,Organic MorningFresh Condensed Milk,Condensed Milk,MorningFresh,Sugar,Sugar,Vietnam
5462002631365,Classic GoldenHarvest Parmesan,Parmesan,GoldenHarvest,Coffee,Coffee,China
6708216832015,Artisan QuickMeal Chickpeas 250g,Chickpeas,QuickMeal,Juice,Juice,Spain
4027159391012,Artisan MorningFresh Tea,Tea,MorningFresh,Health Supplements,Health Supplements,Indonesia
5007058044365,Classic HealthyLife Gouda,Gouda,HealthyLife,Frozen Foods,Frozen Foods,Japan
6503597143231,Pure GreenLeaf French Fries 500g,French Fries,GreenLeaf,Chocolate,Chocolate,Turkey
9541433227503,Classic NutriWell Raisins 250g,Raisins,NutriWell,Spices,Spices,Thailand
2958573494345,Natural HealthyLife Brownie Mix Pack of 6,Brownie Mix,HealthyLife,Chips,Chips,Vietnam
8001560801974,Pure DailyBasics Chickpeas,Chickpeas,DailyBasics,Frozen Foods,Frozen Foods,Indonesia
3565226641447,Royal VillageMade Raisins,Raisins,VillageMade,Pasta,Pasta,Italy
6695479730648,Natural NatureBite Whole Beans,Whole Beans,NatureBite,Rice,Rice,Japan
5818921855291,Organic TastyBites French Fries 500g,French Fries,TastyBites,Coffee,Coffee,Mexico
4800236564412,Premium HealthyLife Bread,Bread,HealthyLife,Snacks,Snacks,Turkey
9502369745862,Artisan VillageMade Herbal Tea,Herbal Tea,VillageMade,Sauces,Sauces,Italy
5637713096419,Traditional GoldenHarvest Energy Drink 500g,Energy Drink,GoldenHarvest,Dried Fruits,Dried Fruits,Spain
2354448320151,Royal MorningFresh Sauce 500g,Sauce,MorningFresh,Health Supplements,Health Supplements,Germany
2697065122008,Farm Fresh OrganicPlus Black Beans,Black Beans,OrganicPlus,Condiments,Condiments,Vietnam
9182874616080,Homestyle NatureBite Cake Mix,Cake Mix,NatureBite,Noodles,Noodles,France
8673350186600,Fresh FreshFarm Vinegar,Vinegar,FreshFarm,Bakery,Bakery,Thailand
3601488788202,Fresh GoldenHarvest Tempeh,Tempeh,GoldenHarvest,Biscuits,Biscuits,Germany
9635451532321,Traditional HomeMade Black Beans 500g,Black Beans,HomeMade,Noodles,Noodles,China
6358721893494,Classic CountryStyle Mustard Pack of 6,Mustard,CountryStyle,Sugar,Sugar,Brazil
6534438475270,Organic NatureBite Peanut Butter 750ml,Peanut Butter,NatureBite,Cereals,Cereals,Vietnam
2249738218661,Pure FamilyFarm Cheese,Cheese,FamilyFarm,Spices,Spices,Indonesia
5377407556713,Pure GreenLeaf Ghee 100g,Ghee,GreenLeaf,Pet Food,Pet Food,Indonesia
6837373804279,Fresh SimpleJoy Coffee,Coffee,SimpleJoy,Vinegar,Vinegar,Vietnam
7706194466850,Royal HomeMade Frozen Veggies 250g,Frozen Veggies,HomeMade,Condiments,Condiments,China
4119671644406,Royal QuickMeal Ground Coffee,Ground Coffee,QuickMeal,Oils,Oils,China
4527892269106,Natural DailyBasics Dates,Dates,DailyBasics,Condiments,Condiments,Spain
1357589389953,Pure VillageMade Butter,Butter,VillageMade,Pickles,Pickles,USA
1030788529376,Farm Fresh FreshFarm Bread,Bread,FreshFarm,Nuts,Nuts,India
4316455174637,Golden OrganicPlus Nutella,Nutella,OrganicPlus,Juice,Juice,Thailand
4125756868547,Farm Fresh NutriWell Honey,Honey,NutriWell,Dairy,Dairy,Spain
6484390834168,Homestyle GoldenHarvest Biscuits,Biscuits,GoldenHarvest,Personal Care,Personal Care,Brazil
2756213117786,Artisan LocalBest Cornflakes,Cornflakes,LocalBest,Honey,Honey,France
2153432630842,Classic GoldenHarvest Cinnamon,Cinnamon,GoldenHarvest,Pet Food,Pet Food,Mexico
8111581310666,Organic NatureBite Coconut Water 2L,Coconut Water,NatureBite,Condiments,Condiments,Turkey
2599960546249,Golden MorningFresh Soy Milk Pack of 12,Soy Milk,MorningFresh,Health Supplements,Health Supplements,Spain
5970140158211,Classic NutriWell Sauce 1kg,Sauce,NutriWell,Salt,Salt,Italy
7633298412033,Fresh FreshFarm Chicken Nuggets,Chicken Nuggets,FreshFarm,Dried Fruits,Dried Fruits,Spain
6378968975068,Artisan HealthyLife Margarine 100g,Margarine,HealthyLife,Personal Care,Personal Care,Turkey
4307303628339,Fresh CountryStyle Popcorn Pack of 12,Popcorn,CountryStyle,Health Supplements,Health Supplements,Brazil
6517490791902,Royal VillageMade Oil,Oil,VillageMade,Nuts,Nuts,Italy
7185561386630,Farm Fresh KitchenPride Oil Pack of 6,Oil,KitchenPride,Oils,Oils,Spain
1788981983800,Natural NutriWell Coffee 500g,Coffee,NutriWell,Dried Fruits,Dried Fruits,USA
4580774512704,Artisan CountryStyle Soup,Soup,CountryStyle,Beverages,Beverages,India
7712699247034,Natural PureChoice Lentils 100g,Lentils,PureChoice,Coffee,Coffee,Japan
6818956142434,Premium TastyBites Sparkling Water,Sparkling Water,TastyBites,Flour,Flour,India
3491750741605,Pure LocalBest Cinnamon,Cinnamon,LocalBest,Salt,Salt,Japan
6448707998679,Natural QuickMeal Soy Milk,Soy Milk,QuickMeal,Beverages,Beverages,Italy
8279211740871,Traditional SunValley Chocolate Bar 2L,Chocolate Bar,SunValley,Chocolate,Chocolate,Germany
7956526416459,Organic NutriWell Chickpeas,Chickpeas,NutriWell,Tea,Tea,USA
3012783153038,Fresh OrganicPlus Pickle,Pickle,OrganicPlus,Health Supplements,Health Supplements,Thailand
5512894335791,Golden SimpleJoy Kidney Beans,Kidney Beans,SimpleJoy,Chips,Chips,China
2908088609915,Fresh SunValley Iced Tea Pack of 6,Iced Tea,SunValley,Pet Food,Pet Food,Mexico
1631341116261,Artisan PureChoice Fish Fillet,Fish Fillet,PureChoice,Dairy,Dairy,Turkey
4244367030022,Fresh DailyBasics Sunflower Oil,Sunflower Oil,DailyBasics,Pickles,Pickles,France
3511432074224,Artisan NatureBite Waffle Mix,Waffle Mix,NatureBite,Cleaning Supplies,Cleaning Supplies,Vietnam
4328490165403,Natural MorningFresh Corn,Corn,MorningFresh,Beverages,Beverages,Brazil
5415013411745,Premium NutriWell Dates,Dates,NutriWell,Bakery,Bakery,Italy
3694576729666,Homestyle DailyBasics Spring Rolls,Spring Rolls,DailyBasics,Sauces,Sauces,Thailand
1444266570631,Artisan TastyBites Cheese,Cheese,TastyBites,Chips,Chips,Spain
3521837713402,Farm Fresh NatureBite Peanuts,Peanuts,NatureBite,Canned Goods,Canned Goods,Italy
3988096719329,Royal GoldenHarvest Almonds,Almonds,GoldenHarvest,Condiments,Condiments,Japan
1104082785624,Traditional CountryStyle Milk,Milk,CountryStyle,Vinegar,Vinegar,Vietnam
3106969027269,Natural NatureBite Sunflower Oil,Sunflower Oil,NatureBite,Canned Goods,Canned Goods,India
9383393099931,Pure SimpleJoy Coconut Milk,Coconut Milk,SimpleJoy,Vinegar,Vinegar,France
7069862712811,Golden OrganicPlus Ice Cream 250g,Ice Cream,OrganicPlus,Soup Mix,Soup Mix,Spain
7338853946175,Natural HealthyLife Jam,Jam,HealthyLife,Oils,Oils,Italy
5526891838370,Premium FreshFarm Energy Drink,Energy Drink,FreshFarm,Nuts,Nuts,Brazil
9087606190230,Traditional VillageMade Black Beans 1L,Black Beans,VillageMade,Pasta,Pasta,Turkey
7208918539336,Natural KitchenPride Green Tea 2L,Green Tea,KitchenPride,Noodles,Noodles,France
7837383383727,Artisan MorningFresh Soda,Soda,MorningFresh,Flour,Flour,Brazil
5325916465626,Natural SunValley Kidney Beans,Kidney Beans,SunValley,Pickles,Pickles,France
7594528039759,Golden SunValley Popcorn,Popcorn,SunValley,Baby Food,Baby Food,USA
6284752472895,Pure NatureBite Black Tea,Black Tea,NatureBite,Honey,Honey,Spain
3756896234035,Golden FamilyFarm Sparkling Water,Sparkling Water,FamilyFarm,Noodles,Noodles,India
4632227941897,Traditional GreenLeaf Muffin,Muffin,GreenLeaf,Rice,Rice,Japan
3650844408059,Traditional NutriWell Peanuts,Peanuts,NutriWell,Pasta,Pasta,Vietnam
9563869519826,Classic LocalBest Peanut Butter,Peanut Butter,LocalBest,Dairy,Dairy,Japan
2507814235859,Organic NatureBite Bread,Bread,NatureBite,Frozen Foods,Frozen Foods,Thailand
4570649822151,Royal SunValley Honey,Honey,SunValley,Canned Goods,Canned Goods,Thailand
9355629596238,Classic GreenLeaf Black Beans,Black Beans,GreenLeaf,Condiments,Condiments,Vietnam
3811321900269,Premium KitchenPride Pickle,Pickle,KitchenPride,Sugar,Sugar,Brazil
9261922280955,Royal TastyBites Chocolate Bar 250g,Chocolate Bar,TastyBites,Noodles,Noodles,USA
1694735327705,Premium OrganicPlus Mineral Water,Mineral Water,OrganicPlus,Spices,Spices,Vietnam
7377244543081,Artisan CountryStyle Brownie Mix,Brownie Mix,CountryStyle,Snacks,Snacks,France
7049748267238,Classic GoldenHarvest Juice,Juice,GoldenHarvest,Pasta,Pasta,Germany
2950557189881,Golden MorningFresh Muesli,Muesli,MorningFresh,Frozen Foods,Frozen Foods,Thailand
9705036784942,Organic CountryStyle Nutella,Nutella,CountryStyle,Spices,Spices,Thailand
5448947254421,Natural QuickMeal Samosa 100g,Samosa,QuickMeal,Pet Food,Pet Food,Thailand
3937353116088,Organic TastyBites Soy Milk 1kg,Soy Milk,TastyBites,Noodles,Noodles,Italy
1710119231881,Homestyle NutriWell Coconut Oil,Coconut Oil,NutriWell,Honey,Honey,Spain
3297942252833,Pure CountryStyle Bread,Bread,CountryStyle,Vinegar,Vinegar,Mexico
9271696992266,Traditional NatureBite Sparkling Water,Sparkling Water,NatureBite,Biscuits,Biscuits,Indonesia
6902896287155,Classic FamilyFarm Mozzarella 1L,Mozzarella,FamilyFarm,Sugar,Sugar,Indonesia
3329341705959,Classic QuickMeal Corn,Corn,QuickMeal,Pet Food,Pet Food,China
2465729197757,Artisan DailyBasics Oat Milk 750ml,Oat Milk,DailyBasics,Cleaning Supplies,Cleaning Supplies,USA
2884468712860,Natural GreenLeaf Yogurt,Yogurt,GreenLeaf,Rice,Rice,Germany
5169560508976,Fresh FreshFarm Yogurt 750ml,Yogurt,FreshFarm,Canned Goods,Canned Goods,Brazil
9108765582241,Golden PureChoice Cashews,Cashews,PureChoice,Bakery,Bakery,Indonesia
4509584056960,Royal GreenLeaf Juice,Juice,GreenLeaf,Frozen Foods,Frozen Foods,India
5100343434246,Natural DailyBasics Oil,Oil,DailyBasics,Personal Care,Personal Care,Mexico
9714436801520,Pure GreenLeaf Black Beans,Black Beans,GreenLeaf,Bakery,Bakery,France
9930031267447,Organic GreenLeaf Juice 1kg,Juice,GreenLeaf,Rice,Rice,Spain
2334711194585,Natural MorningFresh Oats 500g,Oats,MorningFresh,Spices,Spices,Italy
6220929208994,Pure FamilyFarm Black Tea,Black Tea,FamilyFarm,Juice,Juice,Italy
5426752058291,Homestyle GreenLeaf Olive Oil,Olive Oil,GreenLeaf,Canned Goods,Canned Goods,France
2064004764561,Pure KitchenPride Olive Oil,Olive Oil,KitchenPride,Noodles,Noodles,India
2553380154136,Classic GoldenHarvest Pancake Mix,Pancake Mix,GoldenHarvest,Canned Goods,Canned Goods,Germany
6612833880743,Artisan OrganicPlus Coconut Water,Coconut Water,OrganicPlus,Nuts,Nuts,Vietnam
6512543655404,Farm Fresh SunValley Coconut Oil,Coconut Oil,SunValley,Spices,Spices,India
7209194983656,Traditional NutriWell Frozen Pizza,Frozen Pizza,NutriWell,Flour,Flour,France
8956273983123,Premium SimpleJoy Jam,Jam,SimpleJoy,Snacks,Snacks,Turkey
7710099233431,Golden SimpleJoy Honey,Honey,SimpleJoy,Salt,Salt,Vietnam
4040430379796,Premium GreenLeaf Pancake Mix,Pancake Mix,GreenLeaf,Snacks,Snacks,Italy
3634843414928,Homestyle SunValley Raisins,Raisins,SunValley,Flour,Flour,Brazil
5885737164074,Natural OrganicPlus Cornflakes,Cornflakes,OrganicPlus,Pet Food,Pet Food,Italy
3812566193220,Artisan NatureBite Oat Milk,Oat Milk,NatureBite,Condiments,Condiments,USA
6690629590355,Royal LocalBest Fish Fillet,Fish Fillet,LocalBest,Coffee,Coffee,Spain
9697065412925,Natural OrganicPlus Herbal Tea,Herbal Tea,OrganicPlus,Nuts,Nuts,Japan
6953505864380,Golden LocalBest Popcorn,Popcorn,LocalBest,Cereals,Cereals,Germany
7001280051455,Royal HomeMade Energy Drink,Energy Drink,HomeMade,Baby Food,Baby Food,USA
8864161181928,Classic TastyBites Herbal Tea,Herbal Tea,TastyBites,Dried Fruits,Dried Fruits,Indonesia
9379363202617,Homestyle MorningFresh Croissant,Croissant,MorningFresh,Honey,Honey,Indonesia
5384387041875,Artisan OrganicPlus Muffin 750ml,Muffin,OrganicPlus,Cleaning Supplies,Cleaning Supplies,USA
2431605607005,Farm Fresh NutriWell Chicken Nuggets,Chicken Nuggets,NutriWell,Biscuits,Biscuits,USA
7852403360167,Natural QuickMeal Cream Cheese 750ml,Cream Cheese,QuickMeal,Bakery,Bakery,France
4926659185698,Golden MorningFresh Milk,Milk,MorningFresh,Baby Food,Baby Food,Spain
9526884625285,Classic VillageMade Syrup,Syrup,VillageMade,Sauces,Sauces,Germany
3120017681815,Homestyle NatureBite Peas 500g,Peas,NatureBite,Personal Care,Personal Care,Vietnam
5967147412800,Natural SimpleJoy Cream Cheese,Cream Cheese,SimpleJoy,Beverages,Beverages,China
4591713593867,Premium FreshFarm Gum,Gum,FreshFarm,Sugar,Sugar,USA
9179200992461,Premium SimpleJoy Cream,Cream,SimpleJoy,Noodles,Noodles,Vietnam
2895429571001,Homestyle QuickMeal Ice Cream,Ice Cream,QuickMeal,Soup Mix,Soup Mix,China
6678498821871,Organic NatureBite Noodles Pack of 6,Noodles,NatureBite,Baby Food,Baby Food,Thailand
6545411602959,Royal VillageMade Mineral Water,Mineral Water,VillageMade,Salt,Salt,Japan
7959238091704,Premium LocalBest Almonds 100g,Almonds,LocalBest,Chips,Chips,Thailand
1693931550816,Farm Fresh HomeMade Butter,Butter,HomeMade,Canned Goods,Canned Goods,Brazil
2795947317625,Farm Fresh TastyBites Pickle,Pickle,TastyBites,Pickles,Pickles,Thailand
2427381520057,Traditional DailyBasics Raisins,Raisins,DailyBasics,Health Supplements,Health Supplements,India
8325172720294,Golden SimpleJoy Cream Cheese,Cream Cheese,SimpleJoy,Frozen Foods,Frozen Foods,Turkey
8890745074354,Premium QuickMeal Chips,Chips,QuickMeal,Bakery,Bakery,Japan
1919227047807,Golden TastyBites Swiss Cheese,Swiss Cheese,TastyBites,Dairy,Dairy,Mexico
5092066717636,Premium FamilyFarm Sauce,Sauce,FamilyFarm,Vinegar,Vinegar,Vietnam
1336707434859,Farm Fresh HealthyLife Sunflower Oil,Sunflower Oil,HealthyLife,Sugar,Sugar,Spain
1704666529151,Natural NatureBite Pancake Mix,Pancake Mix,NatureBite,Pet Food,Pet Food,India
7476302359908,Farm Fresh GreenLeaf Gouda,Gouda,GreenLeaf,Rice,Rice,Spain
5950477195623,Homestyle GoldenHarvest Croissant,Croissant,GoldenHarvest,Spices,Spices,Turkey
5508030395163,Classic MorningFresh Muesli 1L,Muesli,MorningFresh,Cereals,Cereals,Japan
8942620235507,Organic LocalBest Cream Pack of 6,Cream,LocalBest,Flour,Flour,Mexico
2980773771023,Organic PureChoice Sparkling Water 500g,Sparkling Water,PureChoice,Sauces,Sauces,Vietnam
6255954516285,Royal SunValley Tofu 1kg,Tofu,SunValley,Pickles,Pickles,France
5044253380313,Pure QuickMeal Swiss Cheese,Swiss Cheese,QuickMeal,Snacks,Snacks,China
4805394111494,Premium SunValley Cashews,Cashews,SunValley,Vinegar,Vinegar,Indonesia
9054469675327,Traditional GreenLeaf Syrup 2L,Syrup,GreenLeaf,Chips,Chips,Vietnam
2366866978742,Pure FreshFarm Biscuits Pack of 12,Biscuits,FreshFarm,Bakery,Bakery,Turkey
6334349422366,Artisan CountryStyle Mineral Water 200g,Mineral Water,CountryStyle,Bakery,Bakery,Thailand
7562179362076,Fresh KitchenPride Chocolate Bar,Chocolate Bar,KitchenPride,Nuts,Nuts,Vietnam
6313390269878,Premium NutriWell Cumin 500g,Cumin,NutriWell,Cereals,Cereals,Japan
4072948189233,Organic DailyBasics Chips 2L,Chips,DailyBasics,Biscuits,Biscuits,China
9437734826563,Fresh HomeMade Peas,Peas,HomeMade,Flour,Flour,Japan
1525607038259,Organic KitchenPride French Fries 1L,French Fries,KitchenPride,Oils,Oils,India
4566880880245,Homestyle QuickMeal Flour 500g,Flour,QuickMeal,Coffee,Coffee,Indonesia
1775886624662,Pure KitchenPride Gouda,Gouda,KitchenPride,Pet Food,Pet Food,Vietnam
6038199766675,Classic LocalBest Tea,Tea,LocalBest,Baby Food,Baby Food,Spain
7563413950732,Golden VillageMade Energy Drink,Energy Drink,VillageMade,Dried Fruits,Dried Fruits,Indonesia
7101599393849,Traditional CountryStyle Cereal,Cereal,CountryStyle,Soup Mix,Soup Mix,Thailand
6144371438797,Premium OrganicPlus Parmesan,Parmesan,OrganicPlus,Sugar,Sugar,Thailand
8597631302556,Fresh QuickMeal Syrup 750ml,Syrup,QuickMeal,Jam,Jam,Japan
8930513467622,Farm Fresh GreenLeaf Tempeh 750ml,Tempeh,GreenLeaf,Cleaning Supplies,Cleaning Supplies,Turkey
3807812509709,Pure SunValley Sauce 1L,Sauce,SunValley,Frozen Foods,Frozen Foods,Turkey
5479668243549,Farm Fresh GreenLeaf Oat Milk 750ml,Oat Milk,GreenLeaf,Pet Food,Pet Food,USA
7948986193054,Farm Fresh SimpleJoy Almond Milk,Almond Milk,SimpleJoy,Jam,Jam,Indonesia
4969006880385,Golden NutriWell Coconut Milk,Coconut Milk,NutriWell,Sauces,Sauces,Indonesia
9710656677502,Premium HealthyLife Yogurt,Yogurt,HealthyLife,Flour,Flour,China
4684331316937,Farm Fresh PureChoice Evaporated Milk 500g,Evaporated Milk,PureChoice,Snacks,Snacks,India
6201338957966,Fresh GreenLeaf Soup 200g,Soup,GreenLeaf,Canned Goods,Canned Goods,China
8422214386439,Classic SimpleJoy Almond Milk,Almond Milk,SimpleJoy,Nuts,Nuts,Thailand
7594440161392,Natural KitchenPride Crackers,Crackers,KitchenPride,Baby Food,Baby Food,Japan
9791933423849,Classic FreshFarm Dates,Dates,FreshFarm,Baby Food,Baby Food,Turkey
7750820283245,Farm Fresh PureChoice Sesame Oil,Sesame Oil,PureChoice,Jam,Jam,Japan
7683086485994,Organic DailyBasics Chicken Nuggets,Chicken Nuggets,DailyBasics,Health Supplements,Health Supplements,USA
5316798463083,Royal PureChoice Gouda,Gouda,PureChoice,Honey,Honey,Mexico
1603310961565,Classic VillageMade Popcorn 2L,Popcorn,VillageMade,Juice,Juice,Germany
2668210854890,Organic HomeMade Tempeh,Tempeh,HomeMade,Snacks,Snacks,Spain
2217384556966,Farm Fresh NutriWell Oats,Oats,NutriWell,Vinegar,Vinegar,Vietnam
5454090314761,Pure FamilyFarm Noodles,Noodles,FamilyFarm,Noodles,Noodles,China
3864114210208,Organic LocalBest Gum,Gum,LocalBest,Cereals,Cereals,Japan
2352216226767,Natural OrganicPlus Fish Fillet,Fish Fillet,OrganicPlus,Vinegar,Vinegar,Vietnam
1770417144388,Homestyle TastyBites Oats,Oats,TastyBites,Pet Food,Pet Food,Mexico
8824201313726,Royal PureChoice Chips,Chips,PureChoice,Pasta,Pasta,Indonesia
8705273026142,Artisan KitchenPride Soda,Soda,KitchenPride,Personal Care,Personal Care,Indonesia
2870645022482,Traditional NatureBite Frozen Veggies,Frozen Veggies,NatureBite,Salt,Salt,USA
2533583250636,Homestyle GoldenHarvest Oat Milk,Oat Milk,GoldenHarvest,Cleaning Supplies,Cleaning Supplies,Mexico
3421826973152,Fresh GreenLeaf Flour,Flour,GreenLeaf,Oils,Oils,Japan
8847749284087,Golden GoldenHarvest Pita Bread,Pita Bread,GoldenHarvest,Baby Food,Baby Food,USA
4262698804505,Pure PureChoice Black Tea,Black Tea,PureChoice,Tea,Tea,Mexico
6283442797434,Premium SimpleJoy Coconut Oil,Coconut Oil,SimpleJoy,Bakery,Bakery,Spain
1213838205817,Fresh QuickMeal Chapati,Chapati,QuickMeal,Beverages,Beverages,China
6618405899097,Natural SunValley Fish Fillet,Fish Fillet,SunValley,Baby Food,Baby Food,France
4768742466985,Fresh SimpleJoy Cereal,Cereal,SimpleJoy,Health Supplements,Health Supplements,Turkey
2248993111023,Premium HomeMade Oat Milk 250g,Oat Milk,HomeMade,Canned Goods,Canned Goods,France
2279845973191,Pure TastyBites Vinegar,Vinegar,TastyBites,Sugar,Sugar,Turkey
7363533597831,Natural QuickMeal Feta,Feta,QuickMeal,Salt,Salt,India
6638736586059,Traditional SunValley Flour,Flour,SunValley,Pickles,Pickles,Italy
3241575677976,Artisan FamilyFarm Peanut Butter 250g,Peanut Butter,FamilyFarm,Coffee,Coffee,Germany
6061710262867,Artisan DailyBasics Sesame Oil,Sesame Oil,DailyBasics,Snacks,Snacks,Italy
1702834461792,Classic SimpleJoy Chocolate Bar,Chocolate Bar,SimpleJoy,Honey,Honey,China
6753560935306,Homestyle FamilyFarm Frozen Veggies,Frozen Veggies,FamilyFarm,Pasta,Pasta,France
2599175561314,Royal MorningFresh Chicken Nuggets,Chicken Nuggets,MorningFresh,Canned Goods,Canned Goods,China
5718576146737,Homestyle LocalBest Candy,Candy,LocalBest,Dried Fruits,Dried Fruits,Thailand
5212964420138,Pure GoldenHarvest Cornflakes 500g,Cornflakes,GoldenHarvest,Honey,Honey,Spain
8239923721663,Homestyle LocalBest Cumin,Cumin,LocalBest,Sauces,Sauces,Vietnam
3451511040073,Royal SunValley Gum,Gum,SunValley,Pickles,Pickles,Indonesia
4596266923247,Artisan FamilyFarm Brownie Mix,Brownie Mix,FamilyFarm,Chips,Chips,Japan
4617423436681,Pure MorningFresh Cream Cheese,Cream Cheese,MorningFresh,Pet Food,Pet Food,Thailand
7890182531982,Artisan QuickMeal Kidney Beans 2L,Kidney Beans,QuickMeal,Health Supplements,Health Supplements,Thailand
5480279414889,Pure QuickMeal Yogurt,Yogurt,QuickMeal,Vinegar,Vinegar,Turkey
1057522844747,Fresh QuickMeal Cornflakes 2L,Cornflakes,QuickMeal,Biscuits,Biscuits,Spain
8398370878530,Natural NatureBite Coriander 2L,Coriander,NatureBite,Condiments,Condiments,France
7805105837301,Classic HomeMade Noodles,Noodles,HomeMade,Pickles,Pickles,Vietnam
1721788590680,Fresh PureChoice Chocolate Bar,Chocolate Bar,PureChoice,Biscuits,Biscuits,Brazil
2686993878797,Royal KitchenPride Tempeh,Tempeh,KitchenPride,Bakery,Bakery,India
6936123400047,Pure QuickMeal Corn,Corn,QuickMeal,Coffee,Coffee,Mexico
5693332928243,Farm Fresh TastyBites Coconut Water,Coconut Water,TastyBites,Dried Fruits,Dried Fruits,Vietnam
4020306353461,Traditional VillageMade Soup,Soup,VillageMade,Spices,Spices,USA
5745827562351,Artisan PureChoice Noodles,Noodles,PureChoice,Sugar,Sugar,Mexico
9084167938411,Pure GreenLeaf Vinegar 1kg,Vinegar,GreenLeaf,Condiments,Condiments,India
8654956694141,Pure SimpleJoy Waffle Mix,Waffle Mix,SimpleJoy,Tea,Tea,USA
2442453093538,Traditional NutriWell Kidney Beans,Kidney Beans,NutriWell,Vinegar,Vinegar,Turkey
1405359711914,Farm Fresh QuickMeal Sunflower Oil,Sunflower Oil,QuickMeal,Pet Food,Pet Food,Italy
7023794434314,Classic OrganicPlus Rice,Rice,OrganicPlus,Vinegar,Vinegar,Turkey
7559297546115,Premium DailyBasics Black Beans,Black Beans,DailyBasics,Vinegar,Vinegar,Brazil
8107260642263,Natural MorningFresh Ketchup,Ketchup,MorningFresh,Biscuits,Biscuits,Mexico
6114081699474,Natural LocalBest Mineral Water 100g,Mineral Water,LocalBest,Coffee,Coffee,Japan
2136867453366,Artisan FreshFarm Kidney Beans,Kidney Beans,FreshFarm,Jam,Jam,Thailand
1358118543273,Artisan NutriWell Ground Coffee 200g,Ground Coffee,NutriWell,Salt,Salt,China
5021585025741,Homestyle QuickMeal Soda,Soda,QuickMeal,Spices,Spices,Mexico
4443748338156,Organic GoldenHarvest Mineral Water,Mineral Water,GoldenHarvest,Tea,Tea,USA
2624179479719,Pure VillageMade Chickpeas,Chickpeas,VillageMade,Frozen Foods,Frozen Foods,Spain
5492243777207,Artisan HealthyLife Honey,Honey,HealthyLife,Salt,Salt,China
5029478273765,Traditional GreenLeaf Popcorn,Popcorn,GreenLeaf,Tea,Tea,Turkey
6068817082714,Farm Fresh KitchenPride Frozen Veggies 500g,Frozen Veggies,KitchenPride,Snacks,Snacks,Vietnam
4440102769849,Pure DailyBasics Kidney Beans,Kidney Beans,DailyBasics,Condiments,Condiments,China
7492963454281,Royal HomeMade Cereal,Cereal,HomeMade,Oils,Oils,Mexico
1153703601037,Classic QuickMeal Vinegar,Vinegar,QuickMeal,Snacks,Snacks,Spain
7928026417653,Premium NatureBite Vinegar,Vinegar,NatureBite,Pasta,Pasta,Mexico
7463214018169,Pure QuickMeal Margarine,Margarine,QuickMeal,Soup Mix,Soup Mix,Brazil
2935785608443,Royal GreenLeaf Cinnamon,Cinnamon,GreenLeaf,Dairy,Dairy,USA
7639945807986,Premium HealthyLife Milk,Milk,HealthyLife,Pet Food,Pet Food,Japan
7948201633384,Farm Fresh SimpleJoy Pita Bread 2L,Pita Bread,SimpleJoy,Personal Care,Personal Care,Thailand
8172324243516,Premium OrganicPlus Spring Rolls,Spring Rolls,OrganicPlus,Dairy,Dairy,Mexico
7468198047124,Homestyle LocalBest Chips 1L,Chips,LocalBest,Vinegar,Vinegar,China
1418216528085,Classic SunValley Chicken Nuggets 500g,Chicken Nuggets,SunValley,Salt,Salt,Vietnam
8911961850294,Pure HomeMade Cream Cheese,Cream Cheese,HomeMade,Nuts,Nuts,Italy
3500721050493,Organic NutriWell Mustard,Mustard,NutriWell,Flour,Flour,France
9184974539299,Classic NutriWell Soup,Soup,NutriWell,Bakery,Bakery,Mexico
3563870958171,Golden HealthyLife Coffee,Coffee,HealthyLife,Jam,Jam,France
7802839038602,Golden DailyBasics Ground Coffee,Ground Coffee,DailyBasics,Jam,Jam,Turkey
1710718767548,Artisan GoldenHarvest Cheese,Cheese,GoldenHarvest,Nuts,Nuts,Spain
1193986258398,Fresh VillageMade Jam,Jam,VillageMade,Snacks,Snacks,Spain
7530588358856,Organic SimpleJoy Cream,Cream,SimpleJoy,Soup Mix,Soup Mix,Thailand
6745041768063,Homestyle NatureBite Energy Drink Pack of 12,Energy Drink,NatureBite,Cereals,Cereals,France
9576012423223,Traditional FamilyFarm Sunflower Oil,Sunflower Oil,FamilyFarm,Cleaning Supplies,Cleaning Supplies,USA
7647856522159,Classic NutriWell Almond Milk 1kg,Almond Milk,NutriWell,Rice,Rice,Brazil
2637225788956,Pure QuickMeal Sparkling Water,Sparkling Water,QuickMeal,Dairy,Dairy,India
1211754387306,Premium KitchenPride Cornflakes,Cornflakes,KitchenPride,Sugar,Sugar,Vietnam
8508254149958,Farm Fresh QuickMeal Muffin 500g,Muffin,QuickMeal,Beverages,Beverages,USA
5668790344487,Royal DailyBasics Fish Fillet,Fish Fillet,DailyBasics,Spices,Spices,Japan
3007869217310,Fresh NutriWell Oat Milk 750ml,Oat Milk,NutriWell,Pickles,Pickles,Turkey
5543888670119,Pure VillageMade Croissant 750ml,Croissant,VillageMade,Dried Fruits,Dried Fruits,Spain
5315997990432,Natural FreshFarm Parmesan,Parmesan,FreshFarm,Biscuits,Biscuits,Thailand
9954748856630,Homestyle SimpleJoy French Fries,French Fries,SimpleJoy,Nuts,Nuts,Vietnam
5534897594876,Fresh HomeMade Feta,Feta,HomeMade,Tea,Tea,Mexico
9897206041104,Classic SimpleJoy Black Tea,Black Tea,SimpleJoy,Honey,Honey,China
5265250972204,Premium OrganicPlus Nutella 200g,Nutella,OrganicPlus,Dried Fruits,Dried Fruits,India
8140106634304,Traditional KitchenPride Honey,Honey,KitchenPride,Snacks,Snacks,Thailand
7519492323691,Fresh TastyBites Popcorn,Popcorn,TastyBites,Pet Food,Pet Food,Italy
4764918609821,Traditional TastyBites Ground Coffee,Ground Coffee,TastyBites,Spices,Spices,Thailand
2769882485868,Fresh FreshFarm Juice,Juice,FreshFarm,Salt,Salt,France
2627348425300,Royal HomeMade Coconut Milk 100g,Coconut Milk,HomeMade,Baby Food,Baby Food,Brazil
3345192523032,Homestyle GoldenHarvest Swiss Cheese,Swiss Cheese,GoldenHarvest,Jam,Jam,Japan
2540055001489,Organic HealthyLife Vinegar,Vinegar,HealthyLife,Dairy,Dairy,Germany
4384101588857,Premium OrganicPlus Iced Tea,Iced Tea,OrganicPlus,Chips,Chips,Germany
6006268585068,Premium NutriWell Cheese,Cheese,NutriWell,Chocolate,Chocolate,Brazil
9732081345845,Pure HealthyLife Mayonnaise,Mayonnaise,HealthyLife,Honey,Honey,Japan
7311250466825,Farm Fresh HealthyLife Popcorn,Popcorn,HealthyLife,Flour,Flour,Italy
4703664586939,Natural HomeMade Frozen Pizza 100g,Frozen Pizza,HomeMade,Frozen Foods,Frozen Foods,India
3594665842354,Fresh HomeMade Cream,Cream,HomeMade,Canned Goods,Canned Goods,China
6853054156962,Royal CountryStyle Peanuts,Peanuts,CountryStyle,Baby Food,Baby Food,Italy
3157834006231,Golden VillageMade Oat Milk 1kg,Oat Milk,VillageMade,Juice,Juice,France
1595523765663,Classic SimpleJoy Pickle,Pickle,SimpleJoy,Canned Goods,Canned Goods,India
7851555950397,Premium OrganicPlus Parmesan,Parmesan,OrganicPlus,Flour,Flour,Vietnam
8908424555674,Premium MorningFresh Parmesan 1L,Parmesan,MorningFresh,Dried Fruits,Dried Fruits,Vietnam
4237116229284,Organic GreenLeaf Margarine 1L,Margarine,GreenLeaf,Frozen Foods,Frozen Foods,France
3604187089623,Organic TastyBites Sauce,Sauce,TastyBites,Pet Food,Pet Food,China
4560129774535,Royal KitchenPride Oats,Oats,KitchenPride,Beverages,Beverages,Japan
7561055937301,Classic PureChoice Milk,Milk,PureChoice,Cleaning Supplies,Cleaning Supplies,Mexico
3599361717466,Classic FamilyFarm Tempeh,Tempeh,FamilyFarm,Flour,Flour,Spain
4460078157530,Traditional NatureBite Sesame Oil,Sesame Oil,NatureBite,Chips,Chips,Spain
1783644427160,Homestyle FreshFarm Cashews,Cashews,FreshFarm,Canned Goods,Canned Goods,France
5061200376440,Classic CountryStyle Gouda,Gouda,CountryStyle,Chocolate,Chocolate,China
1682264852399,Natural CountryStyle Oat Milk,Oat Milk,CountryStyle,Chocolate,Chocolate,India
5030958846698,Organic NutriWell Mayonnaise,Mayonnaise,NutriWell,Beverages,Beverages,Italy
5813813449225,Farm Fresh VillageMade Parmesan 100g,Parmesan,VillageMade,Cleaning Supplies,Cleaning Supplies,Turkey
9736183363899,Pure VillageMade Ketchup,Ketchup,VillageMade,Chips,Chips,Vietnam
7846131815233,Farm Fresh MorningFresh Corn,Corn,MorningFresh,Sauces,Sauces,India
8557789887201,Fresh TastyBites Cashews 100g,Cashews,TastyBites,Condiments,Condiments,Brazil
5542920124178,Premium HealthyLife Almond Milk,Almond Milk,HealthyLife,Sugar,Sugar,Brazil
8502903943945,Natural GreenLeaf Peas,Peas,GreenLeaf,Chips,Chips,China
2205335424087,Fresh PureChoice Honey 100g,Honey,PureChoice,Coffee,Coffee,USA
5754289841467,Premium NutriWell Chips,Chips,NutriWell,Cleaning Supplies,Cleaning Supplies,Vietnam
9184208753564,Farm Fresh OrganicPlus Noodles,Noodles,OrganicPlus,Biscuits,Biscuits,Vietnam
7266714918645,Fresh GreenLeaf Coconut Water,Coconut Water,GreenLeaf,Sauces,Sauces,Spain
5406399967872,Royal LocalBest Rice 200g,Rice,LocalBest,Canned Goods,Canned Goods,Brazil
7017875443507,Premium VillageMade Paratha,Paratha,VillageMade,Jam,Jam,India
8609637324852,Fresh FamilyFarm Cheddar 1L,Cheddar,FamilyFarm,Juice,Juice,Brazil
9506773241497,Pure DailyBasics Coconut Oil 500g,Coconut Oil,DailyBasics,Pet Food,Pet Food,Spain
9056374408373,Traditional GoldenHarvest Almonds,Almonds,GoldenHarvest,Dairy,Dairy,India
4309070049062,Organic GoldenHarvest Cake Mix,Cake Mix,GoldenHarvest,Pickles,Pickles,Japan
8311489153228,Royal FreshFarm Swiss Cheese 2L,Swiss Cheese,FreshFarm,Frozen Foods,Frozen Foods,Brazil
2691542900926,Pure VillageMade Paratha Pack of 12,Paratha,VillageMade,Pasta,Pasta,France
3105997284711,Pure NatureBite Cheddar 750ml,Cheddar,NatureBite,Coffee,Coffee,China
6160083835001,Organic NatureBite Biscuits 250g,Biscuits,NatureBite,Chocolate,Chocolate,Turkey
5935574710990,Classic DailyBasics Black Tea 750ml,Black Tea,DailyBasics,Canned Goods,Canned Goods,France
8156703232813,Organic HealthyLife Flour,Flour,HealthyLife,Frozen Foods,Frozen Foods,Turkey
7374161490641,Fresh QuickMeal Coffee 750ml,Coffee,QuickMeal,Cereals,Cereals,Brazil
4734802248175,Pure DailyBasics Mozzarella,Mozzarella,DailyBasics,Biscuits,Biscuits,China
2403849800230,Royal CountryStyle Bagel Pack of 6,Bagel,CountryStyle,Nuts,Nuts,Spain
6234095824264,Fresh NatureBite Green Tea,Green Tea,NatureBite,Sugar,Sugar,USA
6865456007349,Homestyle NatureBite Tomato Paste,Tomato Paste,NatureBite,Condiments,Condiments,Germany
2876917928824,Artisan OrganicPlus Salt 1L,Salt,OrganicPlus,Health Supplements,Health Supplements,USA
3792863826046,Pure TastyBites Croissant,Croissant,TastyBites,Spices,Spices,Brazil
2829083515431,Golden FreshFarm Cheddar,Cheddar,FreshFarm,Pasta,Pasta,Brazil
9966527839118,Natural FreshFarm Black Tea,Black Tea,FreshFarm,Biscuits,Biscuits,Germany
9663754556931,Farm Fresh NatureBite Pepper,Pepper,NatureBite,Vinegar,Vinegar,Mexico
7057161051375,Premium CountryStyle Green Tea,Green Tea,CountryStyle,Chips,Chips,China
5485750706144,Golden OrganicPlus Syrup,Syrup,OrganicPlus,Cereals,Cereals,Italy
4365496590424,Royal HomeMade Turmeric,Turmeric,HomeMade,Cereals,Cereals,Japan
3328940776987,Royal TastyBites Salt 100g,Salt,TastyBites,Canned Goods,Canned Goods,Japan
3338157513219,Natural PureChoice Chocolate Bar,Chocolate Bar,PureChoice,Juice,Juice,Indonesia
1243508428424,Traditional MorningFresh Biscuits,Biscuits,MorningFresh,Rice,Rice,Brazil
3168037632686,Classic KitchenPride Almonds,Almonds,KitchenPride,Personal Care,Personal Care,Japan
8800842002967,Golden HomeMade Muesli,Muesli,HomeMade,Jam,Jam,Mexico
5272042064335,Artisan QuickMeal Chicken Nuggets,Chicken Nuggets,QuickMeal,Chocolate,Chocolate,India
9153708908747,Premium NatureBite Butter Pack of 6,Butter,NatureBite,Chips,Chips,Mexico
2943100775942,Homestyle HealthyLife Jam,Jam,HealthyLife,Salt,Salt,Vietnam
9323705751113,Farm Fresh CountryStyle Cheese,Cheese,CountryStyle,Nuts,Nuts,Japan
8903703253404,Natural QuickMeal Lentils 1L,Lentils,QuickMeal,Biscuits,Biscuits,Brazil
4880418557087,Artisan FreshFarm Sauce 2L,Sauce,FreshFarm,Vinegar,Vinegar,Mexico
9965966480187,Golden PureChoice Jam,Jam,PureChoice,Pickles,Pickles,Spain
5780723091837,Golden HealthyLife Paratha 100g,Paratha,HealthyLife,Canned Goods,Canned Goods,Germany
5243887761719,Homestyle TastyBites Turmeric Pack of 6,Turmeric,TastyBites,Personal Care,Personal Care,Brazil
9742953622388,Farm Fresh HomeMade Milk 750ml,Milk,HomeMade,Sugar,Sugar,Germany
1022940692744,Artisan GreenLeaf Cornflakes,Cornflakes,GreenLeaf,Nuts,Nuts,Indonesia
8476525146761,Homestyle QuickMeal Chickpeas,Chickpeas,QuickMeal,Flour,Flour,Japan
7277369675544,Fresh OrganicPlus Mineral Water,Mineral Water,OrganicPlus,Coffee,Coffee,Thailand
7276390964025,Artisan TastyBites Sunflower Oil,Sunflower Oil,TastyBites,Pet Food,Pet Food,Mexico
1290178449954,Royal PureChoice Yogurt,Yogurt,PureChoice,Pasta,Pasta,Mexico
4603666010537,Artisan VillageMade Black Tea 200g,Black Tea,VillageMade,Condiments,Condiments,Japan
8763361985741,Royal TastyBites Sauce 500g,Sauce,TastyBites,Pickles,Pickles,USA
5509872924741,Organic KitchenPride Pancake Mix,Pancake Mix,KitchenPride,Biscuits,Biscuits,Japan
2641575517905,Classic LocalBest Pepper,Pepper,LocalBest,Chocolate,Chocolate,Vietnam
1774130102345,Artisan QuickMeal Lentils,Lentils,QuickMeal,Beverages,Beverages,Turkey
4809602735450,Traditional PureChoice Cashews,Cashews,PureChoice,Tea,Tea,Germany
1001192583396,Traditional GoldenHarvest Chickpeas 2L,Chickpeas,GoldenHarvest,Spices,Spices,India
2716865505456,Golden FreshFarm Cake Mix,Cake Mix,FreshFarm,Sauces,Sauces,Brazil
3760900815885,Natural NatureBite Tomato Paste 500g,Tomato Paste,NatureBite,Juice,Juice,Mexico
6188890127215,Artisan NutriWell Butter,Butter,NutriWell,Pasta,Pasta,India
7447622787301,Golden HealthyLife Olive Oil 1L,Olive Oil,HealthyLife,Rice,Rice,Indonesia
3799894147365,Artisan FreshFarm Mineral Water,Mineral Water,FreshFarm,Dairy,Dairy,Spain
2908770897515,Fresh GreenLeaf Sunflower Oil,Sunflower Oil,GreenLeaf,Rice,Rice,Italy
8645507531956,Natural GreenLeaf Chickpeas,Chickpeas,GreenLeaf,Personal Care,Personal Care,Indonesia
6806728815028,Artisan LocalBest Pickle,Pickle,LocalBest,Juice,Juice,France
4029776816537,Pure NutriWell Swiss Cheese,Swiss Cheese,NutriWell,Chocolate,Chocolate,Germany
4448944757212,Traditional SimpleJoy Gum 2L,Gum,SimpleJoy,Frozen Foods,Frozen Foods,Turkey
3029721668528,Royal NatureBite Pasta,Pasta,NatureBite,Health Supplements,Health Supplements,Turkey
7942725821272,Golden HomeMade Brownie Mix,Brownie Mix,HomeMade,Oils,Oils,Spain
5079685492328,Premium NatureBite Pepper,Pepper,NatureBite,Health Supplements,Health Supplements,USA
2471250828198,Classic VillageMade Chapati,Chapati,VillageMade,Chocolate,Chocolate,Thailand
3394654323342,Premium KitchenPride Salt,Salt,KitchenPride,Juice,Juice,Brazil
2574690700661,Farm Fresh LocalBest Jam,Jam,LocalBest,Salt,Salt,Indonesia
6664031670842,Artisan QuickMeal Vinegar 750ml,Vinegar,QuickMeal,Snacks,Snacks,India
1205151172098,Organic FreshFarm Ghee 100g,Ghee,FreshFarm,Frozen Foods,Frozen Foods,Thailand
2452047109853,Royal OrganicPlus Cornflakes 200g,Cornflakes,OrganicPlus,Noodles,Noodles,Vietnam
7535426453473,Organic LocalBest Margarine,Margarine,LocalBest,Rice,Rice,Thailand
7667132898261,Golden FamilyFarm Chips,Chips,FamilyFarm,Chips,Chips,China
2495332697599,Farm Fresh HomeMade Parmesan,Parmesan,HomeMade,Health Supplements,Health Supplements,France
9638412677291,Farm Fresh DailyBasics Sesame Oil,Sesame Oil,DailyBasics,Chips,Chips,Spain
6523510306267,Traditional NatureBite Frozen Veggies,Frozen Veggies,NatureBite,Soup Mix,Soup Mix,India
1047454462924,Golden TastyBites Cumin,Cumin,TastyBites,Honey,Honey,USA
5838348909005,Farm Fresh SimpleJoy Honey,Honey,SimpleJoy,Cereals,Cereals,Mexico
3625998720819,Homestyle TastyBites Samosa 750ml,Samosa,TastyBites,Bakery,Bakery,Thailand
7603842179271,Royal VillageMade Salt 2L,Salt,VillageMade,Bakery,Bakery,Italy
5227140813901,Traditional LocalBest Syrup,Syrup,LocalBest,Jam,Jam,Vietnam
1300642303474,Pure FamilyFarm Ghee,Ghee,FamilyFarm,Canned Goods,Canned Goods,India
5446973389403,Farm Fresh VillageMade Noodles 100g,Noodles,VillageMade,Chocolate,Chocolate,Japan
5551519801566,Golden VillageMade Cereal 2L,Cereal,VillageMade,Coffee,Coffee,Spain
7649441980262,Royal SunValley Sunflower Oil,Sunflower Oil,SunValley,Canned Goods,Canned Goods,Italy
5261757747479,Premium DailyBasics Tofu,Tofu,DailyBasics,Flour,Flour,Germany
6191232064985,Royal FamilyFarm Vinegar,Vinegar,FamilyFarm,Nuts,Nuts,Italy
3788711900380,Organic KitchenPride Cinnamon 250g,Cinnamon,KitchenPride,Pickles,Pickles,Indonesia
8578591431752,Natural HealthyLife Biscuits 1kg,Biscuits,HealthyLife,Frozen Foods,Frozen Foods,France
1721010952693,Traditional SimpleJoy Gum,Gum,SimpleJoy,Pickles,Pickles,Vietnam
1746780854192,Premium TastyBites Green Tea 750ml,Green Tea,TastyBites,Honey,Honey,Spain
4288584231802,Homestyle FreshFarm Cornflakes,Cornflakes,FreshFarm,Baby Food,Baby Food,Italy
8234046614492,Homestyle FamilyFarm Gum,Gum,FamilyFarm,Personal Care,Personal Care,Spain
7477278684276,Natural FamilyFarm Croissant,Croissant,FamilyFarm,Biscuits,Biscuits,Thailand
9191079249352,Pure NatureBite Gouda,Gouda,NatureBite,Honey,Honey,India
2012062147807,Homestyle SunValley Pepper 500g,Pepper,SunValley,Jam,Jam,Mexico
3150528256073,Traditional TastyBites Peas 200g,Peas,TastyBites,Frozen Foods,Frozen Foods,USA
4495998539906,Natural DailyBasics Pancake Mix,Pancake Mix,DailyBasics,Sauces,Sauces,France
3367458052802,Traditional MorningFresh Coconut Milk 100g,Coconut Milk,MorningFresh,Sugar,Sugar,Turkey
9885262356879,Artisan MorningFresh Sunflower Oil 200g,Sunflower Oil,MorningFresh,Soup Mix,Soup Mix,Spain
8163397189849,Farm Fresh FamilyFarm Corn 100g,Corn,FamilyFarm,Oils,Oils,Mexico
1467379839490,Organic PureChoice Pancake Mix,Pancake Mix,PureChoice,Sugar,Sugar,USA
3248629012993,Pure FreshFarm Chapati,Chapati,FreshFarm,Vinegar,Vinegar,Thailand
9751867050756,Homestyle HealthyLife Peas Pack of 12,Peas,HealthyLife,Cereals,Cereals,Indonesia
8309638929549,Organic SunValley Nutella,Nutella,SunValley,Jam,Jam,Brazil
2021712091716,Fresh LocalBest Popcorn,Popcorn,LocalBest,Cereals,Cereals,Turkey
2912492398698,Farm Fresh TastyBites Gum,Gum,TastyBites,Personal Care,Personal Care,France
8168287243903,Natural GreenLeaf Vinegar Pack of 12,Vinegar,GreenLeaf,Cleaning Supplies,Cleaning Supplies,Brazil
5222268538749,Artisan MorningFresh Chocolate Bar,Chocolate Bar,MorningFresh,Canned Goods,Canned Goods,USA
6174279073982,Premium VillageMade Paratha,Paratha,VillageMade,Dairy,Dairy,Turkey
6939046555421,Natural SimpleJoy French Fries,French Fries,SimpleJoy,Dairy,Dairy,Spain
2690901507424,Fresh HomeMade Coconut Oil,Coconut Oil,HomeMade,Snacks,Snacks,India
4397077959967,Organic SunValley Paratha,Paratha,SunValley,Flour,Flour,Germany
7794755383980,Premium NutriWell Tempeh,Tempeh,NutriWell,Juice,Juice,USA
4087878706223,Natural MorningFresh Turmeric,Turmeric,MorningFresh,Salt,Salt,Spain
4227883922829,Traditional PureChoice Cake Mix,Cake Mix,PureChoice,Pet Food,Pet Food,Italy
6107849054551,Royal PureChoice Salt,Salt,PureChoice,Beverages,Beverages,Vietnam
7026672637118,Homestyle OrganicPlus Pepper Pack of 6,Pepper,OrganicPlus,Personal Care,Personal Care,Brazil
1809203867218,Natural GoldenHarvest Mustard,Mustard,GoldenHarvest,Cereals,Cereals,India
8942986085522,Royal FreshFarm Lentils,Lentils,FreshFarm,Bakery,Bakery,Spain
2141205225621,Homestyle CountryStyle Candy,Candy,CountryStyle,Snacks,Snacks,Indonesia
8971439387851,Homestyle GreenLeaf Brownie Mix,Brownie Mix,GreenLeaf,Sugar,Sugar,Vietnam
7613425303020,Golden VillageMade Gum,Gum,VillageMade,Soup Mix,Soup Mix,USA
3552479940749,Farm Fresh GoldenHarvest Margarine,Margarine,GoldenHarvest,Coffee,Coffee,Brazil
6175877732727,Organic FamilyFarm Sesame Oil Pack of 12,Sesame Oil,FamilyFarm,Sauces,Sauces,Brazil
4349604362387,Fresh TastyBites Oats,Oats,TastyBites,Rice,Rice,Vietnam
8563304736918,Traditional VillageMade Muffin 100g,Muffin,VillageMade,Sugar,Sugar,Germany
1406732018189,Farm Fresh HomeMade Frozen Veggies,Frozen Veggies,HomeMade,Cereals,Cereals,France
8347674536171,Organic NutriWell Coconut Milk,Coconut Milk,NutriWell,Juice,Juice,China
4876666391117,Classic LocalBest Oat Milk 500g,Oat Milk,LocalBest,Personal Care,Personal Care,Brazil
3073024303487,Premium CountryStyle Lentils,Lentils,CountryStyle,Honey,Honey,India
8143163014425,Pure GoldenHarvest Sunflower Oil,Sunflower Oil,GoldenHarvest,Rice,Rice,Italy
5680058009159,Fresh VillageMade Margarine,Margarine,VillageMade,Vinegar,Vinegar,Thailand
4813197441537,Organic OrganicPlus Croissant 200g,Croissant,OrganicPlus,Rice,Rice,Vietnam
6517007918188,Pure PureChoice Raisins,Raisins,PureChoice,Sauces,Sauces,Vietnam
8010533585457,Farm Fresh TastyBites Honey,Honey,TastyBites,Nuts,Nuts,Turkey
5782484873043,Golden FreshFarm Salt 250g,Salt,FreshFarm,Baby Food,Baby Food,Vietnam
1018140802339,Organic FamilyFarm Oat Milk,Oat Milk,FamilyFarm,Flour,Flour,Italy
3053231238845,Traditional SunValley Spring Rolls,Spring Rolls,SunValley,Sauces,Sauces,Turkey
6891028209772,Organic DailyBasics Oil,Oil,DailyBasics,Bakery,Bakery,Germany
5911931983063,Fresh LocalBest Gum,Gum,LocalBest,Dried Fruits,Dried Fruits,India
8174541592481,Premium FamilyFarm Condensed Milk,Condensed Milk,FamilyFarm,Noodles,Noodles,Japan
1885380226963,Royal TastyBites Energy Drink,Energy Drink,TastyBites,Biscuits,Biscuits,India
9714040757848,Artisan LocalBest Whole Beans,Whole Beans,LocalBest,Spices,Spices,India
8245021487851,Golden LocalBest Pasta,Pasta,LocalBest,Snacks,Snacks,Spain
2622632919244,Royal OrganicPlus Chicken Nuggets 100g,Chicken Nuggets,OrganicPlus,Spices,Spices,Germany
2175110775362,Homestyle SimpleJoy Rice Pack of 6,Rice,SimpleJoy,Chocolate,Chocolate,USA
4435846263279,Natural NutriWell Muesli,Muesli,NutriWell,Pasta,Pasta,Thailand
4014769018503,Natural SimpleJoy Dates,Dates,SimpleJoy,Health Supplements,Health Supplements,USA
1186677553938,Natural PureChoice Vinegar,Vinegar,PureChoice,Spices,Spices,India
2981611278954,Natural KitchenPride Olive Oil,Olive Oil,KitchenPride,Cleaning Supplies,Cleaning Supplies,Japan
3329237025815,Artisan VillageMade French Fries,French Fries,VillageMade,Jam,Jam,Italy
4346300349414,Natural DailyBasics Cream Pack of 6,Cream,DailyBasics,Chips,Chips,China
3967655919315,Pure NatureBite Almonds,Almonds,NatureBite,Flour,Flour,China
1758105831145,Fresh QuickMeal Ground Coffee,Ground Coffee,QuickMeal,Bakery,Bakery,Mexico
4605417764033,Golden PureChoice Turmeric,Turmeric,PureChoice,Health Supplements,Health Supplements,USA
3495065403917,Artisan OrganicPlus Tomato Paste,Tomato Paste,OrganicPlus,Spices,Spices,Brazil
1245136025374,Premium DailyBasics Evaporated Milk Pack of 12,Evaporated Milk,DailyBasics,Health Supplements,Health Supplements,Turkey
2800374664764,Golden QuickMeal Cornflakes,Cornflakes,QuickMeal,Sugar,Sugar,Brazil
9645037937531,Royal LocalBest Tempeh,Tempeh,LocalBest,Salt,Salt,Turkey
5075178072948,Farm Fresh PureChoice Cinnamon 250g,Cinnamon,PureChoice,Health Supplements,Health Supplements,Japan
6604914776627,Traditional MorningFresh Flour,Flour,MorningFresh,Noodles,Noodles,Indonesia
9667342438335,Royal VillageMade Pancake Mix 1L,Pancake Mix,VillageMade,Flour,Flour,Japan
8976265348147,Artisan NatureBite Chickpeas,Chickpeas,NatureBite,Pet Food,Pet Food,Mexico
8129217556890,Farm Fresh HomeMade Ghee 100g,Ghee,HomeMade,Pickles,Pickles,Vietnam
7614259305822,Farm Fresh DailyBasics Jam,Jam,DailyBasics,Spices,Spices,Brazil
6769641327007,Golden DailyBasics Pickle 750ml,Pickle,DailyBasics,Beverages,Beverages,Vietnam
8872627265073,Fresh QuickMeal Tempeh,Tempeh,QuickMeal,Rice,Rice,Indonesia
4066336354640,Fresh HomeMade Cake Mix,Cake Mix,HomeMade,Flour,Flour,France
1695590961186,Farm Fresh VillageMade Pancake Mix 1kg,Pancake Mix,VillageMade,Coffee,Coffee,Italy
6078978604729,Farm Fresh GreenLeaf Rice,Rice,GreenLeaf,Dairy,Dairy,Turkey
5044697991682,Golden VillageMade Swiss Cheese,Swiss Cheese,VillageMade,Chocolate,Chocolate,Spain
6136648023854,Golden HealthyLife Pasta 750ml,Pasta,HealthyLife,Cleaning Supplies,Cleaning Supplies,Spain
2162344920675,Golden HealthyLife Juice,Juice,HealthyLife,Health Supplements,Health Supplements,Spain
1630986181257,Royal NutriWell Soy Milk,Soy Milk,NutriWell,Oils,Oils,Mexico
8874400141479,Traditional SunValley Fish Fillet,Fish Fillet,SunValley,Oils,Oils,India
5833779560771,Traditional DailyBasics Ghee 200g,Ghee,DailyBasics,Soup Mix,Soup Mix,France
7762393671505,Farm Fresh LocalBest Honey,Honey,LocalBest,Salt,Salt,Spain
3709460839776,Premium FamilyFarm Peanuts,Peanuts,FamilyFarm,Pet Food,Pet Food,Indonesia
1010842158608,Traditional GreenLeaf Coconut Milk,Coconut Milk,GreenLeaf,Coffee,Coffee,Thailand
7867628968137,Traditional LocalBest Peas,Peas,LocalBest,Soup Mix,Soup Mix,Germany
1537035477091,Golden GreenLeaf Noodles,Noodles,GreenLeaf,Health Supplements,Health Supplements,Brazil
5721777649439,Homestyle FamilyFarm Oats,Oats,FamilyFarm,Flour,Flour,Mexico
7206830559254,Pure GreenLeaf Gum,Gum,GreenLeaf,Pasta,Pasta,Japan
4912141282499,Natural CountryStyle Pita Bread 750ml,Pita Bread,CountryStyle,Flour,Flour,Brazil
2401279158482,Golden MorningFresh Tempeh,Tempeh,MorningFresh,Honey,Honey,Indonesia
4128811961376,Classic GreenLeaf Sparkling Water 250g,Sparkling Water,GreenLeaf,Flour,Flour,Germany
4911403513685,Classic LocalBest Chapati 750ml,Chapati,LocalBest,Condiments,Condiments,Mexico
9877437896501,Fresh SimpleJoy Croissant,Croissant,SimpleJoy,Snacks,Snacks,Japan
1276271092778,Pure OrganicPlus Almonds 1kg,Almonds,OrganicPlus,Chocolate,Chocolate,Mexico
4414531652068,Homestyle LocalBest Condensed Milk,Condensed Milk,LocalBest,Cleaning Supplies,Cleaning Supplies,Turkey
2312443069283,Fresh LocalBest Fish Fillet,Fish Fillet,LocalBest,Bakery,Bakery,Mexico
6869951930163,Pure QuickMeal Pepper 200g,Pepper,QuickMeal,Pickles,Pickles,Mexico
6409058322342,Fresh HealthyLife Almonds,Almonds,HealthyLife,Dried Fruits,Dried Fruits,Turkey
4557640665977,Fresh GreenLeaf Ketchup,Ketchup,GreenLeaf,Juice,Juice,Turkey
9372692928756,Royal PureChoice Chapati,Chapati,PureChoice,Salt,Salt,France
6582819936973,Organic LocalBest Rice,Rice,LocalBest,Rice,Rice,Indonesia
2919001620764,Homestyle DailyBasics Sesame Oil,Sesame Oil,DailyBasics,Jam,Jam,Brazil
7736469943825,Pure PureChoice Chapati,Chapati,PureChoice,Personal Care,Personal Care,France
2058973517114,Pure HomeMade Peas 100g,Peas,HomeMade,Biscuits,Biscuits,Thailand
5132315921980,Farm Fresh VillageMade Chapati 750ml,Chapati,VillageMade,Flour,Flour,Brazil
3409005002306,Classic KitchenPride Croissant,Croissant,KitchenPride,Dried Fruits,Dried Fruits,Turkey
8307914511323,Artisan NutriWell Tortilla,Tortilla,NutriWell,Spices,Spices,Brazil
9973637910096,Classic QuickMeal Tomato Paste,Tomato Paste,QuickMeal,Honey,Honey,Indonesia
8424230307882,Classic MorningFresh Cream Cheese Pack of 12,Cream Cheese,MorningFresh,Chips,Chips,Brazil
3265603972435,Homestyle PureChoice Peanut Butter 1L,Peanut Butter,PureChoice,Honey,Honey,India
1111029256024,Organic HomeMade Salt 750ml,Salt,HomeMade,Tea,Tea,Germany
2276602104015,Natural PureChoice Pasta 750ml,Pasta,PureChoice,Canned Goods,Canned Goods,Mexico
6699445523494,Classic NatureBite Fish Fillet,Fish Fillet,NatureBite,Salt,Salt,Spain
4207215954882,Golden HealthyLife Coffee,Coffee,HealthyLife,Personal Care,Personal Care,Spain
7741453289555,Traditional LocalBest Pancake Mix 2L,Pancake Mix,LocalBest,Rice,Rice,France
4908148166601,Traditional NutriWell Cream 1kg,Cream,NutriWell,Sugar,Sugar,Brazil
1114877061257,Premium FamilyFarm Soda 250g,Soda,FamilyFarm,Pickles,Pickles,China
2228183228410,Farm Fresh GreenLeaf Ketchup 200g,Ketchup,GreenLeaf,Pasta,Pasta,Mexico
2107398642281,Premium LocalBest Muesli,Muesli,LocalBest,Beverages,Beverages,Japan
2035484849872,Traditional FreshFarm Tomato Paste Pack of 6,Tomato Paste,FreshFarm,Coffee,Coffee,Italy
9612536386532,Premium VillageMade Soup,Soup,VillageMade,Snacks,Snacks,Spain
8105901675048,Farm Fresh DailyBasics Black Beans,Black Beans,DailyBasics,Oils,Oils,Vietnam
9445409319169,Artisan QuickMeal Almonds 750ml,Almonds,QuickMeal,Biscuits,Biscuits,France
7666371927181,Premium NatureBite Cake Mix,Cake Mix,NatureBite,Frozen Foods,Frozen Foods,Spain
8978940710679,Traditional VillageMade Almond Milk,Almond Milk,VillageMade,Condiments,Condiments,Italy
4199188125187,Royal PureChoice Whole Beans,Whole Beans,PureChoice,Oils,Oils,USA
4488437156625,Artisan SunValley Margarine Pack of 12,Margarine,SunValley,Oils,Oils,Turkey
1515078622202,Classic GreenLeaf Oats,Oats,GreenLeaf,Juice,Juice,Indonesia
5154535603103,Farm Fresh HomeMade Bagel,Bagel,HomeMade,Spices,Spices,Thailand
7398012290340,Royal CountryStyle Cinnamon Pack of 6,Cinnamon,CountryStyle,Juice,Juice,Thailand
5691427400957,Traditional OrganicPlus Noodles 2L,Noodles,OrganicPlus,Pet Food,Pet Food,Mexico
6099814453843,Natural CountryStyle Rice,Rice,CountryStyle,Chocolate,Chocolate,Germany
9765061586961,Pure PureChoice Kidney Beans,Kidney Beans,PureChoice,Noodles,Noodles,Germany
1049129254751,Premium GreenLeaf Cake Mix,Cake Mix,GreenLeaf,Spices,Spices,India
5335044107117,Golden NutriWell Waffle Mix 2L,Waffle Mix,NutriWell,Cereals,Cereals,Mexico
3432355414574,Pure FamilyFarm Croissant,Croissant,FamilyFarm,Rice,Rice,India
3366950276650,Classic NatureBite Iced Tea,Iced Tea,NatureBite,Oils,Oils,India
1785478099492,Homestyle VillageMade Sunflower Oil,Sunflower Oil,VillageMade,Soup Mix,Soup Mix,Spain
9901334584580,Pure GoldenHarvest Whole Beans,Whole Beans,GoldenHarvest,Pickles,Pickles,Japan
7285746204149,Premium VillageMade Pepper,Pepper,VillageMade,Bakery,Bakery,Vietnam
1711970581233,Natural QuickMeal Rice 500g,Rice,QuickMeal,Vinegar,Vinegar,Japan
2925522891236,Artisan GoldenHarvest Cheese 250g,Cheese,GoldenHarvest,Juice,Juice,Turkey
2648698755726,Organic HomeMade Ghee,Ghee,HomeMade,Spices,Spices,Vietnam
7127841489799,Golden DailyBasics Flour,Flour,DailyBasics,Baby Food,Baby Food,China
9996817984290,Natural LocalBest Butter 100g,Butter,LocalBest,Sugar,Sugar,France
4698321811541,Golden OrganicPlus Pancake Mix,Pancake Mix,OrganicPlus,Cereals,Cereals,Brazil
1852112146376,Golden HomeMade Honey,Honey,HomeMade,Spices,Spices,USA
9100137011188,Traditional HomeMade Frozen Pizza,Frozen Pizza,HomeMade,Frozen Foods,Frozen Foods,USA
7730697836824,Traditional HomeMade Biscuits 100g,Biscuits,HomeMade,Cereals,Cereals,Germany
1561445300483,Artisan MorningFresh Sauce,Sauce,MorningFresh,Personal Care,Personal Care,Vietnam
4479991555833,Pure SunValley Coconut Oil,Coconut Oil,SunValley,Sauces,Sauces,Italy
6932983141436,Natural FreshFarm Tortilla,Tortilla,FreshFarm,Soup Mix,Soup Mix,Japan
6303473975103,Farm Fresh HomeMade Biscuits 1kg,Biscuits,HomeMade,Oils,Oils,USA
6004023878389,Organic VillageMade Cream Cheese,Cream Cheese,VillageMade,Personal Care,Personal Care,Brazil
6931014523329,Organic MorningFresh Cake Mix 250g,Cake Mix,MorningFresh,Chips,Chips,Italy
1301200934360,Pure GoldenHarvest Cornflakes 750ml,Cornflakes,GoldenHarvest,Vinegar,Vinegar,Turkey
2163038384289,Royal FreshFarm Tomato Paste 500g,Tomato Paste,FreshFarm,Jam,Jam,Brazil
9734174449557,Organic PureChoice Ghee,Ghee,PureChoice,Soup Mix,Soup Mix,USA
5845332475638,Natural GoldenHarvest Instant Coffee,Instant Coffee,GoldenHarvest,Health Supplements,Health Supplements,Thailand
6400437627179,Premium FreshFarm Ketchup,Ketchup,FreshFarm,Canned Goods,Canned Goods,Indonesia
3747827824640,Organic OrganicPlus Jam 1L,Jam,OrganicPlus,Cereals,Cereals,Thailand
3850201505866,Artisan VillageMade Mustard,Mustard,VillageMade,Bakery,Bakery,Brazil
8791334895153,Royal DailyBasics Corn,Corn,DailyBasics,Snacks,Snacks,Italy
3285902718378,Premium FamilyFarm Candy,Candy,FamilyFarm,Condiments,Condiments,Thailand
5592692003018,Premium FreshFarm Feta,Feta,FreshFarm,Chips,Chips,India
2031864593402,Fresh LocalBest Rice,Rice,LocalBest,Flour,Flour,France
7483044714101,Traditional HealthyLife Margarine,Margarine,HealthyLife,Pickles,Pickles,France
7542729978405,Homestyle GreenLeaf Instant Coffee 1kg,Instant Coffee,GreenLeaf,Baby Food,Baby Food,Turkey
3405638777761,Homestyle KitchenPride Frozen Pizza,Frozen Pizza,KitchenPride,Dairy,Dairy,Spain
1679131553902,Natural KitchenPride Flour,Flour,KitchenPride,Condiments,Condiments,France
5859320150418,Fresh GreenLeaf Chicken Nuggets,Chicken Nuggets,GreenLeaf,Dairy,Dairy,Spain
8878543026387,Fresh CountryStyle Jam,Jam,CountryStyle,Condiments,Condiments,Thailand
2072471818376,Artisan SunValley Juice,Juice,SunValley,Sugar,Sugar,France
5334058655728,Organic TastyBites Frozen Pizza,Frozen Pizza,TastyBites,Bakery,Bakery,Turkey
6063209080522,Classic QuickMeal Chapati,Chapati,QuickMeal,Sauces,Sauces,Vietnam
4076917221415,Fresh SunValley Black Beans,Black Beans,SunValley,Salt,Salt,Brazil
7252082386084,Artisan KitchenPride Instant Coffee,Instant Coffee,KitchenPride,Pet Food,Pet Food,India
3118297463607,Farm Fresh MorningFresh Milk,Milk,MorningFresh,Sauces,Sauces,Germany
3754803104033,Artisan KitchenPride Turmeric 1L,Turmeric,KitchenPride,Rice,Rice,USA
9357378217412,Organic NatureBite Sugar 1L,Sugar,NatureBite,Sugar,Sugar,Italy
6463628615253,Classic CountryStyle Condensed Milk,Condensed Milk,CountryStyle,Canned Goods,Canned Goods,Vietnam
1889558506050,Artisan OrganicPlus Pancake Mix,Pancake Mix,OrganicPlus,Cereals,Cereals,China
1343757803899,Royal QuickMeal Soy Milk,Soy Milk,QuickMeal,Health Supplements,Health Supplements,Vietnam
6540520812232,Natural DailyBasics Oat Milk,Oat Milk,DailyBasics,Oils,Oils,India
9828772780739,Organic CountryStyle Cheddar,Cheddar,CountryStyle,Pet Food,Pet Food,Italy
4492088094129,Artisan NutriWell Pancake Mix,Pancake Mix,NutriWell,Sugar,Sugar,Italy
6148591645618,Fresh SimpleJoy Black Tea 250g,Black Tea,SimpleJoy,Juice,Juice,France
9530015950665,Artisan QuickMeal Cake Mix,Cake Mix,QuickMeal,Oils,Oils,Vietnam
8685080844444,Premium FamilyFarm Soup,Soup,FamilyFarm,Chips,Chips,Germany
8849527525629,Organic QuickMeal Cheese,Cheese,QuickMeal,Salt,Salt,Turkey
3455262388685,Organic NutriWell Ketchup,Ketchup,NutriWell,Soup Mix,Soup Mix,Turkey
4018693071714,Fresh KitchenPride Tea,Tea,KitchenPride,Spices,Spices,Japan
5563951520268,Fresh DailyBasics Pita Bread,Pita Bread,DailyBasics,Cleaning Supplies,Cleaning Supplies,Germany
8892366245743,Premium DailyBasics Chips 100g,Chips,DailyBasics,Health Supplements,Health Supplements,Spain
6097974062044,Golden FreshFarm Samosa 200g,Samosa,FreshFarm,Health Supplements,Health Supplements,Italy
5577980573603,Homestyle HomeMade Tortilla,Tortilla,HomeMade,Cereals,Cereals,France
7265856669281,Farm Fresh TastyBites Samosa,Samosa,TastyBites,Noodles,Noodles,Spain
8698186850139,Organic GreenLeaf Pita Bread,Pita Bread,GreenLeaf,Snacks,Snacks,China
1822658443811,Traditional MorningFresh Frozen Veggies,Frozen Veggies,MorningFresh,Frozen Foods,Frozen Foods,Turkey
4164714837609,Natural CountryStyle Mineral Water,Mineral Water,CountryStyle,Flour,Flour,USA
2480337718185,Premium OrganicPlus Samosa,Samosa,OrganicPlus,Biscuits,Biscuits,Vietnam
8450352690365,Farm Fresh HomeMade Spring Rolls,Spring Rolls,HomeMade,Flour,Flour,Germany
9396007938217,Golden NatureBite Evaporated Milk,Evaporated Milk,NatureBite,Jam,Jam,Mexico
3073238189030,Homestyle DailyBasics Cream Cheese 1L,Cream Cheese,DailyBasics,Cereals,Cereals,Thailand
1774928707090,Artisan TastyBites Bagel,Bagel,TastyBites,Chips,Chips,Japan
4945177375302,Classic SimpleJoy Corn,Corn,SimpleJoy,Soup Mix,Soup Mix,Germany
4197165744601,Homestyle NatureBite Evaporated Milk 1L,Evaporated Milk,NatureBite,Chips,Chips,Turkey
7621163780709,Traditional TastyBites Pita Bread Pack of 12,Pita Bread,TastyBites,Salt,Salt,India
8968305269362,Farm Fresh HomeMade Popcorn,Popcorn,HomeMade,Beverages,Beverages,Brazil
6946643497667,Fresh HomeMade Sparkling Water,Sparkling Water,HomeMade,Jam,Jam,Germany
5276756846077,Golden QuickMeal Black Tea,Black Tea,QuickMeal,Pasta,Pasta,India
5678172879174,Farm Fresh VillageMade Green Tea,Green Tea,VillageMade,Tea,Tea,Germany
3419938799293,Homestyle OrganicPlus Iced Tea,Iced Tea,OrganicPlus,Personal Care,Personal Care,France
8473535796471,Organic DailyBasics Nutella,Nutella,DailyBasics,Canned Goods,Canned Goods,Mexico
7293193465252,Golden LocalBest Olive Oil,Olive Oil,LocalBest,Spices,Spices,Turkey
4598637703570,Royal PureChoice Black Tea,Black Tea,PureChoice,Baby Food,Baby Food,Indonesia
7008661069966,Premium NatureBite Cinnamon 750ml,Cinnamon,NatureBite,Cleaning Supplies,Cleaning Supplies,USA
6847171089377,Royal GreenLeaf Rice,Rice,GreenLeaf,Biscuits,Biscuits,Vietnam
9715786102396,Premium PureChoice Cumin,Cumin,PureChoice,Salt,Salt,Thailand
1556843737232,Natural HealthyLife Chickpeas,Chickpeas,HealthyLife,Sugar,Sugar,Italy
2111731359258,Artisan OrganicPlus Olive Oil 200g,Olive Oil,OrganicPlus,Personal Care,Personal Care,Brazil
5551377679413,Pure CountryStyle Tortilla 100g,Tortilla,CountryStyle,Health Supplements,Health Supplements,Spain
1050377757767,Traditional VillageMade Frozen Pizza,Frozen Pizza,VillageMade,Biscuits,Biscuits,USA
5765020761666,Traditional PureChoice Paratha 750ml,Paratha,PureChoice,Oils,Oils,Italy
7625530754416,Homestyle KitchenPride Pita Bread,Pita Bread,KitchenPride,Health Supplements,Health Supplements,Germany
6482269544092,Farm Fresh CountryStyle Mineral Water,Mineral Water,CountryStyle,Frozen Foods,Frozen Foods,Thailand
1866122703785,Fresh LocalBest Noodles,Noodles,LocalBest,Oils,Oils,India
9404310598002,Classic SimpleJoy Cinnamon 100g,Cinnamon,SimpleJoy,Jam,Jam,USA
9345423751641,Fresh NatureBite Instant Coffee,Instant Coffee,NatureBite,Health Supplements,Health Supplements,Vietnam
7948430320484,Natural MorningFresh Herbal Tea,Herbal Tea,MorningFresh,Pasta,Pasta,USA
6764962396189,Classic NatureBite Waffle Mix,Waffle Mix,NatureBite,Beverages,Beverages,India
6298153114613,Premium FamilyFarm Crackers 1kg,Crackers,FamilyFarm,Oils,Oils,India
5822669242714,Royal LocalBest Croissant,Croissant,LocalBest,Pet Food,Pet Food,Italy
6746881000498,Traditional GreenLeaf Cumin,Cumin,GreenLeaf,Nuts,Nuts,Thailand
9621563536556,Artisan VillageMade Raisins Pack of 12,Raisins,VillageMade,Noodles,Noodles,Vietnam
6428636761449,Classic SunValley Mayonnaise Pack of 12,Mayonnaise,SunValley,Snacks,Snacks,Italy
5265464546444,Classic SimpleJoy Cumin 250g,Cumin,SimpleJoy,Oils,Oils,Vietnam
6920263382607,Royal NatureBite Gum,Gum,NatureBite,Honey,Honey,Germany
7105760899154,Natural FreshFarm Oil,Oil,FreshFarm,Salt,Salt,Brazil
4285029682882,Fresh HomeMade Cereal,Cereal,HomeMade,Noodles,Noodles,Italy
9339351786681,Homestyle HomeMade Green Tea Pack of 12,Green Tea,HomeMade,Canned Goods,Canned Goods,Italy
2821185314131,Fresh QuickMeal Cereal 200g,Cereal,QuickMeal,Frozen Foods,Frozen Foods,Thailand
9855585993667,Homestyle FamilyFarm Tortilla,Tortilla,FamilyFarm,Bakery,Bakery,India
2902734996827,Artisan FamilyFarm Pancake Mix 2L,Pancake Mix,FamilyFarm,Pet Food,Pet Food,Spain
4445112892223,Fresh CountryStyle Cereal,Cereal,CountryStyle,Jam,Jam,France
1240076926731,Homestyle HomeMade Cream 1L,Cream,HomeMade,Chocolate,Chocolate,Turkey
8476730561197,Fresh PureChoice Jam 100g,Jam,PureChoice,Juice,Juice,Spain
5025463374628,Royal OrganicPlus Sunflower Oil,Sunflower Oil,OrganicPlus,Salt,Salt,Thailand
7789181490122,Farm Fresh NutriWell Oil,Oil,NutriWell,Spices,Spices,Thailand
5659968224312,Farm Fresh HealthyLife Cereal,Cereal,HealthyLife,Tea,Tea,Spain
7366229094846,Homestyle NatureBite Oil,Oil,NatureBite,Salt,Salt,China
6018099889688,Golden MorningFresh Frozen Pizza 500g,Frozen Pizza,MorningFresh,Canned Goods,Canned Goods,USA
3710955650792,Royal HealthyLife Cream Pack of 12,Cream,HealthyLife,Pet Food,Pet Food,Japan
2494576847358,Artisan SimpleJoy Whole Beans 500g,Whole Beans,SimpleJoy,Chips,Chips,Japan
3928060717422,Artisan FreshFarm Vinegar,Vinegar,FreshFarm,Health Supplements,Health Supplements,Italy
3987944679805,Fresh GoldenHarvest Frozen Veggies Pack of 6,Frozen Veggies,GoldenHarvest,Bakery,Bakery,Vietnam
2184752962750,Pure SimpleJoy Margarine 100g,Margarine,SimpleJoy,Chocolate,Chocolate,Thailand
1580655363059,Traditional TastyBites Syrup,Syrup,TastyBites,Health Supplements,Health Supplements,Spain
3550479327797,Homestyle TastyBites Nutella,Nutella,TastyBites,Tea,Tea,China
1627115971552,Royal PureChoice Margarine,Margarine,PureChoice,Flour,Flour,France
9888323882804,Homestyle DailyBasics Samosa 750ml,Samosa,DailyBasics,Oils,Oils,China
5472152317510,Golden QuickMeal Soda,Soda,QuickMeal,Bakery,Bakery,Turkey
4700250634769,Farm Fresh DailyBasics Soda,Soda,DailyBasics,Juice,Juice,France
2883568520802,Organic MorningFresh Coconut Milk,Coconut Milk,MorningFresh,Cereals,Cereals,Brazil
9029598688283,Farm Fresh QuickMeal Samosa 1L,Samosa,QuickMeal,Salt,Salt,Germany
3726343926462,Royal NatureBite Waffle Mix,Waffle Mix,NatureBite,Dried Fruits,Dried Fruits,France
2840304757820,Homestyle NutriWell Swiss Cheese,Swiss Cheese,NutriWell,Chocolate,Chocolate,Italy
1640948926882,Fresh LocalBest Peas,Peas,LocalBest,Vinegar,Vinegar,Indonesia
4076281635395,Homestyle SunValley Pasta 500g,Pasta,SunValley,Noodles,Noodles,Brazil
5142588141846,Natural PureChoice Muffin,Muffin,PureChoice,Cereals,Cereals,Japan
1530428328673,Traditional GreenLeaf Parmesan Pack of 12,Parmesan,GreenLeaf,Juice,Juice,Brazil
4732000691149,Premium PureChoice Jam,Jam,PureChoice,Cereals,Cereals,India
5046654252589,Premium FreshFarm Milk,Milk,FreshFarm,Personal Care,Personal Care,Italy
8634138192622,Traditional NatureBite Chips Pack of 6,Chips,NatureBite,Baby Food,Baby Food,Indonesia
3140552575080,Organic DailyBasics Bagel 500g,Bagel,DailyBasics,Pickles,Pickles,Italy
2635510058341,Homestyle TastyBites Butter 1kg,Butter,TastyBites,Dried Fruits,Dried Fruits,Japan
2498700514117,Pure NatureBite Samosa 1kg,Samosa,NatureBite,Sugar,Sugar,Vietnam
3433706773469,Natural HealthyLife Peanuts,Peanuts,HealthyLife,Dried Fruits,Dried Fruits,Turkey
1610304794569,Organic FreshFarm Muesli,Muesli,FreshFarm,Flour,Flour,Brazil
7506890521519,Homestyle CountryStyle Cashews,Cashews,CountryStyle,Canned Goods,Canned Goods,Thailand
1810413219896,Traditional SimpleJoy Ground Coffee,Ground Coffee,SimpleJoy,Frozen Foods,Frozen Foods,USA
7913382532369,Classic DailyBasics Crackers 500g,Crackers,DailyBasics,Chips,Chips,India
8863259466737,Farm Fresh PureChoice Almonds,Almonds,PureChoice,Biscuits,Biscuits,Vietnam
9257584068769,Organic LocalBest Paratha,Paratha,LocalBest,Sauces,Sauces,Italy
6176304472558,Farm Fresh SimpleJoy Jam,Jam,SimpleJoy,Flour,Flour,Brazil
3081194060697,Artisan OrganicPlus Chapati 200g,Chapati,OrganicPlus,Pickles,Pickles,India
8544502451820,Premium NutriWell Soda Pack of 12,Soda,NutriWell,Soup Mix,Soup Mix,Italy
5164377533755,Premium DailyBasics Rice,Rice,DailyBasics,Jam,Jam,France
7688066259377,Organic DailyBasics Crackers,Crackers,DailyBasics,Beverages,Beverages,Vietnam
7354236548484,Classic MorningFresh Samosa 200g,Samosa,MorningFresh,Soup Mix,Soup Mix,France
6117268498068,Royal HomeMade Tea,Tea,HomeMade,Vinegar,Vinegar,Germany
2696832607994,Farm Fresh VillageMade Tofu,Tofu,VillageMade,Frozen Foods,Frozen Foods,Germany
8662813377031,Homestyle GreenLeaf Cereal,Cereal,GreenLeaf,Baby Food,Baby Food,Thailand
8903059576946,Organic QuickMeal Cheddar 750ml,Cheddar,QuickMeal,Biscuits,Biscuits,Brazil
7096936081247,Golden GoldenHarvest Gum,Gum,GoldenHarvest,Dairy,Dairy,Thailand
3222670476238,Organic HomeMade Cake Mix,Cake Mix,HomeMade,Pickles,Pickles,France
1003566989850,Royal FreshFarm Cake Mix 100g,Cake Mix,FreshFarm,Canned Goods,Canned Goods,Japan
4862890572834,Royal KitchenPride Raisins,Raisins,KitchenPride,Bakery,Bakery,France
4715884058435,Premium OrganicPlus Chocolate Bar Pack of 6,Chocolate Bar,OrganicPlus,Spices,Spices,Spain
6770765417550,Royal QuickMeal Margarine,Margarine,QuickMeal,Frozen Foods,Frozen Foods,France
3831168431606,Royal NutriWell Cumin,Cumin,NutriWell,Pasta,Pasta,Italy
7850784170669,Farm Fresh GoldenHarvest Cream Cheese,Cream Cheese,GoldenHarvest,Canned Goods,Canned Goods,India
7183835076818,Farm Fresh NatureBite Coconut Milk,Coconut Milk,NatureBite,Pickles,Pickles,India
4133652885908,Artisan PureChoice Cheddar 200g,Cheddar,PureChoice,Dried Fruits,Dried Fruits,Brazil
2423469859787,Royal GoldenHarvest Salt,Salt,GoldenHarvest,Noodles,Noodles,India
4509573101953,Organic NutriWell Sugar,Sugar,NutriWell,Salt,Salt,Germany
1077372572429,Artisan DailyBasics Turmeric Pack of 12,Turmeric,DailyBasics,Nuts,Nuts,Spain
6758311515483,Royal TastyBites Gum 250g,Gum,TastyBites,Personal Care,Personal Care,France
8253587572349,Classic LocalBest Pasta,Pasta,LocalBest,Baby Food,Baby Food,Vietnam
8271875988970,Royal LocalBest Tea Pack of 6,Tea,LocalBest,Rice,Rice,France
2454011441528,Natural DailyBasics Sesame Oil,Sesame Oil,DailyBasics,Honey,Honey,India
7185413167574,Farm Fresh LocalBest Almond Milk,Almond Milk,LocalBest,Oils,Oils,USA
4750781066504,Royal NutriWell Soda,Soda,NutriWell,Coffee,Coffee,Thailand
8400878840050,Farm Fresh SimpleJoy Butter Pack of 6,Butter,SimpleJoy,Salt,Salt,India
8553753682566,Artisan CountryStyle Cornflakes,Cornflakes,CountryStyle,Chocolate,Chocolate,China
4433840869381,Farm Fresh GreenLeaf Crackers,Crackers,GreenLeaf,Tea,Tea,Italy
6243510005816,Traditional VillageMade Sauce,Sauce,VillageMade,Honey,Honey,India
7919407581712,Classic LocalBest Cream,Cream,LocalBest,Frozen Foods,Frozen Foods,Thailand
7987743947274,Premium CountryStyle Soup,Soup,CountryStyle,Beverages,Beverages,Germany
6866654388378,Classic NatureBite Biscuits,Biscuits,NatureBite,Nuts,Nuts,Indonesia
2753349836594,Fresh NutriWell Coffee 1L,Coffee,NutriWell,Condiments,Condiments,Germany
3499752985579,Classic HealthyLife Cheddar 2L,Cheddar,HealthyLife,Vinegar,Vinegar,India
3955698342813,Golden SimpleJoy Flour 750ml,Flour,SimpleJoy,Tea,Tea,Thailand
5715582752784,Royal GreenLeaf Juice 200g,Juice,GreenLeaf,Pasta,Pasta,Brazil
7285967634414,Organic GreenLeaf Bread 100g,Bread,GreenLeaf,Frozen Foods,Frozen Foods,Thailand
6931826550496,Natural GreenLeaf Corn 750ml,Corn,GreenLeaf,Chocolate,Chocolate,France
6976952231752,Organic HealthyLife Whole Beans,Whole Beans,HealthyLife,Pet Food,Pet Food,USA
8794356260382,Royal HomeMade Cornflakes,Cornflakes,HomeMade,Bakery,Bakery,Thailand
1846391006648,Organic HealthyLife Iced Tea Pack of 12,Iced Tea,HealthyLife,Juice,Juice,China
4573465209569,Royal PureChoice Brownie Mix,Brownie Mix,PureChoice,Jam,Jam,Brazil
1553783151813,Natural NatureBite Instant Coffee,Instant Coffee,NatureBite,Chips,Chips,USA
6925568557337,Pure GreenLeaf Peanut Butter 750ml,Peanut Butter,GreenLeaf,Jam,Jam,Vietnam
5285303803243,Classic CountryStyle Tempeh,Tempeh,CountryStyle,Dairy,Dairy,Thailand
2242911662357,Organic KitchenPride Butter Pack of 12,Butter,KitchenPride,Beverages,Beverages,Japan
7996584281257,Pure VillageMade Instant Coffee,Instant Coffee,VillageMade,Health Supplements,Health Supplements,Italy
8729726210343,Artisan NatureBite Cumin 500g,Cumin,NatureBite,Baby Food,Baby Food,Spain
3206239737275,Royal SunValley Ketchup,Ketchup,SunValley,Chips,Chips,China
1361743742075,Organic OrganicPlus Iced Tea,Iced Tea,OrganicPlus,Spices,Spices,Thailand
1138848096759,Natural GoldenHarvest Pickle 200g,Pickle,GoldenHarvest,Pet Food,Pet Food,Mexico
7678611302177,Classic HomeMade Turmeric 250g,Turmeric,HomeMade,Chips,Chips,USA
4230909640426,Pure GreenLeaf Butter,Butter,GreenLeaf,Rice,Rice,Mexico
4894630288322,Homestyle PureChoice Cashews,Cashews,PureChoice,Dairy,Dairy,Germany
1818950477927,Classic FreshFarm Cinnamon,Cinnamon,FreshFarm,Health Supplements,Health Supplements,Spain
8283893124561,Farm Fresh TastyBites Turmeric,Turmeric,TastyBites,Cereals,Cereals,USA
7907956791461,Artisan HomeMade Mayonnaise,Mayonnaise,HomeMade,Beverages,Beverages,China
9031211293427,Classic CountryStyle Olive Oil,Olive Oil,CountryStyle,Health Supplements,Health Supplements,France
2542692415427,Premium CountryStyle Pancake Mix 1kg,Pancake Mix,CountryStyle,Spices,Spices,Italy
5058943493780,Natural GreenLeaf Herbal Tea 250g,Herbal Tea,GreenLeaf,Soup Mix,Soup Mix,Thailand
2366600777372,Homestyle NutriWell Frozen Pizza Pack of 12,Frozen Pizza,NutriWell,Pasta,Pasta,India
8829327369864,Fresh GoldenHarvest Tea 500g,Tea,GoldenHarvest,Beverages,Beverages,Brazil
8590019154670,Royal PureChoice Vinegar,Vinegar,PureChoice,Spices,Spices,USA
3189512807885,Farm Fresh OrganicPlus Cake Mix 750ml,Cake Mix,OrganicPlus,Condiments,Condiments,Italy
9848113943414,Traditional VillageMade Ketchup,Ketchup,VillageMade,Frozen Foods,Frozen Foods,Indonesia
9159362508506,Royal GreenLeaf Frozen Veggies 200g,Frozen Veggies,GreenLeaf,Vinegar,Vinegar,Spain
1783903532489,Royal MorningFresh Oil 2L,Oil,MorningFresh,Health Supplements,Health Supplements,Vietnam
2182043492677,Farm Fresh LocalBest Mineral Water Pack of 6,Mineral Water,LocalBest,Baby Food,Baby Food,Brazil
9958458702391,Homestyle HealthyLife Cashews 200g,Cashews,HealthyLife,Cleaning Supplies,Cleaning Supplies,Brazil
9387014536006,Premium NatureBite Milk,Milk,NatureBite,Juice,Juice,Germany
5024295804217,Premium HomeMade Almond Milk,Almond Milk,HomeMade,Frozen Foods,Frozen Foods,China
9569656954508,Homestyle SunValley Soy Milk Pack of 6,Soy Milk,SunValley,Cereals,Cereals,USA
3242028959659,Organic SunValley Evaporated Milk 1kg,Evaporated Milk,SunValley,Rice,Rice,Mexico
3310058362037,Premium NutriWell Kidney Beans,Kidney Beans,NutriWell,Pasta,Pasta,Indonesia
2816237776452,Natural SunValley Energy Drink,Energy Drink,SunValley,Pasta,Pasta,Spain
8349090782016,Classic KitchenPride Oil,Oil,KitchenPride,Sauces,Sauces,India
2012860140557,Classic LocalBest Kidney Beans,Kidney Beans,LocalBest,Noodles,Noodles,France
7259741312381,Traditional PureChoice Brownie Mix,Brownie Mix,PureChoice,Tea,Tea,Brazil
2248838643306,Golden GreenLeaf Rice 200g,Rice,GreenLeaf,Sugar,Sugar,Japan
2304563229253,Artisan SimpleJoy Crackers 100g,Crackers,SimpleJoy,Spices,Spices,Germany
4837685933029,Fresh FreshFarm Margarine,Margarine,FreshFarm,Health Supplements,Health Supplements,Turkey
2173711077787,Pure SimpleJoy Sparkling Water,Sparkling Water,SimpleJoy,Frozen Foods,Frozen Foods,Vietnam
4572848579193,Fresh OrganicPlus Herbal Tea,Herbal Tea,OrganicPlus,Bakery,Bakery,Thailand
7484905828557,Traditional SimpleJoy Swiss Cheese,Swiss Cheese,SimpleJoy,Dairy,Dairy,Italy
2478125758128,Pure SimpleJoy Samosa,Samosa,SimpleJoy,Bakery,Bakery,China
6049082865881,Homestyle NatureBite Crackers,Crackers,NatureBite,Salt,Salt,Italy
4457361470705,Golden LocalBest Popcorn 500g,Popcorn,LocalBest,Sugar,Sugar,Thailand
6317206174885,Golden SimpleJoy Syrup,Syrup,SimpleJoy,Sauces,Sauces,Brazil
3971458131570,Traditional KitchenPride Sauce 200g,Sauce,KitchenPride,Frozen Foods,Frozen Foods,China
3585435697084,Homestyle KitchenPride Ketchup,Ketchup,KitchenPride,Honey,Honey,Japan
5687186120713,Golden PureChoice Honey,Honey,PureChoice,Cleaning Supplies,Cleaning Supplies,Japan
9674695566269,Pure LocalBest Tempeh,Tempeh,LocalBest,Sugar,Sugar,Brazil
5224699354878,Royal DailyBasics Popcorn,Popcorn,DailyBasics,Vinegar,Vinegar,China
4535705567892,Farm Fresh TastyBites Raisins 1kg,Raisins,TastyBites,Soup Mix,Soup Mix,Brazil
7433384110969,Golden GoldenHarvest Butter,Butter,GoldenHarvest,Tea,Tea,Mexico
1613386770270,Royal DailyBasics Pepper,Pepper,DailyBasics,Pickles,Pickles,Turkey
8136086050240,Organic QuickMeal Energy Drink,Energy Drink,QuickMeal,Soup Mix,Soup Mix,Vietnam
7870778429765,Royal QuickMeal Muffin,Muffin,QuickMeal,Soup Mix,Soup Mix,Italy
6904015494973,Natural TastyBites Soda,Soda,TastyBites,Baby Food,Baby Food,Turkey
7911765690530,Traditional LocalBest Peas 1L,Peas,LocalBest,Canned Goods,Canned Goods,Italy
3225997184339,Fresh MorningFresh Cereal,Cereal,MorningFresh,Snacks,Snacks,Spain
6389925812209,Farm Fresh MorningFresh Tea,Tea,MorningFresh,Flour,Flour,Germany
6682854175083,Classic SimpleJoy Cake Mix,Cake Mix,SimpleJoy,Noodles,Noodles,Brazil
5217325617261,Organic QuickMeal Ice Cream,Ice Cream,QuickMeal,Pickles,Pickles,Vietnam
3091594523338,Homestyle SimpleJoy Oats,Oats,SimpleJoy,Chips,Chips,India
5659840474244,Golden CountryStyle Pita Bread,Pita Bread,CountryStyle,Spices,Spices,Italy
3047911608769,Homestyle MorningFresh Ghee 500g,Ghee,MorningFresh,Bakery,Bakery,France
8260928135218,Natural NutriWell Almond Milk,Almond Milk,NutriWell,Snacks,Snacks,India
9719307519234,Farm Fresh GoldenHarvest Feta 250g,Feta,GoldenHarvest,Cereals,Cereals,USA
8857853047542,Fresh QuickMeal Croissant,Croissant,QuickMeal,Juice,Juice,Thailand
5916268423873,Royal KitchenPride Cereal Pack of 6,Cereal,KitchenPride,Soup Mix,Soup Mix,China
1856837623228,Fresh SunValley French Fries,French Fries,SunValley,Spices,Spices,Turkey
8230702154761,Classic HomeMade Tomato Paste,Tomato Paste,HomeMade,Noodles,Noodles,France
3321227815502,Pure SimpleJoy Ground Coffee,Ground Coffee,SimpleJoy,Sugar,Sugar,Mexico
9234289735713,Organic QuickMeal Chips 100g,Chips,QuickMeal,Jam,Jam,Turkey
2106113035031,Organic MorningFresh Energy Drink,Energy Drink,MorningFresh,Dairy,Dairy,India
9508982975670,Golden HomeMade Cereal,Cereal,HomeMade,Oils,Oils,Thailand
3109665892121,Traditional LocalBest Flour,Flour,LocalBest,Cereals,Cereals,Vietnam
4830760672402,Traditional DailyBasics Chapati,Chapati,DailyBasics,Spices,Spices,India
3139746090417,Natural LocalBest Mineral Water,Mineral Water,LocalBest,Rice,Rice,Spain
7875278701855,Premium FreshFarm Corn,Corn,FreshFarm,Oils,Oils,Germany
9529186339187,Natural HomeMade Dates Pack of 12,Dates,HomeMade,Jam,Jam,Turkey
3608052882383,Premium NutriWell Honey,Honey,NutriWell,Sauces,Sauces,Spain
1022223476485,Homestyle OrganicPlus Soda,Soda,OrganicPlus,Tea,Tea,Vietnam
4965775399359,Premium KitchenPride Mustard,Mustard,KitchenPride,Cleaning Supplies,Cleaning Supplies,Thailand
1614060033647,Artisan DailyBasics Iced Tea Pack of 6,Iced Tea,DailyBasics,Soup Mix,Soup Mix,India
4296436579848,Traditional OrganicPlus Syrup 200g,Syrup,OrganicPlus,Cleaning Supplies,Cleaning Supplies,Vietnam
4516949175156,Traditional PureChoice Sugar,Sugar,PureChoice,Cereals,Cereals,Brazil
2754049292289,Classic VillageMade Coconut Milk,Coconut Milk,VillageMade,Oils,Oils,Indonesia
9675228477004,Golden KitchenPride Cream Cheese 1kg,Cream Cheese,KitchenPride,Health Supplements,Health Supplements,Turkey
9415569816993,Natural NutriWell Almonds 250g,Almonds,NutriWell,Rice,Rice,Mexico
4813777080701,Royal HomeMade Honey Pack of 6,Honey,HomeMade,Snacks,Snacks,Japan
6139389770265,Homestyle GoldenHarvest Honey,Honey,GoldenHarvest,Rice,Rice,Indonesia
4140411936135,Royal SimpleJoy Coconut Water,Coconut Water,SimpleJoy,Oils,Oils,Turkey
4712301440548,Classic NatureBite Soy Milk 500g,Soy Milk,NatureBite,Baby Food,Baby Food,Turkey
5306987784326,Fresh PureChoice Coconut Milk,Coconut Milk,PureChoice,Biscuits,Biscuits,Italy
5851130240325,Fresh TastyBites Feta,Feta,TastyBites,Dried Fruits,Dried Fruits,Mexico
6364198450429,Fresh VillageMade Soy Milk,Soy Milk,VillageMade,Beverages,Beverages,Japan
4865778674893,Traditional SimpleJoy Cereal,Cereal,SimpleJoy,Cleaning Supplies,Cleaning Supplies,Vietnam
5030394288933,Pure OrganicPlus Gouda,Gouda,OrganicPlus,Vinegar,Vinegar,USA
1792319004953,Classic QuickMeal Peanuts,Peanuts,QuickMeal,Oils,Oils,Japan
2183949345797,Classic KitchenPride Tea 1kg,Tea,KitchenPride,Canned Goods,Canned Goods,USA
6803970644540,Traditional FreshFarm Coriander,Coriander,FreshFarm,Frozen Foods,Frozen Foods,Germany
7613050895548,Pure CountryStyle Ketchup,Ketchup,CountryStyle,Pet Food,Pet Food,Thailand
4254747062749,Organic FreshFarm Fish Fillet 100g,Fish Fillet,FreshFarm,Chocolate,Chocolate,Brazil
2249899516512,Pure OrganicPlus Soy Milk,Soy Milk,OrganicPlus,Frozen Foods,Frozen Foods,Brazil
2289810809639,Natural TastyBites Cake Mix 1L,Cake Mix,TastyBites,Flour,Flour,France
8987124190766,Traditional CountryStyle Sugar 2L,Sugar,CountryStyle,Juice,Juice,USA
8499721455423,Artisan TastyBites Fish Fillet,Fish Fillet,TastyBites,Oils,Oils,Brazil
1497205345604,Artisan CountryStyle Raisins Pack of 6,Raisins,CountryStyle,Baby Food,Baby Food,Japan
8393978170596,Classic SunValley Pepper Pack of 12,Pepper,SunValley,Nuts,Nuts,Mexico
7724930785833,Classic SunValley Popcorn,Popcorn,SunValley,Cleaning Supplies,Cleaning Supplies,Japan
4196893928958,Natural HomeMade Noodles,Noodles,HomeMade,Cereals,Cereals,Germany
7189345313273,Organic GoldenHarvest Ghee,Ghee,GoldenHarvest,Vinegar,Vinegar,China
5977837835808,Pure NutriWell Evaporated Milk 1kg,Evaporated Milk,NutriWell,Baby Food,Baby Food,India
1879226906034,Organic KitchenPride Sauce 2L,Sauce,KitchenPride,Flour,Flour,China
9733537933510,Traditional CountryStyle Crackers,Crackers,CountryStyle,Noodles,Noodles,China
8383431149378,Natural GoldenHarvest Sparkling Water,Sparkling Water,GoldenHarvest,Dairy,Dairy,China
6819070375311,Organic KitchenPride Rice,Rice,KitchenPride,Dried Fruits,Dried Fruits,Indonesia
9273054442345,Natural CountryStyle Sugar 1kg,Sugar,CountryStyle,Salt,Salt,Germany
8763000499854,Fresh CountryStyle Chips,Chips,CountryStyle,Pasta,Pasta,Germany
7690253142783,Natural SunValley Almonds,Almonds,SunValley,Pickles,Pickles,Germany
4152540170460,Classic PureChoice Dates,Dates,PureChoice,Spices,Spices,France
8504194218804,Homestyle DailyBasics Pepper Pack of 12,Pepper,DailyBasics,Chips,Chips,Spain
7134903243455,Homestyle KitchenPride Black Tea,Black Tea,KitchenPride,Honey,Honey,Vietnam
6140746625875,Royal HealthyLife Mayonnaise 200g,Mayonnaise,HealthyLife,Nuts,Nuts,Germany
7958368051773,Pure CountryStyle Syrup,Syrup,CountryStyle,Coffee,Coffee,Turkey
5547759299328,Homestyle NutriWell Brownie Mix,Brownie Mix,NutriWell,Biscuits,Biscuits,Italy
1301780698878,Farm Fresh VillageMade Sunflower Oil,Sunflower Oil,VillageMade,Tea,Tea,India
6774984340031,Farm Fresh HomeMade Herbal Tea,Herbal Tea,HomeMade,Baby Food,Baby Food,Indonesia
4848012294250,Pure VillageMade Oat Milk,Oat Milk,VillageMade,Personal Care,Personal Care,Germany
2753504617424,Natural PureChoice Pickle Pack of 12,Pickle,PureChoice,Noodles,Noodles,Brazil
3023674073546,Artisan NatureBite Sunflower Oil,Sunflower Oil,NatureBite,Nuts,Nuts,Turkey
7118260679792,Natural KitchenPride Candy,Candy,KitchenPride,Baby Food,Baby Food,Vietnam
3321797494667,Premium TastyBites Sugar,Sugar,TastyBites,Nuts,Nuts,China
8613115942029,Homestyle DailyBasics Mineral Water,Mineral Water,DailyBasics,Tea,Tea,Germany
3486903685595,Royal PureChoice Coconut Water,Coconut Water,PureChoice,Cereals,Cereals,Mexico
6864612361626,Traditional FamilyFarm Coconut Water 1L,Coconut Water,FamilyFarm,Sauces,Sauces,Thailand
6933851011182,Golden OrganicPlus Tofu Pack of 6,Tofu,OrganicPlus,Salt,Salt,Vietnam
5591615465880,Royal VillageMade Soda,Soda,VillageMade,Chocolate,Chocolate,Indonesia
7976432442854,Traditional DailyBasics Mayonnaise,Mayonnaise,DailyBasics,Health Supplements,Health Supplements,Spain
1843406965403,Natural GreenLeaf Gum,Gum,GreenLeaf,Sugar,Sugar,Brazil
3386888825994,Organic SunValley Cinnamon,Cinnamon,SunValley,Chips,Chips,Brazil
8152259243028,Natural PureChoice Soy Milk,Soy Milk,PureChoice,Tea,Tea,Japan
8312523037556,Farm Fresh SimpleJoy Tomato Paste Pack of 6,Tomato Paste,SimpleJoy,Snacks,Snacks,India
5938612621572,Traditional CountryStyle Olive Oil 250g,Olive Oil,CountryStyle,Frozen Foods,Frozen Foods,Japan
8707264247476,Homestyle NutriWell Cheese,Cheese,NutriWell,Dairy,Dairy,China
2027865289590,Premium VillageMade Mustard 750ml,Mustard,VillageMade,Bakery,Bakery,Brazil
5934678279560,Traditional MorningFresh Iced Tea,Iced Tea,MorningFresh,Honey,Honey,Indonesia
4496788353450,Natural FamilyFarm Sauce Pack of 12,Sauce,FamilyFarm,Tea,Tea,India
1284053211984,Premium SimpleJoy Cashews,Cashews,SimpleJoy,Condiments,Condiments,Mexico
5037312039649,Organic SunValley Mayonnaise,Mayonnaise,SunValley,Soup Mix,Soup Mix,France
3163341775395,Golden NutriWell Instant Coffee,Instant Coffee,NutriWell,Beverages,Beverages,France
8511278907851,Premium OrganicPlus Ghee,Ghee,OrganicPlus,Jam,Jam,Vietnam
6548298155405,Natural NatureBite Coconut Oil,Coconut Oil,NatureBite,Pickles,Pickles,Mexico
2374630267812,Premium CountryStyle Mustard,Mustard,CountryStyle,Chocolate,Chocolate,Turkey
3999981554366,Natural SunValley Flour,Flour,SunValley,Pasta,Pasta,India
9062924946873,Fresh CountryStyle Mozzarella 100g,Mozzarella,CountryStyle,Frozen Foods,Frozen Foods,France
3867825681579,Premium HomeMade Almond Milk,Almond Milk,HomeMade,Pickles,Pickles,India
5556235849493,Golden NutriWell Pita Bread 200g,Pita Bread,NutriWell,Baby Food,Baby Food,Japan
6650008828729,Homestyle PureChoice Black Tea,Black Tea,PureChoice,Oils,Oils,China
7794853210107,Classic VillageMade Evaporated Milk,Evaporated Milk,VillageMade,Noodles,Noodles,Brazil
6970641648077,Farm Fresh GreenLeaf Cheese,Cheese,GreenLeaf,Dairy,Dairy,Vietnam
7778932606722,Traditional VillageMade Sunflower Oil,Sunflower Oil,VillageMade,Chocolate,Chocolate,Spain
9539457582660,Natural SunValley Condensed Milk,Condensed Milk,SunValley,Canned Goods,Canned Goods,Vietnam
2753146838657,Premium DailyBasics Juice 200g,Juice,DailyBasics,Personal Care,Personal Care,France
5144823673086,Royal VillageMade Dates,Dates,VillageMade,Bakery,Bakery,Japan
8993251681596,Organic OrganicPlus Feta,Feta,OrganicPlus,Dairy,Dairy,Vietnam
7198286565487,Fresh LocalBest Pancake Mix,Pancake Mix,LocalBest,Jam,Jam,Brazil
6598911540023,Royal PureChoice Sunflower Oil,Sunflower Oil,PureChoice,Oils,Oils,Brazil
5394844729656,Natural NutriWell Croissant,Croissant,NutriWell,Snacks,Snacks,Thailand
6088922731212,Premium PureChoice Jam,Jam,PureChoice,Vinegar,Vinegar,Japan
5586212931905,Pure SimpleJoy Coconut Milk 500g,Coconut Milk,SimpleJoy,Sauces,Sauces,Indonesia
1028930644479,Royal SunValley Pita Bread,Pita Bread,SunValley,Chips,Chips,China
8788072967818,Organic FamilyFarm Popcorn 2L,Popcorn,FamilyFarm,Cleaning Supplies,Cleaning Supplies,Germany
1207578319014,Homestyle FreshFarm Frozen Pizza 100g,Frozen Pizza,FreshFarm,Pickles,Pickles,Germany
7642953402903,Farm Fresh GoldenHarvest Tempeh,Tempeh,GoldenHarvest,Dried Fruits,Dried Fruits,Mexico
9742183430426,Homestyle GreenLeaf Nutella,Nutella,GreenLeaf,Juice,Juice,Brazil
8285624030338,Natural GreenLeaf Coriander,Coriander,GreenLeaf,Pet Food,Pet Food,France
3813935855153,Classic HomeMade Muffin,Muffin,HomeMade,Frozen Foods,Frozen Foods,Italy
3491440584696,Pure FreshFarm Sauce,Sauce,FreshFarm,Spices,Spices,Brazil
6027656629709,Fresh MorningFresh Yogurt 1L,Yogurt,MorningFresh,Juice,Juice,India
6554757422910,Golden CountryStyle Chickpeas,Chickpeas,CountryStyle,Salt,Salt,Mexico
4029706891152,Pure HealthyLife Corn,Corn,HealthyLife,Oils,Oils,India
7633282630749,Fresh QuickMeal Cashews,Cashews,QuickMeal,Snacks,Snacks,Japan
2706560769686,Natural PureChoice Soup,Soup,PureChoice,Health Supplements,Health Supplements,Vietnam
1712326052383,Organic CountryStyle Coriander,Coriander,CountryStyle,Tea,Tea,Indonesia
3765338484105,Fresh DailyBasics Parmesan,Parmesan,DailyBasics,Rice,Rice,USA
7545857733859,Royal FamilyFarm Gum,Gum,FamilyFarm,Cereals,Cereals,Indonesia
6241584373272,Organic CountryStyle Biscuits,Biscuits,CountryStyle,Dried Fruits,Dried Fruits,China
7850724039628,Homestyle HomeMade Popcorn 100g,Popcorn,HomeMade,Dairy,Dairy,Vietnam
4124108818827,Pure OrganicPlus Spring Rolls,Spring Rolls,OrganicPlus,Personal Care,Personal Care,France
5958117662232,Traditional HealthyLife Coconut Oil 200g,Coconut Oil,HealthyLife,Salt,Salt,Indonesia
4827371205057,Homestyle GreenLeaf Almond Milk,Almond Milk,GreenLeaf,Rice,Rice,Indonesia
8674806605996,Premium DailyBasics Cereal,Cereal,DailyBasics,Snacks,Snacks,China
2123950751954,Organic GreenLeaf Candy,Candy,GreenLeaf,Health Supplements,Health Supplements,Mexico
5948286659433,Royal FamilyFarm Chicken Nuggets Pack of 12,Chicken Nuggets,FamilyFarm,Cereals,Cereals,USA
8853841610558,Premium KitchenPride Feta,Feta,KitchenPride,Biscuits,Biscuits,Germany
4503397560427,Fresh VillageMade Tomato Paste,Tomato Paste,VillageMade,Tea,Tea,Italy
8208768665474,Organic GreenLeaf Tomato Paste 100g,Tomato Paste,GreenLeaf,Beverages,Beverages,Thailand
4461469820085,Royal VillageMade Pickle,Pickle,VillageMade,Health Supplements,Health Supplements,Italy
1064838377515,Classic NatureBite Condensed Milk,Condensed Milk,NatureBite,Oils,Oils,China
1033113271757,Classic GreenLeaf Bagel Pack of 12,Bagel,GreenLeaf,Spices,Spices,Japan
2048240231359,Artisan VillageMade Iced Tea,Iced Tea,VillageMade,Spices,Spices,Turkey
4119121808964,Farm Fresh FamilyFarm Soup,Soup,FamilyFarm,Vinegar,Vinegar,Japan
4586124770607,Natural OrganicPlus Parmesan,Parmesan,OrganicPlus,Frozen Foods,Frozen Foods,Spain
4115579972949,Traditional PureChoice Ice Cream,Ice Cream,PureChoice,Nuts,Nuts,Vietnam
1013351593749,Fresh HomeMade Cornflakes,Cornflakes,HomeMade,Spices,Spices,Mexico
4972415548159,Royal HomeMade Syrup,Syrup,HomeMade,Health Supplements,Health Supplements,Turkey
4938359668093,Classic NutriWell Oats 200g,Oats,NutriWell,Personal Care,Personal Care,France
1350900190587,Traditional OrganicPlus Fish Fillet,Fish Fillet,OrganicPlus,Dairy,Dairy,Italy
7514277192509,Pure FreshFarm Vinegar,Vinegar,FreshFarm,Health Supplements,Health Supplements,Spain
5351946054608,Fresh HomeMade Nutella,Nutella,HomeMade,Noodles,Noodles,Italy
9100809881736,Farm Fresh PureChoice Lentils,Lentils,PureChoice,Sugar,Sugar,Germany
5344974680438,Farm Fresh HealthyLife Lentils,Lentils,HealthyLife,Pet Food,Pet Food,Brazil
3653138240903,Royal SimpleJoy Iced Tea,Iced Tea,SimpleJoy,Flour,Flour,Spain
7227143707779,Pure PureChoice Gouda,Gouda,PureChoice,Noodles,Noodles,Mexico
3860243882203,Classic TastyBites Almonds,Almonds,TastyBites,Salt,Salt,Japan
1157352405879,Artisan HealthyLife Tomato Paste Pack of 12,Tomato Paste,HealthyLife,Snacks,Snacks,France
3510301781359,Pure KitchenPride Black Tea,Black Tea,KitchenPride,Nuts,Nuts,USA
8704159734702,Pure SimpleJoy Nutella,Nutella,SimpleJoy,Beverages,Beverages,Spain
6400737912301,Golden OrganicPlus Tempeh,Tempeh,OrganicPlus,Jam,Jam,Japan
6001794266865,Traditional DailyBasics Chocolate Bar 500g,Chocolate Bar,DailyBasics,Cleaning Supplies,Cleaning Supplies,Turkey
2976983191547,Traditional TastyBites Frozen Pizza,Frozen Pizza,TastyBites,Soup Mix,Soup Mix,Spain
4626427129337,Traditional CountryStyle Peas,Peas,CountryStyle,Health Supplements,Health Supplements,USA
7700137134084,Homestyle CountryStyle Ghee,Ghee,CountryStyle,Chocolate,Chocolate,China
1173156060856,Pure FamilyFarm Vinegar 100g,Vinegar,FamilyFarm,Dried Fruits,Dried Fruits,Brazil
3882057913444,Traditional NutriWell Sauce,Sauce,NutriWell,Flour,Flour,China
2077614732632,Organic VillageMade Swiss Cheese,Swiss Cheese,VillageMade,Health Supplements,Health Supplements,Turkey
7306097168431,Farm Fresh TastyBites Biscuits,Biscuits,TastyBites,Health Supplements,Health Supplements,Germany
4343870601789,Golden NatureBite Mozzarella,Mozzarella,NatureBite,Nuts,Nuts,Japan
5168485084268,Pure OrganicPlus Waffle Mix,Waffle Mix,OrganicPlus,Condiments,Condiments,Spain
8315822377377,Natural HomeMade Bread 2L,Bread,HomeMade,Pickles,Pickles,India
1008792843013,Natural GoldenHarvest Salt 1L,Salt,GoldenHarvest,Condiments,Condiments,Germany
1301520902326,Classic HealthyLife Sparkling Water,Sparkling Water,HealthyLife,Chocolate,Chocolate,Vietnam
4369682447921,Artisan HealthyLife Pita Bread,Pita Bread,HealthyLife,Bakery,Bakery,Spain
9442879936961,Royal PureChoice Rice,Rice,PureChoice,Spices,Spices,Italy
1617631956090,Organic SunValley Chips,Chips,SunValley,Cereals,Cereals,India
5772700486334,Homestyle QuickMeal Crackers,Crackers,QuickMeal,Dairy,Dairy,Italy
5825326814099,Golden KitchenPride Raisins,Raisins,KitchenPride,Flour,Flour,Turkey
7583826432358,Premium NatureBite Crackers,Crackers,NatureBite,Pasta,Pasta,USA
8673377217386,Artisan MorningFresh Sauce 250g,Sauce,MorningFresh,Oils,Oils,Turkey
3195504818523,Pure MorningFresh Bread,Bread,MorningFresh,Chips,Chips,France
1518802535188,Homestyle HealthyLife French Fries,French Fries,HealthyLife,Vinegar,Vinegar,China
6074680743543,Golden MorningFresh Margarine,Margarine,MorningFresh,Tea,Tea,Germany
6739953523432,Premium TastyBites Coffee,Coffee,TastyBites,Dried Fruits,Dried Fruits,India
6055765690506,Classic GoldenHarvest Peas,Peas,GoldenHarvest,Spices,Spices,Indonesia
1056076624633,Royal SimpleJoy Cinnamon,Cinnamon,SimpleJoy,Oils,Oils,USA
5168146796309,Golden NutriWell Jam,Jam,NutriWell,Salt,Salt,Vietnam
5336763797745,Pure VillageMade Dates,Dates,VillageMade,Dried Fruits,Dried Fruits,Spain
4007871786225,Premium HealthyLife Brownie Mix,Brownie Mix,HealthyLife,Jam,Jam,Brazil
2783754154095,Traditional FamilyFarm Chips,Chips,FamilyFarm,Pickles,Pickles,Germany
8890215843454,Fresh MorningFresh Butter Pack of 6,Butter,MorningFresh,Bakery,Bakery,Thailand
5544473740813,Artisan HealthyLife Ice Cream,Ice Cream,HealthyLife,Tea,Tea,Vietnam
7271574913958,Premium NutriWell Crackers 1kg,Crackers,NutriWell,Cereals,Cereals,Turkey
3093630101491,Classic HealthyLife Brownie Mix Pack of 12,Brownie Mix,HealthyLife,Soup Mix,Soup Mix,Mexico
6090652754598,Pure NatureBite Soup,Soup,NatureBite,Pet Food,Pet Food,Spain
1534870812730,Natural PureChoice Cornflakes,Cornflakes,PureChoice,Sugar,Sugar,USA
5214226374353,Golden LocalBest Paratha 1L,Paratha,LocalBest,Dairy,Dairy,Spain
9901209916966,Farm Fresh VillageMade Cereal,Cereal,VillageMade,Oils,Oils,France
9360339835469,Natural HealthyLife Bread 1L,Bread,HealthyLife,Oils,Oils,Thailand
2102450550266,Classic PureChoice Oats,Oats,PureChoice,Nuts,Nuts,Italy
4743755032213,Classic TastyBites Peas,Peas,TastyBites,Cleaning Supplies,Cleaning Supplies,India
7266818478174,Traditional OrganicPlus Tempeh,Tempeh,OrganicPlus,Biscuits,Biscuits,Turkey
9733307111172,Fresh OrganicPlus Tomato Paste,Tomato Paste,OrganicPlus,Vinegar,Vinegar,Brazil
2150759789326,Homestyle SunValley Mayonnaise 250g,Mayonnaise,SunValley,Chocolate,Chocolate,Italy
5610346794472,Classic LocalBest Oil,Oil,LocalBest,Snacks,Snacks,Indonesia
2971548607192,Organic LocalBest Tortilla,Tortilla,LocalBest,Baby Food,Baby Food,Mexico
1298832826970,Farm Fresh MorningFresh Mustard,Mustard,MorningFresh,Frozen Foods,Frozen Foods,Spain
8205213302904,Golden HealthyLife Paratha 250g,Paratha,HealthyLife,Chips,Chips,Italy
9056174083053,Pure NutriWell Energy Drink,Energy Drink,NutriWell,Pickles,Pickles,Turkey
6778836742366,Golden CountryStyle Black Beans,Black Beans,CountryStyle,Personal Care,Personal Care,Brazil
2957396544157,Pure GreenLeaf Oil,Oil,GreenLeaf,Noodles,Noodles,Indonesia
9141470457847,Royal LocalBest Tortilla,Tortilla,LocalBest,Canned Goods,Canned Goods,Turkey
6261926178483,Farm Fresh SunValley Pita Bread,Pita Bread,SunValley,Noodles,Noodles,USA
1251092902467,Classic CountryStyle Olive Oil,Olive Oil,CountryStyle,Chocolate,Chocolate,Thailand
2742944480250,Homestyle SunValley Cream Cheese,Cream Cheese,SunValley,Spices,Spices,Spain
7884810730571,Farm Fresh DailyBasics Biscuits,Biscuits,DailyBasics,Juice,Juice,Japan
4689504403003,Farm Fresh MorningFresh Spring Rolls Pack of 6,Spring Rolls,MorningFresh,Cereals,Cereals,Vietnam
2402473340564,Homestyle CountryStyle Raisins,Raisins,CountryStyle,Snacks,Snacks,Indonesia
3937095875462,Fresh NutriWell Whole Beans,Whole Beans,NutriWell,Pickles,Pickles,Thailand
8481237932126,Traditional SunValley Brownie Mix,Brownie Mix,SunValley,Pickles,Pickles,USA
6508969836730,Royal VillageMade Spring Rolls 2L,Spring Rolls,VillageMade,Beverages,Beverages,Vietnam
4433046459727,Premium SimpleJoy Tofu,Tofu,SimpleJoy,Cereals,Cereals,USA
5241605219034,Pure FreshFarm Juice,Juice,FreshFarm,Health Supplements,Health Supplements,Brazil
9345055995997,Homestyle MorningFresh Sauce,Sauce,MorningFresh,Coffee,Coffee,Indonesia
1744861540535,Pure FamilyFarm Butter,Butter,FamilyFarm,Health Supplements,Health Supplements,Vietnam
1747852663262,Homestyle NatureBite Almonds 1kg,Almonds,NatureBite,Juice,Juice,Indonesia
4635522477858,Traditional MorningFresh Cheese Pack of 6,Cheese,MorningFresh,Pet Food,Pet Food,Mexico
3458448114914,Artisan SunValley Juice,Juice,SunValley,Cleaning Supplies,Cleaning Supplies,Indonesia
8054911493073,Pure SunValley Cinnamon,Cinnamon,SunValley,Bakery,Bakery,Indonesia
8571902761491,Fresh HealthyLife Soda,Soda,HealthyLife,Coffee,Coffee,USA
6882604798182,Traditional SimpleJoy Feta,Feta,SimpleJoy,Pet Food,Pet Food,Germany
7280040781763,Classic PureChoice Cream Cheese,Cream Cheese,PureChoice,Chips,Chips,Mexico
9294612572847,Artisan NutriWell Oats,Oats,NutriWell,Spices,Spices,Spain
8419961884021,Golden KitchenPride Mineral Water,Mineral Water,KitchenPride,Coffee,Coffee,China
7644667482438,Homestyle DailyBasics Turmeric 1L,Turmeric,DailyBasics,Canned Goods,Canned Goods,India
2846377670058,Pure NutriWell Chickpeas 750ml,Chickpeas,NutriWell,Juice,Juice,Thailand
6273872145185,Traditional QuickMeal Gouda,Gouda,QuickMeal,Pickles,Pickles,USA
4320170666906,Golden VillageMade Croissant,Croissant,VillageMade,Pet Food,Pet Food,Mexico
5642895177353,Premium KitchenPride Chicken Nuggets,Chicken Nuggets,KitchenPride,Pasta,Pasta,Turkey
5630414758451,Golden QuickMeal Cumin,Cumin,QuickMeal,Personal Care,Personal Care,Vietnam
5044051061489,Pure SunValley Peanuts Pack of 12,Peanuts,SunValley,Sugar,Sugar,Germany
1789403340117,Traditional SimpleJoy French Fries,French Fries,SimpleJoy,Beverages,Beverages,Germany
4045877850405,Farm Fresh QuickMeal Tortilla Pack of 6,Tortilla,QuickMeal,Soup Mix,Soup Mix,Vietnam
7171700141252,Fresh TastyBites Black Beans 750ml,Black Beans,TastyBites,Health Supplements,Health Supplements,Indonesia
8983883596598,Premium PureChoice Chicken Nuggets,Chicken Nuggets,PureChoice,Sauces,Sauces,India
1617740850794,Natural SunValley Popcorn,Popcorn,SunValley,Personal Care,Personal Care,USA
9682307557986,Natural OrganicPlus Bagel,Bagel,OrganicPlus,Jam,Jam,Spain
4771986464688,Traditional OrganicPlus Candy,Candy,OrganicPlus,Chocolate,Chocolate,USA
2983901848433,Classic FamilyFarm Cornflakes 1L,Cornflakes,FamilyFarm,Snacks,Snacks,Brazil
3248608442978,Traditional GoldenHarvest Sauce,Sauce,GoldenHarvest,Spices,Spices,India
5612467726959,Fresh GreenLeaf Soy Milk 500g,Soy Milk,GreenLeaf,Frozen Foods,Frozen Foods,Germany
7264864237671,Artisan HomeMade Frozen Pizza,Frozen Pizza,HomeMade,Biscuits,Biscuits,USA
1992221971486,Royal OrganicPlus Lentils,Lentils,OrganicPlus,Biscuits,Biscuits,USA
4786292956630,Premium GoldenHarvest Coriander 500g,Coriander,GoldenHarvest,Canned Goods,Canned Goods,India
9493819168800,Royal HealthyLife Peanut Butter,Peanut Butter,HealthyLife,Rice,Rice,Brazil
5873716943128,Farm Fresh FreshFarm Frozen Pizza,Frozen Pizza,FreshFarm,Baby Food,Baby Food,Brazil
7857965015892,Homestyle KitchenPride Cake Mix,Cake Mix,KitchenPride,Oils,Oils,Thailand
4260499310407,Homestyle QuickMeal Bread 500g,Bread,QuickMeal,Oils,Oils,Italy
2894508694644,Farm Fresh LocalBest Gouda,Gouda,LocalBest,Sauces,Sauces,China
2745610520952,Royal SunValley Mineral Water,Mineral Water,SunValley,Beverages,Beverages,Brazil
8024617248293,Artisan GreenLeaf Lentils,Lentils,GreenLeaf,Rice,Rice,Vietnam
1558496707617,Pure TastyBites Cashews,Cashews,TastyBites,Sugar,Sugar,Indonesia
2233237762237,Pure SunValley Soda,Soda,SunValley,Health Supplements,Health Supplements,Germany
1171932597213,Classic OrganicPlus Frozen Pizza,Frozen Pizza,OrganicPlus,Snacks,Snacks,India
9706310079626,Natural MorningFresh Sauce Pack of 12,Sauce,MorningFresh,Beverages,Beverages,India
9116622882629,Natural NutriWell Peanut Butter,Peanut Butter,NutriWell,Dairy,Dairy,Japan
4021301062272,Premium PureChoice Tea,Tea,PureChoice,Vinegar,Vinegar,Germany
9312949213699,Fresh SimpleJoy Soy Milk,Soy Milk,SimpleJoy,Oils,Oils,USA
5466008473398,Classic QuickMeal Black Beans 200g,Black Beans,QuickMeal,Pet Food,Pet Food,USA
3940203525956,Farm Fresh DailyBasics Cheddar,Cheddar,DailyBasics,Beverages,Beverages,France
6386992088505,Natural NatureBite Black Tea 250g,Black Tea,NatureBite,Tea,Tea,Vietnam
6155255835516,Premium GoldenHarvest Oats,Oats,GoldenHarvest,Flour,Flour,India
7022162928089,Premium CountryStyle Ketchup,Ketchup,CountryStyle,Frozen Foods,Frozen Foods,Brazil
6365580653703,Royal NutriWell Feta 2L,Feta,NutriWell,Oils,Oils,Italy
1397787089441,Natural GreenLeaf Tofu,Tofu,GreenLeaf,Jam,Jam,Thailand
4951775242895,Premium KitchenPride Frozen Veggies,Frozen Veggies,KitchenPride,Soup Mix,Soup Mix,Germany
6282029555403,Royal FreshFarm Croissant 250g,Croissant,FreshFarm,Biscuits,Biscuits,Thailand
7169892533709,Fresh NatureBite Mineral Water,Mineral Water,NatureBite,Condiments,Condiments,Germany
2944191742716,Classic CountryStyle Tortilla 200g,Tortilla,CountryStyle,Spices,Spices,Vietnam
8120543998010,Royal LocalBest Candy 1L,Candy,LocalBest,Chocolate,Chocolate,France
8527170715582,Farm Fresh KitchenPride Tofu,Tofu,KitchenPride,Soup Mix,Soup Mix,Italy
2035083370005,Organic FamilyFarm Spring Rolls,Spring Rolls,FamilyFarm,Soup Mix,Soup Mix,China
9989468064677,Royal NutriWell Mustard Pack of 6,Mustard,NutriWell,Frozen Foods,Frozen Foods,Germany
9628729008658,Homestyle CountryStyle Nutella,Nutella,CountryStyle,Salt,Salt,China
1884950575508,Traditional FamilyFarm Cake Mix 500g,Cake Mix,FamilyFarm,Flour,Flour,Germany
3248953655859,Natural MorningFresh Margarine 1kg,Margarine,MorningFresh,Health Supplements,Health Supplements,China
8690181298356,Homestyle NatureBite Cream,Cream,NatureBite,Cereals,Cereals,Mexico
8217811872605,Classic KitchenPride Chocolate Bar,Chocolate Bar,KitchenPride,Beverages,Beverages,Brazil
4505408424340,Royal OrganicPlus Peas,Peas,OrganicPlus,Rice,Rice,Turkey
7317959361944,Classic SunValley Milk 100g,Milk,SunValley,Bakery,Bakery,India
7629363613517,Natural HealthyLife Cream Cheese 1L,Cream Cheese,HealthyLife,Soup Mix,Soup Mix,Mexico
2956760229442,Pure FreshFarm Milk,Milk,FreshFarm,Frozen Foods,Frozen Foods,USA
3092731931328,Traditional FreshFarm Mozzarella,Mozzarella,FreshFarm,Frozen Foods,Frozen Foods,Italy
3440551157831,Golden SunValley French Fries Pack of 12,French Fries,SunValley,Health Supplements,Health Supplements,Vietnam
7829190112063,Organic MorningFresh Pita Bread,Pita Bread,MorningFresh,Frozen Foods,Frozen Foods,Turkey
8479890042995,Artisan SimpleJoy Cumin,Cumin,SimpleJoy,Bakery,Bakery,India
5877000003839,Golden TastyBites Mayonnaise,Mayonnaise,TastyBites,Condiments,Condiments,Indonesia
5298553733898,Artisan PureChoice Juice,Juice,PureChoice,Frozen Foods,Frozen Foods,Thailand
7496764077265,Royal MorningFresh Cumin,Cumin,MorningFresh,Nuts,Nuts,Brazil
1322005631355,Natural QuickMeal Evaporated Milk 100g,Evaporated Milk,QuickMeal,Canned Goods,Canned Goods,Thailand
6696000459743,Natural KitchenPride Chocolate Bar,Chocolate Bar,KitchenPride,Noodles,Noodles,Thailand
5404906563637,Homestyle QuickMeal Brownie Mix 1L,Brownie Mix,QuickMeal,Noodles,Noodles,Brazil
1943673524213,Fresh VillageMade Butter,Butter,VillageMade,Snacks,Snacks,Vietnam
2614522229291,Royal HomeMade Spring Rolls 500g,Spring Rolls,HomeMade,Cleaning Supplies,Cleaning Supplies,France
6084240799808,Organic SimpleJoy Honey,Honey,SimpleJoy,Personal Care,Personal Care,Thailand
9740559214440,Homestyle MorningFresh Lentils 2L,Lentils,MorningFresh,Tea,Tea,Vietnam
7308932190600,Golden KitchenPride Cornflakes,Cornflakes,KitchenPride,Tea,Tea,Thailand
8997210833396,Organic HealthyLife Bread,Bread,HealthyLife,Condiments,Condiments,Vietnam
6839872270103,Fresh PureChoice Bagel,Bagel,PureChoice,Canned Goods,Canned Goods,Japan
7087374676011,Pure HealthyLife Rice,Rice,HealthyLife,Flour,Flour,USA
1557844824448,Organic LocalBest Frozen Pizza,Frozen Pizza,LocalBest,Bakery,Bakery,China
8183016995948,Organic DailyBasics Oil,Oil,DailyBasics,Coffee,Coffee,Spain
9062269187631,Fresh DailyBasics Flour 250g,Flour,DailyBasics,Sauces,Sauces,Brazil
8514591375295,Fresh DailyBasics Dates,Dates,DailyBasics,Chocolate,Chocolate,Spain
7582962216960,Organic KitchenPride French Fries,French Fries,KitchenPride,Dried Fruits,Dried Fruits,Mexico
6490078662942,Traditional NatureBite Corn 1kg,Corn,NatureBite,Oils,Oils,Brazil
8739438594195,Traditional HealthyLife Mayonnaise,Mayonnaise,HealthyLife,Snacks,Snacks,USA
2548859864729,Classic FreshFarm Pepper,Pepper,FreshFarm,Juice,Juice,Indonesia
9651391827287,Premium TastyBites Cumin,Cumin,TastyBites,Sugar,Sugar,USA
3869764333620,Classic PureChoice Olive Oil 250g,Olive Oil,PureChoice,Soup Mix,Soup Mix,Japan
4225317347722,Traditional FreshFarm Cream,Cream,FreshFarm,Sugar,Sugar,Indonesia
7815293790022,Classic SimpleJoy Chickpeas 250g,Chickpeas,SimpleJoy,Biscuits,Biscuits,USA
8194060728010,Farm Fresh FamilyFarm Whole Beans 1kg,Whole Beans,FamilyFarm,Chips,Chips,France
7361738602121,Organic KitchenPride Sugar 200g,Sugar,KitchenPride,Cleaning Supplies,Cleaning Supplies,China
3208238427532,Natural QuickMeal Peanuts 1kg,Peanuts,QuickMeal,Bakery,Bakery,China
8377577243464,Royal SimpleJoy Olive Oil,Olive Oil,SimpleJoy,Cereals,Cereals,Brazil
6914543116143,Golden QuickMeal Ground Coffee,Ground Coffee,QuickMeal,Jam,Jam,Brazil
5515543575817,Pure GreenLeaf Margarine,Margarine,GreenLeaf,Flour,Flour,Japan
5864870614137,Homestyle DailyBasics Coconut Milk 200g,Coconut Milk,DailyBasics,Pet Food,Pet Food,Vietnam
2411113357279,Farm Fresh NutriWell Jam,Jam,NutriWell,Salt,Salt,Mexico
4965572179486,Classic CountryStyle Tofu Pack of 6,Tofu,CountryStyle,Cleaning Supplies,Cleaning Supplies,Vietnam
5877007593896,Pure KitchenPride Mozzarella,Mozzarella,KitchenPride,Flour,Flour,Italy
1321152449332,Classic PureChoice Coffee 250g,Coffee,PureChoice,Frozen Foods,Frozen Foods,Brazil
6469087101175,Natural QuickMeal Almond Milk,Almond Milk,QuickMeal,Oils,Oils,Mexico
1519103447721,Fresh SimpleJoy Black Beans,Black Beans,SimpleJoy,Personal Care,Personal Care,Italy
5217425819382,Artisan PureChoice Jam Pack of 6,Jam,PureChoice,Vinegar,Vinegar,India
2030738267633,Natural NatureBite Pickle 500g,Pickle,NatureBite,Condiments,Condiments,Germany
2408961868172,Fresh QuickMeal Cheddar,Cheddar,QuickMeal,Beverages,Beverages,Mexico
9353439892014,Fresh PureChoice Pepper 2L,Pepper,PureChoice,Condiments,Condiments,Germany
9211215695949,Golden KitchenPride Croissant,Croissant,KitchenPride,Condiments,Condiments,Japan
7827957202924,Premium GoldenHarvest Sunflower Oil,Sunflower Oil,GoldenHarvest,Bakery,Bakery,Indonesia
5546254350948,Fresh HealthyLife Brownie Mix 2L,Brownie Mix,HealthyLife,Personal Care,Personal Care,Thailand
7416111351400,Organic PureChoice Condensed Milk,Condensed Milk,PureChoice,Noodles,Noodles,Thailand
6940899510339,Farm Fresh PureChoice Vinegar,Vinegar,PureChoice,Spices,Spices,Spain
1063327907124,Artisan NutriWell Sauce,Sauce,NutriWell,Bakery,Bakery,Indonesia
9230130997934,Fresh PureChoice Herbal Tea,Herbal Tea,PureChoice,Cleaning Supplies,Cleaning Supplies,USA
3722299692196,Premium LocalBest Muesli Pack of 12,Muesli,LocalBest,Vinegar,Vinegar,China
9626360732654,Fresh SunValley Tortilla,Tortilla,SunValley,Tea,Tea,India
2867723613772,Organic HealthyLife Oats,Oats,HealthyLife,Pickles,Pickles,Vietnam
9187719056533,Farm Fresh FreshFarm Sugar,Sugar,FreshFarm,Chocolate,Chocolate,Japan
6157689330452,Natural HomeMade Mozzarella,Mozzarella,HomeMade,Flour,Flour,Brazil
3138138832153,Traditional NatureBite Brownie Mix 1L,Brownie Mix,NatureBite,Vinegar,Vinegar,Spain
5567508280824,Traditional OrganicPlus Oat Milk,Oat Milk,OrganicPlus,Noodles,Noodles,Japan
7273584164716,Fresh LocalBest Ground Coffee,Ground Coffee,LocalBest,Coffee,Coffee,Germany
2572568077003,Classic PureChoice Butter 1kg,Butter,PureChoice,Rice,Rice,Italy
1077621653887,Artisan SunValley Bread,Bread,SunValley,Dairy,Dairy,Turkey
5538779033435,Premium SunValley Candy 200g,Candy,SunValley,Health Supplements,Health Supplements,Turkey
6072944587609,Farm Fresh FamilyFarm Gum,Gum,FamilyFarm,Snacks,Snacks,India
6562049092640,Natural HomeMade Salt,Salt,HomeMade,Canned Goods,Canned Goods,Italy
8109419858438,Royal TastyBites Cream Cheese,Cream Cheese,TastyBites,Honey,Honey,Mexico
2641067126015,Organic FreshFarm Almonds 1kg,Almonds,FreshFarm,Pet Food,Pet Food,Italy
3735866787554,Artisan CountryStyle Spring Rolls 200g,Spring Rolls,CountryStyle,Dried Fruits,Dried Fruits,France
6645034259284,Royal PureChoice Sunflower Oil,Sunflower Oil,PureChoice,Canned Goods,Canned Goods,France
9671142147313,Classic PureChoice Cheddar,Cheddar,PureChoice,Pickles,Pickles,Vietnam
9755560502008,Farm Fresh MorningFresh Coffee,Coffee,MorningFresh,Rice,Rice,Italy
1801610513481,Golden LocalBest Cheddar,Cheddar,LocalBest,Tea,Tea,Indonesia
1332358967790,Premium HealthyLife Gum,Gum,HealthyLife,Pickles,Pickles,Vietnam
8435791768775,Artisan HomeMade Frozen Pizza,Frozen Pizza,HomeMade,Canned Goods,Canned Goods,France
1477178363976,Artisan NatureBite Soup 2L,Soup,NatureBite,Cereals,Cereals,Thailand
9455297411949,Farm Fresh TastyBites Coconut Milk,Coconut Milk,TastyBites,Bakery,Bakery,Mexico
9560289450517,Classic TastyBites Popcorn,Popcorn,TastyBites,Oils,Oils,France
9853223449281,Classic NutriWell Black Beans,Black Beans,NutriWell,Vinegar,Vinegar,India
6846192481210,Homestyle SimpleJoy Sesame Oil,Sesame Oil,SimpleJoy,Flour,Flour,Brazil
8932347194351,Premium FamilyFarm Croissant 100g,Croissant,FamilyFarm,Noodles,Noodles,Italy
5408477314978,Premium NutriWell Bread,Bread,NutriWell,Vinegar,Vinegar,Japan
3530624256235,Artisan SunValley Cheese 500g,Cheese,SunValley,Flour,Flour,France
7297016321180,Pure SunValley Pasta 1L,Pasta,SunValley,Cleaning Supplies,Cleaning Supplies,Turkey
8147049426592,Golden FreshFarm Lentils Pack of 6,Lentils,FreshFarm,Personal Care,Personal Care,Italy
4101970361887,Organic MorningFresh Lentils 500g,Lentils,MorningFresh,Chocolate,Chocolate,India
3550231333542,Artisan CountryStyle Muesli,Muesli,CountryStyle,Frozen Foods,Frozen Foods,Thailand
8548187577268,Homestyle FreshFarm Ghee,Ghee,FreshFarm,Dried Fruits,Dried Fruits,Italy
2015546012897,Royal FamilyFarm Frozen Veggies,Frozen Veggies,FamilyFarm,Soup Mix,Soup Mix,France
6964466953958,Classic GreenLeaf Turmeric,Turmeric,GreenLeaf,Canned Goods,Canned Goods,Germany
5243546320825,Farm Fresh HomeMade Cumin 2L,Cumin,HomeMade,Juice,Juice,Turkey
3292813716349,Artisan SunValley Peas,Peas,SunValley,Oils,Oils,Brazil
9478897769047,Fresh DailyBasics Biscuits 750ml,Biscuits,DailyBasics,Pet Food,Pet Food,Italy
3124319803983,Artisan KitchenPride Biscuits,Biscuits,KitchenPride,Chips,Chips,Brazil
7543568198005,Fresh QuickMeal Candy 1L,Candy,QuickMeal,Tea,Tea,India
4089691226271,Fresh KitchenPride Gouda 100g,Gouda,KitchenPride,Juice,Juice,Germany
4290714483160,Organic KitchenPride Oats Pack of 12,Oats,KitchenPride,Beverages,Beverages,USA
5685338949892,Premium SimpleJoy Tofu,Tofu,SimpleJoy,Canned Goods,Canned Goods,India
8924521548822,Artisan FreshFarm Sunflower Oil 200g,Sunflower Oil,FreshFarm,Flour,Flour,Mexico
1694833505763,Classic FreshFarm Tempeh 1kg,Tempeh,FreshFarm,Sauces,Sauces,Mexico
8267878158542,Artisan QuickMeal Oats 1L,Oats,QuickMeal,Tea,Tea,Turkey
8751592795484,Premium QuickMeal Muffin 1L,Muffin,QuickMeal,Coffee,Coffee,Spain
1573647950927,Royal MorningFresh Iced Tea,Iced Tea,MorningFresh,Spices,Spices,Thailand
2912656525810,Royal TastyBites Syrup 500g,Syrup,TastyBites,Pasta,Pasta,France
3781853385678,Artisan VillageMade Oats 250g,Oats,VillageMade,Cereals,Cereals,Turkey
4910085040410,Classic NatureBite Soy Milk,Soy Milk,NatureBite,Salt,Salt,India
8960377346448,Traditional MorningFresh Coconut Milk 2L,Coconut Milk,MorningFresh,Spices,Spices,Spain
6345707514018,Classic CountryStyle Soup,Soup,CountryStyle,Pickles,Pickles,India
9894879720470,Farm Fresh HealthyLife Ground Coffee 1L,Ground Coffee,HealthyLife,Pet Food,Pet Food,Thailand
8261731148529,Organic NatureBite Vinegar,Vinegar,NatureBite,Condiments,Condiments,Germany
4022988861560,Pure GreenLeaf Salt,Salt,GreenLeaf,Canned Goods,Canned Goods,Thailand
6265391519072,Natural NatureBite Nutella,Nutella,NatureBite,Health Supplements,Health Supplements,Germany
1609515429393,Pure GreenLeaf Mayonnaise 750ml,Mayonnaise,GreenLeaf,Sauces,Sauces,Mexico
4046017821567,Organic TastyBites Vinegar,Vinegar,TastyBites,Dairy,Dairy,Brazil
7583367049308,Golden MorningFresh Cheddar,Cheddar,MorningFresh,Bakery,Bakery,USA
4980272402565,Classic MorningFresh Candy 100g,Candy,MorningFresh,Tea,Tea,Turkey
6010338174717,Royal SunValley Margarine,Margarine,SunValley,Coffee,Coffee,Mexico
3855617012429,Homestyle SimpleJoy Cinnamon Pack of 12,Cinnamon,SimpleJoy,Salt,Salt,Brazil
1470459566332,Classic VillageMade Muffin 500g,Muffin,VillageMade,Cereals,Cereals,Brazil
5740736197012,Homestyle GreenLeaf Tea 100g,Tea,GreenLeaf,Noodles,Noodles,Vietnam
7908877710434,Classic LocalBest Peanut Butter,Peanut Butter,LocalBest,Bakery,Bakery,USA
5269810138995,Artisan SunValley Green Tea,Green Tea,SunValley,Soup Mix,Soup Mix,China
7539465657329,Homestyle DailyBasics Pickle 1L,Pickle,DailyBasics,Oils,Oils,Germany
7014878946948,Pure PureChoice Cream Cheese,Cream Cheese,PureChoice,Oils,Oils,Italy
2337651838547,Royal PureChoice Mustard,Mustard,PureChoice,Tea,Tea,Indonesia
3252284209859,Traditional OrganicPlus Chocolate Bar,Chocolate Bar,OrganicPlus,Cleaning Supplies,Cleaning Supplies,Japan
8013328589037,Homestyle PureChoice Sparkling Water 250g,Sparkling Water,PureChoice,Snacks,Snacks,Germany
3119247345208,Artisan TastyBites Cheddar,Cheddar,TastyBites,Spices,Spices,Japan
6545956320140,Premium NatureBite Coriander,Coriander,NatureBite,Condiments,Condiments,USA
7237717862656,Organic PureChoice Peanuts,Peanuts,PureChoice,Pasta,Pasta,USA
6266081166212,Natural NatureBite Oat Milk,Oat Milk,NatureBite,Noodles,Noodles,France
5587624896782,Artisan HomeMade Syrup,Syrup,HomeMade,Chocolate,Chocolate,Turkey
3697803358013,Fresh VillageMade Spring Rolls,Spring Rolls,VillageMade,Chocolate,Chocolate,Japan
2927543599433,Pure FreshFarm Oats,Oats,FreshFarm,Health Supplements,Health Supplements,France
1727965337871,Traditional SimpleJoy French Fries 500g,French Fries,SimpleJoy,Juice,Juice,Mexico
3992550906348,Pure VillageMade Pancake Mix,Pancake Mix,VillageMade,Condiments,Condiments,Thailand
2009071453592,Premium NutriWell Raisins 1kg,Raisins,NutriWell,Salt,Salt,China
6869157701433,Golden GoldenHarvest Spring Rolls Pack of 6,Spring Rolls,GoldenHarvest,Sauces,Sauces,Turkey
6642619961491,Royal OrganicPlus Ground Coffee,Ground Coffee,OrganicPlus,Oils,Oils,India
9936708774334,Homestyle OrganicPlus Iced Tea,Iced Tea,OrganicPlus,Spices,Spices,Thailand
6612984937871,Royal DailyBasics Energy Drink 1L,Energy Drink,DailyBasics,Spices,Spices,Spain
4037224881062,Premium FreshFarm Dates Pack of 6,Dates,FreshFarm,Oils,Oils,Thailand
8136670686752,Premium HealthyLife Olive Oil,Olive Oil,HealthyLife,Sugar,Sugar,Mexico
2593487466073,Premium GreenLeaf Cream Cheese,Cream Cheese,GreenLeaf,Biscuits,Biscuits,USA
4077659308217,Pure FreshFarm Bread,Bread,FreshFarm,Sugar,Sugar,Italy
8802639702196,Organic KitchenPride Sauce,Sauce,KitchenPride,Chocolate,Chocolate,Turkey
7029669604819,Organic GoldenHarvest Brownie Mix,Brownie Mix,GoldenHarvest,Oils,Oils,USA
1326586470436,Royal LocalBest Mustard,Mustard,LocalBest,Frozen Foods,Frozen Foods,Germany
5321680300472,Classic SunValley Sunflower Oil,Sunflower Oil,SunValley,Oils,Oils,Brazil
6240548679326,Artisan DailyBasics Tea 500g,Tea,DailyBasics,Vinegar,Vinegar,Turkey
8383249687117,Organic HomeMade Chapati,Chapati,HomeMade,Dairy,Dairy,Thailand
5940930266744,Traditional KitchenPride Chips 100g,Chips,KitchenPride,Baby Food,Baby Food,Italy
3284365580274,Traditional SunValley Candy 750ml,Candy,SunValley,Beverages,Beverages,India
6727650029133,Natural GreenLeaf Frozen Pizza,Frozen Pizza,GreenLeaf,Salt,Salt,USA
4616840596836,Natural KitchenPride Margarine,Margarine,KitchenPride,Chocolate,Chocolate,China
2639442924295,Traditional HomeMade Crackers 200g,Crackers,HomeMade,Vinegar,Vinegar,Thailand
6062981009959,Fresh SunValley Coconut Oil,Coconut Oil,SunValley,Soup Mix,Soup Mix,France
9385330992550,Traditional NatureBite Olive Oil,Olive Oil,NatureBite,Juice,Juice,Vietnam
4166646391213,Pure QuickMeal Salt 200g,Salt,QuickMeal,Baby Food,Baby Food,Thailand
6986576019926,Fresh VillageMade Samosa,Samosa,VillageMade,Frozen Foods,Frozen Foods,Turkey
9700943308423,Pure CountryStyle Peanut Butter,Peanut Butter,CountryStyle,Nuts,Nuts,Indonesia
1722339420103,Premium VillageMade Candy,Candy,VillageMade,Nuts,Nuts,China
5702007770319,Fresh OrganicPlus Sesame Oil,Sesame Oil,OrganicPlus,Biscuits,Biscuits,Thailand
9814116296776,Traditional QuickMeal Cake Mix,Cake Mix,QuickMeal,Beverages,Beverages,Brazil
7504882873006,Royal SimpleJoy Mayonnaise 250g,Mayonnaise,SimpleJoy,Sugar,Sugar,Spain
1728288241245,Homestyle NutriWell Lentils,Lentils,NutriWell,Personal Care,Personal Care,Italy
2109244970354,Golden FreshFarm Bread,Bread,FreshFarm,Tea,Tea,Spain
6935105341979,Golden OrganicPlus Peanuts 1kg,Peanuts,OrganicPlus,Oils,Oils,USA
5124364869066,Classic CountryStyle Ghee,Ghee,CountryStyle,Dairy,Dairy,Germany
4877414924266,Artisan DailyBasics Tortilla,Tortilla,DailyBasics,Salt,Salt,India
9595538341922,Golden KitchenPride Evaporated Milk 1kg,Evaporated Milk,KitchenPride,Tea,Tea,France
5850143032346,Natural NatureBite Ice Cream,Ice Cream,NatureBite,Vinegar,Vinegar,USA
7184135028362,Traditional KitchenPride Turmeric 250g,Turmeric,KitchenPride,Vinegar,Vinegar,Vietnam
8109175210261,Farm Fresh DailyBasics Cheddar,Cheddar,DailyBasics,Nuts,Nuts,Indonesia
3620186934571,Artisan GreenLeaf Frozen Veggies,Frozen Veggies,GreenLeaf,Cereals,Cereals,India
6885428326483,Organic NutriWell Chickpeas,Chickpeas,NutriWell,Vinegar,Vinegar,India
7391925755739,Traditional KitchenPride Olive Oil,Olive Oil,KitchenPride,Dairy,Dairy,Mexico
5362423570873,Artisan KitchenPride Coriander,Coriander,KitchenPride,Coffee,Coffee,Mexico
7970848099315,Artisan NutriWell Coconut Milk,Coconut Milk,NutriWell,Snacks,Snacks,Turkey
9286729449511,Royal PureChoice Cream Cheese,Cream Cheese,PureChoice,Pasta,Pasta,Brazil
4228676791696,Traditional OrganicPlus Black Tea 1kg,Black Tea,OrganicPlus,Frozen Foods,Frozen Foods,Germany
8952183061839,Farm Fresh FamilyFarm Coconut Milk,Coconut Milk,FamilyFarm,Juice,Juice,Spain
6797174746084,Golden NatureBite Waffle Mix,Waffle Mix,NatureBite,Juice,Juice,Germany
4596668792830,Homestyle GreenLeaf Tempeh,Tempeh,GreenLeaf,Cleaning Supplies,Cleaning Supplies,Vietnam
1422623944158,Royal MorningFresh Peanuts 1kg,Peanuts,MorningFresh,Pasta,Pasta,Brazil
3078027308754,Royal NatureBite Ice Cream,Ice Cream,NatureBite,Salt,Salt,Vietnam
8064638454612,Golden NutriWell Corn,Corn,NutriWell,Flour,Flour,Mexico
8074110616583,Premium FreshFarm Cake Mix,Cake Mix,FreshFarm,Oils,Oils,Vietnam
9954306637545,Pure CountryStyle Juice 250g,Juice,CountryStyle,Pet Food,Pet Food,USA
3708242533665,Traditional MorningFresh Chickpeas 500g,Chickpeas,MorningFresh,Tea,Tea,France
9049157136760,Royal VillageMade Milk,Milk,VillageMade,Nuts,Nuts,Germany
4016194103600,Traditional HealthyLife Pancake Mix,Pancake Mix,HealthyLife,Juice,Juice,Indonesia
2532806296405,Golden TastyBites Sesame Oil 1kg,Sesame Oil,TastyBites,Snacks,Snacks,USA
7310519328236,Pure KitchenPride Peanut Butter,Peanut Butter,KitchenPride,Vinegar,Vinegar,Germany
2117463011511,Pure VillageMade Raisins,Raisins,VillageMade,Beverages,Beverages,Thailand
5780295762326,Natural FamilyFarm Croissant 1kg,Croissant,FamilyFarm,Coffee,Coffee,Vietnam
2326029838837,Artisan VillageMade Corn,Corn,VillageMade,Baby Food,Baby Food,Spain
7794662229842,Golden QuickMeal Mineral Water,Mineral Water,QuickMeal,Cereals,Cereals,Thailand
1914489326842,Fresh QuickMeal Mineral Water Pack of 12,Mineral Water,QuickMeal,Rice,Rice,Turkey
9992175669371,Fresh FreshFarm Cashews,Cashews,FreshFarm,Noodles,Noodles,Vietnam
3010243900912,Artisan LocalBest Oil 1L,Oil,LocalBest,Nuts,Nuts,India
4577913590013,Organic VillageMade Samosa,Samosa,VillageMade,Canned Goods,Canned Goods,France
8074495470959,Premium GreenLeaf Chapati,Chapati,GreenLeaf,Sugar,Sugar,Spain
6740337939895,Organic FreshFarm Almond Milk,Almond Milk,FreshFarm,Personal Care,Personal Care,Spain
6965563291085,Pure NutriWell Oats,Oats,NutriWell,Frozen Foods,Frozen Foods,USA
8438892729290,Pure PureChoice Tempeh 1L,Tempeh,PureChoice,Cereals,Cereals,Brazil
9309901904300,Traditional HomeMade Iced Tea,Iced Tea,HomeMade,Dairy,Dairy,Spain
5222024762959,Pure NutriWell Noodles,Noodles,NutriWell,Oils,Oils,Italy
5936053710842,Homestyle MorningFresh Ketchup 1L,Ketchup,MorningFresh,Oils,Oils,Japan
6876602238846,Farm Fresh OrganicPlus Tempeh 200g,Tempeh,OrganicPlus,Oils,Oils,India
3511085914260,Homestyle GoldenHarvest Pickle,Pickle,GoldenHarvest,Snacks,Snacks,Germany
3748461386015,Natural GoldenHarvest Ice Cream,Ice Cream,GoldenHarvest,Oils,Oils,Spain
5685420508081,Pure SimpleJoy Cream 100g,Cream,SimpleJoy,Coffee,Coffee,Germany
8897418553703,Organic HealthyLife Pasta,Pasta,HealthyLife,Dried Fruits,Dried Fruits,Brazil
1740058679512,Classic TastyBites Coconut Water,Coconut Water,TastyBites,Salt,Salt,China
5900306989290,Golden TastyBites Rice 1kg,Rice,TastyBites,Cleaning Supplies,Cleaning Supplies,Spain
3087984908562,Classic CountryStyle Kidney Beans,Kidney Beans,CountryStyle,Pet Food,Pet Food,Mexico
7500509327334,Homestyle SimpleJoy Kidney Beans,Kidney Beans,SimpleJoy,Sauces,Sauces,Brazil
8525774071595,Organic SimpleJoy Mineral Water Pack of 12,Mineral Water,SimpleJoy,Personal Care,Personal Care,Italy
3272354196407,Classic HealthyLife Brownie Mix,Brownie Mix,HealthyLife,Pet Food,Pet Food,Turkey
4066198968763,Premium NatureBite Coconut Oil 250g,Coconut Oil,NatureBite,Personal Care,Personal Care,Italy
3917075296602,Traditional LocalBest Muffin,Muffin,LocalBest,Vinegar,Vinegar,Italy
2277315350220,Artisan CountryStyle Muffin,Muffin,CountryStyle,Sauces,Sauces,Thailand
5361746141599,Natural VillageMade Almonds 1L,Almonds,VillageMade,Cleaning Supplies,Cleaning Supplies,France
9717538566694,Artisan GreenLeaf Peanut Butter,Peanut Butter,GreenLeaf,Salt,Salt,India
3135891994600,Natural FamilyFarm Turmeric,Turmeric,FamilyFarm,Personal Care,Personal Care,Turkey
5427284412564,Pure TastyBites Parmesan,Parmesan,TastyBites,Sauces,Sauces,Germany
3719077814941,Premium FreshFarm Green Tea,Green Tea,FreshFarm,Canned Goods,Canned Goods,China
1873156074537,Golden NutriWell Almond Milk 250g,Almond Milk,NutriWell,Canned Goods,Canned Goods,Vietnam
4827119587800,Homestyle FreshFarm Noodles,Noodles,FreshFarm,Pet Food,Pet Food,Thailand
9270146634603,Premium CountryStyle Sugar,Sugar,CountryStyle,Salt,Salt,Japan
7750277099081,Homestyle HomeMade Pickle,Pickle,HomeMade,Beverages,Beverages,Thailand
1975607540743,Farm Fresh TastyBites Oats,Oats,TastyBites,Tea,Tea,India
8530910015245,Pure PureChoice Mozzarella,Mozzarella,PureChoice,Chocolate,Chocolate,Spain
3200744157783,Pure VillageMade Feta 100g,Feta,VillageMade,Pickles,Pickles,Italy
3317280662233,Organic OrganicPlus Juice,Juice,OrganicPlus,Coffee,Coffee,Japan
1051261476967,Artisan KitchenPride Peanut Butter,Peanut Butter,KitchenPride,Personal Care,Personal Care,Italy
6860791558763,Artisan HealthyLife Honey 100g,Honey,HealthyLife,Nuts,Nuts,Mexico
9634204338699,Homestyle GreenLeaf Noodles,Noodles,GreenLeaf,Canned Goods,Canned Goods,Japan
9479099401104,Golden MorningFresh Nutella 200g,Nutella,MorningFresh,Beverages,Beverages,India
9622130528589,Artisan GreenLeaf Muesli,Muesli,GreenLeaf,Jam,Jam,India
8371133493480,Fresh CountryStyle Olive Oil 250g,Olive Oil,CountryStyle,Dairy,Dairy,Brazil
6869910370657,Pure CountryStyle Coconut Oil,Coconut Oil,CountryStyle,Canned Goods,Canned Goods,Germany
4403694061956,Natural NatureBite Ice Cream,Ice Cream,NatureBite,Oils,Oils,Vietnam
6463182536983,Homestyle HealthyLife Cream,Cream,HealthyLife,Beverages,Beverages,Vietnam
9676997588897,Traditional NutriWell Flour Pack of 6,Flour,NutriWell,Sugar,Sugar,Turkey
6545771262727,Fresh OrganicPlus Milk,Milk,OrganicPlus,Canned Goods,Canned Goods,Vietnam
2577787503239,Artisan TastyBites Lentils 250g,Lentils,TastyBites,Health Supplements,Health Supplements,Germany
2380175342233,Homestyle SimpleJoy Coconut Water,Coconut Water,SimpleJoy,Chocolate,Chocolate,India
7231116158467,Farm Fresh GoldenHarvest Milk,Milk,GoldenHarvest,Frozen Foods,Frozen Foods,Indonesia
6643996922240,Artisan QuickMeal Cumin Pack of 12,Cumin,QuickMeal,Flour,Flour,Japan
5378142539209,Pure PureChoice Oat Milk 100g,Oat Milk,PureChoice,Pet Food,Pet Food,Turkey
1049275278820,Organic FreshFarm Candy,Candy,FreshFarm,Beverages,Beverages,Indonesia
6610565095225,Homestyle VillageMade Noodles,Noodles,VillageMade,Snacks,Snacks,Vietnam
4131673734512,Fresh VillageMade Mozzarella,Mozzarella,VillageMade,Juice,Juice,Germany
7925130617061,Premium NatureBite Sesame Oil,Sesame Oil,NatureBite,Pickles,Pickles,Turkey
5904631545620,Golden FreshFarm Lentils,Lentils,FreshFarm,Health Supplements,Health Supplements,Spain
3662933185458,Traditional GreenLeaf Almonds,Almonds,GreenLeaf,Honey,Honey,USA
5970918425389,Royal LocalBest Ground Coffee,Ground Coffee,LocalBest,Juice,Juice,Indonesia
7026855863860,Royal HomeMade Herbal Tea,Herbal Tea,HomeMade,Sauces,Sauces,Germany
9241979764849,Homestyle FreshFarm Cumin,Cumin,FreshFarm,Cleaning Supplies,Cleaning Supplies,India
8601406772891,Artisan FamilyFarm Salt Pack of 12,Salt,FamilyFarm,Baby Food,Baby Food,India
3957499794969,Organic PureChoice Tofu,Tofu,PureChoice,Frozen Foods,Frozen Foods,Spain
5964892350109,Natural DailyBasics Juice,Juice,DailyBasics,Rice,Rice,Vietnam
7658873476862,Fresh MorningFresh Coffee,Coffee,MorningFresh,Honey,Honey,Spain
7030336143319,Premium SimpleJoy Mozzarella,Mozzarella,SimpleJoy,Cereals,Cereals,USA
1568667748410,Homestyle GreenLeaf Ice Cream,Ice Cream,GreenLeaf,Dried Fruits,Dried Fruits,Mexico
9370921369464,Artisan GoldenHarvest Coriander 1kg,Coriander,GoldenHarvest,Baby Food,Baby Food,Indonesia
1999825262206,Farm Fresh HomeMade Tofu 500g,Tofu,HomeMade,Frozen Foods,Frozen Foods,France
2119915793469,Homestyle DailyBasics Sparkling Water Pack of 12,Sparkling Water,DailyBasics,Honey,Honey,Indonesia
8409988102270,Artisan SimpleJoy Mozzarella 250g,Mozzarella,SimpleJoy,Sugar,Sugar,Brazil
6747732240813,Royal CountryStyle Sunflower Oil,Sunflower Oil,CountryStyle,Beverages,Beverages,Thailand
3422420007022,Royal DailyBasics Sparkling Water 1kg,Sparkling Water,DailyBasics,Snacks,Snacks,Brazil
9552886076531,Farm Fresh FreshFarm Cream,Cream,FreshFarm,Vinegar,Vinegar,Spain
1852127029573,Classic NatureBite Parmesan,Parmesan,NatureBite,Dairy,Dairy,Italy
5197883038091,Traditional FreshFarm Gouda,Gouda,FreshFarm,Pasta,Pasta,Indonesia
2544646638446,Golden KitchenPride Evaporated Milk,Evaporated Milk,KitchenPride,Beverages,Beverages,Germany
1189496890692,Natural NatureBite Pancake Mix,Pancake Mix,NatureBite,Spices,Spices,India
3516974584173,Classic FreshFarm Sauce,Sauce,FreshFarm,Honey,Honey,Brazil
4520535556230,Artisan GoldenHarvest Olive Oil,Olive Oil,GoldenHarvest,Pickles,Pickles,Mexico
2975072786393,Pure GreenLeaf Soy Milk 100g,Soy Milk,GreenLeaf,Bakery,Bakery,Germany
1757762724995,Premium GoldenHarvest Frozen Pizza 2L,Frozen Pizza,GoldenHarvest,Chips,Chips,Japan
5532572105472,Homestyle CountryStyle Condensed Milk 100g,Condensed Milk,CountryStyle,Dried Fruits,Dried Fruits,China
4961374513244,Farm Fresh PureChoice Tea,Tea,PureChoice,Cereals,Cereals,Indonesia
7117705415829,Golden FamilyFarm Dates,Dates,FamilyFarm,Chips,Chips,Vietnam
8002214767425,Traditional GreenLeaf Pickle,Pickle,GreenLeaf,Pickles,Pickles,Brazil
9676363713437,Pure NatureBite French Fries,French Fries,NatureBite,Sugar,Sugar,Italy
5127515418655,Traditional KitchenPride Biscuits 1kg,Biscuits,KitchenPride,Health Supplements,Health Supplements,Italy
8872805978595,Organic NutriWell Gum 250g,Gum,NutriWell,Sugar,Sugar,Italy
3302171342331,Natural DailyBasics Coconut Water,Coconut Water,DailyBasics,Pickles,Pickles,India
7584489834317,Natural FreshFarm Tempeh,Tempeh,FreshFarm,Tea,Tea,Japan
2588927994585,Traditional PureChoice French Fries,French Fries,PureChoice,Bakery,Bakery,Thailand
8741792622387,Pure GoldenHarvest Butter,Butter,GoldenHarvest,Chocolate,Chocolate,China
4676814356917,Natural MorningFresh Pancake Mix,Pancake Mix,MorningFresh,Chocolate,Chocolate,India
7604412679790,Homestyle GoldenHarvest Peas,Peas,GoldenHarvest,Dried Fruits,Dried Fruits,Indonesia
9228804726179,Pure MorningFresh Oil 200g,Oil,MorningFresh,Frozen Foods,Frozen Foods,Vietnam
8646750580961,Royal SimpleJoy Crackers,Crackers,SimpleJoy,Salt,Salt,Thailand
4424098473257,Classic LocalBest Kidney Beans,Kidney Beans,LocalBest,Soup Mix,Soup Mix,Italy
7579919599630,Golden NatureBite Frozen Pizza 500g,Frozen Pizza,NatureBite,Baby Food,Baby Food,Turkey
2562212906621,Farm Fresh TastyBites Cumin 200g,Cumin,TastyBites,Oils,Oils,Brazil
8607932757086,Artisan SunValley Pepper,Pepper,SunValley,Rice,Rice,Indonesia
9429726311591,Natural HomeMade Margarine,Margarine,HomeMade,Flour,Flour,China
1701192393375,Premium HomeMade Croissant,Croissant,HomeMade,Spices,Spices,Turkey
9095859381418,Traditional CountryStyle Nutella,Nutella,CountryStyle,Chocolate,Chocolate,Brazil
9329828349121,Natural GreenLeaf Nutella,Nutella,GreenLeaf,Health Supplements,Health Supplements,Turkey
1820943018333,Premium GreenLeaf Pepper,Pepper,GreenLeaf,Condiments,Condiments,China
2146756839240,Traditional SunValley Peanut Butter,Peanut Butter,SunValley,Oils,Oils,Spain
6159453590169,Premium HealthyLife Ketchup,Ketchup,HealthyLife,Canned Goods,Canned Goods,Germany
1161525593534,Golden MorningFresh Fish Fillet 200g,Fish Fillet,MorningFresh,Honey,Honey,Turkey
3230557319961,Traditional NutriWell Butter,Butter,NutriWell,Canned Goods,Canned Goods,Mexico
3187088130828,Organic SimpleJoy Milk 500g,Milk,SimpleJoy,Juice,Juice,Japan
4239069881998,Traditional HomeMade Condensed Milk 2L,Condensed Milk,HomeMade,Noodles,Noodles,France
4841705920208,Natural KitchenPride Yogurt Pack of 6,Yogurt,KitchenPride,Dairy,Dairy,Italy
1495974845303,Artisan SunValley Milk,Milk,SunValley,Bakery,Bakery,Mexico
6892843534987,Pure GreenLeaf Peanuts,Peanuts,GreenLeaf,Nuts,Nuts,Brazil
6062178053540,Fresh NatureBite Peas,Peas,NatureBite,Nuts,Nuts,Indonesia
3323807713881,Artisan FreshFarm Coriander,Coriander,FreshFarm,Salt,Salt,France
9905042701196,Premium NutriWell Instant Coffee,Instant Coffee,NutriWell,Pickles,Pickles,Germany
1042631861380,Traditional GreenLeaf Gouda,Gouda,GreenLeaf,Dairy,Dairy,Mexico
8124090551246,Natural FamilyFarm Cheddar,Cheddar,FamilyFarm,Jam,Jam,Japan
5973876958802,Pure QuickMeal Cream,Cream,QuickMeal,Pet Food,Pet Food,Japan
4674714739051,Fresh SunValley Paratha Pack of 12,Paratha,SunValley,Pet Food,Pet Food,Indonesia
2360600943652,Homestyle FamilyFarm Waffle Mix,Waffle Mix,FamilyFarm,Dried Fruits,Dried Fruits,Turkey
1250454930593,Homestyle SunValley Waffle Mix,Waffle Mix,SunValley,Sugar,Sugar,Vietnam
8678853458627,Homestyle HomeMade Ketchup,Ketchup,HomeMade,Tea,Tea,Germany
2784047836239,Premium GreenLeaf Coffee Pack of 12,Coffee,GreenLeaf,Health Supplements,Health Supplements,Vietnam
2312760690443,Golden MorningFresh Biscuits,Biscuits,MorningFresh,Honey,Honey,Mexico
1284547930601,Organic DailyBasics Chickpeas,Chickpeas,DailyBasics,Noodles,Noodles,Italy
3877094128018,Premium CountryStyle Cornflakes 1kg,Cornflakes,CountryStyle,Pet Food,Pet Food,China
3841709169187,Classic NutriWell Iced Tea 2L,Iced Tea,NutriWell,Canned Goods,Canned Goods,Turkey
3267593228762,Natural FamilyFarm Cream,Cream,FamilyFarm,Baby Food,Baby Food,India
6106062507135,Fresh FamilyFarm Sparkling Water,Sparkling Water,FamilyFarm,Canned Goods,Canned Goods,Indonesia
5495642498862,Pure GoldenHarvest Coconut Milk,Coconut Milk,GoldenHarvest,Soup Mix,Soup Mix,Indonesia
5771573537101,Traditional MorningFresh Flour,Flour,MorningFresh,Noodles,Noodles,Germany
4390390578241,Golden TastyBites Pita Bread Pack of 12,Pita Bread,TastyBites,Noodles,Noodles,Brazil
7945826826042,Fresh VillageMade Oil,Oil,VillageMade,Rice,Rice,Italy
7756342933785,Traditional FreshFarm Pasta,Pasta,FreshFarm,Dried Fruits,Dried Fruits,Thailand
6608801521441,Royal FamilyFarm Cream,Cream,FamilyFarm,Biscuits,Biscuits,Thailand
8013454055297,Classic GoldenHarvest Almonds 750ml,Almonds,GoldenHarvest,Condiments,Condiments,Brazil
9273201222433,Traditional FreshFarm Chocolate Bar,Chocolate Bar,FreshFarm,Vinegar,Vinegar,Spain
6937562122978,Farm Fresh KitchenPride Margarine 250g,Margarine,KitchenPride,Chips,Chips,Japan
7283784071022,Fresh SimpleJoy Herbal Tea,Herbal Tea,SimpleJoy,Dried Fruits,Dried Fruits,USA
4080152573544,Homestyle QuickMeal Crackers,Crackers,QuickMeal,Cleaning Supplies,Cleaning Supplies,Germany
9309093648433,Homestyle HomeMade Milk 500g,Milk,HomeMade,Sauces,Sauces,Spain
1298181543128,Farm Fresh TastyBites Ghee 2L,Ghee,TastyBites,Dairy,Dairy,Indonesia
8958847228575,Organic KitchenPride Cinnamon,Cinnamon,KitchenPride,Nuts,Nuts,Vietnam
5711306864860,Premium FamilyFarm Ketchup,Ketchup,FamilyFarm,Bakery,Bakery,Brazil
6857019785323,Royal VillageMade Oil,Oil,VillageMade,Health Supplements,Health Supplements,Mexico
5891420787417,Royal SunValley Cheese,Cheese,SunValley,Beverages,Beverages,Germany
8622579786505,Golden LocalBest Cheese,Cheese,LocalBest,Pet Food,Pet Food,Turkey
3372913504850,Homestyle HomeMade Raisins,Raisins,HomeMade,Cereals,Cereals,Mexico
7847735132819,Pure FamilyFarm Coriander,Coriander,FamilyFarm,Dried Fruits,Dried Fruits,India
4601175625056,Classic SimpleJoy Olive Oil 2L,Olive Oil,SimpleJoy,Nuts,Nuts,Spain
9763115696679,Golden TastyBites Evaporated Milk,Evaporated Milk,TastyBites,Snacks,Snacks,Thailand
1792629801253,Premium KitchenPride Almond Milk,Almond Milk,KitchenPride,Chocolate,Chocolate,China
1781068207313,Natural GoldenHarvest Tea Pack of 12,Tea,GoldenHarvest,Pasta,Pasta,Thailand
5932858349293,Pure FreshFarm Swiss Cheese,Swiss Cheese,FreshFarm,Nuts,Nuts,Brazil
4998790083698,Fresh NutriWell Muffin,Muffin,NutriWell,Baby Food,Baby Food,China
8685983950850,Artisan LocalBest Soda,Soda,LocalBest,Cereals,Cereals,Japan
2173852196941,Farm Fresh QuickMeal Instant Coffee Pack of 6,Instant Coffee,QuickMeal,Spices,Spices,Mexico
9808993787764,Farm Fresh HomeMade Olive Oil 750ml,Olive Oil,HomeMade,Personal Care,Personal Care,Turkey
5865929767569,Fresh KitchenPride Cake Mix,Cake Mix,KitchenPride,Tea,Tea,Brazil
1547304946210,Royal GoldenHarvest Coconut Milk 1L,Coconut Milk,GoldenHarvest,Biscuits,Biscuits,Brazil
8389316198319,Artisan FamilyFarm Gum,Gum,FamilyFarm,Noodles,Noodles,Mexico
1045955264684,Traditional GreenLeaf Green Tea 500g,Green Tea,GreenLeaf,Frozen Foods,Frozen Foods,Thailand
9242430197242,Farm Fresh HomeMade Spring Rolls,Spring Rolls,HomeMade,Rice,Rice,Italy
7364382735211,Classic HealthyLife Muffin,Muffin,HealthyLife,Snacks,Snacks,Italy
3688339649934,Natural NutriWell Sauce 500g,Sauce,NutriWell,Baby Food,Baby Food,USA
1474934354801,Premium TastyBites Vinegar,Vinegar,TastyBites,Bakery,Bakery,India
8537575236127,Classic QuickMeal Feta Pack of 6,Feta,QuickMeal,Noodles,Noodles,India
5937289057785,Artisan CountryStyle Cream,Cream,CountryStyle,Chocolate,Chocolate,USA
8402140641718,Artisan MorningFresh Peanuts,Peanuts,MorningFresh,Personal Care,Personal Care,USA
9139865531440,Farm Fresh GoldenHarvest Cheese,Cheese,GoldenHarvest,Dried Fruits,Dried Fruits,France
2020495087934,Farm Fresh HealthyLife Brownie Mix,Brownie Mix,HealthyLife,Vinegar,Vinegar,Brazil
4696033797744,Farm Fresh VillageMade Cumin,Cumin,VillageMade,Sugar,Sugar,Mexico
1401687347333,Premium OrganicPlus Rice,Rice,OrganicPlus,Rice,Rice,Mexico
8020526388495,Golden GreenLeaf Biscuits,Biscuits,GreenLeaf,Snacks,Snacks,Japan
6870574865709,Royal VillageMade Tea Pack of 6,Tea,VillageMade,Condiments,Condiments,Brazil
7810287299457,Golden PureChoice Margarine,Margarine,PureChoice,Pasta,Pasta,Turkey
1467328611739,Golden OrganicPlus Feta,Feta,OrganicPlus,Flour,Flour,Italy
1646804854289,Fresh NutriWell Oil,Oil,NutriWell,Tea,Tea,France
3584622566544,Pure HomeMade Croissant,Croissant,HomeMade,Tea,Tea,Mexico
9996695654945,Golden HealthyLife Ground Coffee,Ground Coffee,HealthyLife,Soup Mix,Soup Mix,India
1778747075468,Traditional MorningFresh Chicken Nuggets,Chicken Nuggets,MorningFresh,Sugar,Sugar,Turkey
4362849503365,Classic NutriWell Coconut Water,Coconut Water,NutriWell,Pet Food,Pet Food,France
2761872981939,Classic MorningFresh Cashews,Cashews,MorningFresh,Dried Fruits,Dried Fruits,France
7287972715195,Premium DailyBasics Coconut Milk,Coconut Milk,DailyBasics,Tea,Tea,Spain
5929858673189,Homestyle HealthyLife Salt,Salt,HealthyLife,Cleaning Supplies,Cleaning Supplies,Spain
2839144666956,Fresh DailyBasics Popcorn,Popcorn,DailyBasics,Baby Food,Baby Food,India
2802604477310,Premium MorningFresh Mustard 500g,Mustard,MorningFresh,Flour,Flour,Spain
8812504624075,Fresh SimpleJoy Almonds Pack of 6,Almonds,SimpleJoy,Canned Goods,Canned Goods,Indonesia
8703620287985,Artisan NutriWell Nutella,Nutella,NutriWell,Rice,Rice,Mexico
7280388984270,Traditional HealthyLife Samosa,Samosa,HealthyLife,Baby Food,Baby Food,Germany
6161735527576,Organic TastyBites Sunflower Oil 1L,Sunflower Oil,TastyBites,Salt,Salt,China
1381454958578,Fresh SunValley Ground Coffee Pack of 12,Ground Coffee,SunValley,Dried Fruits,Dried Fruits,France
9901313747199,Golden PureChoice Soup,Soup,PureChoice,Pet Food,Pet Food,Thailand
3821437016152,Pure HomeMade Black Beans,Black Beans,HomeMade,Tea,Tea,USA
7921378641008,Farm Fresh SunValley Ghee 250g,Ghee,SunValley,Frozen Foods,Frozen Foods,Thailand
7479212473563,Royal HealthyLife Almond Milk,Almond Milk,HealthyLife,Tea,Tea,Mexico
6279266642284,Fresh GoldenHarvest Mineral Water,Mineral Water,GoldenHarvest,Jam,Jam,Japan
5474234361119,Farm Fresh CountryStyle Cinnamon,Cinnamon,CountryStyle,Vinegar,Vinegar,India
9211748695173,Natural HealthyLife Crackers 2L,Crackers,HealthyLife,Chocolate,Chocolate,Italy
7073609167270,Royal CountryStyle Condensed Milk,Condensed Milk,CountryStyle,Chips,Chips,Japan
9566858211848,Homestyle LocalBest Tomato Paste,Tomato Paste,LocalBest,Canned Goods,Canned Goods,France
6922772517156,Organic GreenLeaf Pickle,Pickle,GreenLeaf,Condiments,Condiments,Italy
2743749994525,Natural HealthyLife Margarine 2L,Margarine,HealthyLife,Vinegar,Vinegar,Indonesia
2030316952430,Royal QuickMeal Pancake Mix 500g,Pancake Mix,QuickMeal,Pet Food,Pet Food,Vietnam
6061403129746,Organic HomeMade Tomato Paste,Tomato Paste,HomeMade,Pasta,Pasta,Spain
6078391098103,Golden TastyBites Evaporated Milk 100g,Evaporated Milk,TastyBites,Rice,Rice,Italy
7118758220763,Royal CountryStyle Flour Pack of 12,Flour,CountryStyle,Vinegar,Vinegar,Indonesia
4293463257324,Fresh SunValley Croissant,Croissant,SunValley,Noodles,Noodles,France
7643224579944,Traditional KitchenPride Black Tea 100g,Black Tea,KitchenPride,Pasta,Pasta,Thailand
7935283861905,Natural GreenLeaf Chocolate Bar 100g,Chocolate Bar,GreenLeaf,Pasta,Pasta,Vietnam
3349896892253,Golden TastyBites Chickpeas,Chickpeas,TastyBites,Health Supplements,Health Supplements,India
4676442903851,Royal KitchenPride Whole Beans,Whole Beans,KitchenPride,Sugar,Sugar,France
1286647703896,Fresh NutriWell Frozen Veggies,Frozen Veggies,NutriWell,Dried Fruits,Dried Fruits,Brazil
6354259409946,Homestyle SimpleJoy Parmesan,Parmesan,SimpleJoy,Chips,Chips,India
3888867078851,Natural GoldenHarvest Cinnamon,Cinnamon,GoldenHarvest,Nuts,Nuts,Turkey
8638000172986,Homestyle SimpleJoy Sauce 200g,Sauce,SimpleJoy,Vinegar,Vinegar,Mexico
7674929967546,Natural CountryStyle Cheese,Cheese,CountryStyle,Jam,Jam,Indonesia
7263500509242,Pure GreenLeaf Sunflower Oil,Sunflower Oil,GreenLeaf,Pet Food,Pet Food,Japan
7607543781571,Homestyle DailyBasics Cheddar,Cheddar,DailyBasics,Dairy,Dairy,India
1044338563928,Premium MorningFresh Coconut Oil,Coconut Oil,MorningFresh,Juice,Juice,Turkey
5771573562774,Homestyle QuickMeal Tempeh 1L,Tempeh,QuickMeal,Baby Food,Baby Food,Brazil
6287108149958,Artisan TastyBites Olive Oil 200g,Olive Oil,TastyBites,Chocolate,Chocolate,Thailand
7649794756542,Royal DailyBasics Tomato Paste,Tomato Paste,DailyBasics,Baby Food,Baby Food,China
3616485371065,Classic PureChoice Tea,Tea,PureChoice,Soup Mix,Soup Mix,Spain
9209903252517,Pure MorningFresh Feta,Feta,MorningFresh,Pasta,Pasta,Turkey
1144689733031,Homestyle CountryStyle Bread,Bread,CountryStyle,Coffee,Coffee,France
8475113324486,Fresh SunValley Samosa,Samosa,SunValley,Personal Care,Personal Care,Vietnam
9832058975005,Organic PureChoice Butter Pack of 6,Butter,PureChoice,Baby Food,Baby Food,Mexico
6489336601248,Natural DailyBasics Brownie Mix,Brownie Mix,DailyBasics,Canned Goods,Canned Goods,China
8620254843247,Artisan KitchenPride Tortilla,Tortilla,KitchenPride,Condiments,Condiments,Vietnam
9547048407855,Farm Fresh VillageMade Yogurt,Yogurt,VillageMade,Dairy,Dairy,Germany
8132529300849,Golden MorningFresh Chapati,Chapati,MorningFresh,Pasta,Pasta,Thailand
8991907580943,Organic VillageMade Black Tea,Black Tea,VillageMade,Beverages,Beverages,Brazil
8528492372575,Pure SunValley Almond Milk,Almond Milk,SunValley,Canned Goods,Canned Goods,Thailand
5634020886470,Premium SunValley Black Beans,Black Beans,SunValley,Dairy,Dairy,India
4432472090636,Organic FamilyFarm Oats,Oats,FamilyFarm,Honey,Honey,Japan
1333699092937,Golden HomeMade Almonds,Almonds,HomeMade,Condiments,Condiments,USA
1477400228765,Traditional OrganicPlus Black Tea,Black Tea,OrganicPlus,Dried Fruits,Dried Fruits,USA
6623212108204,Royal CountryStyle Pancake Mix,Pancake Mix,CountryStyle,Condiments,Condiments,Turkey
8466378858301,Natural FamilyFarm Soup,Soup,FamilyFarm,Pasta,Pasta,Turkey
5888259604557,Organic MorningFresh Sugar,Sugar,MorningFresh,Pasta,Pasta,Brazil
4099526883183,Organic SimpleJoy Energy Drink,Energy Drink,SimpleJoy,Snacks,Snacks,USA
1815002292483,Fresh SunValley Chips,Chips,SunValley,Nuts,Nuts,Mexico
4384868144418,Natural GreenLeaf Coconut Milk,Coconut Milk,GreenLeaf,Personal Care,Personal Care,Italy
3784060839576,Natural LocalBest Peas,Peas,LocalBest,Sugar,Sugar,Japan
6863847158639,Premium HealthyLife Ketchup,Ketchup,HealthyLife,Flour,Flour,China
8530979131103,Organic QuickMeal Cereal,Cereal,QuickMeal,Salt,Salt,Italy
5708114488188,Premium NatureBite Coconut Oil Pack of 12,Coconut Oil,NatureBite,Jam,Jam,Mexico
9330819305043,Golden TastyBites Feta,Feta,TastyBites,Pickles,Pickles,Brazil
9300547557371,Natural SimpleJoy Coconut Water 200g,Coconut Water,SimpleJoy,Honey,Honey,Indonesia
8112293253369,Classic MorningFresh Parmesan,Parmesan,MorningFresh,Canned Goods,Canned Goods,China
7862916325699,Premium TastyBites Energy Drink Pack of 6,Energy Drink,TastyBites,Bakery,Bakery,Germany
8331148922627,Traditional PureChoice Crackers,Crackers,PureChoice,Pickles,Pickles,Mexico
8113536206404,Pure GoldenHarvest Chickpeas,Chickpeas,GoldenHarvest,Noodles,Noodles,Vietnam
7931066541072,Traditional MorningFresh Corn,Corn,MorningFresh,Honey,Honey,Mexico
3239429114441,Golden CountryStyle Sesame Oil,Sesame Oil,CountryStyle,Honey,Honey,Indonesia
3711197425486,Homestyle SimpleJoy Muesli,Muesli,SimpleJoy,Rice,Rice,China
6957563128235,Artisan GreenLeaf Juice,Juice,GreenLeaf,Sugar,Sugar,Mexico
6700386275284,Homestyle HealthyLife Ketchup,Ketchup,HealthyLife,Honey,Honey,Spain
8549474825660,Natural CountryStyle Oat Milk,Oat Milk,CountryStyle,Condiments,Condiments,Italy
6206132216801,Pure CountryStyle Frozen Veggies,Frozen Veggies,CountryStyle,Health Supplements,Health Supplements,Vietnam
2360032631661,Traditional GoldenHarvest Coffee Pack of 6,Coffee,GoldenHarvest,Frozen Foods,Frozen Foods,USA
4460265221303,Royal DailyBasics Frozen Pizza,Frozen Pizza,DailyBasics,Snacks,Snacks,France
4662775610970,Artisan SimpleJoy Pasta,Pasta,SimpleJoy,Spices,Spices,Vietnam
5815068159516,Farm Fresh KitchenPride Peanut Butter Pack of 6,Peanut Butter,KitchenPride,Snacks,Snacks,Spain
3464865571090,Traditional QuickMeal Peas,Peas,QuickMeal,Cereals,Cereals,Brazil
3155984299571,Homestyle SunValley Iced Tea,Iced Tea,SunValley,Nuts,Nuts,Vietnam
8777211935947,Traditional MorningFresh Oats,Oats,MorningFresh,Rice,Rice,Indonesia
7833999265785,Royal GoldenHarvest Gum 500g,Gum,GoldenHarvest,Sauces,Sauces,Germany
9092186042164,Premium CountryStyle Coconut Oil Pack of 12,Coconut Oil,CountryStyle,Nuts,Nuts,India
7954476464720,Pure FamilyFarm Cumin 200g,Cumin,FamilyFarm,Cereals,Cereals,Brazil
8278432102121,Royal HealthyLife Sparkling Water,Sparkling Water,HealthyLife,Frozen Foods,Frozen Foods,Germany
8943155458368,Golden KitchenPride Flour,Flour,KitchenPride,Tea,Tea,Mexico
4879766951607,Pure NatureBite Chips,Chips,NatureBite,Vinegar,Vinegar,USA
7155417456098,Pure PureChoice Flour,Flour,PureChoice,Coffee,Coffee,Germany
5787177557339,Royal NatureBite Brownie Mix 200g,Brownie Mix,NatureBite,Sauces,Sauces,Mexico
5785588384427,Homestyle OrganicPlus Ketchup 1L,Ketchup,OrganicPlus,Baby Food,Baby Food,Japan
4611208964680,Golden VillageMade Chocolate Bar 1kg,Chocolate Bar,VillageMade,Dairy,Dairy,Turkey
2555917625418,Royal DailyBasics Butter 2L,Butter,DailyBasics,Juice,Juice,India
2604360998289,Fresh FreshFarm Green Tea Pack of 12,Green Tea,FreshFarm,Frozen Foods,Frozen Foods,Vietnam
1833330665751,Homestyle GreenLeaf Soy Milk 100g,Soy Milk,GreenLeaf,Rice,Rice,Spain
8339591015154,Traditional SimpleJoy Noodles 100g,Noodles,SimpleJoy,Canned Goods,Canned Goods,Germany
1698371224615,Natural HomeMade Gum,Gum,HomeMade,Sauces,Sauces,China
6318583100517,Farm Fresh HomeMade Cumin 500g,Cumin,HomeMade,Dried Fruits,Dried Fruits,Mexico
8482153808440,Organic OrganicPlus Chickpeas,Chickpeas,OrganicPlus,Condiments,Condiments,France
4612495658383,Farm Fresh NatureBite Mineral Water,Mineral Water,NatureBite,Baby Food,Baby Food,USA
2519919174384,Artisan SunValley Chips 200g,Chips,SunValley,Nuts,Nuts,Turkey
1286976457755,Premium NutriWell Crackers,Crackers,NutriWell,Beverages,Beverages,Brazil
6089915340637,Fresh HomeMade Noodles 2L,Noodles,HomeMade,Nuts,Nuts,Thailand
2321549412730,Pure KitchenPride Ketchup,Ketchup,KitchenPride,Cleaning Supplies,Cleaning Supplies,Thailand
7693667272663,Homestyle SunValley Instant Coffee,Instant Coffee,SunValley,Coffee,Coffee,Spain
1657472266926,Golden HealthyLife French Fries,French Fries,HealthyLife,Cereals,Cereals,Japan
7670023537508,Fresh CountryStyle Margarine 250g,Margarine,CountryStyle,Coffee,Coffee,Japan
3092300841984,Classic NatureBite Candy,Candy,NatureBite,Coffee,Coffee,USA
6905236783623,Natural NatureBite Cashews,Cashews,NatureBite,Salt,Salt,Japan
7834089882379,Fresh VillageMade Black Tea,Black Tea,VillageMade,Jam,Jam,Thailand
4085174544486,Golden HealthyLife French Fries 100g,French Fries,HealthyLife,Pasta,Pasta,Japan
5979427389569,Artisan DailyBasics Corn 2L,Corn,DailyBasics,Health Supplements,Health Supplements,Germany
7317509580293,Traditional LocalBest Sparkling Water,Sparkling Water,LocalBest,Tea,Tea,India
7494122087135,Fresh MorningFresh Pancake Mix,Pancake Mix,MorningFresh,Jam,Jam,Japan
8073454716659,Natural GoldenHarvest Soda 1kg,Soda,GoldenHarvest,Rice,Rice,Turkey
4242659605034,Artisan DailyBasics Evaporated Milk,Evaporated Milk,DailyBasics,Vinegar,Vinegar,Italy
7363652940579,Traditional FreshFarm Soda,Soda,FreshFarm,Beverages,Beverages,France
2456177881513,Homestyle QuickMeal Soy Milk,Soy Milk,QuickMeal,Tea,Tea,India
9956630623584,Golden GreenLeaf Herbal Tea,Herbal Tea,GreenLeaf,Cleaning Supplies,Cleaning Supplies,France
1060151653105,Golden KitchenPride Parmesan,Parmesan,KitchenPride,Bakery,Bakery,Japan
2764199462033,Artisan VillageMade Sauce,Sauce,VillageMade,Baby Food,Baby Food,Italy
4380862966221,Farm Fresh PureChoice Corn,Corn,PureChoice,Spices,Spices,Brazil
3513540998263,Farm Fresh GreenLeaf Jam,Jam,GreenLeaf,Rice,Rice,China
9286184703705,Classic FamilyFarm Honey,Honey,FamilyFarm,Nuts,Nuts,India
5797484005109,Fresh VillageMade Sugar,Sugar,VillageMade,Cereals,Cereals,Mexico
2790064008624,Royal TastyBites Chips,Chips,TastyBites,Snacks,Snacks,Turkey
6530948517408,Natural NutriWell Peanuts 250g,Peanuts,NutriWell,Personal Care,Personal Care,Germany
1136690091716,Traditional PureChoice Gum,Gum,PureChoice,Pickles,Pickles,France
9172288411071,Farm Fresh FreshFarm Pepper,Pepper,FreshFarm,Health Supplements,Health Supplements,India
2283557364362,Organic PureChoice Crackers,Crackers,PureChoice,Honey,Honey,Mexico
2358503663119,Pure HomeMade Cashews Pack of 6,Cashews,HomeMade,Condiments,Condiments,Japan
6064894459369,Artisan KitchenPride Croissant 1kg,Croissant,KitchenPride,Pasta,Pasta,Spain
4079647942392,Fresh FamilyFarm Coconut Milk,Coconut Milk,FamilyFarm,Tea,Tea,India
4905781093151,Classic VillageMade French Fries,French Fries,VillageMade,Snacks,Snacks,Japan
5002889706233,Artisan CountryStyle Croissant 250g,Croissant,CountryStyle,Condiments,Condiments,Mexico
5408546128945,Natural SimpleJoy Feta,Feta,SimpleJoy,Beverages,Beverages,Thailand
6840358038196,Farm Fresh GoldenHarvest Almonds 750ml,Almonds,GoldenHarvest,Nuts,Nuts,Indonesia
1368371424408,Farm Fresh QuickMeal Sunflower Oil,Sunflower Oil,QuickMeal,Beverages,Beverages,Turkey
8563286005535,Pure NatureBite Evaporated Milk,Evaporated Milk,NatureBite,Jam,Jam,Brazil
1259541226495,Traditional NatureBite Cheese,Cheese,NatureBite,Sugar,Sugar,France
5107022072927,Artisan QuickMeal Olive Oil,Olive Oil,QuickMeal,Dairy,Dairy,USA
6598056392994,Premium KitchenPride Whole Beans,Whole Beans,KitchenPride,Tea,Tea,Italy
6257336804604,Pure NatureBite Bagel,Bagel,NatureBite,Tea,Tea,Japan
4419998074083,Artisan SimpleJoy Corn,Corn,SimpleJoy,Spices,Spices,Japan
6202913803194,Homestyle NutriWell Crackers 2L,Crackers,NutriWell,Oils,Oils,Thailand
1162399551367,Farm Fresh GreenLeaf Candy,Candy,GreenLeaf,Rice,Rice,China
4737369339556,Homestyle FreshFarm Samosa 1kg,Samosa,FreshFarm,Frozen Foods,Frozen Foods,France
3219250137941,Homestyle MorningFresh Chips,Chips,MorningFresh,Flour,Flour,Germany
6760015053518,Farm Fresh MorningFresh Raisins,Raisins,MorningFresh,Snacks,Snacks,Italy
7664968873483,Organic QuickMeal Pickle,Pickle,QuickMeal,Noodles,Noodles,India
4748488064991,Natural HomeMade Almond Milk,Almond Milk,HomeMade,Honey,Honey,Japan
6122177068496,Classic TastyBites Oats 750ml,Oats,TastyBites,Health Supplements,Health Supplements,Vietnam
4983096298326,Organic FreshFarm Chocolate Bar 250g,Chocolate Bar,FreshFarm,Salt,Salt,Italy
8782870061429,Premium OrganicPlus Coffee,Coffee,OrganicPlus,Spices,Spices,Germany
1464419203008,Homestyle KitchenPride Tea,Tea,KitchenPride,Oils,Oils,USA
7727663058549,Pure OrganicPlus Soup 100g,Soup,OrganicPlus,Flour,Flour,Mexico
3220438832133,Classic NatureBite Olive Oil 200g,Olive Oil,NatureBite,Tea,Tea,Germany
9796766865825,Organic VillageMade Crackers 750ml,Crackers,VillageMade,Beverages,Beverages,Brazil
1790923483558,Traditional CountryStyle Coffee,Coffee,CountryStyle,Coffee,Coffee,Japan
4720487582946,Classic TastyBites Nutella,Nutella,TastyBites,Pet Food,Pet Food,USA
2089219609746,Organic FreshFarm Butter,Butter,FreshFarm,Honey,Honey,Italy
7627561672290,Premium MorningFresh Oats,Oats,MorningFresh,Biscuits,Biscuits,Indonesia
2127395540775,Farm Fresh GoldenHarvest Tomato Paste,Tomato Paste,GoldenHarvest,Nuts,Nuts,India
8910157637333,Pure HomeMade Nutella,Nutella,HomeMade,Chips,Chips,Vietnam
7054957431437,Royal SunValley Mozzarella,Mozzarella,SunValley,Tea,Tea,USA
7777296787053,Golden NutriWell Condensed Milk,Condensed Milk,NutriWell,Health Supplements,Health Supplements,Vietnam
6008256003035,Classic HealthyLife Mineral Water,Mineral Water,HealthyLife,Chips,Chips,Turkey
8809303081033,Organic PureChoice Margarine,Margarine,PureChoice,Jam,Jam,Mexico
8526925690493,Traditional KitchenPride Kidney Beans,Kidney Beans,KitchenPride,Jam,Jam,Brazil
9283526614741,Golden KitchenPride Sunflower Oil,Sunflower Oil,KitchenPride,Snacks,Snacks,Vietnam
3815675326737,Farm Fresh MorningFresh Tea,Tea,MorningFresh,Bakery,Bakery,Italy
2304219135852,Royal NatureBite Nutella,Nutella,NatureBite,Coffee,Coffee,USA
3004354603462,Traditional VillageMade Fish Fillet,Fish Fillet,VillageMade,Noodles,Noodles,India
9408798235937,Golden SunValley Instant Coffee,Instant Coffee,SunValley,Pasta,Pasta,Brazil
3166752135685,Farm Fresh CountryStyle Coconut Water,Coconut Water,CountryStyle,Pasta,Pasta,Italy
7466127504222,Traditional OrganicPlus Mayonnaise,Mayonnaise,OrganicPlus,Chips,Chips,Turkey
4385772408107,Organic FreshFarm Salt 500g,Salt,FreshFarm,Soup Mix,Soup Mix,Turkey
5324638349789,Pure VillageMade Olive Oil,Olive Oil,VillageMade,Rice,Rice,Turkey
2287190065361,Natural QuickMeal Jam,Jam,QuickMeal,Cleaning Supplies,Cleaning Supplies,Turkey
7684601624560,Pure HomeMade Soup Pack of 6,Soup,HomeMade,Chocolate,Chocolate,USA
4550021299765,Golden KitchenPride French Fries,French Fries,KitchenPride,Canned Goods,Canned Goods,Thailand
4701813057146,Farm Fresh NatureBite Sauce,Sauce,NatureBite,Biscuits,Biscuits,Japan
1536315994479,Traditional GoldenHarvest Mozzarella,Mozzarella,GoldenHarvest,Salt,Salt,Italy
4235368099724,Traditional TastyBites Whole Beans 750ml,Whole Beans,TastyBites,Canned Goods,Canned Goods,Vietnam
9581965279832,Premium MorningFresh Chocolate Bar 500g,Chocolate Bar,MorningFresh,Coffee,Coffee,France
6525012651711,Traditional OrganicPlus Peanut Butter 1kg,Peanut Butter,OrganicPlus,Personal Care,Personal Care,France
6164746746432,Pure GreenLeaf Instant Coffee,Instant Coffee,GreenLeaf,Chips,Chips,Indonesia
1378473865604,Homestyle HomeMade Black Tea,Black Tea,HomeMade,Sugar,Sugar,Germany
8368306231948,Classic VillageMade Sparkling Water 200g,Sparkling Water,VillageMade,Rice,Rice,Turkey
1956369678559,Traditional HomeMade Sesame Oil 1L,Sesame Oil,HomeMade,Pet Food,Pet Food,Brazil
4791501034045,Homestyle QuickMeal Tempeh 200g,Tempeh,QuickMeal,Pasta,Pasta,Germany
6296168183399,Traditional GoldenHarvest Margarine 250g,Margarine,GoldenHarvest,Rice,Rice,Vietnam
6146212134244,Artisan VillageMade Frozen Pizza 100g,Frozen Pizza,VillageMade,Chips,Chips,Thailand
9671420711889,Royal NutriWell Muffin 250g,Muffin,NutriWell,Pickles,Pickles,USA
1913348156907,Artisan SunValley Flour,Flour,SunValley,Personal Care,Personal Care,Brazil
6145772860623,Artisan HomeMade Croissant 500g,Croissant,HomeMade,Noodles,Noodles,Japan
5744663944848,Classic SimpleJoy Cheese,Cheese,SimpleJoy,Noodles,Noodles,India
4467736941669,Traditional TastyBites Condensed Milk,Condensed Milk,TastyBites,Personal Care,Personal Care,Italy
1073875418540,Fresh HomeMade Cheese 250g,Cheese,HomeMade,Snacks,Snacks,Turkey
9853182491682,Homestyle SimpleJoy Pasta Pack of 6,Pasta,SimpleJoy,Juice,Juice,Mexico
8439796107109,Artisan CountryStyle Tofu,Tofu,CountryStyle,Cleaning Supplies,Cleaning Supplies,Brazil
8132245249008,Artisan DailyBasics Corn,Corn,DailyBasics,Vinegar,Vinegar,India
6904943609423,Golden QuickMeal Tofu,Tofu,QuickMeal,Chips,Chips,Italy
3343331553797,Organic GoldenHarvest Croissant 1kg,Croissant,GoldenHarvest,Bakery,Bakery,USA
4306553960762,Premium LocalBest Cumin,Cumin,LocalBest,Frozen Foods,Frozen Foods,Germany
4787862777087,Classic FreshFarm Oil,Oil,FreshFarm,Honey,Honey,China
2930121814683,Artisan FamilyFarm Dates 100g,Dates,FamilyFarm,Health Supplements,Health Supplements,India
6025265162502,Homestyle DailyBasics Evaporated Milk,Evaporated Milk,DailyBasics,Bakery,Bakery,China
2122025804617,Classic SimpleJoy Green Tea 750ml,Green Tea,SimpleJoy,Canned Goods,Canned Goods,Japan
4360082506571,Farm Fresh PureChoice Evaporated Milk,Evaporated Milk,PureChoice,Juice,Juice,France
9058691351162,Classic FamilyFarm Coconut Water,Coconut Water,FamilyFarm,Dairy,Dairy,Germany
1213198576155,Fresh FamilyFarm Green Tea 1L,Green Tea,FamilyFarm,Chips,Chips,France
9564637191042,Artisan QuickMeal Bagel,Bagel,QuickMeal,Dairy,Dairy,Brazil
9138484468870,Golden SimpleJoy Biscuits Pack of 6,Biscuits,SimpleJoy,Juice,Juice,France
2811195125009,Traditional PureChoice Tea,Tea,PureChoice,Vinegar,Vinegar,Italy
2986089064059,Fresh CountryStyle Muffin,Muffin,CountryStyle,Vinegar,Vinegar,France
4554176990108,Golden GreenLeaf Muesli,Muesli,GreenLeaf,Baby Food,Baby Food,Turkey
6854161043797,Farm Fresh GoldenHarvest Soup,Soup,GoldenHarvest,Jam,Jam,Japan
2179136535531,Pure KitchenPride Dates,Dates,KitchenPride,Rice,Rice,Spain
5343799431416,Classic TastyBites Pepper,Pepper,TastyBites,Cleaning Supplies,Cleaning Supplies,Brazil
3801531097583,Traditional HomeMade Green Tea,Green Tea,HomeMade,Baby Food,Baby Food,Thailand
1762612495003,Fresh MorningFresh Tempeh,Tempeh,MorningFresh,Biscuits,Biscuits,Italy
4663044492623,Organic SunValley Parmesan,Parmesan,SunValley,Cleaning Supplies,Cleaning Supplies,Thailand
3771132263464,Artisan OrganicPlus Cereal 1L,Cereal,OrganicPlus,Tea,Tea,China
2225425705600,Golden NatureBite Energy Drink,Energy Drink,NatureBite,Pasta,Pasta,Turkey
7521984542667,Homestyle PureChoice Instant Coffee 100g,Instant Coffee,PureChoice,Health Supplements,Health Supplements,France
4353588566290,Organic CountryStyle Tortilla 250g,Tortilla,CountryStyle,Beverages,Beverages,Japan
4937749073753,Farm Fresh GreenLeaf Kidney Beans 2L,Kidney Beans,GreenLeaf,Baby Food,Baby Food,France
3126506828571,Farm Fresh HomeMade Gum,Gum,HomeMade,Baby Food,Baby Food,Japan
4489188206387,Organic LocalBest Ghee,Ghee,LocalBest,Noodles,Noodles,USA
2284824120066,Organic HomeMade Feta 1kg,Feta,HomeMade,Rice,Rice,Mexico
9599771215553,Natural NatureBite Tofu,Tofu,NatureBite,Baby Food,Baby Food,Turkey
8866929311314,Artisan LocalBest Coffee 1L,Coffee,LocalBest,Cereals,Cereals,Japan
9352126104627,Fresh GoldenHarvest Mineral Water 1L,Mineral Water,GoldenHarvest,Jam,Jam,Vietnam
8084113736379,Artisan HealthyLife Black Tea,Black Tea,HealthyLife,Vinegar,Vinegar,Spain
5126839488698,Natural QuickMeal Candy,Candy,QuickMeal,Pickles,Pickles,Brazil
7681570946974,Golden GoldenHarvest Kidney Beans,Kidney Beans,GoldenHarvest,Soup Mix,Soup Mix,Germany
4207028704801,Premium DailyBasics Swiss Cheese,Swiss Cheese,DailyBasics,Chocolate,Chocolate,Mexico
1234949401700,Artisan GoldenHarvest Rice,Rice,GoldenHarvest,Baby Food,Baby Food,Japan
8409863322049,Organic PureChoice Sunflower Oil,Sunflower Oil,PureChoice,Cereals,Cereals,USA
1654247012388,Royal PureChoice Chickpeas,Chickpeas,PureChoice,Flour,Flour,Indonesia
8370814103816,Organic FamilyFarm Flour,Flour,FamilyFarm,Flour,Flour,Thailand
4675279827329,Golden NutriWell Cumin Pack of 12,Cumin,NutriWell,Soup Mix,Soup Mix,Turkey
4577080222861,Natural HealthyLife Peanuts,Peanuts,HealthyLife,Juice,Juice,Thailand
2894883268482,Homestyle SimpleJoy Cake Mix,Cake Mix,SimpleJoy,Frozen Foods,Frozen Foods,Turkey
7761361496077,Natural FamilyFarm Black Beans 1L,Black Beans,FamilyFarm,Chips,Chips,Japan
5225525209946,Premium SunValley Rice,Rice,SunValley,Pet Food,Pet Food,Indonesia
8171123927182,Traditional HomeMade Soda 250g,Soda,HomeMade,Nuts,Nuts,Italy
6860649202499,Homestyle GreenLeaf Pancake Mix 2L,Pancake Mix,GreenLeaf,Pasta,Pasta,China
1691500960519,Organic HomeMade Lentils,Lentils,HomeMade,Flour,Flour,Japan
2516336612564,Homestyle SimpleJoy Oat Milk 750ml,Oat Milk,SimpleJoy,Frozen Foods,Frozen Foods,Germany
6947523351843,Homestyle HomeMade Soup,Soup,HomeMade,Cereals,Cereals,Italy
4486334437076,Natural KitchenPride Peanuts 500g,Peanuts,KitchenPride,Vinegar,Vinegar,Germany
2572013278537,Organic NatureBite Butter,Butter,NatureBite,Personal Care,Personal Care,Turkey
2160649611675,Farm Fresh FamilyFarm Whole Beans,Whole Beans,FamilyFarm,Beverages,Beverages,Vietnam
6450058001400,Farm Fresh GreenLeaf Salt,Salt,GreenLeaf,Tea,Tea,Thailand
2135068283537,Classic LocalBest Pita Bread Pack of 12,Pita Bread,LocalBest,Bakery,Bakery,Germany
5049035729550,Organic TastyBites Cumin,Cumin,TastyBites,Sugar,Sugar,Italy
5265282717421,Traditional GreenLeaf Iced Tea,Iced Tea,GreenLeaf,Snacks,Snacks,Spain
3465664907402,Premium KitchenPride Tofu,Tofu,KitchenPride,Jam,Jam,Turkey
4877143461778,Fresh DailyBasics Gouda,Gouda,DailyBasics,Jam,Jam,Japan
1147079037179,Pure OrganicPlus Ground Coffee Pack of 12,Ground Coffee,OrganicPlus,Noodles,Noodles,Germany
6104585116142,Premium VillageMade Coffee,Coffee,VillageMade,Cereals,Cereals,Indonesia
3462340934782,Golden LocalBest Instant Coffee,Instant Coffee,LocalBest,Sugar,Sugar,Indonesia
7265771083476,Golden PureChoice Flour,Flour,PureChoice,Pet Food,Pet Food,Italy
2730299618720,Farm Fresh OrganicPlus French Fries,French Fries,OrganicPlus,Pasta,Pasta,Japan
8195001129120,Natural VillageMade Ground Coffee,Ground Coffee,VillageMade,Jam,Jam,India
7977838977192,Golden NutriWell Pickle 250g,Pickle,NutriWell,Spices,Spices,Brazil
8603917965570,Traditional FamilyFarm Whole Beans Pack of 6,Whole Beans,FamilyFarm,Beverages,Beverages,Germany
8873511353431,Golden DailyBasics Iced Tea 750ml,Iced Tea,DailyBasics,Spices,Spices,Brazil
9156145797459,Homestyle CountryStyle Brownie Mix,Brownie Mix,CountryStyle,Dried Fruits,Dried Fruits,Germany
2866315592432,Premium MorningFresh Almonds,Almonds,MorningFresh,Baby Food,Baby Food,France
8628516015133,Classic OrganicPlus Syrup,Syrup,OrganicPlus,Snacks,Snacks,Spain
4306431630047,Farm Fresh VillageMade Energy Drink,Energy Drink,VillageMade,Snacks,Snacks,USA
3195977732064,Artisan SimpleJoy Biscuits,Biscuits,SimpleJoy,Sauces,Sauces,Germany
3447370998438,Pure SimpleJoy Coconut Water,Coconut Water,SimpleJoy,Frozen Foods,Frozen Foods,Spain
8763294592459,Fresh PureChoice Coconut Milk 1kg,Coconut Milk,PureChoice,Personal Care,Personal Care,Italy
1983716637169,Golden NatureBite Soda,Soda,NatureBite,Oils,Oils,China
8868156293374,Farm Fresh OrganicPlus Gouda,Gouda,OrganicPlus,Soup Mix,Soup Mix,India
5100089422831,Golden HomeMade Rice,Rice,HomeMade,Snacks,Snacks,USA
3640877415803,Classic FreshFarm Evaporated Milk,Evaporated Milk,FreshFarm,Cleaning Supplies,Cleaning Supplies,Italy
9675989110460,Homestyle CountryStyle Vinegar 100g,Vinegar,CountryStyle,Flour,Flour,Japan
3625705190519,Premium TastyBites Pickle 1L,Pickle,TastyBites,Juice,Juice,Turkey
1277286496564,Traditional NatureBite Vinegar,Vinegar,NatureBite,Pet Food,Pet Food,Japan
1348732298772,Premium QuickMeal Cheddar 1L,Cheddar,QuickMeal,Salt,Salt,Brazil
7392849364461,Natural HealthyLife Frozen Veggies 750ml,Frozen Veggies,HealthyLife,Pet Food,Pet Food,Vietnam
2617872860901,Golden QuickMeal Sunflower Oil,Sunflower Oil,QuickMeal,Pickles,Pickles,Italy
9726979770759,Homestyle SimpleJoy Oil,Oil,SimpleJoy,Pet Food,Pet Food,Vietnam
7366036082563,Golden QuickMeal Crackers 500g,Crackers,QuickMeal,Chocolate,Chocolate,Thailand
2154163169321,Homestyle KitchenPride Mineral Water Pack of 6,Mineral Water,KitchenPride,Sugar,Sugar,Thailand
4494016511647,Golden QuickMeal Coconut Oil,Coconut Oil,QuickMeal,Chips,Chips,Spain
4798875051601,Traditional HealthyLife Iced Tea,Iced Tea,HealthyLife,Coffee,Coffee,Brazil
9317035475987,Classic OrganicPlus Chapati,Chapati,OrganicPlus,Cleaning Supplies,Cleaning Supplies,Germany
5287626027351,Premium KitchenPride Sesame Oil Pack of 12,Sesame Oil,KitchenPride,Juice,Juice,Japan
6288186309706,Natural KitchenPride Peas 750ml,Peas,KitchenPride,Health Supplements,Health Supplements,India
1418140969513,Royal HealthyLife Cream Cheese,Cream Cheese,HealthyLife,Bakery,Bakery,Thailand
8053492247210,Artisan FreshFarm Vinegar,Vinegar,FreshFarm,Sauces,Sauces,China
8861797793600,Natural OrganicPlus Tomato Paste Pack of 12,Tomato Paste,OrganicPlus,Dried Fruits,Dried Fruits,China
7077044085247,Golden FreshFarm Condensed Milk,Condensed Milk,FreshFarm,Snacks,Snacks,USA
3424172786169,Classic GoldenHarvest Croissant,Croissant,GoldenHarvest,Dairy,Dairy,Japan
6274240736946,Classic GreenLeaf Rice 200g,Rice,GreenLeaf,Nuts,Nuts,Mexico
4991499585709,Fresh NutriWell Sauce,Sauce,NutriWell,Tea,Tea,Turkey
6818643161319,Natural PureChoice Juice,Juice,PureChoice,Coffee,Coffee,Japan
5831963588803,Premium GoldenHarvest Green Tea,Green Tea,GoldenHarvest,Soup Mix,Soup Mix,Turkey
3621064748370,Farm Fresh SimpleJoy Ground Coffee 750ml,Ground Coffee,SimpleJoy,Cereals,Cereals,Indonesia
9724639701619,Natural SunValley Chapati,Chapati,SunValley,Jam,Jam,Thailand
7018505698464,Fresh KitchenPride Cumin Pack of 12,Cumin,KitchenPride,Frozen Foods,Frozen Foods,Germany
6700418679799,Fresh OrganicPlus Juice,Juice,OrganicPlus,Nuts,Nuts,Thailand
7291391778809,Classic TastyBites Olive Oil,Olive Oil,TastyBites,Dairy,Dairy,Vietnam
3385501626019,Artisan VillageMade Oats 1L,Oats,VillageMade,Soup Mix,Soup Mix,Mexico
8779248565865,Homestyle PureChoice Sparkling Water 250g,Sparkling Water,PureChoice,Frozen Foods,Frozen Foods,Japan
7590522637493,Traditional GreenLeaf Corn 1kg,Corn,GreenLeaf,Condiments,Condiments,Brazil
8463593409238,Organic QuickMeal Samosa,Samosa,QuickMeal,Cleaning Supplies,Cleaning Supplies,Vietnam
8776704021025,Traditional FreshFarm Pickle,Pickle,FreshFarm,Bakery,Bakery,Italy
5117031181510,Fresh KitchenPride Syrup,Syrup,KitchenPride,Coffee,Coffee,Germany
6912442156607,Fresh OrganicPlus Ground Coffee 1kg,Ground Coffee,OrganicPlus,Honey,Honey,India
6805560023016,Royal CountryStyle Peanut Butter,Peanut Butter,CountryStyle,Pasta,Pasta,Japan
8754214585653,Natural PureChoice Tofu 500g,Tofu,PureChoice,Biscuits,Biscuits,Vietnam
6424708957907,Farm Fresh DailyBasics Dates,Dates,DailyBasics,Rice,Rice,India
7494614394154,Pure TastyBites Parmesan,Parmesan,TastyBites,Pickles,Pickles,India
5177810689053,Fresh QuickMeal Cinnamon,Cinnamon,QuickMeal,Pickles,Pickles,Vietnam
8766894670981,Traditional GreenLeaf Frozen Pizza,Frozen Pizza,GreenLeaf,Canned Goods,Canned Goods,USA
6827060881048,Homestyle FreshFarm Pancake Mix 1kg,Pancake Mix,FreshFarm,Sauces,Sauces,USA
4572155429847,Golden TastyBites Crackers,Crackers,TastyBites,Pickles,Pickles,Mexico
9510408157128,Fresh PureChoice Tofu,Tofu,PureChoice,Sugar,Sugar,Brazil
7855311148094,Classic DailyBasics Cheddar 500g,Cheddar,DailyBasics,Spices,Spices,Spain
3484326597405,Golden DailyBasics Peanut Butter Pack of 6,Peanut Butter,DailyBasics,Pet Food,Pet Food,Mexico
3753742418658,Fresh VillageMade Pancake Mix,Pancake Mix,VillageMade,Canned Goods,Canned Goods,Vietnam
8788159816713,Natural NutriWell Tofu,Tofu,NutriWell,Baby Food,Baby Food,USA
1475765879951,Classic CountryStyle Sauce,Sauce,CountryStyle,Noodles,Noodles,France
8773895009761,Golden GoldenHarvest Gum Pack of 12,Gum,GoldenHarvest,Frozen Foods,Frozen Foods,Thailand
4456861932445,Organic QuickMeal Turmeric,Turmeric,QuickMeal,Beverages,Beverages,Vietnam
4126685475689,Organic SimpleJoy Pasta Pack of 6,Pasta,SimpleJoy,Coffee,Coffee,Spain
1603927883394,Natural HealthyLife Coconut Oil,Coconut Oil,HealthyLife,Bakery,Bakery,Brazil
6564535771594,Farm Fresh NutriWell Green Tea 100g,Green Tea,NutriWell,Coffee,Coffee,Japan
1836569913441,Homestyle LocalBest Bread 500g,Bread,LocalBest,Biscuits,Biscuits,Italy
6232764753634,Golden VillageMade Cheese 250g,Cheese,VillageMade,Coffee,Coffee,Vietnam
2694386024224,Organic TastyBites Yogurt 250g,Yogurt,TastyBites,Noodles,Noodles,Brazil
1850711349045,Classic TastyBites Coffee,Coffee,TastyBites,Vinegar,Vinegar,India
3810242217749,Premium PureChoice Milk,Milk,PureChoice,Spices,Spices,Thailand
5152357606654,Premium VillageMade Sugar 200g,Sugar,VillageMade,Vinegar,Vinegar,Spain
4910185791513,Traditional FreshFarm Swiss Cheese,Swiss Cheese,FreshFarm,Frozen Foods,Frozen Foods,Japan
9194851847769,Royal CountryStyle Samosa 2L,Samosa,CountryStyle,Salt,Salt,France
1812539897178,Organic GoldenHarvest Rice,Rice,GoldenHarvest,Chocolate,Chocolate,Indonesia
2755427313899,Organic FreshFarm Frozen Veggies,Frozen Veggies,FreshFarm,Salt,Salt,Mexico
1484447731119,Golden VillageMade Oat Milk 750ml,Oat Milk,VillageMade,Condiments,Condiments,Brazil
9071174232451,Organic GoldenHarvest Chapati,Chapati,GoldenHarvest,Cereals,Cereals,Vietnam
6345699185573,Classic GoldenHarvest Cumin,Cumin,GoldenHarvest,Baby Food,Baby Food,Brazil
7956201339568,Classic SimpleJoy Raisins Pack of 12,Raisins,SimpleJoy,Oils,Oils,France
9767865578458,Fresh NutriWell Pepper,Pepper,NutriWell,Cereals,Cereals,Indonesia
9802539879018,Traditional HomeMade Olive Oil 500g,Olive Oil,HomeMade,Jam,Jam,Italy
3362689649111,Royal SimpleJoy Green Tea 2L,Green Tea,SimpleJoy,Health Supplements,Health Supplements,Mexico
1446418710203,Classic OrganicPlus Soda,Soda,OrganicPlus,Condiments,Condiments,Mexico
1820307627874,Premium HomeMade Peas,Peas,HomeMade,Chips,Chips,Japan
6308875275779,Homestyle SimpleJoy Margarine 250g,Margarine,SimpleJoy,Pet Food,Pet Food,Italy
1013822975797,Homestyle PureChoice Tempeh,Tempeh,PureChoice,Soup Mix,Soup Mix,Italy
2704153409792,Golden GreenLeaf Crackers,Crackers,GreenLeaf,Condiments,Condiments,Thailand
6197707440209,Farm Fresh PureChoice Mustard,Mustard,PureChoice,Health Supplements,Health Supplements,Indonesia
4643942588023,Traditional OrganicPlus Cumin,Cumin,OrganicPlus,Chocolate,Chocolate,Italy
7632774661851,Farm Fresh SimpleJoy Muffin,Muffin,SimpleJoy,Baby Food,Baby Food,India
7636654120630,Farm Fresh TastyBites Croissant,Croissant,TastyBites,Biscuits,Biscuits,Spain
9556519271081,Golden TastyBites Syrup,Syrup,TastyBites,Tea,Tea,Indonesia
2386599866031,Classic GreenLeaf Cake Mix 250g,Cake Mix,GreenLeaf,Cereals,Cereals,Japan
3949112875799,Artisan SimpleJoy Butter,Butter,SimpleJoy,Tea,Tea,China
1764780834426,Homestyle SimpleJoy Oil 250g,Oil,SimpleJoy,Condiments,Condiments,USA
8948022592991,Premium FamilyFarm Pasta,Pasta,FamilyFarm,Baby Food,Baby Food,USA
4386661573030,Organic VillageMade Tea,Tea,VillageMade,Flour,Flour,Japan
9451754255681,Classic NutriWell Tofu,Tofu,NutriWell,Personal Care,Personal Care,Japan
9394842364589,Homestyle LocalBest Brownie Mix,Brownie Mix,LocalBest,Bakery,Bakery,Thailand
3374551047599,Fresh PureChoice Chicken Nuggets,Chicken Nuggets,PureChoice,Health Supplements,Health Supplements,Turkey
7259560537470,Farm Fresh PureChoice Tomato Paste,Tomato Paste,PureChoice,Health Supplements,Health Supplements,Japan
1167365858672,Traditional OrganicPlus Yogurt,Yogurt,OrganicPlus,Dried Fruits,Dried Fruits,Italy
5281487844220,Fresh SunValley Black Tea 250g,Black Tea,SunValley,Soup Mix,Soup Mix,Thailand
7201214669960,Artisan GreenLeaf Parmesan 1L,Parmesan,GreenLeaf,Condiments,Condiments,Italy
6366976888790,Pure SunValley Black Tea,Black Tea,SunValley,Cleaning Supplies,Cleaning Supplies,USA
7893652514047,Farm Fresh NatureBite Vinegar,Vinegar,NatureBite,Juice,Juice,Japan
1231169305499,Artisan KitchenPride Yogurt 750ml,Yogurt,KitchenPride,Sauces,Sauces,Vietnam
3019372249125,Traditional SunValley Mayonnaise,Mayonnaise,SunValley,Cereals,Cereals,Vietnam
5259909962910,Fresh LocalBest Frozen Veggies 750ml,Frozen Veggies,LocalBest,Biscuits,Biscuits,Germany
1798210586913,Homestyle LocalBest Lentils 500g,Lentils,LocalBest,Baby Food,Baby Food,Japan
7533915938495,Farm Fresh MorningFresh Ghee,Ghee,MorningFresh,Honey,Honey,Indonesia
5126894809415,Golden CountryStyle Waffle Mix,Waffle Mix,CountryStyle,Cereals,Cereals,Brazil
4834256968370,Pure HomeMade Condensed Milk,Condensed Milk,HomeMade,Dried Fruits,Dried Fruits,Vietnam
2861189828606,Artisan QuickMeal Cheddar,Cheddar,QuickMeal,Oils,Oils,Thailand
2176297772364,Golden QuickMeal Tomato Paste 1L,Tomato Paste,QuickMeal,Oils,Oils,USA
4208303881266,Royal SimpleJoy Cornflakes 200g,Cornflakes,SimpleJoy,Health Supplements,Health Supplements,Italy
5593889435465,Classic PureChoice Cumin Pack of 6,Cumin,PureChoice,Chocolate,Chocolate,Thailand
2650271408211,Classic SunValley Sparkling Water Pack of 12,Sparkling Water,SunValley,Coffee,Coffee,India
9275547193839,Pure FamilyFarm Green Tea,Green Tea,FamilyFarm,Honey,Honey,Vietnam
8540189365665,Royal HealthyLife Almond Milk,Almond Milk,HealthyLife,Health Supplements,Health Supplements,France
1565773378116,Farm Fresh LocalBest Coconut Oil,Coconut Oil,LocalBest,Oils,Oils,Indonesia
9105065473866,Artisan SunValley Evaporated Milk,Evaporated Milk,SunValley,Frozen Foods,Frozen Foods,Italy
9939546905930,Fresh SunValley Cheese,Cheese,SunValley,Baby Food,Baby Food,Mexico
8545975383526,Artisan OrganicPlus Flour,Flour,OrganicPlus,Cereals,Cereals,France
4984255885597,Royal FreshFarm Gum 250g,Gum,FreshFarm,Nuts,Nuts,Brazil
4022155697395,Golden QuickMeal Vinegar,Vinegar,QuickMeal,Personal Care,Personal Care,Vietnam
2081513043740,Traditional TastyBites Tofu,Tofu,TastyBites,Coffee,Coffee,Italy
6425886607667,Organic VillageMade Coffee,Coffee,VillageMade,Nuts,Nuts,China
3956090507164,Homestyle VillageMade Sunflower Oil 1kg,Sunflower Oil,VillageMade,Rice,Rice,Japan
3766091298067,Royal TastyBites Chocolate Bar 750ml,Chocolate Bar,TastyBites,Beverages,Beverages,Indonesia
6414239737485,Artisan GoldenHarvest Black Tea 200g,Black Tea,GoldenHarvest,Cereals,Cereals,Japan
8328658875205,Homestyle LocalBest Bread 1kg,Bread,LocalBest,Condiments,Condiments,China
7182583916809,Natural VillageMade Nutella,Nutella,VillageMade,Canned Goods,Canned Goods,Mexico
1684907517333,Classic HomeMade Popcorn,Popcorn,HomeMade,Dried Fruits,Dried Fruits,USA
1981930838674,Farm Fresh GreenLeaf Feta,Feta,GreenLeaf,Canned Goods,Canned Goods,Japan
2244595200113,Organic SunValley Coconut Milk,Coconut Milk,SunValley,Dried Fruits,Dried Fruits,Germany
4188013210597,Royal CountryStyle Cake Mix 100g,Cake Mix,CountryStyle,Oils,Oils,Mexico
7723686626200,Royal KitchenPride Mineral Water,Mineral Water,KitchenPride,Salt,Salt,Germany
5111773944716,Natural SimpleJoy Tortilla,Tortilla,SimpleJoy,Chocolate,Chocolate,USA
2150341553562,Golden VillageMade Feta 500g,Feta,VillageMade,Snacks,Snacks,Turkey
6376414254595,Premium HomeMade Chocolate Bar,Chocolate Bar,HomeMade,Vinegar,Vinegar,Italy
4125333229892,Farm Fresh SunValley Coconut Oil,Coconut Oil,SunValley,Sauces,Sauces,Mexico
6277681383091,Golden VillageMade Paratha,Paratha,VillageMade,Coffee,Coffee,China
9311658021382,Classic FamilyFarm Biscuits,Biscuits,FamilyFarm,Chocolate,Chocolate,Indonesia
9929397135459,Traditional GoldenHarvest Ghee 250g,Ghee,GoldenHarvest,Chips,Chips,Mexico
7748152091991,Pure VillageMade Sauce,Sauce,VillageMade,Snacks,Snacks,France
4591747956546,Classic FreshFarm Feta,Feta,FreshFarm,Jam,Jam,Brazil
7566956446115,Pure OrganicPlus Coriander 100g,Coriander,OrganicPlus,Coffee,Coffee,Germany
5983974322388,Classic MorningFresh Soup,Soup,MorningFresh,Baby Food,Baby Food,Italy
1787388354222,Homestyle PureChoice Ice Cream Pack of 6,Ice Cream,PureChoice,Sauces,Sauces,India
6985417903180,Homestyle VillageMade Sauce,Sauce,VillageMade,Soup Mix,Soup Mix,Mexico
5835852118938,Homestyle LocalBest Tomato Paste,Tomato Paste,LocalBest,Vinegar,Vinegar,Spain
8631997419209,Traditional CountryStyle Cream,Cream,CountryStyle,Chocolate,Chocolate,France
8185550728453,Royal NutriWell Biscuits 100g,Biscuits,NutriWell,Salt,Salt,Germany
2494869767998,Homestyle NutriWell Nutella 200g,Nutella,NutriWell,Snacks,Snacks,Vietnam
5584978947427,Royal PureChoice Cream,Cream,PureChoice,Baby Food,Baby Food,Turkey
8367408643748,Traditional MorningFresh Peas,Peas,MorningFresh,Honey,Honey,USA
8432463167340,Organic PureChoice Tempeh,Tempeh,PureChoice,Chips,Chips,China
4595663735883,Homestyle SunValley Lentils 750ml,Lentils,SunValley,Salt,Salt,Germany
6766067137221,Organic MorningFresh Chocolate Bar 100g,Chocolate Bar,MorningFresh,Honey,Honey,Vietnam
8187236759269,Royal TastyBites Cake Mix,Cake Mix,TastyBites,Nuts,Nuts,India
5651025242559,Premium VillageMade Cream Cheese,Cream Cheese,VillageMade,Baby Food,Baby Food,Turkey
3953167231730,Classic NutriWell Mozzarella,Mozzarella,NutriWell,Dairy,Dairy,Turkey
6811649325167,Organic TastyBites Tempeh,Tempeh,TastyBites,Pet Food,Pet Food,Italy
4035444806963,Traditional HealthyLife Gouda,Gouda,HealthyLife,Canned Goods,Canned Goods,Japan
5388408072614,Farm Fresh HealthyLife Coconut Milk,Coconut Milk,HealthyLife,Sugar,Sugar,Turkey
4446218891223,Classic GoldenHarvest Samosa,Samosa,GoldenHarvest,Frozen Foods,Frozen Foods,India
2399170553244,Premium VillageMade Whole Beans,Whole Beans,VillageMade,Honey,Honey,USA
1026664858804,Homestyle FamilyFarm Coconut Milk 250g,Coconut Milk,FamilyFarm,Pet Food,Pet Food,France
1856737949163,Natural MorningFresh Sparkling Water,Sparkling Water,MorningFresh,Bakery,Bakery,Mexico
8433503299907,Natural HealthyLife Turmeric,Turmeric,HealthyLife,Juice,Juice,Japan
5542336510551,Traditional LocalBest Samosa,Samosa,LocalBest,Coffee,Coffee,Mexico
3649835924914,Natural GoldenHarvest Mayonnaise,Mayonnaise,GoldenHarvest,Sugar,Sugar,USA
1841393440681,Artisan PureChoice Mayonnaise 1kg,Mayonnaise,PureChoice,Biscuits,Biscuits,Turkey
9110432967104,Artisan GreenLeaf Instant Coffee,Instant Coffee,GreenLeaf,Pasta,Pasta,Italy
8818525881073,Farm Fresh NatureBite Peanuts,Peanuts,NatureBite,Pet Food,Pet Food,Turkey
5662169381596,Artisan GoldenHarvest Sesame Oil,Sesame Oil,GoldenHarvest,Chips,Chips,Japan
3432387221036,Pure SunValley Coconut Water,Coconut Water,SunValley,Soup Mix,Soup Mix,Vietnam
9376217131609,Traditional KitchenPride Frozen Pizza,Frozen Pizza,KitchenPride,Chips,Chips,India
1395782514739,Artisan NutriWell Herbal Tea,Herbal Tea,NutriWell,Nuts,Nuts,Germany
7169484951023,Natural DailyBasics Crackers,Crackers,DailyBasics,Baby Food,Baby Food,Vietnam
4658354168349,Organic CountryStyle Nutella,Nutella,CountryStyle,Dairy,Dairy,Japan
1819125971493,Pure NatureBite Chocolate Bar 750ml,Chocolate Bar,NatureBite,Flour,Flour,Thailand
9906585232856,Premium HealthyLife Pepper 750ml,Pepper,HealthyLife,Coffee,Coffee,Spain
6870363405580,Golden KitchenPride Almond Milk,Almond Milk,KitchenPride,Honey,Honey,Brazil
4525797872734,Golden KitchenPride Pasta,Pasta,KitchenPride,Dairy,Dairy,Japan
1239498936998,Organic NutriWell Cumin,Cumin,NutriWell,Frozen Foods,Frozen Foods,USA
7363705617090,Traditional DailyBasics Yogurt,Yogurt,DailyBasics,Cleaning Supplies,Cleaning Supplies,Germany
2525058489849,Farm Fresh MorningFresh Biscuits,Biscuits,MorningFresh,Noodles,Noodles,Vietnam
5870188611022,Traditional DailyBasics Instant Coffee,Instant Coffee,DailyBasics,Nuts,Nuts,France
8479465116653,Fresh KitchenPride Samosa,Samosa,KitchenPride,Beverages,Beverages,China
9120582916127,Royal KitchenPride Brownie Mix,Brownie Mix,KitchenPride,Vinegar,Vinegar,Spain
3593668207346,Royal FreshFarm Peanut Butter 250g,Peanut Butter,FreshFarm,Pickles,Pickles,Italy
1293668076401,Farm Fresh LocalBest Coconut Milk,Coconut Milk,LocalBest,Spices,Spices,Indonesia
1061124073445,Royal CountryStyle Oats 2L,Oats,CountryStyle,Salt,Salt,China
1308616444453,Classic OrganicPlus Chocolate Bar,Chocolate Bar,OrganicPlus,Health Supplements,Health Supplements,Italy
2177489190213,Homestyle GoldenHarvest Butter,Butter,GoldenHarvest,Frozen Foods,Frozen Foods,Spain
7615918444421,Organic OrganicPlus Popcorn,Popcorn,OrganicPlus,Coffee,Coffee,Mexico
2588442151315,Homestyle FamilyFarm Ice Cream,Ice Cream,FamilyFarm,Chocolate,Chocolate,France
1043500297553,Natural LocalBest Almonds,Almonds,LocalBest,Condiments,Condiments,India
3927759795678,Royal FamilyFarm Mayonnaise,Mayonnaise,FamilyFarm,Tea,Tea,Turkey
8277419589915,Homestyle OrganicPlus French Fries,French Fries,OrganicPlus,Juice,Juice,USA
4581871189424,Classic FamilyFarm Yogurt,Yogurt,FamilyFarm,Beverages,Beverages,Brazil
4441874641049,Homestyle MorningFresh Herbal Tea,Herbal Tea,MorningFresh,Frozen Foods,Frozen Foods,Thailand
7414696712210,Golden PureChoice Vinegar,Vinegar,PureChoice,Dried Fruits,Dried Fruits,Thailand
7601275424923,Classic FamilyFarm Soda 200g,Soda,FamilyFarm,Vinegar,Vinegar,France
4129402651764,Natural SunValley Tortilla 200g,Tortilla,SunValley,Tea,Tea,China
1724841999849,Royal SunValley Butter 200g,Butter,SunValley,Chocolate,Chocolate,Turkey
4325959020395,Homestyle LocalBest Pasta 250g,Pasta,LocalBest,Nuts,Nuts,Brazil
5259925448515,Organic CountryStyle Swiss Cheese 200g,Swiss Cheese,CountryStyle,Oils,Oils,USA
6529834862856,Premium SunValley Frozen Veggies,Frozen Veggies,SunValley,Frozen Foods,Frozen Foods,China
8064034627345,Fresh TastyBites Muesli,Muesli,TastyBites,Jam,Jam,Thailand
6639561662490,Natural SunValley Sugar,Sugar,SunValley,Nuts,Nuts,China
8911373837362,Artisan DailyBasics Tortilla,Tortilla,DailyBasics,Condiments,Condiments,India
7341120927754,Pure HealthyLife Bagel,Bagel,HealthyLife,Dried Fruits,Dried Fruits,Thailand
8157376676684,Royal KitchenPride Swiss Cheese,Swiss Cheese,KitchenPride,Nuts,Nuts,Thailand
3105837823323,Farm Fresh GreenLeaf Tomato Paste,Tomato Paste,GreenLeaf,Condiments,Condiments,Brazil
7001215642195,Premium KitchenPride Butter,Butter,KitchenPride,Frozen Foods,Frozen Foods,Germany
2811633059987,Organic PureChoice Herbal Tea 1L,Herbal Tea,PureChoice,Vinegar,Vinegar,Indonesia
2643322603392,Organic FamilyFarm Butter,Butter,FamilyFarm,Spices,Spices,Japan
3354716072224,Royal SimpleJoy Noodles,Noodles,SimpleJoy,Sugar,Sugar,Turkey
3672010591348,Golden OrganicPlus Juice,Juice,OrganicPlus,Flour,Flour,Brazil
7712085111482,Premium FamilyFarm Flour,Flour,FamilyFarm,Biscuits,Biscuits,France
1193290202316,Classic TastyBites Muffin,Muffin,TastyBites,Jam,Jam,France
9021398162906,Organic SunValley Black Beans,Black Beans,SunValley,Snacks,Snacks,India
9150391968967,Homestyle MorningFresh Croissant,Croissant,MorningFresh,Pasta,Pasta,China
4366417105442,Farm Fresh PureChoice Frozen Pizza,Frozen Pizza,PureChoice,Jam,Jam,USA
6885373248473,Premium NatureBite Kidney Beans,Kidney Beans,NatureBite,Cleaning Supplies,Cleaning Supplies,Vietnam
1406486525415,Royal FamilyFarm Jam,Jam,FamilyFarm,Vinegar,Vinegar,India
4049549959467,Premium FreshFarm Cumin,Cumin,FreshFarm,Jam,Jam,Turkey
5636318867455,Artisan SimpleJoy Mozzarella,Mozzarella,SimpleJoy,Honey,Honey,India
5522700608712,Fresh FamilyFarm Evaporated Milk Pack of 12,Evaporated Milk,FamilyFarm,Cleaning Supplies,Cleaning Supplies,Thailand
7899588586697,Royal SunValley Cumin,Cumin,SunValley,Vinegar,Vinegar,Thailand
8590729430641,Premium FamilyFarm Mayonnaise,Mayonnaise,FamilyFarm,Personal Care,Personal Care,Spain
9980461992703,Artisan SimpleJoy Peas,Peas,SimpleJoy,Coffee,Coffee,USA
7847062648500,Golden KitchenPride Oil,Oil,KitchenPride,Pasta,Pasta,Turkey
1406267734813,Fresh SunValley Coffee,Coffee,SunValley,Beverages,Beverages,China
5873023172152,Golden NutriWell Olive Oil 200g,Olive Oil,NutriWell,Beverages,Beverages,Mexico
1294243655659,Natural PureChoice Cashews 1kg,Cashews,PureChoice,Personal Care,Personal Care,Germany
6676938722036,Royal VillageMade Cinnamon,Cinnamon,VillageMade,Chips,Chips,China
5566074373036,Artisan CountryStyle Cheddar 750ml,Cheddar,CountryStyle,Tea,Tea,China
3252454795180,Farm Fresh CountryStyle Pepper,Pepper,CountryStyle,Frozen Foods,Frozen Foods,Indonesia
9342582440635,Natural NatureBite Evaporated Milk 750ml,Evaporated Milk,NatureBite,Tea,Tea,Brazil
9681820448874,Organic VillageMade Cheddar,Cheddar,VillageMade,Cleaning Supplies,Cleaning Supplies,Vietnam
8106096697166,Golden KitchenPride Chapati 750ml,Chapati,KitchenPride,Vinegar,Vinegar,Indonesia
3627063259091,Pure GoldenHarvest Vinegar Pack of 6,Vinegar,GoldenHarvest,Oils,Oils,Turkey
3795533679884,Farm Fresh VillageMade Vinegar 200g,Vinegar,VillageMade,Personal Care,Personal Care,Mexico
5317104684486,Classic NatureBite Soup,Soup,NatureBite,Cleaning Supplies,Cleaning Supplies,Spain
8513370321881,Farm Fresh HealthyLife Peas,Peas,HealthyLife,Salt,Salt,France
8206554178544,Golden FamilyFarm French Fries,French Fries,FamilyFarm,Flour,Flour,China
4850660076345,Artisan QuickMeal Coriander,Coriander,QuickMeal,Baby Food,Baby Food,Thailand
2396493838610,Natural SunValley Coconut Water,Coconut Water,SunValley,Baby Food,Baby Food,Thailand
7064052398581,Golden MorningFresh Margarine,Margarine,MorningFresh,Spices,Spices,Spain
5829641524287,Farm Fresh NutriWell Black Beans 200g,Black Beans,NutriWell,Canned Goods,Canned Goods,Indonesia
6122333103554,Farm Fresh GreenLeaf Sparkling Water,Sparkling Water,GreenLeaf,Dried Fruits,Dried Fruits,Vietnam
8466770664240,Homestyle TastyBites Cashews,Cashews,TastyBites,Sugar,Sugar,Thailand
6599723085866,Fresh GoldenHarvest Sesame Oil 1L,Sesame Oil,GoldenHarvest,Nuts,Nuts,USA
8093616851385,Artisan LocalBest Chapati,Chapati,LocalBest,Beverages,Beverages,Vietnam
4637645801549,Classic FamilyFarm Tomato Paste 100g,Tomato Paste,FamilyFarm,Cereals,Cereals,Italy
4374917798843,Organic MorningFresh Juice,Juice,MorningFresh,Rice,Rice,Brazil
5943172198887,Premium FamilyFarm Pasta,Pasta,FamilyFarm,Health Supplements,Health Supplements,Vietnam
4782771433024,Homestyle LocalBest Sesame Oil,Sesame Oil,LocalBest,Vinegar,Vinegar,Italy
1857074885349,Pure FamilyFarm Condensed Milk 1L,Condensed Milk,FamilyFarm,Bakery,Bakery,USA
9907222056961,Organic FreshFarm Chocolate Bar 500g,Chocolate Bar,FreshFarm,Nuts,Nuts,Spain
2262741894488,Classic NutriWell Mayonnaise 750ml,Mayonnaise,NutriWell,Personal Care,Personal Care,Italy
9550192704781,Fresh MorningFresh Dates,Dates,MorningFresh,Sugar,Sugar,India
5309334177699,Pure SimpleJoy Honey,Honey,SimpleJoy,Salt,Salt,France
5702369820751,Royal SimpleJoy Feta,Feta,SimpleJoy,Pasta,Pasta,France
1842397847398,Golden SunValley Cashews,Cashews,SunValley,Nuts,Nuts,Germany
2106269267409,Fresh HomeMade Waffle Mix 750ml,Waffle Mix,HomeMade,Sugar,Sugar,France
7410244322248,Royal GreenLeaf Salt 750ml,Salt,GreenLeaf,Dried Fruits,Dried Fruits,Indonesia
8986479349286,Classic VillageMade Peanuts,Peanuts,VillageMade,Spices,Spices,Italy
8332292546244,Homestyle LocalBest Ketchup,Ketchup,LocalBest,Baby Food,Baby Food,Japan
5696598271351,Homestyle SimpleJoy Coconut Oil,Coconut Oil,SimpleJoy,Snacks,Snacks,Turkey
2444583876937,Golden CountryStyle Margarine,Margarine,CountryStyle,Condiments,Condiments,Germany
2136039776764,Artisan GoldenHarvest Fish Fillet,Fish Fillet,GoldenHarvest,Rice,Rice,Germany
6258231122709,Fresh HealthyLife Cream Cheese,Cream Cheese,HealthyLife,Spices,Spices,Thailand
8555278302914,Homestyle VillageMade Nutella,Nutella,VillageMade,Coffee,Coffee,Spain
9373340956850,Homestyle NutriWell Whole Beans,Whole Beans,NutriWell,Vinegar,Vinegar,Vietnam
1648101504534,Artisan GoldenHarvest Rice,Rice,GoldenHarvest,Chocolate,Chocolate,Japan
6385181798686,Natural KitchenPride Sesame Oil,Sesame Oil,KitchenPride,Pet Food,Pet Food,USA
4073322592211,Premium FreshFarm Corn 1kg,Corn,FreshFarm,Bakery,Bakery,France
6249485084073,Fresh SunValley Dates,Dates,SunValley,Soup Mix,Soup Mix,France
2928645351972,Fresh QuickMeal Cashews,Cashews,QuickMeal,Tea,Tea,Vietnam
5625512021769,Natural DailyBasics Almond Milk 1kg,Almond Milk,DailyBasics,Health Supplements,Health Supplements,France
4041410188818,Classic NutriWell Soda 750ml,Soda,NutriWell,Flour,Flour,China
4926046194128,Classic OrganicPlus Coriander,Coriander,OrganicPlus,Flour,Flour,Spain
7582676048329,Artisan LocalBest Ketchup,Ketchup,LocalBest,Rice,Rice,Mexico
3546317332287,Farm Fresh GoldenHarvest Soda,Soda,GoldenHarvest,Snacks,Snacks,Turkey
7055202413381,Artisan LocalBest Coconut Oil,Coconut Oil,LocalBest,Pet Food,Pet Food,Thailand
9825848409798,Fresh KitchenPride Soy Milk,Soy Milk,KitchenPride,Rice,Rice,Vietnam
5620994326371,Golden PureChoice Evaporated Milk 1L,Evaporated Milk,PureChoice,Spices,Spices,Mexico
6311320126216,Artisan HealthyLife Milk,Milk,HealthyLife,Condiments,Condiments,China
8825326489722,Golden PureChoice Kidney Beans,Kidney Beans,PureChoice,Pet Food,Pet Food,Japan
9605352954282,Royal TastyBites Cheddar 200g,Cheddar,TastyBites,Jam,Jam,Indonesia
4812697735872,Artisan GoldenHarvest Candy 1L,Candy,GoldenHarvest,Dairy,Dairy,USA
1448658638094,Natural SimpleJoy Syrup,Syrup,SimpleJoy,Canned Goods,Canned Goods,France
1548371994786,Golden PureChoice Salt,Salt,PureChoice,Dairy,Dairy,Italy
9598668165601,Farm Fresh LocalBest Ground Coffee,Ground Coffee,LocalBest,Personal Care,Personal Care,Thailand
7996922059847,Royal PureChoice Honey 750ml,Honey,PureChoice,Coffee,Coffee,Japan
8462872368929,Artisan TastyBites Green Tea,Green Tea,TastyBites,Sauces,Sauces,Vietnam
9561709940738,Natural GoldenHarvest Energy Drink Pack of 12,Energy Drink,GoldenHarvest,Sugar,Sugar,India
2015712734614,Artisan HomeMade Pasta,Pasta,HomeMade,Juice,Juice,China
2502289754119,Natural GoldenHarvest Mustard 500g,Mustard,GoldenHarvest,Beverages,Beverages,USA
4334063303601,Organic NutriWell Syrup 1kg,Syrup,NutriWell,Spices,Spices,France
6448746921758,Pure KitchenPride Mustard,Mustard,KitchenPride,Tea,Tea,Thailand
8282408147023,Artisan DailyBasics Sesame Oil 1kg,Sesame Oil,DailyBasics,Personal Care,Personal Care,India
1196140679167,Golden NutriWell Oil,Oil,NutriWell,Tea,Tea,Vietnam
8686397555926,Classic HomeMade Croissant,Croissant,HomeMade,Snacks,Snacks,Spain
7029488982830,Premium KitchenPride Oat Milk,Oat Milk,KitchenPride,Baby Food,Baby Food,Vietnam
3487079451625,Farm Fresh FamilyFarm Sunflower Oil,Sunflower Oil,FamilyFarm,Condiments,Condiments,USA
3223978080143,Golden SunValley Pasta 250g,Pasta,SunValley,Canned Goods,Canned Goods,China
6670071475745,Premium SimpleJoy Cheddar,Cheddar,SimpleJoy,Condiments,Condiments,Germany
3585477755427,Classic LocalBest Cheddar 1L,Cheddar,LocalBest,Dried Fruits,Dried Fruits,France
5646998969056,Golden QuickMeal Condensed Milk,Condensed Milk,QuickMeal,Pickles,Pickles,Indonesia
4179198229785,Classic MorningFresh Tempeh,Tempeh,MorningFresh,Canned Goods,Canned Goods,USA
2715928649430,Royal MorningFresh Tortilla,Tortilla,MorningFresh,Vinegar,Vinegar,France
9990172201521,Organic MorningFresh Tempeh,Tempeh,MorningFresh,Juice,Juice,Spain
4807888420976,Artisan KitchenPride Swiss Cheese,Swiss Cheese,KitchenPride,Condiments,Condiments,Spain
5574484932363,Traditional HomeMade Oat Milk,Oat Milk,HomeMade,Canned Goods,Canned Goods,China
4488560686697,Natural QuickMeal Almonds 200g,Almonds,QuickMeal,Cereals,Cereals,Brazil
3974019678111,Farm Fresh SimpleJoy Soup,Soup,SimpleJoy,Beverages,Beverages,Spain
7948302359794,Homestyle OrganicPlus Frozen Pizza,Frozen Pizza,OrganicPlus,Beverages,Beverages,Italy
8660001881571,Fresh TastyBites Pita Bread 1L,Pita Bread,TastyBites,Rice,Rice,Indonesia
7565302900577,Organic KitchenPride Fish Fillet,Fish Fillet,KitchenPride,Canned Goods,Canned Goods,Japan
4261667038593,Fresh HomeMade French Fries,French Fries,HomeMade,Health Supplements,Health Supplements,Spain
2809468881565,Farm Fresh CountryStyle Sparkling Water,Sparkling Water,CountryStyle,Tea,Tea,Turkey
3846151502553,Traditional MorningFresh Crackers 1kg,Crackers,MorningFresh,Salt,Salt,France
2921132474649,Pure DailyBasics Peanut Butter,Peanut Butter,DailyBasics,Dried Fruits,Dried Fruits,Indonesia
5057682084611,Pure FreshFarm Tempeh,Tempeh,FreshFarm,Chocolate,Chocolate,Vietnam
5033040716099,Homestyle MorningFresh Pasta 200g,Pasta,MorningFresh,Noodles,Noodles,Japan
3169186462636,Farm Fresh GoldenHarvest Cheese,Cheese,GoldenHarvest,Condiments,Condiments,Mexico
3502010989772,Pure NutriWell Iced Tea 2L,Iced Tea,NutriWell,Biscuits,Biscuits,Brazil
2177880190324,Pure SimpleJoy Cinnamon 750ml,Cinnamon,SimpleJoy,Spices,Spices,Italy
1063547865003,Premium PureChoice Cereal,Cereal,PureChoice,Snacks,Snacks,Spain
9975226826693,Artisan QuickMeal Soda,Soda,QuickMeal,Rice,Rice,Turkey
5078515908624,Natural GoldenHarvest Sesame Oil,Sesame Oil,GoldenHarvest,Cleaning Supplies,Cleaning Supplies,Turkey
4377124377552,Golden LocalBest Swiss Cheese,Swiss Cheese,LocalBest,Beverages,Beverages,Italy
8891410077854,Natural MorningFresh Mozzarella 2L,Mozzarella,MorningFresh,Nuts,Nuts,Thailand
5466414987111,Traditional SunValley Cake Mix 750ml,Cake Mix,SunValley,Cereals,Cereals,India
3868505929160,Royal HealthyLife Juice,Juice,HealthyLife,Frozen Foods,Frozen Foods,Brazil
4329649960662,Fresh MorningFresh Cake Mix,Cake Mix,MorningFresh,Baby Food,Baby Food,Germany
1208641731455,Natural LocalBest Raisins,Raisins,LocalBest,Pet Food,Pet Food,France
4380254477458,Organic KitchenPride Dates,Dates,KitchenPride,Bakery,Bakery,Germany
2294088527423,Premium SimpleJoy Turmeric,Turmeric,SimpleJoy,Frozen Foods,Frozen Foods,Italy
5079399242581,Golden VillageMade Condensed Milk,Condensed Milk,VillageMade,Juice,Juice,Mexico
7775088507592,Farm Fresh PureChoice Cumin 2L,Cumin,PureChoice,Flour,Flour,France
8665087392071,Organic SimpleJoy Bread,Bread,SimpleJoy,Nuts,Nuts,Thailand
9004599172372,Golden TastyBites Evaporated Milk 2L,Evaporated Milk,TastyBites,Coffee,Coffee,India
4969527516260,Premium CountryStyle Cumin 2L,Cumin,CountryStyle,Honey,Honey,Vietnam
9796022726011,Homestyle PureChoice Raisins 1kg,Raisins,PureChoice,Health Supplements,Health Supplements,China
1759602698680,Pure NutriWell Crackers 500g,Crackers,NutriWell,Cereals,Cereals,Spain
7809002516048,Organic HealthyLife Raisins,Raisins,HealthyLife,Bakery,Bakery,France
6260861509122,Artisan PureChoice Black Tea,Black Tea,PureChoice,Bakery,Bakery,France
9317531146030,Traditional NutriWell Popcorn,Popcorn,NutriWell,Jam,Jam,Italy
9114659612020,Premium CountryStyle Samosa 250g,Samosa,CountryStyle,Spices,Spices,Italy
6206402685191,Farm Fresh QuickMeal Raisins 100g,Raisins,QuickMeal,Juice,Juice,Germany
5537665034336,Golden FamilyFarm Mineral Water 1L,Mineral Water,FamilyFarm,Beverages,Beverages,Turkey
7667652714841,Royal LocalBest Pancake Mix,Pancake Mix,LocalBest,Sugar,Sugar,USA
9381834241261,Organic NutriWell Nutella 2L,Nutella,NutriWell,Noodles,Noodles,Germany
9239356105048,Organic SunValley Olive Oil,Olive Oil,SunValley,Sugar,Sugar,Brazil
4918626149027,Artisan CountryStyle Frozen Pizza,Frozen Pizza,CountryStyle,Noodles,Noodles,USA
1966734427445,Artisan TastyBites Sunflower Oil 200g,Sunflower Oil,TastyBites,Pasta,Pasta,Spain
8381318227546,Premium NatureBite Oats,Oats,NatureBite,Spices,Spices,China
3882789420269,Natural TastyBites Cornflakes,Cornflakes,TastyBites,Rice,Rice,Mexico
5045554567169,Homestyle SimpleJoy Chocolate Bar,Chocolate Bar,SimpleJoy,Flour,Flour,Turkey
7648384537050,Pure TastyBites Cumin,Cumin,TastyBites,Beverages,Beverages,Italy
7049942352792,Golden SunValley Pasta,Pasta,SunValley,Health Supplements,Health Supplements,Italy
2590450100388,Premium MorningFresh Spring Rolls,Spring Rolls,MorningFresh,Bakery,Bakery,India
7729292352961,Homestyle FamilyFarm Turmeric Pack of 6,Turmeric,FamilyFarm,Honey,Honey,China
9424714536175,Classic PureChoice Cinnamon,Cinnamon,PureChoice,Personal Care,Personal Care,Vietnam
5501167841478,Premium GoldenHarvest Soda 250g,Soda,GoldenHarvest,Personal Care,Personal Care,Vietnam
6699449353272,Natural KitchenPride Whole Beans 1kg,Whole Beans,KitchenPride,Pasta,Pasta,Thailand
9435444032459,Farm Fresh VillageMade Instant Coffee,Instant Coffee,VillageMade,Noodles,Noodles,Spain
1482740955619,Golden NatureBite Oats,Oats,NatureBite,Pasta,Pasta,Brazil
5381392102342,Fresh NatureBite Fish Fillet 200g,Fish Fillet,NatureBite,Dried Fruits,Dried Fruits,Spain
9305655474020,Pure OrganicPlus Chapati,Chapati,OrganicPlus,Personal Care,Personal Care,France
5424143972192,Premium HealthyLife Cheddar,Cheddar,HealthyLife,Sugar,Sugar,Brazil
9337017283562,Golden SimpleJoy Cake Mix,Cake Mix,SimpleJoy,Cereals,Cereals,Italy
5123204432640,Natural GreenLeaf Sunflower Oil,Sunflower Oil,GreenLeaf,Cleaning Supplies,Cleaning Supplies,India
1079332372647,Organic DailyBasics Almonds 250g,Almonds,DailyBasics,Personal Care,Personal Care,France
6954165644612,Golden HomeMade Juice 250g,Juice,HomeMade,Spices,Spices,Indonesia
1063359978152,Fresh OrganicPlus Corn,Corn,OrganicPlus,Pickles,Pickles,China
8005378663399,Homestyle OrganicPlus Chapati,Chapati,OrganicPlus,Canned Goods,Canned Goods,India
8139391250455,Traditional NutriWell Pasta,Pasta,NutriWell,Snacks,Snacks,Vietnam
7253891894838,Premium CountryStyle Green Tea,Green Tea,CountryStyle,Biscuits,Biscuits,Brazil
1896897561991,Natural SimpleJoy Corn,Corn,SimpleJoy,Health Supplements,Health Supplements,Vietnam
6142543247639,Royal SunValley Pita Bread,Pita Bread,SunValley,Pickles,Pickles,Spain
9684219205249,Premium VillageMade Pepper,Pepper,VillageMade,Health Supplements,Health Supplements,Indonesia
1183155719823,Traditional DailyBasics Oil 750ml,Oil,DailyBasics,Noodles,Noodles,Germany
5029338726373,Premium OrganicPlus Green Tea,Green Tea,OrganicPlus,Health Supplements,Health Supplements,Thailand
9098737512486,Organic GoldenHarvest Coffee,Coffee,GoldenHarvest,Condiments,Condiments,Germany
9733525164734,Pure HomeMade Fish Fillet,Fish Fillet,HomeMade,Pasta,Pasta,Thailand
1812310153197,Fresh HomeMade Croissant,Croissant,HomeMade,Jam,Jam,Brazil
4991048001028,Royal CountryStyle Honey,Honey,CountryStyle,Beverages,Beverages,Turkey
9892044592397,Premium PureChoice Pancake Mix,Pancake Mix,PureChoice,Pickles,Pickles,Thailand
3198209591563,Fresh SunValley Instant Coffee 2L,Instant Coffee,SunValley,Frozen Foods,Frozen Foods,China
3901686527899,Organic NutriWell Margarine,Margarine,NutriWell,Soup Mix,Soup Mix,China
6257828176270,Farm Fresh NutriWell Cheddar Pack of 12,Cheddar,NutriWell,Sugar,Sugar,Brazil
3290873187766,Classic DailyBasics Waffle Mix,Waffle Mix,DailyBasics,Health Supplements,Health Supplements,Mexico
2235632458469,Premium CountryStyle Crackers 2L,Crackers,CountryStyle,Noodles,Noodles,Mexico
8639225387810,Royal NutriWell Cream Cheese,Cream Cheese,NutriWell,Chocolate,Chocolate,China
4475941585286,Golden HealthyLife Raisins,Raisins,HealthyLife,Soup Mix,Soup Mix,Spain
3896935715938,Pure GoldenHarvest Mineral Water,Mineral Water,GoldenHarvest,Honey,Honey,Italy
6411020602078,Natural NatureBite Paratha Pack of 12,Paratha,NatureBite,Bakery,Bakery,Vietnam
4984896773771,Homestyle FreshFarm Tortilla,Tortilla,FreshFarm,Pasta,Pasta,China
8369580382836,Organic FreshFarm Condensed Milk Pack of 12,Condensed Milk,FreshFarm,Chips,Chips,India
2157929228111,Traditional GoldenHarvest Chickpeas,Chickpeas,GoldenHarvest,Baby Food,Baby Food,Italy
6064313813244,Premium SimpleJoy Green Tea,Green Tea,SimpleJoy,Pasta,Pasta,Brazil
5601481791859,Pure NatureBite Honey,Honey,NatureBite,Tea,Tea,India
5724281339580,Golden PureChoice Butter,Butter,PureChoice,Rice,Rice,France
2912298655478,Royal NutriWell Chips,Chips,NutriWell,Oils,Oils,Italy
5548653119531,Artisan KitchenPride Cashews,Cashews,KitchenPride,Beverages,Beverages,India
2158069789194,Farm Fresh HomeMade Coriander 500g,Coriander,HomeMade,Juice,Juice,Thailand
8886732040776,Homestyle GreenLeaf Pickle,Pickle,GreenLeaf,Coffee,Coffee,Turkey
6685514385310,Pure KitchenPride Herbal Tea 2L,Herbal Tea,KitchenPride,Baby Food,Baby Food,Vietnam
2451416505802,Classic LocalBest Cinnamon,Cinnamon,LocalBest,Spices,Spices,Brazil
3877253462984,Royal NutriWell Crackers 500g,Crackers,NutriWell,Flour,Flour,Thailand
1747369826606,Royal HomeMade Muesli,Muesli,HomeMade,Snacks,Snacks,Germany
8602330923209,Homestyle NutriWell Swiss Cheese,Swiss Cheese,NutriWell,Nuts,Nuts,China
8942020087921,Farm Fresh TastyBites Chicken Nuggets 750ml,Chicken Nuggets,TastyBites,Dried Fruits,Dried Fruits,China
5999002960521,Premium TastyBites Coconut Milk,Coconut Milk,TastyBites,Pet Food,Pet Food,Germany
8792929828601,Classic QuickMeal Cheddar 500g,Cheddar,QuickMeal,Sauces,Sauces,China
5067144869592,Golden SimpleJoy Cake Mix,Cake Mix,SimpleJoy,Biscuits,Biscuits,Thailand
4731698104723,Royal CountryStyle Ghee 750ml,Ghee,CountryStyle,Oils,Oils,Spain
4915695541225,Classic SunValley Ice Cream,Ice Cream,SunValley,Cleaning Supplies,Cleaning Supplies,USA
4895071208997,Natural OrganicPlus Rice,Rice,OrganicPlus,Honey,Honey,Mexico
1885657438335,Premium KitchenPride Mustard,Mustard,KitchenPride,Oils,Oils,Brazil
1379045888055,Golden VillageMade Muffin,Muffin,VillageMade,Soup Mix,Soup Mix,Brazil
5252253694745,Natural NatureBite Dates,Dates,NatureBite,Canned Goods,Canned Goods,Italy
3207820197928,Natural HomeMade Feta,Feta,HomeMade,Snacks,Snacks,France
2579296848583,Classic MorningFresh Coconut Water,Coconut Water,MorningFresh,Pet Food,Pet Food,India
5806293148062,Premium HealthyLife Honey 1L,Honey,HealthyLife,Nuts,Nuts,USA
3751444740137,Classic GoldenHarvest Parmesan 250g,Parmesan,GoldenHarvest,Dried Fruits,Dried Fruits,Mexico
1626260612366,Artisan FamilyFarm Sesame Oil,Sesame Oil,FamilyFarm,Frozen Foods,Frozen Foods,Turkey
7141894808516,Royal TastyBites Coconut Oil 1kg,Coconut Oil,TastyBites,Chocolate,Chocolate,Vietnam
2206774598447,Pure OrganicPlus Kidney Beans,Kidney Beans,OrganicPlus,Pet Food,Pet Food,Turkey
6526576872697,Classic PureChoice French Fries 1L,French Fries,PureChoice,Salt,Salt,Vietnam
4054712227490,Farm Fresh HomeMade Condensed Milk 1L,Condensed Milk,HomeMade,Coffee,Coffee,India
3114973250733,Royal HomeMade Black Tea 200g,Black Tea,HomeMade,Health Supplements,Health Supplements,Japan
5176566108331,Classic FreshFarm Pasta 100g,Pasta,FreshFarm,Soup Mix,Soup Mix,Italy
2288230548477,Classic HealthyLife Salt,Salt,HealthyLife,Dried Fruits,Dried Fruits,Germany
9810633257327,Classic KitchenPride Oat Milk,Oat Milk,KitchenPride,Soup Mix,Soup Mix,USA
4338504157966,Golden KitchenPride Ketchup,Ketchup,KitchenPride,Cleaning Supplies,Cleaning Supplies,India
1668266248086,Fresh DailyBasics Salt 1L,Salt,DailyBasics,Condiments,Condiments,Turkey
9539034073322,Farm Fresh FamilyFarm Chapati,Chapati,FamilyFarm,Health Supplements,Health Supplements,Germany
1670904489170,Homestyle SimpleJoy Mozzarella,Mozzarella,SimpleJoy,Vinegar,Vinegar,Mexico
8168789535096,Farm Fresh VillageMade Frozen Veggies 200g,Frozen Veggies,VillageMade,Personal Care,Personal Care,Turkey
7213464983827,Traditional NatureBite Waffle Mix 100g,Waffle Mix,NatureBite,Vinegar,Vinegar,Thailand
8043717421587,Farm Fresh GreenLeaf Tortilla,Tortilla,GreenLeaf,Oils,Oils,Spain
1210600606842,Artisan OrganicPlus Honey,Honey,OrganicPlus,Beverages,Beverages,Indonesia
2973769296619,Golden HealthyLife Oat Milk,Oat Milk,HealthyLife,Sauces,Sauces,France
7185658192311,Traditional FreshFarm Candy,Candy,FreshFarm,Tea,Tea,Indonesia
1505865837692,Farm Fresh NatureBite Mayonnaise Pack of 12,Mayonnaise,NatureBite,Noodles,Noodles,Spain
2814070612556,Golden GoldenHarvest Turmeric Pack of 12,Turmeric,GoldenHarvest,Juice,Juice,Italy
5574481322883,Traditional QuickMeal Fish Fillet,Fish Fillet,QuickMeal,Salt,Salt,Italy
8351795240059,Artisan DailyBasics Energy Drink 750ml,Energy Drink,DailyBasics,Pet Food,Pet Food,USA
8473603876941,Homestyle KitchenPride Coconut Water,Coconut Water,KitchenPride,Pickles,Pickles,Turkey
4643859576978,Homestyle DailyBasics Cinnamon,Cinnamon,DailyBasics,Noodles,Noodles,Mexico
1284097267468,Royal HomeMade Sugar,Sugar,HomeMade,Jam,Jam,Italy
4765788701252,Natural OrganicPlus Sesame Oil 2L,Sesame Oil,OrganicPlus,Coffee,Coffee,India
4520485937828,Fresh OrganicPlus Mineral Water,Mineral Water,OrganicPlus,Baby Food,Baby Food,USA
2895865924232,Classic VillageMade Candy,Candy,VillageMade,Rice,Rice,India
2820430967632,Premium NatureBite Cumin,Cumin,NatureBite,Pickles,Pickles,Turkey
6928300719805,Classic NatureBite Flour 1kg,Flour,NatureBite,Dairy,Dairy,Spain
1643042165093,Golden CountryStyle Muffin 500g,Muffin,CountryStyle,Pet Food,Pet Food,Italy
9060069189992,Natural FamilyFarm Paratha,Paratha,FamilyFarm,Nuts,Nuts,Italy
7889545858499,Natural SunValley Bread 1kg,Bread,SunValley,Coffee,Coffee,Spain
2046560051821,Organic CountryStyle Flour,Flour,CountryStyle,Tea,Tea,Thailand
4976868439135,Organic QuickMeal Chicken Nuggets,Chicken Nuggets,QuickMeal,Sugar,Sugar,Thailand
5775962271032,Traditional SimpleJoy Olive Oil,Olive Oil,SimpleJoy,Pet Food,Pet Food,Indonesia
7318732913910,Fresh LocalBest Paratha 250g,Paratha,LocalBest,Rice,Rice,Thailand
8954946023551,Classic SimpleJoy Condensed Milk,Condensed Milk,SimpleJoy,Spices,Spices,Brazil
1658202929380,Premium HealthyLife Mayonnaise,Mayonnaise,HealthyLife,Vinegar,Vinegar,Indonesia
8943404994911,Fresh GoldenHarvest Oats,Oats,GoldenHarvest,Pickles,Pickles,Spain
2796423305621,Farm Fresh GreenLeaf Condensed Milk Pack of 6,Condensed Milk,GreenLeaf,Beverages,Beverages,Thailand
8258793014583,Traditional NatureBite Ground Coffee 200g,Ground Coffee,NatureBite,Oils,Oils,Mexico
3235870272737,Artisan VillageMade Chapati,Chapati,VillageMade,Biscuits,Biscuits,France
7715425638484,Natural DailyBasics Herbal Tea,Herbal Tea,DailyBasics,Baby Food,Baby Food,Italy
6680573133126,Farm Fresh HealthyLife Cheddar,Cheddar,HealthyLife,Rice,Rice,India
3813825265209,Homestyle VillageMade Lentils,Lentils,VillageMade,Health Supplements,Health Supplements,Spain
7914194656177,Natural DailyBasics Corn,Corn,DailyBasics,Soup Mix,Soup Mix,Mexico
2350604107214,Homestyle NatureBite Soda,Soda,NatureBite,Canned Goods,Canned Goods,Turkey
1556340057043,Royal SimpleJoy Honey,Honey,SimpleJoy,Cereals,Cereals,China
3137983121395,Pure TastyBites Sunflower Oil,Sunflower Oil,TastyBites,Sugar,Sugar,India
2500589567153,Organic NutriWell Cumin 200g,Cumin,NutriWell,Cleaning Supplies,Cleaning Supplies,Germany
7656976030605,Golden LocalBest Tofu,Tofu,LocalBest,Nuts,Nuts,Indonesia
8200453409773,Farm Fresh SunValley Bagel,Bagel,SunValley,Dairy,Dairy,Mexico
2379809068927,Homestyle SunValley Tea Pack of 6,Tea,SunValley,Condiments,Condiments,USA
6489413028395,Organic DailyBasics Raisins,Raisins,DailyBasics,Tea,Tea,Brazil
8825927960284,Pure FreshFarm Oat Milk,Oat Milk,FreshFarm,Noodles,Noodles,India
7354414113361,Traditional CountryStyle Milk 100g,Milk,CountryStyle,Vinegar,Vinegar,France
6205930235266,Golden FamilyFarm Parmesan,Parmesan,FamilyFarm,Juice,Juice,USA
4479017058234,Fresh GoldenHarvest Cumin 1L,Cumin,GoldenHarvest,Biscuits,Biscuits,Thailand
3201058216457,Premium MorningFresh Ice Cream,Ice Cream,MorningFresh,Baby Food,Baby Food,Germany
9001758803791,Royal FreshFarm Coriander,Coriander,FreshFarm,Noodles,Noodles,China
1066356289449,Pure TastyBites Mustard,Mustard,TastyBites,Tea,Tea,Italy
2564609042980,Premium SimpleJoy Parmesan 200g,Parmesan,SimpleJoy,Beverages,Beverages,Turkey
1298007630085,Natural KitchenPride Vinegar 2L,Vinegar,KitchenPride,Jam,Jam,Mexico
2150794839415,Royal VillageMade Coconut Milk,Coconut Milk,VillageMade,Pet Food,Pet Food,Italy
2538635251212,Golden NatureBite Swiss Cheese,Swiss Cheese,NatureBite,Health Supplements,Health Supplements,Germany
6194042623866,Traditional PureChoice Margarine,Margarine,PureChoice,Tea,Tea,Italy
7833453822391,Homestyle NatureBite Rice,Rice,NatureBite,Chips,Chips,Spain
9162155873824,Pure VillageMade Crackers,Crackers,VillageMade,Personal Care,Personal Care,Germany
9947583493232,Homestyle DailyBasics Paratha,Paratha,DailyBasics,Coffee,Coffee,Italy
2876076605575,Organic NutriWell Oil 100g,Oil,NutriWell,Canned Goods,Canned Goods,France
4903530945615,Golden MorningFresh Fish Fillet,Fish Fillet,MorningFresh,Nuts,Nuts,Germany
8812704306099,Farm Fresh PureChoice Biscuits 200g,Biscuits,PureChoice,Noodles,Noodles,USA
8446437730211,Organic QuickMeal Sugar,Sugar,QuickMeal,Spices,Spices,USA
6039147902144,Homestyle GoldenHarvest Tea,Tea,GoldenHarvest,Salt,Salt,France
4999814205949,Natural FamilyFarm Mustard,Mustard,FamilyFarm,Sugar,Sugar,Indonesia
7025519647102,Classic TastyBites Pickle,Pickle,TastyBites,Condiments,Condiments,France
7336082377924,Natural NatureBite Milk,Milk,NatureBite,Oils,Oils,Italy
8110861705111,Classic SimpleJoy Ketchup Pack of 12,Ketchup,SimpleJoy,Baby Food,Baby Food,Japan
9030865020067,Natural NutriWell Biscuits,Biscuits,NutriWell,Nuts,Nuts,Vietnam
3722635769380,Homestyle OrganicPlus Spring Rolls 250g,Spring Rolls,OrganicPlus,Sauces,Sauces,Vietnam
7616509012556,Classic TastyBites Almond Milk 250g,Almond Milk,TastyBites,Baby Food,Baby Food,Japan
7828190847912,Farm Fresh DailyBasics Ice Cream,Ice Cream,DailyBasics,Frozen Foods,Frozen Foods,Mexico
9472961613570,Pure NutriWell Sparkling Water 1L,Sparkling Water,NutriWell,Beverages,Beverages,Thailand
2780869894944,Artisan MorningFresh Mustard,Mustard,MorningFresh,Pasta,Pasta,USA
7833814527966,Premium FreshFarm Raisins,Raisins,FreshFarm,Sauces,Sauces,Thailand
5628901498768,Traditional SimpleJoy Crackers,Crackers,SimpleJoy,Health Supplements,Health Supplements,Indonesia
8879529693054,Organic HealthyLife Biscuits,Biscuits,HealthyLife,Dried Fruits,Dried Fruits,Thailand
1087986689848,Natural TastyBites Waffle Mix,Waffle Mix,TastyBites,Pasta,Pasta,France
2743680223574,Royal SimpleJoy Pita Bread,Pita Bread,SimpleJoy,Rice,Rice,Thailand
3217586766588,Pure NatureBite Gouda,Gouda,NatureBite,Oils,Oils,Italy
1944828002862,Organic DailyBasics Oil 200g,Oil,DailyBasics,Bakery,Bakery,USA
6750179423359,Traditional KitchenPride Yogurt,Yogurt,KitchenPride,Soup Mix,Soup Mix,Mexico
5537898583828,Homestyle LocalBest Sesame Oil,Sesame Oil,LocalBest,Frozen Foods,Frozen Foods,Brazil
2545962993467,Natural NatureBite Milk,Milk,NatureBite,Cleaning Supplies,Cleaning Supplies,Brazil
6329426036725,Golden CountryStyle Mineral Water,Mineral Water,CountryStyle,Flour,Flour,France
4457997813677,Golden DailyBasics Ketchup,Ketchup,DailyBasics,Chocolate,Chocolate,Spain
9684960180497,Golden TastyBites Frozen Pizza,Frozen Pizza,TastyBites,Sugar,Sugar,Turkey
2234455166334,Pure HomeMade Sauce Pack of 6,Sauce,HomeMade,Pasta,Pasta,Brazil
8224225148668,Natural DailyBasics Olive Oil,Olive Oil,DailyBasics,Flour,Flour,Turkey
3135833235629,Artisan DailyBasics Sparkling Water,Sparkling Water,DailyBasics,Tea,Tea,Turkey
3736018961113,Natural QuickMeal Black Tea 1L,Black Tea,QuickMeal,Coffee,Coffee,Italy
4330776098781,Classic LocalBest Condensed Milk,Condensed Milk,LocalBest,Sugar,Sugar,Turkey
8642732990454,Homestyle TastyBites Bread,Bread,TastyBites,Canned Goods,Canned Goods,Indonesia
3462490677398,Farm Fresh SimpleJoy Honey 200g,Honey,SimpleJoy,Oils,Oils,Italy
9109930763899,Pure LocalBest Cumin Pack of 12,Cumin,LocalBest,Dried Fruits,Dried Fruits,Turkey
3911386856935,Premium GreenLeaf Peanuts 1L,Peanuts,GreenLeaf,Chocolate,Chocolate,China
5898497114697,Natural KitchenPride Mozzarella Pack of 6,Mozzarella,KitchenPride,Salt,Salt,Spain
2306168904643,Homestyle TastyBites Margarine,Margarine,TastyBites,Salt,Salt,China
6635102412719,Farm Fresh OrganicPlus French Fries,French Fries,OrganicPlus,Honey,Honey,Thailand
7119050560345,Pure NatureBite Tofu 1L,Tofu,NatureBite,Spices,Spices,Vietnam
1917446889651,Premium CountryStyle Coconut Water,Coconut Water,CountryStyle,Rice,Rice,India
9230168290944,Premium KitchenPride Chips,Chips,KitchenPride,Flour,Flour,Italy
1398250180700,Natural SunValley Jam,Jam,SunValley,Nuts,Nuts,USA
4079520385409,Pure GoldenHarvest Peanuts,Peanuts,GoldenHarvest,Pet Food,Pet Food,France
5001919795694,Royal CountryStyle Ice Cream,Ice Cream,CountryStyle,Jam,Jam,France
2186898134955,Pure HomeMade Coconut Milk,Coconut Milk,HomeMade,Noodles,Noodles,China
2501873568492,Fresh OrganicPlus Cheese,Cheese,OrganicPlus,Flour,Flour,France
4839751655650,Royal KitchenPride Chapati,Chapati,KitchenPride,Jam,Jam,Italy
2831507579870,Fresh GoldenHarvest Pickle 1kg,Pickle,GoldenHarvest,Spices,Spices,Mexico
1537764240647,Organic NatureBite Pita Bread,Pita Bread,NatureBite,Coffee,Coffee,India
3924718141308,Golden VillageMade Turmeric,Turmeric,VillageMade,Soup Mix,Soup Mix,Mexico
1691964889397,Artisan FamilyFarm Tempeh,Tempeh,FamilyFarm,Frozen Foods,Frozen Foods,Brazil
8763740409494,Natural KitchenPride Kidney Beans 1kg,Kidney Beans,KitchenPride,Health Supplements,Health Supplements,Thailand
4234751809632,Organic HomeMade Frozen Veggies,Frozen Veggies,HomeMade,Noodles,Noodles,Turkey
3423628255357,Farm Fresh QuickMeal Frozen Veggies 200g,Frozen Veggies,QuickMeal,Salt,Salt,Japan
3820575761208,Artisan KitchenPride Peanut Butter 500g,Peanut Butter,KitchenPride,Flour,Flour,Thailand
3761948394387,Pure MorningFresh Peas,Peas,MorningFresh,Frozen Foods,Frozen Foods,Japan
1342349156885,Organic DailyBasics Soda,Soda,DailyBasics,Cereals,Cereals,Germany
3264001377477,Traditional SunValley Cereal,Cereal,SunValley,Beverages,Beverages,Mexico
1186480357167,Artisan HomeMade Sauce,Sauce,HomeMade,Dairy,Dairy,Brazil
5061015905248,Organic SunValley Black Beans,Black Beans,SunValley,Rice,Rice,Turkey
5830290924348,Natural MorningFresh Ice Cream Pack of 12,Ice Cream,MorningFresh,Cereals,Cereals,Italy
2969698393072,Traditional SimpleJoy Black Beans,Black Beans,SimpleJoy,Salt,Salt,Turkey
9291684124965,Royal HealthyLife Tofu,Tofu,HealthyLife,Juice,Juice,Turkey
5471067118359,Classic QuickMeal Chocolate Bar,Chocolate Bar,QuickMeal,Snacks,Snacks,Italy
8666944360013,Traditional CountryStyle Cumin,Cumin,CountryStyle,Snacks,Snacks,Japan
6057524117255,Homestyle MorningFresh Margarine,Margarine,MorningFresh,Condiments,Condiments,Thailand
9616112347639,Traditional HomeMade Crackers,Crackers,HomeMade,Sugar,Sugar,Turkey
3992274929275,Farm Fresh CountryStyle Milk,Milk,CountryStyle,Condiments,Condiments,USA
1104619668666,Classic FreshFarm Parmesan,Parmesan,FreshFarm,Sugar,Sugar,Germany
8313062629749,Fresh SunValley Peas,Peas,SunValley,Spices,Spices,Indonesia
7551248549972,Premium TastyBites Chickpeas,Chickpeas,TastyBites,Pasta,Pasta,Japan
6703922702619,Farm Fresh VillageMade Swiss Cheese,Swiss Cheese,VillageMade,Soup Mix,Soup Mix,Japan
5133064898876,Classic NatureBite Coriander 1kg,Coriander,NatureBite,Pet Food,Pet Food,Italy
1821902690304,Fresh PureChoice Tea 250g,Tea,PureChoice,Dried Fruits,Dried Fruits,Thailand
9144037860331,Artisan VillageMade Black Beans,Black Beans,VillageMade,Oils,Oils,Italy
4887118820076,Fresh QuickMeal Whole Beans,Whole Beans,QuickMeal,Snacks,Snacks,Mexico
5479736239550,Classic VillageMade Mozzarella Pack of 6,Mozzarella,VillageMade,Beverages,Beverages,Indonesia
3072196684598,Farm Fresh DailyBasics Ground Coffee 1kg,Ground Coffee,DailyBasics,Pasta,Pasta,Brazil
4873600396456,Classic MorningFresh Chickpeas 1kg,Chickpeas,MorningFresh,Pickles,Pickles,Germany
4186347252131,Organic GoldenHarvest Almonds,Almonds,GoldenHarvest,Noodles,Noodles,Thailand
9724989483574,Pure DailyBasics Syrup,Syrup,DailyBasics,Sauces,Sauces,Vietnam
4932249800168,Organic HealthyLife Black Beans 2L,Black Beans,HealthyLife,Sugar,Sugar,Brazil
6717675702961,Golden DailyBasics Biscuits 100g,Biscuits,DailyBasics,Jam,Jam,Spain
9175772786030,Organic PureChoice Mozzarella 250g,Mozzarella,PureChoice,Oils,Oils,USA
4611107947179,Natural FamilyFarm Mineral Water,Mineral Water,FamilyFarm,Vinegar,Vinegar,India
4442476494103,Homestyle KitchenPride Ice Cream,Ice Cream,KitchenPride,Canned Goods,Canned Goods,Brazil
9932121590086,Golden FamilyFarm Cake Mix,Cake Mix,FamilyFarm,Tea,Tea,India
9722737908783,Homestyle PureChoice Sparkling Water 500g,Sparkling Water,PureChoice,Baby Food,Baby Food,Germany
9203931475030,Fresh MorningFresh Evaporated Milk,Evaporated Milk,MorningFresh,Bakery,Bakery,Vietnam
4716093007010,Farm Fresh OrganicPlus Tofu Pack of 6,Tofu,OrganicPlus,Jam,Jam,Turkey
7977226349207,Farm Fresh PureChoice Soy Milk,Soy Milk,PureChoice,Chocolate,Chocolate,Vietnam
9223038644487,Traditional TastyBites Chickpeas,Chickpeas,TastyBites,Beverages,Beverages,Japan
9272124504777,Natural CountryStyle French Fries,French Fries,CountryStyle,Nuts,Nuts,Vietnam
6498746526361,Artisan QuickMeal Tempeh 1kg,Tempeh,QuickMeal,Biscuits,Biscuits,USA
8945875104068,Traditional GreenLeaf Brownie Mix 250g,Brownie Mix,GreenLeaf,Vinegar,Vinegar,Japan
6009406586329,Golden HealthyLife Mustard 750ml,Mustard,HealthyLife,Condiments,Condiments,Indonesia
1542845208094,Royal TastyBites Cumin,Cumin,TastyBites,Cleaning Supplies,Cleaning Supplies,Mexico
6796125903001,Golden CountryStyle Evaporated Milk 2L,Evaporated Milk,CountryStyle,Salt,Salt,Thailand
8925564250403,Farm Fresh TastyBites Olive Oil 2L,Olive Oil,TastyBites,Honey,Honey,Italy
7653213765380,Artisan HealthyLife Chapati 500g,Chapati,HealthyLife,Nuts,Nuts,Japan
9598691786451,Royal NatureBite Soup 200g,Soup,NatureBite,Soup Mix,Soup Mix,France
7824519644916,Fresh SunValley Tempeh,Tempeh,SunValley,Snacks,Snacks,Japan
1045640118179,Artisan VillageMade Samosa,Samosa,VillageMade,Spices,Spices,Brazil
4471152828838,Royal FamilyFarm Kidney Beans,Kidney Beans,FamilyFarm,Beverages,Beverages,Mexico
4328188153519,Traditional CountryStyle Brownie Mix,Brownie Mix,CountryStyle,Pasta,Pasta,Spain
1763498415638,Royal TastyBites Oats,Oats,TastyBites,Pasta,Pasta,Turkey
6542193964274,Natural NutriWell Pickle,Pickle,NutriWell,Honey,Honey,Vietnam
6008442457732,Pure HomeMade Cream,Cream,HomeMade,Bakery,Bakery,Mexico
5321286679164,Homestyle OrganicPlus Fish Fillet,Fish Fillet,OrganicPlus,Salt,Salt,Vietnam
6800835976860,Organic TastyBites Brownie Mix 750ml,Brownie Mix,TastyBites,Pickles,Pickles,Thailand
8944378934284,Organic NatureBite Honey,Honey,NatureBite,Cereals,Cereals,France
2293865239236,Natural HealthyLife Herbal Tea,Herbal Tea,HealthyLife,Pickles,Pickles,Germany
2955892148925,Premium VillageMade Biscuits,Biscuits,VillageMade,Frozen Foods,Frozen Foods,Japan
9401589430979,Golden FreshFarm Peas 750ml,Peas,FreshFarm,Snacks,Snacks,France
8128507299845,Fresh GreenLeaf Honey Pack of 6,Honey,GreenLeaf,Coffee,Coffee,Japan
7412499623245,Traditional HealthyLife Gum,Gum,HealthyLife,Jam,Jam,Mexico
1075897211801,Homestyle GoldenHarvest Energy Drink,Energy Drink,GoldenHarvest,Honey,Honey,Germany
1899078247578,Premium SunValley Black Tea 1L,Black Tea,SunValley,Beverages,Beverages,France
9570600448909,Farm Fresh HealthyLife Syrup 500g,Syrup,HealthyLife,Tea,Tea,Japan
9586227599125,Traditional CountryStyle Cornflakes 100g,Cornflakes,CountryStyle,Chocolate,Chocolate,Japan
8231966781281,Organic FamilyFarm Flour,Flour,FamilyFarm,Coffee,Coffee,Italy
7633858588797,Royal HomeMade Almond Milk 1L,Almond Milk,HomeMade,Snacks,Snacks,Brazil
3633604202397,Organic NutriWell Muffin,Muffin,NutriWell,Honey,Honey,Japan
8043846712096,Fresh LocalBest Ice Cream,Ice Cream,LocalBest,Soup Mix,Soup Mix,India
4037004937306,Organic SunValley Butter,Butter,SunValley,Juice,Juice,China
9040321218981,Traditional OrganicPlus Waffle Mix 200g,Waffle Mix,OrganicPlus,Vinegar,Vinegar,Brazil
2300207357120,Farm Fresh SunValley Soy Milk,Soy Milk,SunValley,Tea,Tea,Germany
3772814860663,Pure LocalBest Mineral Water,Mineral Water,LocalBest,Beverages,Beverages,Turkey
4944228133392,Organic DailyBasics Fish Fillet,Fish Fillet,DailyBasics,Sugar,Sugar,India
1978676554355,Farm Fresh HomeMade Pasta,Pasta,HomeMade,Soup Mix,Soup Mix,France
5920952756436,Premium NatureBite Ice Cream,Ice Cream,NatureBite,Dried Fruits,Dried Fruits,France
2091545723349,Traditional HomeMade Cornflakes,Cornflakes,HomeMade,Personal Care,Personal Care,Turkey
1454160590007,Fresh KitchenPride Vinegar Pack of 6,Vinegar,KitchenPride,Bakery,Bakery,China
8315440354106,Royal GoldenHarvest Herbal Tea,Herbal Tea,GoldenHarvest,Dried Fruits,Dried Fruits,Brazil
9638342102097,Traditional CountryStyle Bread,Bread,CountryStyle,Snacks,Snacks,Japan
8740670390797,Premium QuickMeal Lentils 750ml,Lentils,QuickMeal,Oils,Oils,Thailand
4824501010546,Artisan NutriWell Bagel,Bagel,NutriWell,Baby Food,Baby Food,France
5589328646694,Organic FreshFarm Whole Beans Pack of 12,Whole Beans,FreshFarm,Biscuits,Biscuits,Italy
9419502045066,Artisan NatureBite Ice Cream 200g,Ice Cream,NatureBite,Rice,Rice,Germany
9798300416783,Pure HomeMade Ice Cream,Ice Cream,HomeMade,Rice,Rice,Italy
2080280708470,Pure FamilyFarm Sauce 250g,Sauce,FamilyFarm,Flour,Flour,Japan
2252925940041,Royal SimpleJoy Coconut Milk,Coconut Milk,SimpleJoy,Noodles,Noodles,India
7008664872681,Natural DailyBasics French Fries,French Fries,DailyBasics,Salt,Salt,India
7808960641899,Royal SimpleJoy Kidney Beans,Kidney Beans,SimpleJoy,Beverages,Beverages,Vietnam
2306534483609,Royal SimpleJoy Swiss Cheese,Swiss Cheese,SimpleJoy,Baby Food,Baby Food,Turkey
3538600996596,Artisan FamilyFarm Brownie Mix,Brownie Mix,FamilyFarm,Cereals,Cereals,Brazil
5621370674467,Premium GoldenHarvest Croissant,Croissant,GoldenHarvest,Pickles,Pickles,Japan
5753178772204,Fresh SimpleJoy Swiss Cheese 200g,Swiss Cheese,SimpleJoy,Frozen Foods,Frozen Foods,Germany
1049134391848,Royal OrganicPlus Noodles,Noodles,OrganicPlus,Cleaning Supplies,Cleaning Supplies,Vietnam
9548704564572,Fresh GreenLeaf Soda,Soda,GreenLeaf,Soup Mix,Soup Mix,Japan
1966148824804,Artisan HealthyLife Feta,Feta,HealthyLife,Tea,Tea,Mexico
8968793445672,Royal HealthyLife Honey,Honey,HealthyLife,Bakery,Bakery,Thailand
2185301218218,Fresh CountryStyle Sugar 100g,Sugar,CountryStyle,Baby Food,Baby Food,India
2867517244402,Artisan GoldenHarvest Croissant,Croissant,GoldenHarvest,Oils,Oils,India
1843412279942,Premium HealthyLife Dates,Dates,HealthyLife,Spices,Spices,Japan
5039960990407,Royal LocalBest Tempeh,Tempeh,LocalBest,Frozen Foods,Frozen Foods,India
7410112709127,Pure LocalBest Cream Cheese,Cream Cheese,LocalBest,Soup Mix,Soup Mix,Japan
6875244980270,Golden LocalBest Mustard,Mustard,LocalBest,Noodles,Noodles,Indonesia
5476684064128,Premium HomeMade Dates,Dates,HomeMade,Chocolate,Chocolate,Japan
3914772881780,Organic DailyBasics Candy,Candy,DailyBasics,Cereals,Cereals,Thailand
8753323019867,Homestyle GoldenHarvest Salt,Salt,GoldenHarvest,Sauces,Sauces,Mexico
7956780124842,Royal LocalBest Cake Mix,Cake Mix,LocalBest,Health Supplements,Health Supplements,USA
7631002197022,Organic FamilyFarm Swiss Cheese,Swiss Cheese,FamilyFarm,Pet Food,Pet Food,Vietnam
9056481250129,Homestyle NatureBite Waffle Mix Pack of 6,Waffle Mix,NatureBite,Nuts,Nuts,Germany
7879350424869,Farm Fresh DailyBasics Samosa,Samosa,DailyBasics,Dairy,Dairy,Spain
4719692126779,Classic SimpleJoy Spring Rolls,Spring Rolls,SimpleJoy,Dairy,Dairy,Japan
8814072306838,Homestyle MorningFresh Cumin,Cumin,MorningFresh,Salt,Salt,Mexico
5544859906526,Classic TastyBites Sunflower Oil,Sunflower Oil,TastyBites,Noodles,Noodles,Indonesia
2922389404730,Fresh DailyBasics Chips,Chips,DailyBasics,Bakery,Bakery,Indonesia
7543460320670,Royal VillageMade Yogurt,Yogurt,VillageMade,Salt,Salt,Spain
6655298955976,Pure GreenLeaf Mayonnaise,Mayonnaise,GreenLeaf,Jam,Jam,Turkey
8248087487559,Fresh SunValley Spring Rolls,Spring Rolls,SunValley,Soup Mix,Soup Mix,Indonesia
4494791037404,Golden VillageMade Chocolate Bar,Chocolate Bar,VillageMade,Dairy,Dairy,Brazil
8365260857226,Homestyle GoldenHarvest Honey,Honey,GoldenHarvest,Pet Food,Pet Food,Japan
3361941791081,Organic MorningFresh Cashews,Cashews,MorningFresh,Spices,Spices,Turkey
9520902571614,Farm Fresh LocalBest Biscuits,Biscuits,LocalBest,Canned Goods,Canned Goods,Turkey
9277612798368,Golden LocalBest Turmeric 1kg,Turmeric,LocalBest,Noodles,Noodles,China
1087559765047,Homestyle CountryStyle Cereal,Cereal,CountryStyle,Soup Mix,Soup Mix,USA
2418113322891,Homestyle DailyBasics Ground Coffee,Ground Coffee,DailyBasics,Pet Food,Pet Food,Thailand
1835522903250,Homestyle HomeMade Dates,Dates,HomeMade,Oils,Oils,Italy
9860171713250,Farm Fresh LocalBest Soy Milk,Soy Milk,LocalBest,Health Supplements,Health Supplements,Spain
6817407089857,Homestyle MorningFresh Chocolate Bar,Chocolate Bar,MorningFresh,Noodles,Noodles,Vietnam
5144940958216,Homestyle PureChoice Milk 250g,Milk,PureChoice,Juice,Juice,Italy
1059772798820,Royal LocalBest Cashews,Cashews,LocalBest,Soup Mix,Soup Mix,Thailand
5416123147390,Traditional FamilyFarm Cinnamon,Cinnamon,FamilyFarm,Cereals,Cereals,Brazil
5904166729562,Farm Fresh HealthyLife Candy,Candy,HealthyLife,Coffee,Coffee,Italy
7148971876279,Traditional DailyBasics Noodles 1L,Noodles,DailyBasics,Flour,Flour,Brazil
3326606337100,Royal NatureBite Pepper 2L,Pepper,NatureBite,Snacks,Snacks,Japan
6898789197270,Pure FamilyFarm Turmeric,Turmeric,FamilyFarm,Dried Fruits,Dried Fruits,Mexico
7661932955919,Organic HomeMade Pasta,Pasta,HomeMade,Nuts,Nuts,Mexico
1928778413340,Natural NutriWell Swiss Cheese 250g,Swiss Cheese,NutriWell,Pet Food,Pet Food,USA
8282275516231,Golden GreenLeaf Soy Milk,Soy Milk,GreenLeaf,Soup Mix,Soup Mix,Turkey
7197098092945,Traditional DailyBasics Cornflakes 200g,Cornflakes,DailyBasics,Pasta,Pasta,Japan
4685410496111,Farm Fresh FreshFarm Chickpeas,Chickpeas,FreshFarm,Oils,Oils,Spain
9589522613798,Farm Fresh NatureBite Sunflower Oil 1L,Sunflower Oil,NatureBite,Canned Goods,Canned Goods,Thailand
7100136929476,Pure MorningFresh Samosa,Samosa,MorningFresh,Vinegar,Vinegar,Mexico
8616495885476,Classic HealthyLife Black Beans,Black Beans,HealthyLife,Snacks,Snacks,Brazil
4094619514467,Classic DailyBasics Sauce Pack of 6,Sauce,DailyBasics,Health Supplements,Health Supplements,Italy
6561661926247,Pure SimpleJoy Coriander,Coriander,SimpleJoy,Personal Care,Personal Care,Vietnam
4089413622582,Farm Fresh GreenLeaf Spring Rolls Pack of 6,Spring Rolls,GreenLeaf,Chips,Chips,France
1635154488319,Classic NatureBite Honey,Honey,NatureBite,Tea,Tea,Turkey
3949244571134,Pure VillageMade Pita Bread 2L,Pita Bread,VillageMade,Frozen Foods,Frozen Foods,Vietnam
3950062169944,Natural GreenLeaf Coconut Oil 500g,Coconut Oil,GreenLeaf,Salt,Salt,Italy
8677352629513,Homestyle NutriWell Pasta 2L,Pasta,NutriWell,Health Supplements,Health Supplements,Italy
8516777673931,Farm Fresh MorningFresh Chickpeas,Chickpeas,MorningFresh,Rice,Rice,Spain
3629564525196,Organic OrganicPlus Spring Rolls,Spring Rolls,OrganicPlus,Tea,Tea,Turkey
8697735184204,Fresh FreshFarm Coconut Oil,Coconut Oil,FreshFarm,Health Supplements,Health Supplements,Mexico
4903368838264,Homestyle GoldenHarvest Evaporated Milk 750ml,Evaporated Milk,GoldenHarvest,Baby Food,Baby Food,Mexico
4051253356020,Natural HomeMade Soy Milk 2L,Soy Milk,HomeMade,Pet Food,Pet Food,Japan
1983704494741,Homestyle SunValley Cashews,Cashews,SunValley,Jam,Jam,Indonesia
9266025386737,Natural HomeMade Butter 500g,Butter,HomeMade,Pasta,Pasta,Brazil
7058269344285,Artisan HealthyLife Rice 1kg,Rice,HealthyLife,Dairy,Dairy,Vietnam
6824630176307,Classic HealthyLife Raisins Pack of 6,Raisins,HealthyLife,Tea,Tea,Germany
8914747538698,Artisan NatureBite Soy Milk,Soy Milk,NatureBite,Condiments,Condiments,Italy
7326783826195,Pure HealthyLife Herbal Tea,Herbal Tea,HealthyLife,Soup Mix,Soup Mix,Mexico
7878508852181,Classic LocalBest Mineral Water,Mineral Water,LocalBest,Biscuits,Biscuits,Spain
5655305503811,Royal KitchenPride Oat Milk,Oat Milk,KitchenPride,Tea,Tea,Mexico
2240593317990,Royal HealthyLife Pickle,Pickle,HealthyLife,Honey,Honey,Thailand
9184209041989,Royal FreshFarm Whole Beans,Whole Beans,FreshFarm,Salt,Salt,Brazil
5606846174952,Classic CountryStyle Brownie Mix,Brownie Mix,CountryStyle,Biscuits,Biscuits,Brazil
5829354625178,Organic KitchenPride Chicken Nuggets,Chicken Nuggets,KitchenPride,Dried Fruits,Dried Fruits,Mexico
2494902695939,Premium NatureBite Kidney Beans,Kidney Beans,NatureBite,Coffee,Coffee,Germany
1509003670481,Royal TastyBites Noodles Pack of 6,Noodles,TastyBites,Pet Food,Pet Food,USA
3527055339343,Farm Fresh TastyBites Mayonnaise,Mayonnaise,TastyBites,Bakery,Bakery,Thailand
2335727147886,Organic FreshFarm Pita Bread 750ml,Pita Bread,FreshFarm,Juice,Juice,Mexico
5928290435867,Natural SimpleJoy Almonds,Almonds,SimpleJoy,Pasta,Pasta,Japan
8914146987301,Artisan FamilyFarm Vinegar 200g,Vinegar,FamilyFarm,Dried Fruits,Dried Fruits,Italy
7475182867987,Artisan CountryStyle Chickpeas,Chickpeas,CountryStyle,Chips,Chips,Thailand
9705729978491,Classic MorningFresh Muffin,Muffin,MorningFresh,Pickles,Pickles,Thailand
6700893071790,Golden SimpleJoy Pepper,Pepper,SimpleJoy,Frozen Foods,Frozen Foods,France
6283302548271,Farm Fresh HealthyLife Soda Pack of 6,Soda,HealthyLife,Tea,Tea,Germany
3303446548993,Royal GoldenHarvest Almond Milk,Almond Milk,GoldenHarvest,Bakery,Bakery,France
3884073217900,Fresh MorningFresh Iced Tea,Iced Tea,MorningFresh,Canned Goods,Canned Goods,Germany
2628587062638,Homestyle GoldenHarvest Gouda,Gouda,GoldenHarvest,Chips,Chips,Thailand
2052906670379,Natural HomeMade Salt,Salt,HomeMade,Vinegar,Vinegar,Vietnam
9148678572942,Natural FamilyFarm Flour Pack of 6,Flour,FamilyFarm,Rice,Rice,China
2000517233330,Natural GoldenHarvest Feta,Feta,GoldenHarvest,Coffee,Coffee,Brazil
6007897577988,Homestyle GreenLeaf Bread,Bread,GreenLeaf,Salt,Salt,Mexico
1389922844841,Pure DailyBasics Turmeric,Turmeric,DailyBasics,Frozen Foods,Frozen Foods,Turkey
7361013146550,Royal GreenLeaf Gouda,Gouda,GreenLeaf,Dried Fruits,Dried Fruits,Germany
2076182151837,Royal HealthyLife Flour 2L,Flour,HealthyLife,Chocolate,Chocolate,USA
6712967341439,Homestyle FreshFarm Black Tea,Black Tea,FreshFarm,Frozen Foods,Frozen Foods,Vietnam
4586786688314,Homestyle TastyBites Tomato Paste,Tomato Paste,TastyBites,Cleaning Supplies,Cleaning Supplies,Indonesia
9320927431884,Fresh SunValley Muesli,Muesli,SunValley,Salt,Salt,Indonesia
8522470638861,Farm Fresh DailyBasics Herbal Tea,Herbal Tea,DailyBasics,Coffee,Coffee,China
3262672036206,Fresh PureChoice Sesame Oil,Sesame Oil,PureChoice,Spices,Spices,Germany
9839918079511,Fresh NatureBite Mayonnaise,Mayonnaise,NatureBite,Nuts,Nuts,Spain
3860595836375,Pure LocalBest Chapati,Chapati,LocalBest,Health Supplements,Health Supplements,Japan
6314644795728,Classic SunValley Pickle,Pickle,SunValley,Condiments,Condiments,Japan
1633894606347,Farm Fresh DailyBasics Honey,Honey,DailyBasics,Sauces,Sauces,Thailand
2654451025389,Artisan TastyBites Honey 1L,Honey,TastyBites,Pet Food,Pet Food,India
6287069098360,Royal DailyBasics Chickpeas 200g,Chickpeas,DailyBasics,Beverages,Beverages,Turkey
4829629900273,Royal CountryStyle Bagel,Bagel,CountryStyle,Cereals,Cereals,Spain
6113068945415,Organic FreshFarm Almonds,Almonds,FreshFarm,Juice,Juice,Vietnam
1400114378072,Natural QuickMeal Coriander,Coriander,QuickMeal,Salt,Salt,India
9675654191965,Fresh FamilyFarm Turmeric,Turmeric,FamilyFarm,Flour,Flour,Thailand
9726151877319,Artisan HomeMade Dates,Dates,HomeMade,Soup Mix,Soup Mix,Brazil
2323820992001,Traditional SunValley Olive Oil,Olive Oil,SunValley,Snacks,Snacks,Turkey
9863277004126,Royal DailyBasics Yogurt,Yogurt,DailyBasics,Bakery,Bakery,Thailand
7668417984617,Natural KitchenPride Butter,Butter,KitchenPride,Soup Mix,Soup Mix,India
7073142444139,Pure QuickMeal Syrup,Syrup,QuickMeal,Flour,Flour,Italy
3408255651594,Natural NutriWell Ketchup,Ketchup,NutriWell,Pet Food,Pet Food,USA
1158135508412,Organic OrganicPlus Brownie Mix 200g,Brownie Mix,OrganicPlus,Biscuits,Biscuits,Japan
4480731073358,Natural SunValley Oats,Oats,SunValley,Snacks,Snacks,Vietnam
8145763160945,Classic OrganicPlus Tortilla,Tortilla,OrganicPlus,Health Supplements,Health Supplements,Indonesia
5278522293632,Artisan LocalBest Cashews Pack of 12,Cashews,LocalBest,Pet Food,Pet Food,Brazil
3489760124474,Golden VillageMade Energy Drink 1kg,Energy Drink,VillageMade,Jam,Jam,Thailand
4719925161481,Pure PureChoice Sesame Oil 1L,Sesame Oil,PureChoice,Snacks,Snacks,Mexico
6471441894055,Farm Fresh TastyBites Vinegar,Vinegar,TastyBites,Health Supplements,Health Supplements,Spain
4628855989053,Farm Fresh OrganicPlus Black Beans,Black Beans,OrganicPlus,Sauces,Sauces,Brazil
5234635235405,Farm Fresh NatureBite Rice,Rice,NatureBite,Coffee,Coffee,Italy
8723447858663,Classic HealthyLife Paratha,Paratha,HealthyLife,Biscuits,Biscuits,Spain
5675981194570,Fresh TastyBites Iced Tea,Iced Tea,TastyBites,Frozen Foods,Frozen Foods,Brazil
8039617145785,Natural NutriWell Biscuits,Biscuits,NutriWell,Spices,Spices,Germany
9458690119421,Traditional PureChoice Sugar,Sugar,PureChoice,Cleaning Supplies,Cleaning Supplies,China
2950359417848,Royal QuickMeal Ghee,Ghee,QuickMeal,Frozen Foods,Frozen Foods,Thailand
4137213387896,Farm Fresh HealthyLife Chips 1L,Chips,HealthyLife,Canned Goods,Canned Goods,USA
3080401452132,Fresh SimpleJoy Popcorn 500g,Popcorn,SimpleJoy,Vinegar,Vinegar,USA
3927482229635,Traditional FreshFarm Coconut Oil 750ml,Coconut Oil,FreshFarm,Honey,Honey,Indonesia
5744352269185,Traditional QuickMeal Dates,Dates,QuickMeal,Flour,Flour,Spain
5342082127941,Traditional QuickMeal Spring Rolls 500g,Spring Rolls,QuickMeal,Pet Food,Pet Food,France
4487630707976,Homestyle QuickMeal Mozzarella,Mozzarella,QuickMeal,Dried Fruits,Dried Fruits,China
6948494829536,Pure KitchenPride Coconut Water 100g,Coconut Water,KitchenPride,Beverages,Beverages,Mexico
1124521737229,Fresh LocalBest Tea 250g,Tea,LocalBest,Rice,Rice,France
3636145426070,Natural SimpleJoy Paratha 2L,Paratha,SimpleJoy,Biscuits,Biscuits,Japan
7868544596530,Farm Fresh VillageMade Mustard,Mustard,VillageMade,Bakery,Bakery,Germany
1375599105385,Pure QuickMeal Cornflakes,Cornflakes,QuickMeal,Frozen Foods,Frozen Foods,Italy
7347561732800,Organic PureChoice Pita Bread,Pita Bread,PureChoice,Sugar,Sugar,Vietnam
5230625509877,Homestyle FamilyFarm Parmesan,Parmesan,FamilyFarm,Biscuits,Biscuits,Mexico
9336364910800,Artisan FreshFarm Sugar,Sugar,FreshFarm,Oils,Oils,Vietnam
6817835621719,Royal CountryStyle Almond Milk,Almond Milk,CountryStyle,Cereals,Cereals,China
4190350245117,Pure QuickMeal Coconut Water,Coconut Water,QuickMeal,Vinegar,Vinegar,Italy
6792090149929,Homestyle DailyBasics Sauce 2L,Sauce,DailyBasics,Jam,Jam,Turkey
3295381376121,Artisan GreenLeaf Raisins,Raisins,GreenLeaf,Beverages,Beverages,USA
8864054303154,Natural HealthyLife Coriander,Coriander,HealthyLife,Chips,Chips,Indonesia
6612453932725,Pure TastyBites Oats,Oats,TastyBites,Cereals,Cereals,Turkey
8430990521865,Homestyle FamilyFarm Peas,Peas,FamilyFarm,Frozen Foods,Frozen Foods,Japan
1815409172059,Organic NutriWell Tea,Tea,NutriWell,Condiments,Condiments,Brazil
5993427601490,Golden MorningFresh Soy Milk,Soy Milk,MorningFresh,Canned Goods,Canned Goods,Indonesia
5212239508378,Organic CountryStyle Coriander,Coriander,CountryStyle,Chips,Chips,USA
6076020788270,Premium TastyBites Condensed Milk,Condensed Milk,TastyBites,Jam,Jam,Vietnam
4554265060734,Golden OrganicPlus Ketchup,Ketchup,OrganicPlus,Health Supplements,Health Supplements,Vietnam
1847002420227,Premium MorningFresh Herbal Tea,Herbal Tea,MorningFresh,Soup Mix,Soup Mix,Indonesia
2685655921179,Fresh FamilyFarm Raisins,Raisins,FamilyFarm,Canned Goods,Canned Goods,Turkey
2281092516643,Royal OrganicPlus Milk 200g,Milk,OrganicPlus,Cereals,Cereals,Italy
2336247048022,Homestyle QuickMeal Green Tea,Green Tea,QuickMeal,Frozen Foods,Frozen Foods,USA
9881375003725,Natural CountryStyle Butter,Butter,CountryStyle,Nuts,Nuts,Brazil
9611058584080,Natural FamilyFarm Peas 750ml,Peas,FamilyFarm,Oils,Oils,Mexico
9063782101539,Organic OrganicPlus Butter,Butter,OrganicPlus,Cereals,Cereals,Japan
6992110873846,Natural MorningFresh Cereal 250g,Cereal,MorningFresh,Frozen Foods,Frozen Foods,Vietnam
1544723453659,Farm Fresh GreenLeaf Pickle,Pickle,GreenLeaf,Bakery,Bakery,Germany
8247353010703,Royal HomeMade Rice,Rice,HomeMade,Pickles,Pickles,Indonesia
4577035971344,Farm Fresh CountryStyle Ketchup,Ketchup,CountryStyle,Pickles,Pickles,France
8207226467193,Homestyle FamilyFarm Green Tea,Green Tea,FamilyFarm,Condiments,Condiments,Vietnam
1020260559813,Organic OrganicPlus Cornflakes,Cornflakes,OrganicPlus,Snacks,Snacks,France
9573811144480,Farm Fresh NatureBite Ghee,Ghee,NatureBite,Cleaning Supplies,Cleaning Supplies,Vietnam
8334658137513,Royal KitchenPride Black Beans Pack of 12,Black Beans,KitchenPride,Tea,Tea,Brazil
9770480347471,Royal CountryStyle Sugar Pack of 6,Sugar,CountryStyle,Coffee,Coffee,China
5773875936638,Pure KitchenPride Honey,Honey,KitchenPride,Nuts,Nuts,Spain
4095314703432,Pure GoldenHarvest Black Tea,Black Tea,GoldenHarvest,Baby Food,Baby Food,Vietnam
5732467619805,Classic MorningFresh Iced Tea,Iced Tea,MorningFresh,Salt,Salt,France
7341068959221,Golden DailyBasics Chocolate Bar Pack of 6,Chocolate Bar,DailyBasics,Spices,Spices,Spain
8855937406531,Pure OrganicPlus Coriander,Coriander,OrganicPlus,Jam,Jam,India
1712133345994,Natural MorningFresh Popcorn 250g,Popcorn,MorningFresh,Bakery,Bakery,Brazil
7984387989966,Pure NatureBite Mayonnaise,Mayonnaise,NatureBite,Vinegar,Vinegar,Japan
7074181933033,Premium NutriWell Energy Drink,Energy Drink,NutriWell,Beverages,Beverages,Germany
1583080192493,Artisan QuickMeal Olive Oil 100g,Olive Oil,QuickMeal,Vinegar,Vinegar,Mexico
2521857285769,Traditional MorningFresh Samosa,Samosa,MorningFresh,Rice,Rice,China
8032858555941,Royal GoldenHarvest Fish Fillet,Fish Fillet,GoldenHarvest,Honey,Honey,Indonesia
4519974721254,Artisan CountryStyle Sunflower Oil,Sunflower Oil,CountryStyle,Snacks,Snacks,India
8027468187994,Royal KitchenPride Sesame Oil,Sesame Oil,KitchenPride,Juice,Juice,Mexico
9663533164508,Traditional SunValley Mustard 250g,Mustard,SunValley,Rice,Rice,Spain
7244640540972,Royal GreenLeaf Green Tea Pack of 6,Green Tea,GreenLeaf,Tea,Tea,France
9745494511244,Golden GreenLeaf Cereal,Cereal,GreenLeaf,Juice,Juice,USA
5097550606215,Natural OrganicPlus Kidney Beans 100g,Kidney Beans,OrganicPlus,Beverages,Beverages,Spain
3505306796896,Golden QuickMeal Soup 100g,Soup,QuickMeal,Juice,Juice,Indonesia
1195188099649,Homestyle SunValley Muesli,Muesli,SunValley,Sauces,Sauces,Japan
4704472164421,Farm Fresh GoldenHarvest Chocolate Bar,Chocolate Bar,GoldenHarvest,Frozen Foods,Frozen Foods,Brazil
1223002950629,Homestyle TastyBites Frozen Pizza,Frozen Pizza,TastyBites,Personal Care,Personal Care,Vietnam
7539630160269,Golden PureChoice Tofu,Tofu,PureChoice,Sugar,Sugar,Germany
7784582563165,Farm Fresh SimpleJoy Rice,Rice,SimpleJoy,Jam,Jam,China
2684245996582,Classic VillageMade Chicken Nuggets 2L,Chicken Nuggets,VillageMade,Spices,Spices,Italy
1529523793449,Classic HomeMade Soup,Soup,HomeMade,Noodles,Noodles,Mexico
8540255471684,Farm Fresh GoldenHarvest Chapati,Chapati,GoldenHarvest,Chocolate,Chocolate,Indonesia
3336297082432,Farm Fresh SunValley Croissant,Croissant,SunValley,Dairy,Dairy,Mexico
9038474665035,Pure NutriWell Syrup Pack of 6,Syrup,NutriWell,Juice,Juice,Japan
2409656485673,Royal FreshFarm Energy Drink,Energy Drink,FreshFarm,Condiments,Condiments,Germany
7582079511384,Pure KitchenPride Feta 750ml,Feta,KitchenPride,Frozen Foods,Frozen Foods,Japan
3246396115329,Classic SimpleJoy Bread,Bread,SimpleJoy,Personal Care,Personal Care,Italy
1647541108764,Traditional NutriWell Coconut Milk,Coconut Milk,NutriWell,Nuts,Nuts,France
9286785282383,Fresh CountryStyle Crackers,Crackers,CountryStyle,Health Supplements,Health Supplements,Italy
3500730161575,Farm Fresh GoldenHarvest Brownie Mix 200g,Brownie Mix,GoldenHarvest,Beverages,Beverages,Mexico
6890666776633,Premium HomeMade Popcorn 1L,Popcorn,HomeMade,Spices,Spices,Brazil
6721339521568,Classic SimpleJoy Muffin,Muffin,SimpleJoy,Noodles,Noodles,China
5008985318712,Pure QuickMeal Syrup,Syrup,QuickMeal,Chips,Chips,India
7118450990154,Classic HealthyLife Margarine,Margarine,HealthyLife,Salt,Salt,Vietnam
4489093997390,Fresh NatureBite Frozen Veggies,Frozen Veggies,NatureBite,Juice,Juice,India
3628750089621,Royal FreshFarm Tea,Tea,FreshFarm,Soup Mix,Soup Mix,Mexico
4897150430382,Golden GreenLeaf Coconut Oil,Coconut Oil,GreenLeaf,Vinegar,Vinegar,Japan
9116606559235,Natural GreenLeaf Corn,Corn,GreenLeaf,Juice,Juice,China
9885935681461,Artisan CountryStyle Coriander,Coriander,CountryStyle,Canned Goods,Canned Goods,Italy
7887699602606,Organic PureChoice Mozzarella,Mozzarella,PureChoice,Dairy,Dairy,Germany
6317214079271,Farm Fresh KitchenPride Paratha,Paratha,KitchenPride,Snacks,Snacks,Indonesia
4656917112739,Royal KitchenPride Honey,Honey,KitchenPride,Noodles,Noodles,Vietnam
5917477472688,Fresh KitchenPride Fish Fillet Pack of 12,Fish Fillet,KitchenPride,Snacks,Snacks,Germany
9719633273626,Fresh HealthyLife Herbal Tea 750ml,Herbal Tea,HealthyLife,Condiments,Condiments,India
7155914623756,Artisan TastyBites Parmesan 1L,Parmesan,TastyBites,Salt,Salt,Germany
6282102786390,Homestyle SunValley French Fries,French Fries,SunValley,Tea,Tea,Spain
6728247444200,Premium CountryStyle Spring Rolls,Spring Rolls,CountryStyle,Honey,Honey,Italy
7066369619561,Fresh SunValley Bagel,Bagel,SunValley,Nuts,Nuts,Indonesia
8784410726598,Fresh FamilyFarm Pancake Mix Pack of 6,Pancake Mix,FamilyFarm,Cleaning Supplies,Cleaning Supplies,Mexico
8829625155097,Homestyle QuickMeal Cinnamon,Cinnamon,QuickMeal,Flour,Flour,Spain
9852848102337,Organic GreenLeaf Iced Tea 100g,Iced Tea,GreenLeaf,Rice,Rice,Mexico
9998150097147,Pure CountryStyle Coconut Milk 1L,Coconut Milk,CountryStyle,Biscuits,Biscuits,Italy
5665044869157,Natural TastyBites Crackers,Crackers,TastyBites,Personal Care,Personal Care,Italy
6805055741032,Premium GreenLeaf Chips 750ml,Chips,GreenLeaf,Vinegar,Vinegar,India
5139586307985,Farm Fresh DailyBasics Cream,Cream,DailyBasics,Health Supplements,Health Supplements,India
6807695910348,Homestyle LocalBest Herbal Tea,Herbal Tea,LocalBest,Salt,Salt,India
6273810573423,Pure NatureBite Mozzarella,Mozzarella,NatureBite,Flour,Flour,China
5859503364112,Artisan CountryStyle Ground Coffee,Ground Coffee,CountryStyle,Frozen Foods,Frozen Foods,Italy
4273113245880,Premium MorningFresh Chips,Chips,MorningFresh,Coffee,Coffee,Indonesia
8128273810644,Royal GoldenHarvest Peanuts,Peanuts,GoldenHarvest,Sugar,Sugar,Indonesia
1780132836723,Organic HealthyLife Margarine,Margarine,HealthyLife,Personal Care,Personal Care,Germany
4780523032052,Natural HomeMade Energy Drink 1L,Energy Drink,HomeMade,Flour,Flour,India
6550445487145,Royal FreshFarm Milk,Milk,FreshFarm,Honey,Honey,Vietnam
9477640883547,Natural FamilyFarm Cream Cheese,Cream Cheese,FamilyFarm,Snacks,Snacks,USA
2664152500135,Farm Fresh GoldenHarvest Tea,Tea,GoldenHarvest,Vinegar,Vinegar,Indonesia
2596905002252,Pure LocalBest Gum,Gum,LocalBest,Cereals,Cereals,Mexico
8060554064087,Golden GoldenHarvest Margarine,Margarine,GoldenHarvest,Jam,Jam,Thailand
2432105400550,Farm Fresh OrganicPlus Ground Coffee,Ground Coffee,OrganicPlus,Beverages,Beverages,Spain
3598231534639,Pure GreenLeaf Soup Pack of 6,Soup,GreenLeaf,Pickles,Pickles,India
2470693715712,Premium TastyBites Pancake Mix,Pancake Mix,TastyBites,Pasta,Pasta,USA
4426363444501,Homestyle GoldenHarvest Cake Mix,Cake Mix,GoldenHarvest,Pasta,Pasta,India
1726988440215,Golden SunValley Oil,Oil,SunValley,Canned Goods,Canned Goods,France
7388746787627,Farm Fresh GoldenHarvest Croissant,Croissant,GoldenHarvest,Noodles,Noodles,China
1122582237694,Traditional PureChoice Green Tea,Green Tea,PureChoice,Oils,Oils,Italy
3309578533227,Royal TastyBites Sugar 1L,Sugar,TastyBites,Pickles,Pickles,USA
6593891361508,Artisan DailyBasics Tofu,Tofu,DailyBasics,Cereals,Cereals,Spain
1843667390898,Golden VillageMade Cheese,Cheese,VillageMade,Cereals,Cereals,Japan
3318122118045,Golden TastyBites Black Beans Pack of 12,Black Beans,TastyBites,Tea,Tea,Mexico
4200005272505,Classic CountryStyle Coconut Water Pack of 6,Coconut Water,CountryStyle,Pet Food,Pet Food,Germany
2044259699781,Traditional HomeMade Margarine,Margarine,HomeMade,Chips,Chips,Turkey
6998620834604,Pure VillageMade Ground Coffee,Ground Coffee,VillageMade,Cleaning Supplies,Cleaning Supplies,Indonesia
8120037053563,Farm Fresh HealthyLife Oil,Oil,HealthyLife,Jam,Jam,Brazil
2142843783645,Premium NatureBite Olive Oil 1L,Olive Oil,NatureBite,Beverages,Beverages,Spain
8121581691845,Homestyle PureChoice Ghee Pack of 6,Ghee,PureChoice,Beverages,Beverages,China
9790128106306,Fresh NatureBite Turmeric Pack of 6,Turmeric,NatureBite,Coffee,Coffee,China
5635668511430,Homestyle GoldenHarvest Muffin,Muffin,GoldenHarvest,Flour,Flour,India
6848629635044,Farm Fresh KitchenPride Sugar 2L,Sugar,KitchenPride,Chocolate,Chocolate,Thailand
8603803120493,Pure TastyBites Croissant,Croissant,TastyBites,Health Supplements,Health Supplements,Turkey
1715772883802,Artisan HomeMade Cumin,Cumin,HomeMade,Biscuits,Biscuits,USA
3518161011371,Golden FreshFarm Nutella,Nutella,FreshFarm,Jam,Jam,France
4150062495834,Classic VillageMade Cornflakes,Cornflakes,VillageMade,Flour,Flour,Vietnam
4433162336136,Organic SimpleJoy Coffee 1kg,Coffee,SimpleJoy,Pet Food,Pet Food,Brazil
8050747225486,Fresh HealthyLife Frozen Veggies,Frozen Veggies,HealthyLife,Vinegar,Vinegar,Spain
1253002077739,Premium SimpleJoy Margarine,Margarine,SimpleJoy,Noodles,Noodles,Italy
3126373034849,Traditional HomeMade Sparkling Water Pack of 6,Sparkling Water,HomeMade,Flour,Flour,Italy
6425358196659,Pure HomeMade Paratha,Paratha,HomeMade,Flour,Flour,Spain
9497219409042,Golden PureChoice Salt,Salt,PureChoice,Vinegar,Vinegar,Brazil
9756747630575,Royal HealthyLife Chicken Nuggets,Chicken Nuggets,HealthyLife,Canned Goods,Canned Goods,Thailand
4625519921394,Fresh HomeMade Kidney Beans,Kidney Beans,HomeMade,Biscuits,Biscuits,Brazil
4573245389468,Classic MorningFresh Honey 1L,Honey,MorningFresh,Dairy,Dairy,India
6645824700143,Royal FamilyFarm Swiss Cheese 1kg,Swiss Cheese,FamilyFarm,Vinegar,Vinegar,USA
4163039901634,Fresh NatureBite Soda,Soda,NatureBite,Rice,Rice,India
7333470175081,Royal MorningFresh Mustard,Mustard,MorningFresh,Frozen Foods,Frozen Foods,Mexico
3094737120425,Farm Fresh GoldenHarvest Coriander 100g,Coriander,GoldenHarvest,Honey,Honey,Germany
5044242894777,Homestyle HomeMade Almond Milk,Almond Milk,HomeMade,Pasta,Pasta,Indonesia
1116494887164,Pure HomeMade Juice Pack of 12,Juice,HomeMade,Biscuits,Biscuits,China
5878285640083,Royal DailyBasics Coconut Milk,Coconut Milk,DailyBasics,Snacks,Snacks,Vietnam
5665289879729,Royal SunValley Mozzarella,Mozzarella,SunValley,Soup Mix,Soup Mix,Turkey
6346692562822,Organic HomeMade Olive Oil,Olive Oil,HomeMade,Cereals,Cereals,Italy
5012131984754,Fresh OrganicPlus Ketchup,Ketchup,OrganicPlus,Personal Care,Personal Care,USA
2917712553839,Golden NatureBite Bread Pack of 12,Bread,NatureBite,Vinegar,Vinegar,Brazil
6466898580843,Premium GoldenHarvest Black Tea Pack of 6,Black Tea,GoldenHarvest,Salt,Salt,Vietnam
7362274625135,Farm Fresh NutriWell Frozen Veggies 750ml,Frozen Veggies,NutriWell,Pasta,Pasta,Italy
6285826007050,Farm Fresh VillageMade Paratha,Paratha,VillageMade,Pet Food,Pet Food,Turkey
3622620702692,Classic HealthyLife Popcorn 250g,Popcorn,HealthyLife,Dried Fruits,Dried Fruits,Mexico
3054398545174,Fresh FamilyFarm Frozen Pizza,Frozen Pizza,FamilyFarm,Oils,Oils,Spain
6824084068114,Organic QuickMeal Cinnamon,Cinnamon,QuickMeal,Tea,Tea,Spain
9985873401679,Artisan FreshFarm Pickle 2L,Pickle,FreshFarm,Flour,Flour,France
7680543092470,Traditional NatureBite Black Beans,Black Beans,NatureBite,Health Supplements,Health Supplements,Spain
9714359231451,Homestyle FamilyFarm Almonds,Almonds,FamilyFarm,Pasta,Pasta,India
9313449374147,Classic DailyBasics Soup,Soup,DailyBasics,Juice,Juice,Indonesia
7862976800116,Farm Fresh LocalBest Soda,Soda,LocalBest,Pickles,Pickles,Vietnam
7967022204095,Premium NatureBite Coffee,Coffee,NatureBite,Chips,Chips,Indonesia
5518658639626,Homestyle FreshFarm Mayonnaise,Mayonnaise,FreshFarm,Cereals,Cereals,India
7819571704483,Fresh HealthyLife Chocolate Bar,Chocolate Bar,HealthyLife,Vinegar,Vinegar,China
6486654766594,Homestyle SunValley Soup,Soup,SunValley,Baby Food,Baby Food,USA
3155260863437,Golden TastyBites Soda,Soda,TastyBites,Coffee,Coffee,China
8932516132331,Premium KitchenPride Nutella 2L,Nutella,KitchenPride,Snacks,Snacks,USA
6324183970226,Natural HealthyLife Gum,Gum,HealthyLife,Pet Food,Pet Food,Thailand
2625673418238,Artisan SimpleJoy Samosa,Samosa,SimpleJoy,Pasta,Pasta,USA
3699776771515,Artisan QuickMeal Syrup,Syrup,QuickMeal,Salt,Salt,Mexico
3244184703843,Artisan CountryStyle Candy 500g,Candy,CountryStyle,Juice,Juice,USA
3942740557555,Premium LocalBest Mustard,Mustard,LocalBest,Dairy,Dairy,France
6098185365315,Artisan PureChoice Soup Pack of 6,Soup,PureChoice,Juice,Juice,Vietnam
6448008491391,Artisan OrganicPlus Frozen Veggies,Frozen Veggies,OrganicPlus,Soup Mix,Soup Mix,India
8083351032260,Traditional GoldenHarvest Black Tea,Black Tea,GoldenHarvest,Beverages,Beverages,Japan
8906892968385,Traditional HomeMade Kidney Beans,Kidney Beans,HomeMade,Rice,Rice,USA
3235696976604,Fresh SunValley Brownie Mix Pack of 6,Brownie Mix,SunValley,Sugar,Sugar,Turkey
9457499417343,Farm Fresh QuickMeal Cream Cheese 250g,Cream Cheese,QuickMeal,Salt,Salt,China
4475513264800,Organic GoldenHarvest Crackers,Crackers,GoldenHarvest,Salt,Salt,Germany
1647511374763,Traditional SimpleJoy Green Tea,Green Tea,SimpleJoy,Biscuits,Biscuits,Spain
2663147114207,Premium QuickMeal Muesli,Muesli,QuickMeal,Chocolate,Chocolate,Mexico
6982882920453,Farm Fresh QuickMeal Cheddar,Cheddar,QuickMeal,Frozen Foods,Frozen Foods,USA
6440253928576,Traditional PureChoice Dates,Dates,PureChoice,Chocolate,Chocolate,Brazil
1511609424968,Traditional TastyBites Coconut Oil,Coconut Oil,TastyBites,Frozen Foods,Frozen Foods,France
6398855397023,Farm Fresh TastyBites Black Beans 1kg,Black Beans,TastyBites,Personal Care,Personal Care,USA
5539488592387,Premium LocalBest Yogurt,Yogurt,LocalBest,Sauces,Sauces,USA
8214914439380,Natural SimpleJoy Lentils,Lentils,SimpleJoy,Pet Food,Pet Food,Brazil
8032961106201,Artisan FamilyFarm Instant Coffee,Instant Coffee,FamilyFarm,Pet Food,Pet Food,Thailand
4687521292574,Classic VillageMade Margarine,Margarine,VillageMade,Juice,Juice,Turkey
6432169657823,Fresh QuickMeal Chicken Nuggets 200g,Chicken Nuggets,QuickMeal,Jam,Jam,Mexico
4149489983902,Traditional OrganicPlus Margarine 500g,Margarine,OrganicPlus,Sauces,Sauces,Germany
1230240020286,Golden OrganicPlus Cheddar 200g,Cheddar,OrganicPlus,Pickles,Pickles,Turkey
1579938990389,Fresh DailyBasics Yogurt,Yogurt,DailyBasics,Condiments,Condiments,Thailand
1004153308001,Homestyle GreenLeaf Candy 1L,Candy,GreenLeaf,Chocolate,Chocolate,France
3751435397573,Fresh CountryStyle Cumin,Cumin,CountryStyle,Frozen Foods,Frozen Foods,India
2711088256172,Traditional QuickMeal Ghee Pack of 12,Ghee,QuickMeal,Snacks,Snacks,China
7026223784200,Artisan FamilyFarm Mayonnaise,Mayonnaise,FamilyFarm,Snacks,Snacks,Italy
9123419067086,Golden SimpleJoy Mustard,Mustard,SimpleJoy,Dairy,Dairy,Germany
7939273796429,Fresh GreenLeaf Salt 2L,Salt,GreenLeaf,Oils,Oils,Italy
4935502381780,Golden NatureBite Cereal,Cereal,NatureBite,Vinegar,Vinegar,Germany
8720486770216,Premium GoldenHarvest Coriander,Coriander,GoldenHarvest,Baby Food,Baby Food,USA
7366705055708,Golden LocalBest Whole Beans,Whole Beans,LocalBest,Pet Food,Pet Food,France
3083089688733,Fresh MorningFresh Tempeh,Tempeh,MorningFresh,Condiments,Condiments,Turkey
9207532450311,Golden SunValley French Fries,French Fries,SunValley,Oils,Oils,Indonesia
1079086277075,Pure FamilyFarm Instant Coffee,Instant Coffee,FamilyFarm,Cleaning Supplies,Cleaning Supplies,Spain
1614450204132,Farm Fresh LocalBest Raisins,Raisins,LocalBest,Jam,Jam,Spain
9426589368771,Pure SunValley Gum 500g,Gum,SunValley,Sugar,Sugar,China
1899779259887,Premium SunValley Mineral Water,Mineral Water,SunValley,Flour,Flour,Turkey
7171329006183,Pure QuickMeal Iced Tea Pack of 6,Iced Tea,QuickMeal,Noodles,Noodles,Japan
7815002491374,Traditional QuickMeal Nutella 1kg,Nutella,QuickMeal,Noodles,Noodles,Indonesia
7133549623698,Classic TastyBites Swiss Cheese,Swiss Cheese,TastyBites,Noodles,Noodles,China
6625821042355,Golden HomeMade Sugar,Sugar,HomeMade,Pickles,Pickles,Mexico
9712094987642,Premium FreshFarm Waffle Mix,Waffle Mix,FreshFarm,Biscuits,Biscuits,Japan
6537923803966,Natural LocalBest Coconut Milk,Coconut Milk,LocalBest,Snacks,Snacks,Mexico
7149597489077,Homestyle NatureBite Bagel 2L,Bagel,NatureBite,Personal Care,Personal Care,India
5038878142245,Farm Fresh SunValley Ketchup 750ml,Ketchup,SunValley,Flour,Flour,Germany
4282164567927,Royal PureChoice Syrup,Syrup,PureChoice,Vinegar,Vinegar,China
1753873540489,Royal FreshFarm Chocolate Bar,Chocolate Bar,FreshFarm,Soup Mix,Soup Mix,Mexico
2534483738136,Classic SimpleJoy Milk,Milk,SimpleJoy,Chocolate,Chocolate,Turkey
6527748813010,Fresh HomeMade Salt,Salt,HomeMade,Personal Care,Personal Care,Mexico
8595999384547,Natural HealthyLife Muesli 2L,Muesli,HealthyLife,Biscuits,Biscuits,Japan
5687643447900,Royal SimpleJoy Margarine 100g,Margarine,SimpleJoy,Coffee,Coffee,Mexico
3404973995556,Artisan CountryStyle Muesli,Muesli,CountryStyle,Chocolate,Chocolate,USA
5988929068066,Fresh DailyBasics Oil,Oil,DailyBasics,Pet Food,Pet Food,Italy
9495638244128,Farm Fresh LocalBest Chips,Chips,LocalBest,Flour,Flour,China
9121272709390,Artisan OrganicPlus Muffin,Muffin,OrganicPlus,Sauces,Sauces,Mexico
8511991121518,Fresh QuickMeal Cumin,Cumin,QuickMeal,Dried Fruits,Dried Fruits,France
5743238207169,Royal FamilyFarm Frozen Veggies,Frozen Veggies,FamilyFarm,Honey,Honey,India
7051227891066,Golden GreenLeaf Olive Oil,Olive Oil,GreenLeaf,Oils,Oils,Vietnam
1508813360314,Royal FamilyFarm Green Tea,Green Tea,FamilyFarm,Salt,Salt,Vietnam
2062877469202,Artisan VillageMade Juice,Juice,VillageMade,Cereals,Cereals,Brazil
4206621355792,Natural SimpleJoy Corn 500g,Corn,SimpleJoy,Cereals,Cereals,Brazil
9655164851248,Artisan GoldenHarvest Turmeric,Turmeric,GoldenHarvest,Personal Care,Personal Care,China
5371904657938,Artisan FamilyFarm Black Tea,Black Tea,FamilyFarm,Honey,Honey,Indonesia
1206069143243,Artisan DailyBasics Brownie Mix 1L,Brownie Mix,DailyBasics,Pickles,Pickles,USA
1527793273974,Traditional NatureBite Coriander,Coriander,NatureBite,Soup Mix,Soup Mix,Spain
6302761990332,Artisan QuickMeal Chapati,Chapati,QuickMeal,Sauces,Sauces,Vietnam
5007250142863,Homestyle GoldenHarvest Paratha,Paratha,GoldenHarvest,Salt,Salt,Turkey
1127467729010,Homestyle LocalBest Cumin,Cumin,LocalBest,Oils,Oils,Spain
4324347168214,Fresh VillageMade Cream Pack of 6,Cream,VillageMade,Coffee,Coffee,Vietnam
5509655652133,Natural DailyBasics Tomato Paste,Tomato Paste,DailyBasics,Personal Care,Personal Care,Thailand
1421832841855,Natural NatureBite Oats,Oats,NatureBite,Pickles,Pickles,Italy
3715889403741,Traditional LocalBest Nutella 200g,Nutella,LocalBest,Pickles,Pickles,Brazil
7701876441000,Natural FreshFarm Mayonnaise 250g,Mayonnaise,FreshFarm,Coffee,Coffee,Thailand
7203648832131,Homestyle TastyBites Milk,Milk,TastyBites,Cereals,Cereals,Vietnam
5841945209180,Organic GreenLeaf Mozzarella,Mozzarella,GreenLeaf,Juice,Juice,Brazil
3065989890622,Premium LocalBest Condensed Milk,Condensed Milk,LocalBest,Frozen Foods,Frozen Foods,Spain
1074416140739,Organic HomeMade Gum,Gum,HomeMade,Health Supplements,Health Supplements,Brazil
1685905346504,Royal FamilyFarm Sparkling Water,Sparkling Water,FamilyFarm,Bakery,Bakery,China
1574207570613,Pure NatureBite Pepper 750ml,Pepper,NatureBite,Nuts,Nuts,Spain
4824446273426,Farm Fresh NutriWell Coconut Water 2L,Coconut Water,NutriWell,Noodles,Noodles,Mexico
3644619537582,Homestyle MorningFresh Gouda,Gouda,MorningFresh,Dried Fruits,Dried Fruits,Mexico
7588930709010,Fresh GreenLeaf Tortilla,Tortilla,GreenLeaf,Sauces,Sauces,Vietnam
8679994588136,Homestyle CountryStyle Pasta,Pasta,CountryStyle,Condiments,Condiments,Spain
4248469717305,Classic NutriWell Soda,Soda,NutriWell,Personal Care,Personal Care,Vietnam
2394678176208,Classic CountryStyle Raisins,Raisins,CountryStyle,Bakery,Bakery,Spain
5605507739729,Royal NutriWell Spring Rolls,Spring Rolls,NutriWell,Honey,Honey,India
6174414278642,Farm Fresh HealthyLife Bagel,Bagel,HealthyLife,Cereals,Cereals,Indonesia
6724527003131,Royal FamilyFarm Flour,Flour,FamilyFarm,Chocolate,Chocolate,China
1722802111365,Natural FreshFarm Cashews,Cashews,FreshFarm,Sugar,Sugar,Germany
7356252156604,Classic GoldenHarvest Margarine,Margarine,GoldenHarvest,Juice,Juice,Thailand
6853443177921,Farm Fresh DailyBasics Samosa Pack of 6,Samosa,DailyBasics,Pasta,Pasta,Japan
8856150353342,Artisan MorningFresh Ghee,Ghee,MorningFresh,Noodles,Noodles,Japan
5778121740282,Classic GreenLeaf Cake Mix,Cake Mix,GreenLeaf,Cereals,Cereals,Brazil
3608966619885,Homestyle CountryStyle Tomato Paste 500g,Tomato Paste,CountryStyle,Baby Food,Baby Food,Germany
1296518260654,Artisan HealthyLife Butter 750ml,Butter,HealthyLife,Chips,Chips,Spain
6462477394857,Pure KitchenPride Lentils,Lentils,KitchenPride,Chocolate,Chocolate,Indonesia
8675559774905,Traditional SunValley Pasta,Pasta,SunValley,Honey,Honey,Vietnam
9597860757906,Fresh MorningFresh Honey,Honey,MorningFresh,Tea,Tea,Thailand
1527858515346,Premium NutriWell Ghee,Ghee,NutriWell,Chocolate,Chocolate,Germany
7605749129278,Homestyle HomeMade Noodles 250g,Noodles,HomeMade,Pet Food,Pet Food,Brazil
9494068946200,Traditional SunValley Soda 1kg,Soda,SunValley,Pickles,Pickles,USA
5858475415907,Fresh NatureBite French Fries,French Fries,NatureBite,Chips,Chips,Thailand
7211767348820,Classic MorningFresh Nutella 750ml,Nutella,MorningFresh,Salt,Salt,Vietnam
8456591618587,Farm Fresh SunValley Almond Milk,Almond Milk,SunValley,Baby Food,Baby Food,Indonesia
8296137068486,Traditional NatureBite Samosa,Samosa,NatureBite,Jam,Jam,Vietnam
6304318018967,Royal DailyBasics Brownie Mix,Brownie Mix,DailyBasics,Sugar,Sugar,Vietnam
1896435005668,Homestyle DailyBasics Muesli,Muesli,DailyBasics,Pickles,Pickles,Thailand
9296504541774,Farm Fresh GreenLeaf Almonds,Almonds,GreenLeaf,Soup Mix,Soup Mix,Germany
4922299484555,Traditional SimpleJoy Croissant Pack of 12,Croissant,SimpleJoy,Coffee,Coffee,Turkey
8394559167325,Organic CountryStyle Chapati Pack of 6,Chapati,CountryStyle,Cleaning Supplies,Cleaning Supplies,Spain
1432413943403,Fresh GoldenHarvest Sugar,Sugar,GoldenHarvest,Sauces,Sauces,Germany
2632423777769,Fresh SunValley Energy Drink,Energy Drink,SunValley,Spices,Spices,Italy
1851627742626,Organic SunValley Peanut Butter,Peanut Butter,SunValley,Coffee,Coffee,Indonesia
8626017933265,Natural CountryStyle French Fries,French Fries,CountryStyle,Beverages,Beverages,Japan
2107895664758,Farm Fresh LocalBest Tortilla,Tortilla,LocalBest,Nuts,Nuts,China
8253151451656,Artisan SimpleJoy Ground Coffee,Ground Coffee,SimpleJoy,Biscuits,Biscuits,Turkey
3378571720913,Royal VillageMade Bread,Bread,VillageMade,Cleaning Supplies,Cleaning Supplies,Indonesia
4264573310110,Homestyle SimpleJoy Oats,Oats,SimpleJoy,Baby Food,Baby Food,China
8266295129884,Homestyle FreshFarm Chocolate Bar,Chocolate Bar,FreshFarm,Sauces,Sauces,Vietnam
8639975576433,Traditional NutriWell Pepper,Pepper,NutriWell,Dried Fruits,Dried Fruits,Spain
8805992986930,Homestyle LocalBest Coriander,Coriander,LocalBest,Nuts,Nuts,Italy
8844871473345,Golden HealthyLife Tea 1kg,Tea,HealthyLife,Vinegar,Vinegar,Turkey
4820845254641,Pure MorningFresh Peanut Butter,Peanut Butter,MorningFresh,Dried Fruits,Dried Fruits,Thailand
8691462163746,Traditional HomeMade Popcorn,Popcorn,HomeMade,Biscuits,Biscuits,India
3688398479502,Golden CountryStyle Mineral Water Pack of 6,Mineral Water,CountryStyle,Vinegar,Vinegar,China
7835823347551,Traditional FamilyFarm Herbal Tea,Herbal Tea,FamilyFarm,Cereals,Cereals,Japan
5274119069807,Golden HomeMade Sesame Oil,Sesame Oil,HomeMade,Pet Food,Pet Food,Brazil
4981659965259,Artisan TastyBites Soup,Soup,TastyBites,Biscuits,Biscuits,India
7807442626915,Golden DailyBasics Kidney Beans,Kidney Beans,DailyBasics,Sugar,Sugar,France
6295350724344,Royal MorningFresh Paratha,Paratha,MorningFresh,Coffee,Coffee,India
5672616221147,Classic CountryStyle Almonds,Almonds,CountryStyle,Dried Fruits,Dried Fruits,Japan
8906070819516,Golden GoldenHarvest Green Tea 2L,Green Tea,GoldenHarvest,Cleaning Supplies,Cleaning Supplies,Italy
1949196916273,Classic DailyBasics Raisins 250g,Raisins,DailyBasics,Flour,Flour,Japan
9425646126792,Golden QuickMeal Instant Coffee,Instant Coffee,QuickMeal,Chocolate,Chocolate,Mexico
8288422557156,Natural NutriWell Vinegar,Vinegar,NutriWell,Sugar,Sugar,USA
7246748152379,Natural QuickMeal Turmeric,Turmeric,QuickMeal,Bakery,Bakery,China
2542541479524,Golden KitchenPride Samosa,Samosa,KitchenPride,Soup Mix,Soup Mix,Indonesia
3415354997246,Organic MorningFresh Cinnamon,Cinnamon,MorningFresh,Frozen Foods,Frozen Foods,Germany
8191236965850,Classic PureChoice Condensed Milk,Condensed Milk,PureChoice,Dried Fruits,Dried Fruits,Turkey
6620167988237,Organic DailyBasics Pita Bread,Pita Bread,DailyBasics,Sauces,Sauces,Brazil
4272047629608,Royal FamilyFarm Muffin 2L,Muffin,FamilyFarm,Salt,Salt,Italy
4273644740125,Artisan CountryStyle Oat Milk,Oat Milk,CountryStyle,Bakery,Bakery,Vietnam
3264646701702,Natural VillageMade Soup,Soup,VillageMade,Flour,Flour,India
2365673082307,Royal OrganicPlus Feta,Feta,OrganicPlus,Pickles,Pickles,Brazil
7147246121907,Artisan HealthyLife Swiss Cheese,Swiss Cheese,HealthyLife,Sugar,Sugar,Thailand
6871310185575,Premium FreshFarm Frozen Veggies 750ml,Frozen Veggies,FreshFarm,Salt,Salt,USA
2992682196300,Homestyle MorningFresh Ketchup Pack of 6,Ketchup,MorningFresh,Sauces,Sauces,India
1111099408340,Golden OrganicPlus Fish Fillet 750ml,Fish Fillet,OrganicPlus,Cereals,Cereals,Mexico
8529250106363,Fresh LocalBest Bread 250g,Bread,LocalBest,Condiments,Condiments,Italy
6057134043464,Classic SunValley Mozzarella 200g,Mozzarella,SunValley,Chips,Chips,France
3726592869601,Organic TastyBites Candy,Candy,TastyBites,Pasta,Pasta,France
5377782871835,Fresh KitchenPride Cereal,Cereal,KitchenPride,Jam,Jam,Italy
1763885247092,Premium SunValley Mayonnaise,Mayonnaise,SunValley,Sugar,Sugar,Thailand
9973645907568,Organic HomeMade Herbal Tea,Herbal Tea,HomeMade,Dried Fruits,Dried Fruits,Thailand
3634268249581,Traditional HomeMade Ice Cream 500g,Ice Cream,HomeMade,Flour,Flour,Japan
9323181247646,Royal HomeMade Butter,Butter,HomeMade,Dried Fruits,Dried Fruits,USA
1133177127428,Classic KitchenPride Coconut Oil,Coconut Oil,KitchenPride,Dairy,Dairy,Italy
1049731629491,Classic DailyBasics Frozen Pizza 250g,Frozen Pizza,DailyBasics,Frozen Foods,Frozen Foods,Indonesia
2608562104000,Traditional LocalBest Ice Cream,Ice Cream,LocalBest,Oils,Oils,Mexico
4301952564048,Pure TastyBites Mozzarella 500g,Mozzarella,TastyBites,Snacks,Snacks,Japan
7519180702133,Homestyle HealthyLife Chapati 750ml,Chapati,HealthyLife,Frozen Foods,Frozen Foods,Turkey
8365313267589,Classic NatureBite Frozen Veggies Pack of 12,Frozen Veggies,NatureBite,Chips,Chips,Mexico
4996587383845,Organic QuickMeal Jam,Jam,QuickMeal,Chocolate,Chocolate,Italy
6883178003608,Golden MorningFresh Tempeh Pack of 12,Tempeh,MorningFresh,Snacks,Snacks,Brazil
1608685961217,Homestyle DailyBasics Cheese,Cheese,DailyBasics,Nuts,Nuts,Spain
1577692103341,Classic NatureBite Coffee,Coffee,NatureBite,Sauces,Sauces,China
4943844326464,Traditional TastyBites Muesli,Muesli,TastyBites,Baby Food,Baby Food,Indonesia
7480127453891,Royal SunValley Crackers,Crackers,SunValley,Bakery,Bakery,India
3101449365425,Traditional QuickMeal Sesame Oil,Sesame Oil,QuickMeal,Noodles,Noodles,India
2684257348016,Artisan QuickMeal Bread,Bread,QuickMeal,Cereals,Cereals,Turkey
6996564345024,Royal LocalBest Chickpeas,Chickpeas,LocalBest,Tea,Tea,Turkey
9279601085996,Fresh VillageMade Cream,Cream,VillageMade,Personal Care,Personal Care,USA
7659149281253,Pure GoldenHarvest Whole Beans,Whole Beans,GoldenHarvest,Condiments,Condiments,France
5202895242132,Organic DailyBasics Sunflower Oil 750ml,Sunflower Oil,DailyBasics,Pickles,Pickles,Turkey
2475706361243,Traditional VillageMade Syrup,Syrup,VillageMade,Canned Goods,Canned Goods,France
4726265771534,Traditional OrganicPlus Candy,Candy,OrganicPlus,Chocolate,Chocolate,Indonesia
1757202637644,Traditional HealthyLife Dates 750ml,Dates,HealthyLife,Rice,Rice,Indonesia
7484717446091,Artisan OrganicPlus Rice 1L,Rice,OrganicPlus,Pickles,Pickles,India
5589501332567,Traditional FreshFarm Oats,Oats,FreshFarm,Dried Fruits,Dried Fruits,Italy
8916407646663,Fresh GreenLeaf Brownie Mix,Brownie Mix,GreenLeaf,Pasta,Pasta,Turkey
2142287169057,Fresh KitchenPride Croissant,Croissant,KitchenPride,Snacks,Snacks,Indonesia
1464361298949,Pure TastyBites Margarine,Margarine,TastyBites,Beverages,Beverages,Germany
2196789858466,Pure CountryStyle Chocolate Bar,Chocolate Bar,CountryStyle,Canned Goods,Canned Goods,Japan
1861000726668,Organic HomeMade Muesli,Muesli,HomeMade,Flour,Flour,Japan
7060302463067,Golden FamilyFarm Oat Milk,Oat Milk,FamilyFarm,Pet Food,Pet Food,Turkey
2486272369773,Homestyle CountryStyle Oat Milk,Oat Milk,CountryStyle,Vinegar,Vinegar,Spain
2769349779522,Fresh MorningFresh Muffin,Muffin,MorningFresh,Flour,Flour,China
1495785315515,Artisan SunValley Cream,Cream,SunValley,Pickles,Pickles,Italy
3624943302270,Organic PureChoice Coconut Water 750ml,Coconut Water,PureChoice,Flour,Flour,Mexico
7185503271571,Organic OrganicPlus Oil,Oil,OrganicPlus,Salt,Salt,France
5676132791067,Royal KitchenPride Chapati,Chapati,KitchenPride,Sauces,Sauces,Thailand
3124038881346,Farm Fresh PureChoice Pasta,Pasta,PureChoice,Pet Food,Pet Food,China
8904928505697,Homestyle NutriWell French Fries,French Fries,NutriWell,Pickles,Pickles,Turkey
6862394665627,Golden HealthyLife Bagel,Bagel,HealthyLife,Coffee,Coffee,Thailand
4118679673564,Classic NatureBite Jam Pack of 12,Jam,NatureBite,Sauces,Sauces,India
7685962826255,Homestyle CountryStyle Instant Coffee,Instant Coffee,CountryStyle,Vinegar,Vinegar,Vietnam
2969203431764,Pure CountryStyle Tea,Tea,CountryStyle,Sauces,Sauces,Mexico
5202065267573,Golden SunValley Sugar,Sugar,SunValley,Coffee,Coffee,Vietnam
9416225125264,Farm Fresh NatureBite Ketchup,Ketchup,NatureBite,Flour,Flour,Spain
7577645524980,Natural MorningFresh Pepper 250g,Pepper,MorningFresh,Salt,Salt,Indonesia
1937040164110,Premium QuickMeal Waffle Mix 2L,Waffle Mix,QuickMeal,Chocolate,Chocolate,France
3179713859183,Fresh VillageMade Oats,Oats,VillageMade,Sauces,Sauces,China
7480014764894,Fresh TastyBites Cream,Cream,TastyBites,Spices,Spices,Vietnam
3414319377695,Pure DailyBasics Mayonnaise,Mayonnaise,DailyBasics,Soup Mix,Soup Mix,Spain
6903138349372,Organic TastyBites Cream Cheese,Cream Cheese,TastyBites,Biscuits,Biscuits,Japan
8730271087204,Classic NatureBite Swiss Cheese,Swiss Cheese,NatureBite,Baby Food,Baby Food,Indonesia
9708734103533,Royal CountryStyle Fish Fillet,Fish Fillet,CountryStyle,Nuts,Nuts,Mexico
4725030582376,Homestyle MorningFresh Coconut Milk,Coconut Milk,MorningFresh,Coffee,Coffee,Spain
2207214338327,Royal OrganicPlus Cashews,Cashews,OrganicPlus,Rice,Rice,France
1881146561765,Pure FamilyFarm Coriander,Coriander,FamilyFarm,Sauces,Sauces,Italy
7566380692592,Artisan GoldenHarvest Coconut Milk 250g,Coconut Milk,GoldenHarvest,Chocolate,Chocolate,Mexico
8155846815603,Farm Fresh NutriWell Mineral Water Pack of 6,Mineral Water,NutriWell,Health Supplements,Health Supplements,Thailand
1289156581939,Traditional QuickMeal Cake Mix,Cake Mix,QuickMeal,Biscuits,Biscuits,China
2867459792505,Organic DailyBasics Margarine,Margarine,DailyBasics,Rice,Rice,Turkey
5580470708413,Pure GoldenHarvest Cornflakes,Cornflakes,GoldenHarvest,Rice,Rice,USA
2876906707812,Farm Fresh DailyBasics Mozzarella,Mozzarella,DailyBasics,Sugar,Sugar,Germany
4767174331375,Premium CountryStyle Sunflower Oil,Sunflower Oil,CountryStyle,Noodles,Noodles,Thailand
2364228333315,Fresh MorningFresh Tea 100g,Tea,MorningFresh,Sauces,Sauces,China
7500252852527,Traditional DailyBasics Oil 1L,Oil,DailyBasics,Chips,Chips,Turkey
3837629556662,Traditional HealthyLife Oats 750ml,Oats,HealthyLife,Dried Fruits,Dried Fruits,China
1056533221686,Premium TastyBites Noodles,Noodles,TastyBites,Chocolate,Chocolate,Vietnam
3534759204820,Golden CountryStyle Cinnamon,Cinnamon,CountryStyle,Pet Food,Pet Food,Turkey
2468277934167,Artisan HealthyLife Cinnamon,Cinnamon,HealthyLife,Vinegar,Vinegar,Italy
2094843297464,Pure QuickMeal Raisins,Raisins,QuickMeal,Bakery,Bakery,Indonesia
1891901460519,Traditional TastyBites Oil Pack of 6,Oil,TastyBites,Canned Goods,Canned Goods,India
2904205835734,Traditional MorningFresh Cornflakes,Cornflakes,MorningFresh,Chocolate,Chocolate,Japan
1005056555939,Premium HealthyLife Vinegar,Vinegar,HealthyLife,Pet Food,Pet Food,Thailand
2182831244652,Traditional NatureBite Samosa 750ml,Samosa,NatureBite,Salt,Salt,China
6909477064653,Homestyle SunValley Noodles,Noodles,SunValley,Sauces,Sauces,Italy
7328170736596,Royal FreshFarm Mozzarella,Mozzarella,FreshFarm,Honey,Honey,Germany
6781315190812,Traditional MorningFresh Chickpeas,Chickpeas,MorningFresh,Noodles,Noodles,Japan
2742092955930,Golden OrganicPlus Energy Drink,Energy Drink,OrganicPlus,Bakery,Bakery,Indonesia
4123855098865,Royal HealthyLife Mozzarella,Mozzarella,HealthyLife,Spices,Spices,USA
3043815107517,Golden PureChoice Tempeh,Tempeh,PureChoice,Spices,Spices,Germany
5757138437164,Farm Fresh HealthyLife Chips,Chips,HealthyLife,Beverages,Beverages,Vietnam
4805702191321,Farm Fresh SimpleJoy Soda Pack of 12,Soda,SimpleJoy,Sauces,Sauces,Germany
6004156578520,Premium MorningFresh Black Tea,Black Tea,MorningFresh,Cereals,Cereals,Turkey
1539922926028,Fresh HealthyLife Cream 250g,Cream,HealthyLife,Bakery,Bakery,Germany
9903047033597,Golden HealthyLife Crackers,Crackers,HealthyLife,Cleaning Supplies,Cleaning Supplies,Spain
8092670353972,Classic HealthyLife Nutella,Nutella,HealthyLife,Health Supplements,Health Supplements,Brazil
4283345092036,Pure TastyBites Noodles,Noodles,TastyBites,Soup Mix,Soup Mix,Japan
6490756381017,Homestyle CountryStyle Lentils,Lentils,CountryStyle,Dried Fruits,Dried Fruits,Mexico
3631938335687,Royal VillageMade Chips,Chips,VillageMade,Condiments,Condiments,USA
2083150757752,Farm Fresh HomeMade Peanuts,Peanuts,HomeMade,Jam,Jam,Italy
5148786556608,Homestyle VillageMade Oats,Oats,VillageMade,Beverages,Beverages,Indonesia
3594698768095,Royal QuickMeal Tomato Paste,Tomato Paste,QuickMeal,Flour,Flour,France
2438099493989,Golden GreenLeaf Cinnamon,Cinnamon,GreenLeaf,Pasta,Pasta,Thailand
3792815961793,Natural KitchenPride Tortilla,Tortilla,KitchenPride,Dairy,Dairy,Turkey
9338456476702,Traditional HealthyLife Flour Pack of 12,Flour,HealthyLife,Sauces,Sauces,Japan
8507172353415,Royal OrganicPlus Iced Tea,Iced Tea,OrganicPlus,Health Supplements,Health Supplements,Indonesia
9782628992110,Artisan DailyBasics Sauce,Sauce,DailyBasics,Honey,Honey,Brazil
6140188906944,Royal FreshFarm Oil,Oil,FreshFarm,Juice,Juice,Indonesia
7518864329115,Fresh LocalBest Rice 2L,Rice,LocalBest,Rice,Rice,China
9129506705393,Premium QuickMeal Dates,Dates,QuickMeal,Jam,Jam,China
2141968937449,Traditional VillageMade Coconut Oil,Coconut Oil,VillageMade,Juice,Juice,Germany
9539158981092,Traditional TastyBites Olive Oil,Olive Oil,TastyBites,Dried Fruits,Dried Fruits,Indonesia
4861971371641,Farm Fresh PureChoice Almond Milk 250g,Almond Milk,PureChoice,Cleaning Supplies,Cleaning Supplies,Germany
9082416342317,Farm Fresh KitchenPride Soy Milk,Soy Milk,KitchenPride,Baby Food,Baby Food,Indonesia
1699730119601,Homestyle TastyBites Oats,Oats,TastyBites,Soup Mix,Soup Mix,Vietnam
5065832675107,Fresh LocalBest Paratha,Paratha,LocalBest,Coffee,Coffee,USA
2420863737939,Royal CountryStyle Instant Coffee,Instant Coffee,CountryStyle,Frozen Foods,Frozen Foods,Japan
6605753386616,Natural NutriWell Popcorn 750ml,Popcorn,NutriWell,Beverages,Beverages,Turkey
1058649674202,Artisan GoldenHarvest Fish Fillet,Fish Fillet,GoldenHarvest,Nuts,Nuts,Germany
8030487558200,Natural GoldenHarvest Margarine,Margarine,GoldenHarvest,Cleaning Supplies,Cleaning Supplies,Italy
3205098930965,Fresh VillageMade Pepper 750ml,Pepper,VillageMade,Jam,Jam,USA
5526136205693,Farm Fresh GoldenHarvest Chocolate Bar,Chocolate Bar,GoldenHarvest,Spices,Spices,Brazil
7523626791107,Pure MorningFresh Cashews,Cashews,MorningFresh,Sauces,Sauces,Indonesia
7172157145380,Homestyle CountryStyle Coffee,Coffee,CountryStyle,Jam,Jam,USA
2751989019722,Organic KitchenPride Waffle Mix,Waffle Mix,KitchenPride,Honey,Honey,USA
5053042630366,Traditional SimpleJoy Mustard Pack of 12,Mustard,SimpleJoy,Beverages,Beverages,Turkey
5428242014542,Fresh TastyBites Chicken Nuggets,Chicken Nuggets,TastyBites,Rice,Rice,Brazil
5588044087022,Premium OrganicPlus Herbal Tea 2L,Herbal Tea,OrganicPlus,Dairy,Dairy,Indonesia
4035160744406,Natural VillageMade Evaporated Milk,Evaporated Milk,VillageMade,Personal Care,Personal Care,USA
2109997138948,Farm Fresh LocalBest Parmesan,Parmesan,LocalBest,Tea,Tea,Thailand
6633919602475,Premium PureChoice Feta,Feta,PureChoice,Spices,Spices,France
6582380326297,Pure TastyBites Instant Coffee 2L,Instant Coffee,TastyBites,Juice,Juice,USA
6377675635303,Pure SunValley Swiss Cheese,Swiss Cheese,SunValley,Condiments,Condiments,India
8084565170252,Premium NatureBite Pepper 750ml,Pepper,NatureBite,Chocolate,Chocolate,Japan
1463128575095,Organic VillageMade Pepper,Pepper,VillageMade,Snacks,Snacks,Mexico
8347421960344,Homestyle GoldenHarvest Bagel 100g,Bagel,GoldenHarvest,Dairy,Dairy,Brazil
9809268789083,Premium DailyBasics Crackers 100g,Crackers,DailyBasics,Health Supplements,Health Supplements,USA
1800786942992,Premium QuickMeal Paratha 200g,Paratha,QuickMeal,Salt,Salt,Japan
9278764867648,Farm Fresh SunValley Cream,Cream,SunValley,Canned Goods,Canned Goods,China
9412011029116,Organic HomeMade Soup 1kg,Soup,HomeMade,Sauces,Sauces,Japan
5498959239690,Natural SunValley Corn,Corn,SunValley,Pasta,Pasta,USA
8232911275212,Classic NatureBite Cheese 1kg,Cheese,NatureBite,Flour,Flour,India
1210735301051,Golden PureChoice Gum,Gum,PureChoice,Coffee,Coffee,Thailand
6872793913424,Royal CountryStyle Ice Cream,Ice Cream,CountryStyle,Bakery,Bakery,Indonesia
3249192595884,Golden LocalBest Mustard 1L,Mustard,LocalBest,Soup Mix,Soup Mix,Brazil
2497470140255,Artisan DailyBasics Mineral Water Pack of 12,Mineral Water,DailyBasics,Pet Food,Pet Food,Indonesia
9639128955142,Traditional NutriWell Frozen Veggies 200g,Frozen Veggies,NutriWell,Juice,Juice,Spain
9175385993484,Golden HomeMade Yogurt Pack of 12,Yogurt,HomeMade,Health Supplements,Health Supplements,USA
4928064392128,Pure GreenLeaf Ice Cream,Ice Cream,GreenLeaf,Cleaning Supplies,Cleaning Supplies,France
1683865414673,Homestyle PureChoice Soda,Soda,PureChoice,Dried Fruits,Dried Fruits,Thailand
9820742972830,Traditional DailyBasics Samosa,Samosa,DailyBasics,Soup Mix,Soup Mix,Turkey
4928710487956,Homestyle VillageMade Chips,Chips,VillageMade,Snacks,Snacks,France
1707283771646,Natural PureChoice Condensed Milk,Condensed Milk,PureChoice,Pet Food,Pet Food,Vietnam
9969261801461,Classic SunValley Nutella 200g,Nutella,SunValley,Health Supplements,Health Supplements,Japan
5193285188085,Golden HomeMade Iced Tea,Iced Tea,HomeMade,Biscuits,Biscuits,Turkey
8882049679860,Fresh CountryStyle Tofu,Tofu,CountryStyle,Snacks,Snacks,Italy
1147987765174,Premium NutriWell Oil 200g,Oil,NutriWell,Jam,Jam,Mexico
5911968254400,Premium GoldenHarvest Butter,Butter,GoldenHarvest,Jam,Jam,Indonesia
5695771971295,Homestyle NatureBite Sunflower Oil,Sunflower Oil,NatureBite,Personal Care,Personal Care,Indonesia
9020478535028,Artisan FamilyFarm Chickpeas Pack of 6,Chickpeas,FamilyFarm,Spices,Spices,Japan
3382546856501,Fresh NatureBite Sunflower Oil 2L,Sunflower Oil,NatureBite,Pasta,Pasta,Japan
1161774599874,Homestyle LocalBest Rice,Rice,LocalBest,Canned Goods,Canned Goods,USA
4057081662321,Homestyle PureChoice Green Tea,Green Tea,PureChoice,Pickles,Pickles,Japan
1273558710098,Homestyle FreshFarm Coffee 1kg,Coffee,FreshFarm,Salt,Salt,Italy
2440890555114,Farm Fresh QuickMeal Herbal Tea 250g,Herbal Tea,QuickMeal,Salt,Salt,Brazil
6144381221124,Homestyle OrganicPlus Feta,Feta,OrganicPlus,Chocolate,Chocolate,Germany
8290915780558,Artisan PureChoice Juice 200g,Juice,PureChoice,Cleaning Supplies,Cleaning Supplies,France
5058803278253,Natural MorningFresh Pickle,Pickle,MorningFresh,Bakery,Bakery,Indonesia
4944041657331,Organic TastyBites Frozen Pizza,Frozen Pizza,TastyBites,Vinegar,Vinegar,Japan
9494907848762,Golden LocalBest Turmeric 100g,Turmeric,LocalBest,Juice,Juice,Japan
2004059410210,Homestyle TastyBites Mozzarella,Mozzarella,TastyBites,Condiments,Condiments,Vietnam
8780178798817,Pure FamilyFarm Waffle Mix Pack of 12,Waffle Mix,FamilyFarm,Rice,Rice,China
3828552118571,Homestyle FreshFarm Frozen Pizza,Frozen Pizza,FreshFarm,Personal Care,Personal Care,USA
2040205213152,Fresh KitchenPride Samosa 1kg,Samosa,KitchenPride,Coffee,Coffee,Brazil
2469941650150,Homestyle SimpleJoy Coconut Water 200g,Coconut Water,SimpleJoy,Cleaning Supplies,Cleaning Supplies,Vietnam
3921113336962,Artisan LocalBest Energy Drink,Energy Drink,LocalBest,Baby Food,Baby Food,India
5320829759199,Homestyle NutriWell Pepper,Pepper,NutriWell,Rice,Rice,Thailand
7708259165994,Golden HealthyLife Frozen Veggies,Frozen Veggies,HealthyLife,Honey,Honey,Mexico
3428288362948,Classic HomeMade Tea,Tea,HomeMade,Canned Goods,Canned Goods,Turkey
5536930966430,Fresh DailyBasics Evaporated Milk,Evaporated Milk,DailyBasics,Snacks,Snacks,Japan
1485921899554,Traditional OrganicPlus Bread,Bread,OrganicPlus,Flour,Flour,Japan
4588801905436,Organic NatureBite Margarine,Margarine,NatureBite,Pasta,Pasta,Brazil
6440327256466,Homestyle KitchenPride Pickle 2L,Pickle,KitchenPride,Coffee,Coffee,Indonesia
7432804964289,Natural QuickMeal Croissant,Croissant,QuickMeal,Dried Fruits,Dried Fruits,Vietnam
3110651812810,Fresh KitchenPride Gouda,Gouda,KitchenPride,Dried Fruits,Dried Fruits,Japan
6474413031101,Homestyle HomeMade Tomato Paste,Tomato Paste,HomeMade,Frozen Foods,Frozen Foods,Spain
6797462953813,Classic NutriWell Soup 750ml,Soup,NutriWell,Health Supplements,Health Supplements,Brazil
2053850730974,Farm Fresh QuickMeal Biscuits Pack of 12,Biscuits,QuickMeal,Nuts,Nuts,India
3350169613761,Natural VillageMade Dates,Dates,VillageMade,Tea,Tea,Turkey
9990860395630,Organic SunValley Lentils 750ml,Lentils,SunValley,Spices,Spices,Spain
1530505218877,Classic OrganicPlus Flour,Flour,OrganicPlus,Pet Food,Pet Food,Indonesia
9944980867008,Fresh NutriWell Brownie Mix 750ml,Brownie Mix,NutriWell,Chocolate,Chocolate,Vietnam
7296986886384,Premium OrganicPlus Chocolate Bar,Chocolate Bar,OrganicPlus,Baby Food,Baby Food,China
5814270705338,Pure QuickMeal Sparkling Water 500g,Sparkling Water,QuickMeal,Dairy,Dairy,China
5966816737930,Organic KitchenPride Oil,Oil,KitchenPride,Health Supplements,Health Supplements,Turkey
7863940637967,Homestyle KitchenPride Pita Bread,Pita Bread,KitchenPride,Soup Mix,Soup Mix,Thailand
7424438827957,Natural NutriWell French Fries,French Fries,NutriWell,Jam,Jam,Japan
6106137770468,Golden SimpleJoy Mozzarella,Mozzarella,SimpleJoy,Condiments,Condiments,Brazil
1387067964947,Homestyle NutriWell Flour,Flour,NutriWell,Pickles,Pickles,China
1766372763843,Fresh KitchenPride Olive Oil,Olive Oil,KitchenPride,Tea,Tea,Brazil
5448483055614,Artisan NutriWell Flour,Flour,NutriWell,Flour,Flour,Brazil
2833066329997,Royal HealthyLife Fish Fillet,Fish Fillet,HealthyLife,Flour,Flour,Vietnam
4827059693338,Premium NatureBite Energy Drink,Energy Drink,NatureBite,Tea,Tea,Indonesia
6229485556633,Natural LocalBest Tofu,Tofu,LocalBest,Personal Care,Personal Care,China
5707059681292,Premium VillageMade Ice Cream,Ice Cream,VillageMade,Rice,Rice,Japan
5273168821527,Traditional OrganicPlus Tea,Tea,OrganicPlus,Chocolate,Chocolate,Germany
6911002700648,Homestyle GoldenHarvest Syrup 750ml,Syrup,GoldenHarvest,Soup Mix,Soup Mix,Indonesia
4045629920162,Artisan SunValley Corn 2L,Corn,SunValley,Chips,Chips,Japan
8727263470157,Royal FamilyFarm Biscuits,Biscuits,FamilyFarm,Rice,Rice,Japan
3839075037931,Natural SunValley Waffle Mix,Waffle Mix,SunValley,Pasta,Pasta,France
2801255437498,Artisan QuickMeal Black Tea 1kg,Black Tea,QuickMeal,Dairy,Dairy,China
6915842593030,Golden PureChoice Soda,Soda,PureChoice,Vinegar,Vinegar,Mexico
2398031787747,Fresh GoldenHarvest Rice,Rice,GoldenHarvest,Pasta,Pasta,Indonesia
1666415437534,Artisan HealthyLife Ghee,Ghee,HealthyLife,Honey,Honey,Germany
3986533457324,Farm Fresh HomeMade Kidney Beans,Kidney Beans,HomeMade,Sugar,Sugar,France
4209512698913,Natural SunValley Nutella,Nutella,SunValley,Chocolate,Chocolate,Mexico
9039664435492,Natural HomeMade Peas Pack of 6,Peas,HomeMade,Juice,Juice,Germany
2400962956488,Classic NatureBite Noodles,Noodles,NatureBite,Vinegar,Vinegar,India
8758814255547,Premium QuickMeal Cheese,Cheese,QuickMeal,Chocolate,Chocolate,Indonesia
7779700044072,Pure SimpleJoy Oat Milk 750ml,Oat Milk,SimpleJoy,Juice,Juice,Turkey
2200429264666,Classic OrganicPlus Coconut Water,Coconut Water,OrganicPlus,Snacks,Snacks,Thailand
1073794045723,Farm Fresh VillageMade Muffin,Muffin,VillageMade,Soup Mix,Soup Mix,Mexico
7360795642112,Organic LocalBest Frozen Veggies,Frozen Veggies,LocalBest,Tea,Tea,France
2852109020302,Premium OrganicPlus Peanut Butter 1kg,Peanut Butter,OrganicPlus,Frozen Foods,Frozen Foods,Indonesia
1907697896576,Premium NutriWell Tempeh,Tempeh,NutriWell,Pickles,Pickles,Germany
8246251400366,Farm Fresh FreshFarm Kidney Beans,Kidney Beans,FreshFarm,Bakery,Bakery,France
4037189315957,Organic OrganicPlus Croissant,Croissant,OrganicPlus,Spices,Spices,Vietnam
7108642978828,Premium LocalBest Cinnamon 750ml,Cinnamon,LocalBest,Sugar,Sugar,Vietnam
3310854766343,Natural DailyBasics Soup Pack of 12,Soup,DailyBasics,Personal Care,Personal Care,Indonesia
3020141216203,Artisan NutriWell Soda 100g,Soda,NutriWell,Sauces,Sauces,Brazil
1241362611486,Farm Fresh VillageMade Chapati,Chapati,VillageMade,Salt,Salt,Turkey
5980465588748,Fresh MorningFresh Frozen Pizza,Frozen Pizza,MorningFresh,Biscuits,Biscuits,USA
4891011950426,Organic NutriWell Oil,Oil,NutriWell,Health Supplements,Health Supplements,Italy
6710092852829,Classic VillageMade Tempeh,Tempeh,VillageMade,Beverages,Beverages,Germany
2708336371216,Homestyle NatureBite Cashews,Cashews,NatureBite,Noodles,Noodles,Brazil
5367557641775,Traditional LocalBest Black Tea,Black Tea,LocalBest,Flour,Flour,Brazil
4132943763699,Farm Fresh MorningFresh Instant Coffee,Instant Coffee,MorningFresh,Cereals,Cereals,China
1692066692450,Homestyle TastyBites Cream Cheese,Cream Cheese,TastyBites,Biscuits,Biscuits,Vietnam
6697970461101,Organic QuickMeal Tempeh 250g,Tempeh,QuickMeal,Condiments,Condiments,France
7794108872139,Homestyle SunValley Almond Milk Pack of 12,Almond Milk,SunValley,Sauces,Sauces,Turkey
2873836400908,Traditional SimpleJoy Margarine,Margarine,SimpleJoy,Dairy,Dairy,France
8381738713162,Pure GoldenHarvest Samosa,Samosa,GoldenHarvest,Noodles,Noodles,China
2325515358983,Fresh SimpleJoy Oil,Oil,SimpleJoy,Salt,Salt,France
3661338287316,Traditional DailyBasics Gum,Gum,DailyBasics,Coffee,Coffee,Japan
8918111786212,Farm Fresh MorningFresh Peanut Butter,Peanut Butter,MorningFresh,Baby Food,Baby Food,India
5901245341850,Pure PureChoice Ketchup,Ketchup,PureChoice,Biscuits,Biscuits,Thailand
3594153127287,Homestyle NutriWell Cinnamon,Cinnamon,NutriWell,Biscuits,Biscuits,France
6149677568828,Organic CountryStyle Fish Fillet,Fish Fillet,CountryStyle,Jam,Jam,USA
9954155552804,Artisan SimpleJoy Energy Drink 250g,Energy Drink,SimpleJoy,Salt,Salt,Indonesia
4882478145526,Golden GreenLeaf Corn,Corn,GreenLeaf,Juice,Juice,Thailand
9730707790641,Fresh GoldenHarvest Jam,Jam,GoldenHarvest,Baby Food,Baby Food,Brazil
2275558073923,Premium FreshFarm Cinnamon,Cinnamon,FreshFarm,Honey,Honey,France
9902005763502,Pure CountryStyle Dates,Dates,CountryStyle,Tea,Tea,Brazil
6367444850551,Premium SimpleJoy Raisins,Raisins,SimpleJoy,Beverages,Beverages,Germany
6870671913087,Artisan VillageMade Cheddar,Cheddar,VillageMade,Dairy,Dairy,Indonesia
4616163739610,Organic QuickMeal Muesli,Muesli,QuickMeal,Coffee,Coffee,Turkey
8136676025512,Classic SunValley Soy Milk,Soy Milk,SunValley,Cleaning Supplies,Cleaning Supplies,Thailand
8807645449440,Royal NutriWell Mozzarella 100g,Mozzarella,NutriWell,Pet Food,Pet Food,Vietnam
8494904803414,Organic OrganicPlus Flour,Flour,OrganicPlus,Vinegar,Vinegar,USA
5891244328782,Natural NutriWell Cinnamon,Cinnamon,NutriWell,Bakery,Bakery,Vietnam
2394108816695,Royal OrganicPlus Almond Milk 1kg,Almond Milk,OrganicPlus,Sauces,Sauces,Italy
8698985800221,Fresh SimpleJoy Almond Milk,Almond Milk,SimpleJoy,Soup Mix,Soup Mix,Italy
5485341869349,Classic FamilyFarm Gouda,Gouda,FamilyFarm,Cereals,Cereals,Spain
6107357098991,Farm Fresh OrganicPlus Corn,Corn,OrganicPlus,Biscuits,Biscuits,Brazil
9901272617341,Classic DailyBasics Mustard,Mustard,DailyBasics,Cleaning Supplies,Cleaning Supplies,Spain
4047150988425,Traditional QuickMeal Soup,Soup,QuickMeal,Oils,Oils,USA
3833102131865,Premium TastyBites Soup,Soup,TastyBites,Personal Care,Personal Care,Turkey
3156757406080,Classic FreshFarm Muffin,Muffin,FreshFarm,Cereals,Cereals,Mexico
1118953586489,Homestyle QuickMeal Kidney Beans 1kg,Kidney Beans,QuickMeal,Jam,Jam,Italy
9498860105390,Fresh QuickMeal Soda,Soda,QuickMeal,Soup Mix,Soup Mix,Japan
7681662282885,Traditional HealthyLife Milk,Milk,HealthyLife,Tea,Tea,Germany
8069940213764,Golden HealthyLife Parmesan,Parmesan,HealthyLife,Flour,Flour,France
8919688239737,Traditional OrganicPlus Energy Drink 1L,Energy Drink,OrganicPlus,Flour,Flour,Turkey
9453576715744,Traditional VillageMade Salt,Salt,VillageMade,Beverages,Beverages,Spain
7016941342510,Golden CountryStyle Sauce,Sauce,CountryStyle,Honey,Honey,Thailand
4255269846174,Fresh GoldenHarvest Chicken Nuggets,Chicken Nuggets,GoldenHarvest,Health Supplements,Health Supplements,Spain
9819965789061,Artisan NutriWell Jam,Jam,NutriWell,Biscuits,Biscuits,Brazil
1086614935926,Traditional VillageMade Yogurt,Yogurt,VillageMade,Dairy,Dairy,Italy
5083137097652,Golden KitchenPride Chapati 1kg,Chapati,KitchenPride,Dairy,Dairy,India
3458778379493,Homestyle KitchenPride Herbal Tea,Herbal Tea,KitchenPride,Dairy,Dairy,Mexico
2545615796141,Homestyle NatureBite Cinnamon,Cinnamon,NatureBite,Health Supplements,Health Supplements,Indonesia
5208628812271,Natural FreshFarm Feta 200g,Feta,FreshFarm,Cereals,Cereals,Vietnam
9945853615929,Homestyle FreshFarm Oat Milk,Oat Milk,FreshFarm,Chocolate,Chocolate,Spain
6688820665035,Classic OrganicPlus Paratha,Paratha,OrganicPlus,Pasta,Pasta,Indonesia
7254715989330,Premium SimpleJoy Muffin,Muffin,SimpleJoy,Canned Goods,Canned Goods,China
8246438144269,Pure QuickMeal Ice Cream,Ice Cream,QuickMeal,Personal Care,Personal Care,Mexico
2281263396286,Artisan VillageMade Cake Mix,Cake Mix,VillageMade,Cleaning Supplies,Cleaning Supplies,France
6773473434610,Classic KitchenPride Iced Tea 1L,Iced Tea,KitchenPride,Coffee,Coffee,Japan
4577651957157,Farm Fresh CountryStyle Kidney Beans,Kidney Beans,CountryStyle,Health Supplements,Health Supplements,Italy
5405194601606,Fresh VillageMade Frozen Pizza 750ml,Frozen Pizza,VillageMade,Vinegar,Vinegar,India
3159047850018,Pure CountryStyle Peanut Butter 1L,Peanut Butter,CountryStyle,Pasta,Pasta,China
8472644855753,Pure OrganicPlus Popcorn,Popcorn,OrganicPlus,Spices,Spices,Germany
7920033810461,Golden HealthyLife Tortilla,Tortilla,HealthyLife,Personal Care,Personal Care,Turkey
9534602195973,Pure SunValley Ice Cream,Ice Cream,SunValley,Bakery,Bakery,USA
3306414293997,Golden OrganicPlus Parmesan Pack of 12,Parmesan,OrganicPlus,Bakery,Bakery,Japan
6504516633317,Royal HomeMade Tomato Paste 500g,Tomato Paste,HomeMade,Health Supplements,Health Supplements,Japan
3793679501802,Fresh PureChoice Pasta 750ml,Pasta,PureChoice,Canned Goods,Canned Goods,Germany
7733634736062,Premium HealthyLife Feta 1kg,Feta,HealthyLife,Sugar,Sugar,Indonesia
3646485284511,Organic SimpleJoy Coffee,Coffee,SimpleJoy,Sugar,Sugar,Mexico
7209140217459,Organic HomeMade Paratha,Paratha,HomeMade,Pasta,Pasta,Italy
6682792462252,Natural VillageMade Tofu,Tofu,VillageMade,Biscuits,Biscuits,India
1941607230622,Golden MorningFresh French Fries,French Fries,MorningFresh,Personal Care,Personal Care,Turkey
2152270224186,Golden GreenLeaf Chocolate Bar,Chocolate Bar,GreenLeaf,Chips,Chips,Spain
4334172485231,Classic OrganicPlus Oil,Oil,OrganicPlus,Beverages,Beverages,Vietnam
4734904629723,Royal GreenLeaf Cinnamon,Cinnamon,GreenLeaf,Soup Mix,Soup Mix,India
5660639582689,Homestyle HealthyLife Milk 500g,Milk,HealthyLife,Frozen Foods,Frozen Foods,India
9233503951843,Artisan VillageMade Coffee,Coffee,VillageMade,Honey,Honey,Indonesia
5250683862416,Premium OrganicPlus Olive Oil,Olive Oil,OrganicPlus,Tea,Tea,France
7238165828930,Classic NutriWell Turmeric,Turmeric,NutriWell,Noodles,Noodles,Brazil
7281148349569,Artisan MorningFresh Mayonnaise,Mayonnaise,MorningFresh,Condiments,Condiments,China
4161513933773,Traditional KitchenPride Black Tea,Black Tea,KitchenPride,Coffee,Coffee,Germany
4153649555953,Artisan NatureBite Black Beans 200g,Black Beans,NatureBite,Jam,Jam,India
4651144061572,Homestyle TastyBites Gouda,Gouda,TastyBites,Bakery,Bakery,Italy
9311438593872,Pure VillageMade Tomato Paste 750ml,Tomato Paste,VillageMade,Cleaning Supplies,Cleaning Supplies,Brazil
6067596000653,Artisan SunValley Frozen Veggies,Frozen Veggies,SunValley,Canned Goods,Canned Goods,Turkey
1763922425593,Natural PureChoice Cream,Cream,PureChoice,Cereals,Cereals,Brazil
8769537413982,Classic TastyBites Waffle Mix,Waffle Mix,TastyBites,Pickles,Pickles,Thailand
2541550030339,Homestyle GreenLeaf Mozzarella,Mozzarella,GreenLeaf,Frozen Foods,Frozen Foods,Italy
1589171911304,Royal MorningFresh Iced Tea,Iced Tea,MorningFresh,Dairy,Dairy,India
5856393143455,Homestyle SimpleJoy Cornflakes,Cornflakes,SimpleJoy,Juice,Juice,Italy
6103568100067,Homestyle GreenLeaf Soup Pack of 12,Soup,GreenLeaf,Sugar,Sugar,Germany
5445690174067,Premium FreshFarm Pickle,Pickle,FreshFarm,Soup Mix,Soup Mix,Japan
3904043194134,Artisan FamilyFarm Iced Tea,Iced Tea,FamilyFarm,Spices,Spices,France
1826818194244,Golden NutriWell Spring Rolls 750ml,Spring Rolls,NutriWell,Baby Food,Baby Food,USA
4843634960337,Natural GoldenHarvest Pita Bread,Pita Bread,GoldenHarvest,Beverages,Beverages,India
1762734658945,Organic KitchenPride Oat Milk,Oat Milk,KitchenPride,Pasta,Pasta,Thailand
8464053869914,Golden NutriWell Frozen Veggies 1kg,Frozen Veggies,NutriWell,Flour,Flour,Thailand
8269453463179,Fresh GreenLeaf Fish Fillet,Fish Fillet,GreenLeaf,Nuts,Nuts,France
1488141168777,Natural QuickMeal Gum 500g,Gum,QuickMeal,Tea,Tea,Brazil
6049643463661,Traditional KitchenPride Coconut Water Pack of 6,Coconut Water,KitchenPride,Chips,Chips,Turkey
2145773685265,Classic KitchenPride Gum 750ml,Gum,KitchenPride,Cereals,Cereals,France
9707241352950,Natural DailyBasics Peanuts Pack of 6,Peanuts,DailyBasics,Pickles,Pickles,USA
7964288171367,Pure SimpleJoy Tofu,Tofu,SimpleJoy,Pickles,Pickles,Germany
6757010190182,Traditional NatureBite Bread 500g,Bread,NatureBite,Tea,Tea,France
6539408108791,Premium CountryStyle Oats 1kg,Oats,CountryStyle,Personal Care,Personal Care,China
3459459024115,Fresh CountryStyle Bread,Bread,CountryStyle,Pasta,Pasta,Thailand
6953965266229,Classic CountryStyle Fish Fillet,Fish Fillet,CountryStyle,Sauces,Sauces,France
3296266357591,Natural SimpleJoy Chicken Nuggets,Chicken Nuggets,SimpleJoy,Biscuits,Biscuits,USA
3530958687137,Traditional SunValley Popcorn,Popcorn,SunValley,Baby Food,Baby Food,India
2363845919472,Natural OrganicPlus Cream Cheese,Cream Cheese,OrganicPlus,Rice,Rice,USA
4525219663276,Classic HomeMade Evaporated Milk,Evaporated Milk,HomeMade,Sauces,Sauces,Germany
3921234156979,Pure GoldenHarvest Evaporated Milk,Evaporated Milk,GoldenHarvest,Nuts,Nuts,Germany
1447794578277,Artisan KitchenPride Cheddar,Cheddar,KitchenPride,Honey,Honey,Mexico
1956074569334,Farm Fresh VillageMade Frozen Pizza 1kg,Frozen Pizza,VillageMade,Pet Food,Pet Food,Italy
1423585576037,Organic FamilyFarm Whole Beans,Whole Beans,FamilyFarm,Nuts,Nuts,Italy
7637408666249,Pure VillageMade Popcorn,Popcorn,VillageMade,Beverages,Beverages,Japan
6440150672183,Natural KitchenPride Paratha,Paratha,KitchenPride,Jam,Jam,Indonesia
6898394462632,Pure MorningFresh Oats 1L,Oats,MorningFresh,Spices,Spices,Germany
7632221334291,Traditional HomeMade Muffin,Muffin,HomeMade,Rice,Rice,Thailand
3795227498580,Artisan HealthyLife Cinnamon 1L,Cinnamon,HealthyLife,Health Supplements,Health Supplements,Turkey
3915044144583,Artisan QuickMeal Butter,Butter,QuickMeal,Sauces,Sauces,Vietnam
5454916015716,Golden KitchenPride Turmeric,Turmeric,KitchenPride,Condiments,Condiments,India
2762454596214,Homestyle SimpleJoy Waffle Mix,Waffle Mix,SimpleJoy,Bakery,Bakery,Italy
3969522588383,Farm Fresh VillageMade Parmesan,Parmesan,VillageMade,Personal Care,Personal Care,Indonesia
