customer_id,customer_unique_id,customer_zip_code_prefix,customer_city,customer_state
b3682a067c22475caf2996e03b3d053f,b275c254541f453ba7e588706fb7d200,97745,Belem,BA
e37dfa1602704f7f940ba5a6c6ac6808,47f6a26b93dc4b6c9e18e1e254156b85,38497,Guarulhos,PE
c84c4704d17b4822afdc7867272dbac1,7eedd9def2924470bd55d17f2805e8f1,86070,Contagem,PE
092f0d2c0302482383170d79c092efbd,ea6859a1af494b3ca98e47c0fbdb4c49,19462,Brasilia,SP
908bdf1fd4c1439bb5d2cbe3a2ff56c5,f2867b36331f49cf80aa5946bd4bb800,14357,Santo Andre,CE
e089eb3d7dea43ceb75d7ed21e6fbf9a,c995f32d0cc8481d97e9c110376c383b,14349,Duque de Caxias,MA
d587572e0b764618bcc765fa1ebd01ea,33f39254935b48e5bcf72d76df94bdfb,74444,Guarulhos,RJ
ddf2fa066ccd46a2b94e01dec2939589,a725661efda94830b5dae9882816806f,48990,Rio de Janeiro,AL
aeba81f557184c9aba571b69efd1ee7c,e1cd306b13bb47a9a8e6c90430e41dcb,28845,Manaus,CE
4d60e7d050664e7f990a94b1de4fb178,e14425a0dea04cd280b62946c8fa54bf,22660,Ribeirao Preto,PA
a0d0da8622224747ab83de09b7fb06ab,c91318f182274463a5fc70d8fd0a6396,25704,Joao Pessoa,RN
836c707de7a54272a25c5d794c18d424,327f7d9d48724ae181b497f575426bcf,51293,Brasilia,MA
a59bc7bb8cdb43678bf4d69680f8686f,b6d7eb4afb9b40f093bf80d0b44a5214,71967,Natal,CE
f111c4d57a8a43f8ab7028ba20ad3410,4573ae9f47894e6089e88d07a4d95c8d,85573,Campinas,SP
66750da3c6844cad8f56f229a8e7bca7,671fe5d4bcd949548e8dced6e4ebc226,54213,Maceio,AL
20dec5c691cd4205ae06e9ecf2931fe3,41a30164773040959f10ff523146698c,56353,Manaus,MG
574e276c5dfd4a29afa3cfeab99a6253,e728545cf87b43caa90a5dc7fa6a1460,45469,Sao Bernardo do Campo,PR
6a7963b826c1459aac7c5974363cb6d0,6f7b24afed804055b0bc935a285940e6,45452,Sorocaba,CE
1c3b8968dadd4486b73568843619b992,6dabd62d11474c5ab93ecd594e6870b0,33526,Rio de Janeiro,MS
d68ba190d67440da9b762ac6e8c88eaf,853d76ff90ed486980be9d5f84256f12,16117,Sorocaba,RS
0c37957d70fb42379d06f96f939d881c,fbef424a922d4c3bbc8dd661424cf704,38441,Belo Horizonte,RJ
8ab3698b9862498083e21cd5b8cd9b5e,83859c0e13be4a8da4d9b1d1f6e4037e,69694,Sao Goncalo,CE
4a3920defcf84335a62c3f6c45b7fdea,d7abb08eb8314b86b58c988ff7042e5c,31753,Salvador,PB
0f9133739fa0466a9ed143af62c5187c,b91eab18966847819a321ef7bd9929a4,71182,Recife,GO
28652920c99e408eb9b6716549a253c6,47a88e251a244ded83f465a9c00f1561,76409,Natal,PR
f5dfe7e01f1142e0a1213e72c07daf91,13419236cdc649da9282f81387953814,62456,Sao Luis,RS
170ddb3b40c34c908c40b2d31986868b,1a2a3c790de84fb4a3eea2dc4c433e83,31547,Duque de Caxias,MA
14df649cbae441d5802f0370a9c0772c,63cf45d8f6bc4d1ea2d35302410f395a,14322,Belo Horizonte,MS
bfa5d1a5020d470f9806747a40919ce1,f646a990e663474f91bae313b4326c93,61364,Sorocaba,MS
88264f5dba4b428095ebf4dfb6494926,a2179abbf17c429dbb0508f00dc395c3,97514,Uberlandia,PI
3fc41cfafc014461b01af3723c2f19a6,22402d55692a4427a8d0a00fccde3c6e,69010,Curitiba,PI
244a4640cc71451f83c614998e2c7382,6bfd2bf4c0e74071a2eadf48ae1394c3,77624,Rio de Janeiro,DF
4398c8773938456dae1a60f129f76a6c,66e8d7eb542a4480a3fe003dfd085e43,23609,Belo Horizonte,PR
c7d9c60555c64e7093fe76b46c01f666,aa2a8752fe0a4447a63ecb565b2a1673,14336,Teresina,PA
678725975a5943ae870f2d3083c407ab,fc6c5d0c32e043adb8373bb3dc16d5e1,32560,Sao Bernardo do Campo,BA
48b28d017c0941c0b40b743d80756be1,03802cdebee84cc0b1625d48c517e6ea,37246,Maceio,AM
b1bafdd6036b43b2877dd9b22fd21204,6a77fc3ef5d24a52b223510af49df6cf,57724,Contagem,CE
69eabb584f294413b4b9d39cef763cab,2fe7d84960604278a1c7d27f8c76b08d,29391,Curitiba,RN
8d731533b9d14cabb0d2f44cb6b65f13,2de35fd739a7427d85164ab609efb763,74722,Goiania,RJ
a49bab17d99b4ff3a103dfc5f3fbccf5,0c639009b4684330a0ef6a912d760384,45357,Porto Alegre,PI
e806cf0fa54045b4a999778913145d27,fca27a65228c40c6a281d419c98eadaa,13928,Guarulhos,AM
b25d233419944c1a9f75f93a95395973,5e3ae1499c0646e2bfbfcb115bfe1d3d,92468,Fortaleza,PE
ca947b2677ca4f6d8c2e43d8b65b18f9,b6b3410af3c84f16b479a8c0e32b5449,46524,Duque de Caxias,MA
eef3960264c64beb819b1b4ca0b8037b,d5bbbef89a7b4c07b95304a46061d6ac,81943,Recife,AL
19a7808b11ec4e0c86c29279bd058f92,bd87cd719ba74e5c96e264ab4bb4bd46,14540,Recife,DF
b078f2618ce24c40b566985ddc344d19,4eaf9b4210f94a9a8cfa45f9b72543fc,32192,Campinas,DF
bf759f83f3554f7e942f4004027f172b,98f0de45ea1c4410bf87b6a78070deda,61906,Osasco,PA
81e35fe66ba34d24aebba2bf7117551c,55e33502ace44e8ea8750c4951458c8c,52582,Teresina,RS
131e6b794ba648ffa4d61699ea8ebdc3,c5cf7773221548b388c416e6b5ee2785,27012,Sao Goncalo,AM
3b0774bca31e432abac1e6e815fc3049,b7f8750ce7204abbb008affd8876bbd4,35740,Sao Bernardo do Campo,MS
0da6f9b1de4b449585063f8c2dcc898e,d3c3dfe8cf7f422ba398c2a7fb7a4f02,17299,Salvador,DF
5f81e004e6bc49f49959e24961a92be4,da96a107936c4733aa1e84be53fc8c56,49037,Sao Bernardo do Campo,MA
8e91932c5b734a5a9e979bb78274223e,42252401ea884778b032eec8132e5d1e,20144,Osasco,MA
2ddf0176cc21490fb071e76f4e28ffab,28f5b047dc2e4bbc963c79bd35cc5dd4,90302,Ribeirao Preto,RJ
e41affb6fbe4418cbd1cf193f0348e40,0b0123c2038a42aa85836fffade1a2d7,50877,Sao Luis,MA
8ac2741bc51c4db682d5f61ab8bb2ad0,62ac43d87cd14189a92abfb921ac649a,19549,Rio de Janeiro,BA
83e79dd636254e469c431b1818251f32,4d3603ab2da3462897430bd897b7f72f,90047,Uberlandia,AL
21569511c2ff4d178be65c4c80cc6f2e,25d9ad9b29e84fa3bab7725c3b7abfa8,96769,Jaboatao,PA
bc185e9b7c2542b192c95cd852d4f406,5654a70610774bc3be825036d039f2cf,44542,Porto Alegre,MG
df62b2ee1fda4b6b8051ef30178fd4c7,bcada8ceb3034e6589cee7f89f6dfaae,86939,Osasco,RJ
8220f82c82f74dc4aa9d4c0a004ee546,7ddec6689fcd4de08220ae27af36ee4e,44758,Curitiba,MS
19c2875c46544a9c9ea88329fb7682e0,1f623a9a55c94669b8c71f067a0cd212,70937,Uberlandia,RJ
9ca440bfba7e4ee59bf60fe246c0864a,2c3ce4a865004de98f6fc0ef0981cbf0,31883,Campo Grande,AL
ad685a1866fd4d92952d4df5982deec0,a48d570ee3d44851af42eab8b9ebd655,70083,Contagem,RJ
90fa53379f264b81b7b0ef08524218f3,9d46e9a106f74257b28b4a988fc1a435,53273,Sao Paulo,PR
50c982cf1d4544b896b14e32e306c972,c0ce4b91011b42ca961f71df19a27d36,52124,Campinas,CE
ec9f42bbd5b94ecea164234c5826418c,15d2718b86e74c8a8439fb76d6fbda98,41151,Sao Goncalo,CE
e19f68a2505447c69734f33e2c98d994,ce8d15d360124477aafa2802ff73cc29,45943,Guarulhos,PE
ca221ede0ed94cdabd39fac281f53877,fd134c85a51049eb932968b153c49a8b,52663,Santo Andre,MA
462e9b697c6248bb8e33f23af997b515,e9c8b128d7c9419795b14c6c81fa0f15,11259,Porto Alegre,PB
a63c88fadb1844c98ee1af816a540fa5,480717ffb39f4e47ab444512abc3f19e,56829,Uberlandia,MG
9d16f2e50e0e4435bbe446c8dbab0065,3cf2e6bfe87f4b798e03ee9e2be587ee,21144,Natal,RJ
19cd46c527694e81b1b31a5ba9d70af2,b6565865a8244316b9e5048c59a49dc1,63031,Goiania,MA
05053ad7c38f4f6f8c1e3909bffed4b9,0764d62c473a4023b5fc7f88cf441161,40843,Fortaleza,CE
da8032b2053b46e0bc010e1e07324746,394e158cfa88442593b936778d9d67fd,98249,Guarulhos,MS
97e463878ec74d4fb3632fd5a9035541,f8ad2c4058d3463bb27a02be620d9ffc,89325,Belo Horizonte,DF
f4100a379e024a509e0e39f4e9c6a0ba,fafc802e14f747019c859f4943faddd4,20084,Ribeirao Preto,MS
2e0cc7c1ce43485897501be8380803e3,665a2c2b752645fc93b7339250e8c4d9,76673,Goiania,DF
849a2c50556d4cdeb0119ebf0ae4e364,6ddd4d10baad4975a92be43570a628d5,33554,Belem,CE
32f39f18b1a74df6a329352c84b52b44,258ca5eea0134a9a83c1ce5b55160e41,99334,Sao Goncalo,CE
6ac6bc7c944545298f3d3cbeb6c3fb10,680401f339834d47a14390cd4d74b60b,86247,Belo Horizonte,MA
42215b4558c5476cbbeb965c54dc5d13,083e4e76f3b54ec28ed7080b5be34fe4,88230,Porto Alegre,BA
3349433a4787407f83268bccbd67581d,ddf7b7aa5e2743cd9e4c3e10959d9d79,29114,Salvador,BA
c4e83c1c37cd4a06823b41384224f79a,e3e1f3ac42c142cc9f84123915e230e7,55632,Manaus,PB
0ccee63aa7d44a1fa10c52807268339b,df46636dbc91472fb161d859ed0e8379,43717,Belo Horizonte,PB
0a2b552b636140e28f6de18e6f9d1b62,c1d074e94a0f4f338874baacd2566e31,68075,Goiania,MS
505fb25e645e406d855a246f70dac89b,520ccb7bfe744e4a8f368659b17f318e,61152,Belo Horizonte,MS
92002c647aab4bbf96c065c634eab84a,cd6530c5ea5442e3b7c44db177f93cff,63112,Belem,MS
89d5f0683d124fe6894f73ee0ffa7ed9,6ea2daabc24b47928d7f9ca89b4550cc,31206,Fortaleza,PE
8b0ed437d6334a2c85d8bde2fd286e79,e65771ebe13a4e01b688c87ede1f1a34,57715,Ribeirao Preto,PI
fe4350bea13841ccb9a06130b199ffbb,13855168ca2f45768b92039338b2f20c,78217,Uberlandia,AM
2803ecdfa73c41ca8bb1bc280bd7779d,5c5cd9f5b7ff419dab38b56f0e3ca59b,67147,Campinas,SP
35ecb8bed5134800bc68dd9ccf905ec5,9fd85030c2304274a14a288ca8cfcfe3,75490,Natal,PB
507b6e8cf348402bbd4e8a8e93a0e5b8,5edc8b72601d49078e9fbda7563272d3,38349,Manaus,RS
575cb32bfc7649519a0ec0c5fdafb119,593c148a259d475b8c1d509cb4497c75,16245,Maceio,PR
9e5bb287cfe44e1fa38ffd04cffaa4a2,940f556c1b734f77b7d7b7176e7bdfb0,35494,Sao Luis,PI
950e3cc428d842f1acedc42a69e04209,d9df5ccbff654188aca43af2b867c1ca,38592,Guarulhos,DF
6647634e0a474cfd8103a74d0f603122,3308d18af0924a64977d06d9f2d57550,56095,Ribeirao Preto,CE
95117b1b69814e8e9367dee2f706084e,e4169bcbb70043e09979302210f08bb7,60995,Campinas,PI
898c76528759402c94f9b035754a95a0,c66c052062884af4bc80e630a650d5d5,63190,Guarulhos,PI
4d733858200641d09c493dc753ec3a63,e31c8227e29144419c30594ea75f3020,13092,Duque de Caxias,SP
24b92887603c4ceeb1243990b2c4bef8,7479f1e0b3d444cf8278ef6eb55b2007,73088,Natal,PA
77662da6278d41ecaf0178eb4f3c539f,02263deae1864595906fcc4c1ddab95e,64667,Goiania,AM
6e447ad1d550489f821b4dbe298387a8,7bd1ad9612504266ab1d15b9b46271e9,16665,Sao Paulo,RJ
18073ea8e6c84b7e8ce5fabee50d7137,73351969bde44db7b9f161cc2ced8460,34433,Santo Andre,BA
4cdd0b3826d0442080ec3f9eac6fcc17,5fde57eaef194693acf8817a529db71f,73509,Belem,SP
db15f328403643ca9145d8b35e9582ab,5eefa8716a30416fa36f74d3e481c1c3,90728,Curitiba,AL
be850540574d40498563fdf86762c68a,5a3d91508e9247dea175744730b61131,96378,Ribeirao Preto,SP
62973b0244ae4cda924940a27b7e1fe5,e404891cc7494fd886eb0f61ad89d787,46819,Sao Luis,SP
c63b9ee107ae4a2aaf6df24e51c8ac44,03d367c438d54050967cb7659df8aee7,91106,Salvador,PB
325bbb6e4fd94a23b62671a05df186ed,ce804a33da9b4dae9e04512e89c2d1f5,14673,Manaus,AM
657e04ea95e44c1194e446cb79bd3d02,a3cec548f2e14266a3363d2cd7f984fa,69323,Santo Andre,MG
b998518a0eef4c45920d6b612c2dbe96,a08fd1d7bb924a738ff3bc8fa20d4c31,44716,Salvador,DF
0c7675411c5844148ab89ac4b367fb0d,56c836ae1c6344ff9050df722d456c5d,38301,Santo Andre,MS
c706bc8aee5c45e98c1e41ffead2279b,f5e5483c6bac40c182513cd91a1b1180,47838,Sao Goncalo,CE
f3fba11bed2f4e199f325a474919c76f,cc498d8bc8c6401aa6636a193418e19f,75381,Ribeirao Preto,AM
79abd47819a24a82b1d9736d7d34c1d2,d5d10232c3174b00a278814330223e9c,85862,Fortaleza,BA
9df95f7cf7c64235a43f99cdd6b84216,a18451187f65447e892733eafd6746c5,99815,Campinas,PI
19cfa4b2835148b0bbb5990766362daa,fa241563277941038b0941608ee7c901,91540,Recife,GO
e55ad676c7fe448087d823a2d347013c,85e4e3aed26a4ec09fa44c8f12f7ba5a,44082,Fortaleza,MS
4de3818f04e341468e4ec00e9f4d3de0,3d78a99af9df4510ae8679254ca2fea9,64602,Osasco,BA
97bf7eb2ddef4e25a05120b4f1cbd8dc,e104e98940224cbe86e3c21e268822db,90051,Manaus,AM
43196c25f21c4e41b20849c92c758587,12e144ba60024570b16826b1942199ac,61802,Osasco,PI
3e82147d037f40ce9ee40614996ef494,fcb01331adaa45ebbb73d51ad8ca1eac,38084,Salvador,RS
d3b79ad166164bbb8f520e786f036864,fac55a096f144676b0cda94791435a3a,13903,Sao Bernardo do Campo,MS
49020aad1d8044b4990b71c826059c07,e6c332898f724765a17e1e6b58a1eab1,32788,Santo Andre,PI
fdef474a9a7741768949c3870ed75d76,1eb9c611ac2c4dd9b70d4340141aa71e,21203,Santo Andre,PA
f16da6104c4d4b668e0d25eb16f638e0,949a77d2e057449e887624d7b8e9ba49,90179,Maceio,DF
9dd8520e2988457aa5b4f4ed6325631f,1b6ac37a532b4eccbd45f9e9b98ec182,92657,Contagem,AL
7c03acc861bf42f2abbe98f5d00dc3fb,d2c411446ad04df78049d6c49c61e35f,19870,Sao Bernardo do Campo,PI
3a9050d6250548e3ac1ab790b5b5bdbe,9729fd3f164b41d3b07845bb3d9f2237,13336,Natal,PI
45e7fbf243474844ab33ddccb9266c2e,94b6ac6a0b5d41b1901e72b3f039e9df,14038,Campo Grande,PB
df8cd1060cd6421795fbed9b1f8486a2,a5223df234c14d28b70d29cb2fffa19a,83571,Osasco,RJ
af924fed7c5b4705b22fe7bf07a7a4c1,611467f8eb3e462faf64295315230d4b,44442,Sao Paulo,PR
b7c8838ea4de4b07940f0dec9761cbf4,6f4266e3541a45e0a76a9b87373e7562,40293,Guarulhos,CE
7aff84cbf9474a25aeebbaa87dc04f43,95552e87147d4a0d813148f8e9053095,67355,Salvador,PE
5be208479584401890fef02d14ed3185,18c4fd5379e746dba65a37d687092cef,49601,Goiania,BA
40e400432a3844ca8d9f3c6cbce79eb0,0cf854945a7a4559805030973e9dbecd,34337,Sao Luis,PA
3760042191e24cc8ad6eb720cefa7c5f,3522fbff3b374a23a80b7debc9fa5f93,88943,Recife,BA
b560a8c1e26c4418bbc4b66696ab1214,95df2cb0f0944972bf6c7acdc73122c6,61079,Sao Luis,AM
a1f274d96212488ebece9e37db4fd5b8,57d1428df8984215a401a05db20716be,27544,Joao Pessoa,MS
45966beacb6c48c59d318e7baba22cd7,e8f4c79a21974e81a8b803a482c03c28,33520,Fortaleza,BA
2b36423ba04b4e989e0a6c9065a5807d,5d4708597ccc423f9c3f25a83fa4cf37,23357,Santo Andre,GO
562527d5a6464e33a3cd7bd1a9866034,1b4a36970cd642af9dfe375e009257f6,55653,Manaus,BA
4a9e18b481e149b3ab78c208a85901f3,78f819ca812f4b5d81752216c08c87e3,51954,Rio de Janeiro,DF
b3f8a2d0a0734568953a0ed143f6b015,8925eada1040425aaff83770b8d032fe,61426,Campo Grande,PR
ac873884346b4e319e956f490cc6b7c2,8a284d7a0bf84694a94d8ec146b08071,34366,Natal,RN
2ccb0252ba9d4de292333c7d8ffb47e9,7cdd71169259461cb2c3724b53582b88,43240,Belem,DF
ac4a41e62ed04ca9841a16d840890fcc,e3c0d8e89d404fba9f4e7318ca146b6b,21186,Joao Pessoa,MA
5855cfcdf5ee4dd1ac8bcca50371d78b,b974d4fa56604a158bb27ded99384192,54335,Ribeirao Preto,MG
2dc886df88cd433ba297544b9f2be1b8,5efc046645bd455ebeca6c4f0a4e72a9,65323,Sao Paulo,PB
bff0a2ecb4e74dd39691e82c88538ad9,be82a95145f948ea98fdea0b007ea5d9,62295,Fortaleza,RS
7ba257570d9e4957b03d08fa57d2f6da,27fc0985cfac49fabefa595b8fd506b9,87711,Santo Andre,GO
1baed8e1c97e4a1e859de3ee26f49d9f,cea58d2d3b354ff6b09ac7f96ed9e625,23925,Manaus,PR
bcc3a0ba175a4ff5a6f53b0a60c0978e,74852db95b0f4ae68e7c1002a9693c46,86160,Campinas,AL
462a6e2b906d468eb5064f395e0027ce,81d9947d7f9d4fcca9654ff240ed1f76,10609,Osasco,GO
9614643d4b2b428db088b77cd0216af0,13a087d7b9b14dcea82195f10e49c5bb,70855,Goiania,BA
cfc2e325c2254d91b7ff6473e9afb7bb,a2d6f35ef14146cc93ea30ce3a0e2130,94070,Natal,MA
753e3c586c55423f9cc17ebcbc6020a0,8d26955aa13e47f78313e7dc4c3a1543,61788,Osasco,RS
9d415f045b94499b91779d7f2b6943cc,8a69bdc7afac47a6900ca1192811ceb1,72770,Belo Horizonte,MG
4514ca805cf94ffa88521d114fca047d,f30bd16b704a4453be56b35c02ab6050,77113,Belo Horizonte,PR
0db5dc4c67a641f88a892af7df049b84,37d449b683de4caa8d2065675e56ec2a,27643,Sao Bernardo do Campo,SP
0e0b604f654244c3ba02592ada218833,15cf0d2ebaf0432a8422ceb6561f98d3,69437,Salvador,PR
38871e275c734f0780f65f07441ad5af,19a563f46c5949b889e7897f900b1d76,85150,Brasilia,MG
9e8afb78e2ad4fa48a438c361907e9a0,9f95c72e7ec04984a5894afb80849418,80429,Recife,MA
08825059d89b4bb79c06ec70dbc10c3e,1ccce8e927d24b52a5aa99c701c5d88b,53203,Contagem,PA
1ba41fe5aedd432d9f1b6dac52ffee44,b7a1e818cb0e42d68e1318c3caf6f481,17106,Jaboatao,AL
6ff2c5960fa44b198baae913a6dbf75e,57754a4d24d74651b3699e0a7e9bcace,38483,Campinas,PI
c3d69d3ba4074e6e8ee4c672d29e17fb,e21ea264ab804fe5b1745e79e9782eb6,54593,Sorocaba,MG
9640ad6e92514572b828af5d944a9208,a74a9dbbbc504b239cc6ce2adaf7440d,59573,Sao Goncalo,AL
cf51f93a19224411b50c0d0079f9c042,966178cac7ee42409beb2f011939074d,95040,Uberlandia,PA
a411d6e6516c4767a226b244fd3225de,bcb7ce06f2c04e7b9a964d411b555f21,56556,Campo Grande,MG
c5b35b84dee54d94b378229e0677022d,2e7dbdf068de40f0978859ea55942f2d,88242,Guarulhos,AL
d0d58e02490c4135bdcf5ee024abd81e,16034c783df943dbb4b03e5589f18882,86716,Sao Goncalo,MA
a14011f4ae00438593b8902377bc921f,6cbde9a46edd4923b4ebc768e4d3106f,18053,Osasco,CE
2e6b11026a19476bae152a69c2dd49ee,b317aa21a28e473781e0687925a4e842,28076,Curitiba,MA
77dc6ce6213d45669c8d00d6309c33ec,754dfb1664474b8a9e4a52fb20599fc7,46010,Porto Alegre,PA
d78c75e78d89436187aab2404e870a09,adc26bf95bdb494091a86225c2afd8dc,99952,Brasilia,RS
b6e0654c070a4aeca104c616d35e6c81,75bfbf5ae7694e68921e8f577f3d3bac,40735,Sao Goncalo,SP
e07900e0d95f492b98b2b893908ed68e,b3139fc7c5724dbe8e5b71591f735381,45248,Curitiba,PE
5bcd288eb06548e3b114e4e1c8158d24,d38b4247d1904b3f9b69d00dd2bc606d,30326,Porto Alegre,DF
46d4cc693566462e8e3a355a087dcb11,79d25908c12349819ff790df51ed802d,64800,Salvador,AL
5748a4dd2f9e46a5964e74e76f31e464,76fcc9aa69de42bbb373814fbaa0c770,35890,Brasilia,MS
3483d80902324a88b890b8422c729491,3faac1f8558f49e285017447318d3d85,71330,Sao Luis,PE
a8f842e6c0ad45a3b23fa262ee0deb25,6a395c01dd714e4598f8431b6fc686ab,45836,Salvador,CE
96f03b0d4ff346918f1b3ebbb0b58030,90a774c034224539bf23deb6cc90696b,29021,Brasilia,CE
0f08abe901f8464d863569f8f32d434b,9063140cba66437a95bad4a781cb0bb1,99093,Porto Alegre,BA
7e3cfa7e3e474f929cf68b44428b6fbb,46593527498c439fa27f4983d313c295,94634,Brasilia,MS
ca947998ca574fe4b082364b5bd0408c,0448d37f9364488a80c18ec244ec93ee,35139,Maceio,MG
abc137207f254785a1749efbf3521fe9,fe50b012d321427f8e0b8bad97824829,97576,Osasco,SP
b844bfdb366249ffbe4f4c42d7de1e93,a4012af5ecc74ac4b32650eeff3aa002,40484,Recife,RN
0e7ddcaf65564690892ee9541b53b28a,efd63c83e0a6481fa453486c2f3859ae,36739,Brasilia,RN
230ce076feff4b4fa381e6d73100e4de,1f04b0397e684d82ace9b6c37cd3918e,52816,Brasilia,RJ
46bff145f2854793b9d10f93392bd34a,b44af3d7a05c469eb44db69668a13e8d,96721,Fortaleza,PA
a6d08a75b56344d2be6266a72418e605,2089badf95d242138d00a4387b7afc3c,80837,Manaus,PB
93af8ebccfcf452490dee4c536dbde8f,f46c159f92fc483aac3bb1a6192f7a83,52851,Sao Paulo,PI
e01b6626f1e94814b2f24a953692ea4e,84e6d442b452464aa4610f45c699f910,36973,Manaus,CE
32ed1761fb65472c902557d6f6addc58,a571404e3fdf411da261f0564fd5c613,72122,Brasilia,SP
c6cf95b8a77c4421987575769ef619a3,d1ec1e696a9041daa29f603f96fa19dd,49114,Goiania,PR
5179c421220e4bceb1fa79cf2a9d9359,e92753b068694613a74af19db84f4f4f,52287,Belo Horizonte,PR
adb0f758a3fb4eeea9c268dcfe0be79b,80bacf2e501542dc92bc51a47eec8372,51658,Teresina,AL
ff5a2f7f175a445c9aade6a10da4305c,71afd9cba31e468f854c66d87cce9e0c,36444,Sao Bernardo do Campo,RS
b9b48a67c29f42b481a922a65c5f9504,2af9bd5709ac420f87152af362a16138,39513,Belo Horizonte,RN
5cf0f6df518d443b81b7c790bf602f7c,ed4cf1c5feff46e69ab37b095bd6860c,20203,Campo Grande,MG
758a6119fba045eb97f93867c52045ca,fe1975fee43e4b77960865e4c87eb133,59901,Manaus,PR
9a2a7db19842469c90f55693e10c0107,a3c6e11c2aeb4330a6d4252991809a9c,55644,Recife,RN
b0014c120b854b88b8efdf0079563072,8167e18b009541379dc130349863c7ef,92341,Belo Horizonte,PA
ac3a70ecba884710aa730a35af8bbe6b,a1b09a091da348d899c6920af44d39f8,44140,Uberlandia,PR
f820afa36d69470c8a5881fb4603f363,b28ad6fa487347dfba9737718203a3d1,41864,Contagem,PI
58b50a29434c46eb8b1aff313bb922a9,9960425551c5449ba7c4a111ed502b4c,31807,Goiania,RS
bf2e2a51d01041088cfd761ad0e6b063,ae0d2c44403c4d28912ee0e5b1f0dd6d,24123,Sao Luis,AL
c13614c414554e37a2f64635acc4cbe6,525c8dcb5e1c463a91f68d7bb6bb1616,81370,Natal,BA
ccd1de903fa042aa9bb2815e9d29d077,a7153830f2be47d891dc44ba4b44263b,98348,Salvador,RJ
259b9a1901774eab85be01bb2f28e8b6,3789caf574534ab7b26eb798ae84eab9,62174,Contagem,PB
ad1bb89c87ac47d0b03e8457129ee2cc,a4ab48001e5d4f38890da191c071ee5f,27426,Natal,PE
e5b49c5ff8994d69bc337837c4a0fb74,36af44ee0cf64ce8942c513790aca011,54694,Jaboatao,PB
5933b5f82687459fb89373274dab60ce,92168f55b0e44155b86fd7587fec0d5a,15446,Fortaleza,PI
f652d98040f4489098e0379ba6b4220b,0eb79256b6b643349d730fd7d8c0b7fb,49798,Belem,RN
e00f560feff6499489e2b250b0ccfb0f,6f0781dbf0e64321af1cdc39b6e58fc6,25531,Sao Bernardo do Campo,PB
4287661250174ce591fe5307bdb471ae,11c4c7b1dfd44d7b88070a81f419069c,64738,Natal,DF
20c391014a5841189adb0850397d6767,555a23d9ace045a98b9ddda65b6a3a46,83949,Sao Bernardo do Campo,PI
0491d9a9d6d6415c9fe123a758f36f08,56aded6b034f4bf583d3aebf9e22c3d8,21177,Campinas,CE
a9d3ff1826b94c21874994d12281b31a,63c4c22ddc044a66800ac17a3d9da798,58384,Porto Alegre,PR
2b73a99a9fc74fd1beb832e891684b8a,cb4afb47bdf3404f90979655b834f29a,23995,Contagem,RS
168e8f50445049f1b5af4c1de4e4c2c5,67e526ac6ff7423c8e1db4cd81368e5a,52237,Manaus,AL
5dd3133a638a47669ccd173ce8354035,ed98df6470084707830000dc58fa16fa,54395,Brasilia,PR
ae94e2a8eb7045aead38710ee7b47483,29d9792065734037befc8aa9cc1e2e57,38440,Contagem,PI
f3bdde052b904f5a9f0db9eca2856b18,a225a33876924148a2f5560cd06f8ba6,66835,Brasilia,AM
b30c470445fa43af86b0fc176bb5cd6f,18e2e86905374d9d8e35ad19e31f170a,64299,Sao Goncalo,RS
a35dbd517e504ceaa9edfe33741bd5de,fdd7fd822aef4be9948a4ee7683307b3,60597,Belo Horizonte,AL
889c9054a93b4b1abac28ad339549f98,f1f9c427c2914f6896bfdf6ed99dabf2,23168,Campinas,SP
ca118f893a5d42c18acc93f4ee392dd9,8e4f42565c254e8ca8ac4b10905befd6,51774,Recife,AM
d4cec67206894f489f5992feb865c56a,fdc405eedc384acd9122625d8a39d273,39690,Sao Goncalo,SP
854d253dbdb34768a90b34aa380ba7d0,1e7dfc08f8224b9482f906fe1236b72f,73451,Jaboatao,AM
db9642cd0eb442f68009bd7567b0a254,4665e60803c947848c79dfbea94de00d,60142,Sao Luis,MG
8df9a9f817ff44d985bbe14a3a5846e7,216a3f8ea3104e6ba291a05c88cb835f,26653,Sao Luis,PE
bf0c57312f4f414ebdf5cc7c7a69ba08,9abda64831574293b2be12437ff512ed,73423,Sao Paulo,AL
e97edb86a6de48c98b03b335acf313e6,4369c0d310dc4d3594c3cae1d217d14a,89360,Jaboatao,PA
62e9187938694bf18d4c3479e3110fe8,ec762e9a566c46638f81ab83fc94db0b,41370,Santo Andre,MG
7cd1f2c94c7a4e1d85fe7443842aa195,ec66a4bff9ae4c4eb4ab9f1dca058df2,32816,Brasilia,RN
c8e73f92dc2f424f92835e5ee0cc76bc,00b43fb87f314b63a7d3715201dbb4b1,79290,Ribeirao Preto,RS
74538173235449739a34a43d622ad4bc,540ebc32927545ada9f5e60e3fd5fd37,10053,Sao Bernardo do Campo,MA
4f7811f1dbe040169c1784b78a21ef02,34cefd8d3fd64fcd8f9161f15bfb8a8a,91499,Jaboatao,RN
39fb1a1c54f04ed7b45db31de64ff02d,e4f52bbf8dc1466ca1f6ae63f10bec0e,28406,Campo Grande,AL
316479a7e05d483c9bedc3b666563823,cfa7aebac1f74713905ec44e88caa144,68498,Salvador,RJ
73a5e25b40bf49ad86ae28c369ec546c,3983745036e14129b02a901fa725e375,45763,Belo Horizonte,PB
afe0ca9543c249a0b0898dbbf4dee06f,bc7e6303f4e649a0bacf2602e663da12,66365,Fortaleza,PR
f2ead8a657c84c1fb0cb6b8c93cc5bc8,62e728c58f6842a5a6b7348e7fd7f6f6,18543,Campo Grande,DF
33d1a1fd15b14d06aec3fd3ffdc509d1,b8d4478e403247f6bad1333738b71869,94523,Guarulhos,RN
109a6287e399479482efb9c4ed805aea,a5ff68a216d948dcb078ed48afa24f5e,82345,Contagem,RN
9a76de1918424d1ebf5c9e3aad0f84f7,91ad6edb8e0446339e83e19730513173,51093,Osasco,PB
0536a5ffe3bd477980278ee5d6f2ec74,513407750bf04d7b9bdd2930d1167b0f,60479,Joao Pessoa,PE
a1820e30cc964b5b9947416503112f2d,d6450e72b86c4624a5ac85d900a4bb6a,74408,Recife,SP
6ca91ae8eefa4b9ab760da7bba955f1b,4a87e06d2e564e2dbe11a5da3d626e9e,25338,Campo Grande,BA
4aa34c02cf4942faa233cec4605b2327,6116a60d905c463d95c103dbda792c83,93648,Belem,PA
b35f1026066e4dd1b07bf20f001c923a,e9563c8d94554b9a8b3d868a3d761e6e,42343,Sorocaba,DF
62b6185dbe2c43ae8dabacf85f79ce7d,2eb0e31fd9554427a15bc011b4bc796b,69382,Goiania,GO
3fade7e98bff4ba2991acd4fc1f8c6a0,36cc4799efec4c8eb5f28366fad5f770,10158,Recife,MA
caa6f5622d974ad7b2d874a55f1f0a5e,d95803c8fb814768811cc916674503ae,23475,Campinas,DF
47974b05e0314db9b15a72baeffa9694,ff9cde75ed144e0598d5243a3569199d,48661,Joao Pessoa,AM
f3a5b2dfdecc44c7a86b08e61eaec28d,0e38b550af6f4109986b855a3a746d87,80975,Uberlandia,PE
eb3ffa48cec84a9298a80da82ae69c39,415fa2d442f44b4ebd1882fac6458621,16404,Manaus,RN
0369024ad4174d7ebd2d31010f099586,3a71102b4e2643e0adf1c6971703af41,26475,Uberlandia,MA
eccdfebe4c72428fa84d7bfdd52b939f,6ecc9cf56e6a4927b63ef96ff37e797c,72490,Goiania,RS
99958d25936c46c490019732bbfba131,0e140a6f42b644389022645c158243fc,55310,Sao Goncalo,AL
c79e96fb11af4fcb87129a096a42223a,9d9072a808f84c61a50f6ca011fd1224,87195,Teresina,RJ
301acb89085949a88d19c5f7da62d38f,1d5dc25a11d94db58509725d53547f39,86267,Porto Alegre,MG
1e8cdf2b5d124c88872eb20ffbc981a6,d4236e758c6043a1beb1d0b3c92cdc42,43816,Salvador,PA
c5b932fc5ca84256a3514b94987679fc,8fbd8edfb2864409b0e7d1e62424472a,96517,Jaboatao,RJ
b10e54e9dbfc444fad2508ed88d23ac1,bf9f4024766847ba93f7e148e5628665,90807,Belem,MA
85b43c8dcf78407b8fa18a1911437e7e,a03b89e0c23f4e2eb2325f1077ef032e,35771,Campinas,RJ
1b88f10b87d1492c982a936f7121d7e6,1171863324d94bd6931001bb8f307c68,38582,Maceio,GO
2568e2107f6148cda0c96d49b9c3994a,e3ca508dfc374fb2bedc7cd6909fb51e,94715,Goiania,CE
6e60c930b9df4b94a5e78b9691a4ba41,b08939feb2864e43b4b57587cfd0352c,76465,Jaboatao,PI
1cc115d0ee2e43099fe11b0c4f026fab,e0762d4d10344101b0647baa36867f26,34385,Curitiba,DF
fb1b7780ba93440eb7811546d483dd75,d2ead87aec0f48b0808a60c50bd58eb7,37541,Salvador,AL
eb63a9a0e9694171a564eb19abc47a88,976116d44b0c42a9be112f8e01214c88,73726,Maceio,PR
24d9927f30e140faa365a05a7478f6dd,293d7db377b043f6b77acc8a8261658a,50459,Curitiba,PA
c618599388384eacb90d8474a72cc3e5,a8a808d2eb5b4f7fa9abff01706ce9a5,80225,Joao Pessoa,PA
fe77eff1ff5d4f38896e936cad4b1c84,0958b3d41cba4a0ba4812df841617625,90949,Natal,DF
ba1eadc677674fbcac87d266bcb86f99,f2143e70f5b6439e805618555db21842,89491,Sao Goncalo,RN
3cbe966c15594f7795256108035ea3cc,0302adfcc2434e53aa7fe6df3629f9be,63646,Manaus,PI
f172ee502f9147bc9e7fb0a15754ae48,da59ecc5cde641e1a369720a52996a2d,57444,Maceio,MA
8e204e73dbde42fbb9fe363d90c2afcf,17411fbc1b774ef4bdc989c5db730851,96182,Natal,BA
9cbcf6b3169f463e9df2dafca9360832,337d300e60d74dcf98a86604d1d2bc35,28580,Goiania,PE
d788dbe104eb4d7692b609fed229223c,88760d25d7ed45c79ed0e2b13a1f6b7e,39698,Sao Luis,AL
66a538175b7b42dab90ca762a6d86128,12bbe30ac7764d34b8191c1098b143a5,35709,Campinas,MA
29efedbeb626450eb2f8442e21e25f14,dd037966dd91467b8fc5e81a9522cf6b,33151,Maceio,MS
7db1a719c08f4ec2a6b25edf3ca75138,896e3da79bf240d3a6e8a7d0a6e5a3f4,22707,Belo Horizonte,RN
620df9a44c6a41aab768e7c58ab01410,516ddb6718d14c28aa107273704ea729,25187,Santo Andre,AL
9ca1e11596e24e888420aa70133dd292,ad8bcfe67b8b41bb959a40c15a9211a8,58616,Uberlandia,PR
5ed92fc2a26d4c85abf86865be6cfd99,499bf9f3135941d08c97b5ee4999f19c,93482,Goiania,GO
baef5bd1f41f49fc9f55b074010ce12b,167b8c7e052240f2a8d99dcf3491dfe5,55494,Curitiba,PE
a24f56dcfea8456ab8576269c70dfbd3,dcb12e7bfd0a4fecb7435f9425c72979,58405,Santo Andre,RJ
b9d58718e41548ca8f1189447731f449,43ac769ebe804da3ba7305829d312bf1,65704,Sao Bernardo do Campo,PI
b0eaa7fba1b04212a0f75b1273f38160,cc28b89be415483bbd8fa8cb11f37f54,90653,Goiania,PI
68fc50be2a7f4d83bf8260020e91e45e,0391420d372e4fbfb517cf27571b5d84,96156,Salvador,PE
d7a0aa9b7834430188a9318bf7327c13,7683208d91f94b16bfcbc8fa55ec868f,80532,Campinas,AM
7ad6a89358264c88a5ceadf9a079cf1e,adca71cc68504236b4c3e2a87dd0170d,18013,Campo Grande,RN
2714195c1bec49cfbbec4fe9cc082405,79980bf03e5b4979ab3b5691703993a7,29722,Maceio,GO
7478671ef9ee41be8b1d9c2fe33bbcd8,728ee634f79844829e0ea84bdb0f40a6,52633,Joao Pessoa,PE
47ab0dd8e8cc4b278e62fcaff56787c9,d67b7fc52063471db1b6371f48e67af6,25912,Sao Goncalo,PR
fc570b266b544861a927b85c4f559dcd,394b5e1794964a23aca9ee8ee9418d54,90772,Porto Alegre,AM
3579a8b3aef743d583e1c847c3d9f217,3feafb2526f542a69dc745fc69a55e60,21160,Porto Alegre,DF
6604a0ff1d764661965669b41c9ef6b8,3f9770d2b05a456aacea663dd8fbfe5d,44512,Fortaleza,MG
48be572aac774828adac9c883c66d259,fc6efcff13a747b9a5eff97db3d4d93c,56690,Recife,RS
5ccfa02784664557bee342a8f86d17ac,7c0f24ba61014105806a52fd7c7998ee,14348,Natal,MA
3c6354d33dce42cf9c60c6576209b42d,4316baabcd0c4a35840ce21a12776a1e,70635,Ribeirao Preto,MA
84caa754a5a742828add7386d2b0923d,0f15de92f1804753820fbf1c554adf33,29271,Porto Alegre,BA
42090fd2ec2b4e2fa0c5ac12b3b97f92,cc33edf076df46afb0153d90627a7d7c,82121,Belem,MS
744275e26ecf4b0b9a3808ad307e6ef3,879d2e2c0cdc4bcd81c2386acf008b7a,44301,Rio de Janeiro,RS
0a88acbcf3c04b2189aa9c070f022bf5,ce02916aec534f139a5e166f82d61be5,12960,Jaboatao,PA
8d5b1d9f77d24ed3a754cdab80f12f28,77c5496d2a59448a8ffb19f39a0f5b67,30825,Osasco,MS
74f14f86ab92412c80331b4790232de7,a9569584c5b342419d511a7d73074137,93442,Joao Pessoa,RN
8a10d18873094865b459f9f81e5f1968,d7e1c846824249efa3ddb80e1f220239,12586,Curitiba,PA
36b44dab6d37485ca0d5be3291d5fd8b,a686e774d9664a2886f319cdf78d683e,42962,Contagem,RN
d600729bf560454fad2a7be97d9975e2,61df836cbf5a4b3ebef4473db1d3eee8,66492,Guarulhos,AM
b57ba07a28c84119a009780480f2a498,da92c36245744223b9eb6e3f8848816f,16552,Sao Goncalo,RN
9ffc895d223b4f18868c31c9820fbe27,854908e32b8049e4aed730ede8e55adb,84755,Santo Andre,MS
ad3323610a7649079e9da5f9d5144d82,817a723e4a11449d8cac1626e95f43b9,52004,Belo Horizonte,SP
9ffa16b2a622444d9c14bc886ecc6972,9e850372d0b9429fa4bf45be1e505cc6,86385,Sao Paulo,MA
26107b23d1534faa862601b979dab877,479c72d0400c45dea7c0c5d7177b2967,95929,Belem,DF
5e7930eba0b44309bf8c5b9b7861c785,5a34cbb32222456baf7593b18722098d,91455,Uberlandia,RS
7eb61d8856154f4a81643fff6f331f7a,23595b8fe989486c9c71a6c6278eab61,13029,Sao Luis,CE
02b8221d3361474dbe39f32baa64bbd2,cb41750587384031b98c64eed006782c,39945,Recife,AL
ee5d9c4b979b4b07ad6fbdc10d861ec2,6986e2b2b6bd4f9e9d3f75198d46cdd1,23440,Belem,RJ
23f80fb068994df5b3ff35a6c20cb5ea,e6bdfe4d64af4ac58033586fc3a5eea8,45644,Brasilia,MG
dbf0419417ee402b8f788c9aeedf4a66,e22cddb028124cb8bb760621b6528e52,75408,Rio de Janeiro,PI
ea780d43054a459387d22e9b2d9732e6,d2e1e87f9cbb49eeadfd16ab57b6d231,30046,Natal,BA
decc02c8f3f046f38e43c251a0072009,3c2726da7c0f468c9687c52f62f12666,28239,Rio de Janeiro,BA
54ab0439036a4a8a82df7e9dc183db7f,6112085a7519470b8dec3f3ca9c51985,51642,Belo Horizonte,PR
c2749d3f2fd840ff933dc8d65ff70d32,1a39a31584a7487b980fee962128c251,91026,Sao Paulo,SP
355147195ef8454a90694ab75889e65d,82f4c6e8c260410fb320cb8c8d97d4e1,33506,Natal,PA
c057ee1fabb744178e73c9b0f706ed43,0da297bdbc6f43328d285d2c202f32fe,15867,Belo Horizonte,MG
67f047a1f0ac4e119f70ea3a1f4aa958,c19a734ea5b44ff9914726fcbc13b655,49826,Sao Goncalo,PE
2a8ea05fc8bf4d3ba40da9017c2baddd,b2372587dce6439d98748deea28ca001,98400,Ribeirao Preto,RN
134dde5fad914bca98ed91672dbf93d3,7f470799513247d68fac47ab32c72736,33132,Campo Grande,RJ
aaa27e0e7911474f93a7367fffea1604,98dbbaaf6423478080db2df9c9795ab4,55539,Belem,GO
cccd54181a6e455ba16abf17ccb239fb,05ee8a90078c4d0ab6c599561770280e,26586,Manaus,MS
9a116e47669d444999084a252e1e3aa9,51bb94b359bd4d64a8786e470a8e3444,76062,Curitiba,SP
e9049cba07544ce6ae8d4d840a79f188,3cbbaa3850d44bde9633f728bb355582,43089,Campo Grande,MS
fc25680b74aa4f45862f5ac8ee2531f9,9145e7cac5b7463a9c2e92673bf38fb7,55210,Sao Luis,RS
72a76da777c54ccf9e6e9de14befe39a,df82d354f6e448f78b96bc7f14c3d8f4,51065,Guarulhos,PB
201353fb39d64f8fbd880137c385f6ce,7f0e17afa049486f89bdeac0028c4759,47119,Porto Alegre,BA
462796595d734e3d8e9881d8c97e1aa7,99500bd8cfba42efbd128adc30d21ec7,60092,Manaus,PR
bafaa32a19b94772aaa71cdb51705f93,36ab5df5c8f1428aa7e0fc065cc12e05,37621,Ribeirao Preto,AM
ff973b7e83d244e1ad5a6b4399e30e87,ecb7721c61b64e8fafefb1e33cdae833,93171,Duque de Caxias,PB
dd7fdf5209a841978079be0d826b0640,6c03a6e4e6b6476fb3980a05fbe9efd4,50309,Sorocaba,AL
ee70cac3a66b4de5bd6360a7f9859b26,7ab81690fac849b8a028a52da0de74cf,54911,Belo Horizonte,RJ
af902019a206476091ffa5da9ddcdd11,b92645b9a26b4a318b623517ae3d7ab3,37155,Joao Pessoa,RS
7bef9270b3784bb9a96d5e2ab679331c,68eb26ac1512443fb22d2dd7f7e62eae,83590,Curitiba,RJ
8c1b18fb8259430c915308325347f9fd,3679a3d631674572966cccb3b48ffa07,83289,Salvador,RS
6e0e62fae36f4810b1df58bce04b0751,6cec2c585a0d4dbc99258598287f6b0e,21691,Curitiba,RJ
07c429c6620a41fbb95a4146fc027f43,c65ac1a78456447188e631ecfeb53b9c,25402,Campinas,RJ
aeea355755cd4187bb88e91941b54bba,e1b88a1ba797466e92ad0ba41838f668,63161,Sao Bernardo do Campo,PE
b0f32cefb3404e9e826f04b7fb6f934c,7caa09686f1b44428a7d4d761361bc57,96701,Uberlandia,PE
98aac6f011684ec6ae0d9004206fe159,a4ff14d38a2e42efb1c2d59813146d5d,86238,Rio de Janeiro,PR
be6c6e01b16e490cbd909716a8245af9,a36d75ddb4cb4afab827c1850e10093d,57990,Teresina,AM
ed9d83d1a16b4bac9f16b3b910157723,806f44a918cf49508322894671d6e54d,48097,Contagem,DF
18e2de068df841b4a66c9a9dcb816ff3,6a666498c9394f79a58c351393aab569,73612,Sao Bernardo do Campo,MS
97c381d921e5432e906937186aeb084d,a9e8c047d67a4c2b9df2ebd24e8d4781,91953,Curitiba,PR
36f022f6242f4361b71d2ed9f9068f63,754585f5bdaa443d871b5c24a2b354e2,47316,Joao Pessoa,AM
8a27d9277bbf4c30925fab8f3b204459,86ca77a95ebd4bef8e17f9501820db00,92638,Rio de Janeiro,RN
d0c6b851bddf4762b14ad2a8e4340a73,029cf6b95ffe4876bd420bd88dbd46d6,24553,Duque de Caxias,BA
7fd1544019c94b1f95b2ecb29ac6935d,5784dadeca9846858b4e5eb8a3b55ec1,23090,Teresina,PB
0a46383cd49c40a1be578020c8e7f881,f95eb22d82344c64a2d11ea8828f65b7,30919,Belo Horizonte,MA
4a11462429144d2e955804a507173d3e,b8edcce7c0fe4216bc22c909546cc167,97888,Sao Paulo,AL
a97b5765503b498d8e3428a73422a975,b9a69c8975e744c69cd551c9bda4221e,97182,Curitiba,CE
f903e6f414bc4bf4bfee40fa5bf1d121,e56da48b914b47ce851e5217952806d8,38801,Belo Horizonte,PI
f7aac29c5e034338b3ca2c693eddf191,ec51df5be66d4645b69f3a63e0a790b3,59310,Sao Goncalo,PI
06514f1ad587466a8d9e617c4702f9c8,ea9fceadade44b1cbead62307a32f831,24875,Sao Bernardo do Campo,MG
48801d64dcb74acc99bdc93e23566ac2,8c0c996e2fd4436cbd4bfbdf8a3319e2,96693,Santo Andre,SP
28248cd3bd3d4e42b10d5d894427fba0,ac4a434bc5e94ad499746b7b0ac40f54,81306,Santo Andre,RJ
0577802677714cd0ae11a9ccf7a8ec12,ef42d9681f3f4f68bedc6a5dc0f59ba1,30218,Contagem,AM
308a4bc714224da99e7009b58e803939,3c8a3460bc0442e89ff3561f909bfeb6,80997,Duque de Caxias,AM
f2ccd58e769745f395873b50daee95fc,d978bb3b68a64a9ea00a245a7f9d3bfa,62313,Natal,MS
d7339ab42a5d4c0da981c0e955e17314,9040bc52786c446db687f3df79dbef0d,10821,Jaboatao,BA
b2c3e26a70a844f4919446ea4c97c4fe,1548a69472124dd393a1a3cc1b6c05d8,97835,Santo Andre,PA
383bef4995a047fd9cbcce5bc1c63a1f,8faab153585c4cd3b2663c4cc569cffb,68947,Campo Grande,GO
e31eef2c2f90413e91b2940321b702bc,f780f90288054c7681d466289967f8fa,41427,Santo Andre,PA
90493fa1aa2941ef962ee0aefe79a83c,82381dfdff334aefa9a342f7c94ba27c,65454,Porto Alegre,PE
dd05c84b3ad94523a4aa980822c9dbf1,10a1361d26e5427a893f5d25c8ffe50b,96423,Belo Horizonte,MG
a49e3174a36647bebba498aee114c66a,fbd0c64b7a1e48da8a29e440327a8fe0,89393,Teresina,PR
dcb7b5ea67ea4aa4aaaffc48f83fa42d,407d15730fa54ef9a9c82f06af8f1ea4,55702,Porto Alegre,RN
a9392530c4204be48f70493702ebdab9,d47f5b984cdf4bf2b2e21ea399581295,34224,Maceio,MA
c0681de872b740dcb8f987ef5ee95826,4cbb6816e10c40b5a53b6fa6173574cf,42638,Natal,MA
8709a6c942fa40df8b569dcefa28817d,ccb26cd80c9446599847d277d6f084cc,31304,Porto Alegre,SP
66ac67ff98a042e7bcdbb878419c1057,70972bf74c9f4587b4a082d8e5073845,96974,Fortaleza,AM
3e3c3f411fe84607ac461c9821da8a81,c2d3cffe74f04814a4c26d8250a6f861,75824,Joao Pessoa,PE
1040ba3a111548ef86e3c342290f85db,f17df89192d54dcf887ed3828e1cb06d,91658,Salvador,RJ
9901b98cc4dc4640be1c8b760749f110,909bf013be83468ea23dff8a74ebdcbb,39553,Belo Horizonte,MS
710277daf1334f8fa27b06683ff6e549,fe750ffa3bb740369ec26cd82f5152f1,93057,Belem,MG
410b723a5ca64a9580bcc3e3e5d6005a,24d48dc89d4442b8a2cbc2596477b3b8,44255,Goiania,SP
023eed58a898411bb769c53e5a872ace,90a56eb1b7284b9aa65169662616d452,89587,Rio de Janeiro,SP
dfdf1616709b49338800cd70e032e8aa,444de7c895b649eab2f7a19d5b890072,95838,Curitiba,PA
0338952a8b6a4745bc497f56c0705373,5afe87af31244ed8be61ba1950e18ddc,72817,Salvador,PI
47cb8e58b1b0409ea3db867f52981e57,cf67d66930b946659d430e5ad76c3e22,59323,Campo Grande,AM
312e0e21449246e79d9709f484c04510,c4659f3c5c3645e8a382883ec50c776c,90591,Goiania,AM
dd0e36a901064e8a9c9e3c93d97fc89d,865526a889514ae8a3a16fca240325e2,85539,Teresina,MG
ba20fd71d61b4bd49c267ebd26649431,d0354a2de7ea4f0c91e1f114c6172e97,13218,Guarulhos,MS
67283a1da64c4d4fa75a086bde188c21,4732858ec11c4d3ba2f5f779dfd1fba9,39685,Manaus,PR
f0068d3c86d0491894fcaf82d2c63d4e,3cea9c553af44e7995beeb8b3683341c,78118,Fortaleza,RN
6a3a86844ede4eda8f4eb05270781b02,e2d075c8a95b4486b3706063e17db622,60331,Goiania,PR
04949f8dea9248c88ae4e4b06283ecf4,9cd9737d96ea426f8cf92747a328329d,48730,Duque de Caxias,RJ
87f149e74b4b4e9b8e6aadc601b5aebd,7be4d163ef404c2aa86fe290dcff6499,33331,Joao Pessoa,RS
c7defa2bae1b40d28c8d637e9c4a5721,64af596c24f54b3d823dfc2599f48455,85560,Guarulhos,MA
c6ca79fb4b2d4b5a865332044aba6f67,c7ad66bc18bc412390d83225ba2f2b16,78306,Campo Grande,CE
9d85003d142a4858b123790d4528ee55,a86b02ca56b24192ba5707367a7010af,40863,Duque de Caxias,PA
fa662795539e4e7aaf93aab4e7530cae,15b2fc8c1ff4416f8a282ed4238c5b9b,81806,Belem,GO
b2a4f909cd24463dac7d40bd6080c96c,c3e0c514d52c465f92f501eb039577cc,33910,Sao Paulo,MG
80697fa4533e4089bf634c619f29c24f,fcbe412051574617ac33c6c94c88a274,10211,Sao Bernardo do Campo,DF
1375ce9b00ff4ef4a2b8daca9d7c8e7c,24c7e871ca144ca9a76c44f8d55afcf8,93160,Joao Pessoa,PA
90a81174aebc4100b8d1efee07152da7,cd029631db254a17b729d2bb1f6ee650,98939,Porto Alegre,RS
0337ce9d1e4a400fa7f15a0d0742543f,696a541fc4654c91985966ebb1338d21,50393,Duque de Caxias,RS
b02a404d42b34c4381f72bd682f16eed,571ace3972384f0bbfbfdbe963624241,74394,Campo Grande,BA
1acb0d7240364008801b7c7e6230b71a,b308b510ec884795aa0fffda8b57cb7a,10512,Sao Goncalo,PE
a0114b76d2964b01911be3ad84f6eae0,e6baf0852d34417fa7500ddea169f79f,17463,Belem,DF
d81341b1f2e045efb8bf0fbb239ee741,834bfd3098d242328660bfb60b62a89c,82006,Uberlandia,RN
fc26e6fad7cc4effaecb1187dd3a2382,888929c6b713478aa404ccd728835ac9,11824,Curitiba,BA
f9be2928d96b4875afdc126425e8a9c2,0fb6c4cacfda406ca45e85927a6971d1,32290,Brasilia,RN
e349e9ebfdac4d3e923e7999d0b562b3,5206002321ee423fa954cf3a76e29752,69803,Goiania,RJ
12c165805985416489139dd13aa82889,862f32c2d82148e5852951b4fc02f06d,27556,Belem,PE
289ed13519254790a5c5770c1eda458f,49106cb6022a4b7a88544c9af3a86e9d,92197,Campo Grande,PI
c78fd8c8d9fc464d9923bd45bbf364fd,99a997c88d0b445fb63f683fb31f7d70,41601,Natal,MG
bb610d42511f460397dbf573207e0111,8554de6550cd481e92ae3ab3292d737b,13414,Curitiba,CE
5a4b55e8a1af4f72a69e7a3395477b49,0b25fb9baf6a4eeab2cc7bb2e32557b9,10817,Joao Pessoa,PE
d155d988dc83457bb03d9ff35cb4933e,1b884808bc304419b32c7c90c200161f,23870,Osasco,RJ
8f76c43f23df429b92d55817a1776e6e,31d37a001f2845a6b59ad827ae3260b6,40087,Teresina,MS
80e3fdf5e4be4ac1a293536967ff3abf,75c446f551dc43d68d105be4829158f6,27201,Maceio,MG
c7b2d5e3cbe6417499f75e468110553a,31fa15c6e1e84b92bfe7b06018b0eca5,17181,Salvador,RN
07202bd8c8a84473a660e3750be0a40b,9ba7c0bbb5ed4d4b818a426f6d96686e,32586,Campo Grande,GO
e3fb058abba7479095572cba50804cd3,5665ac1fa6e840bfb09282998104459d,68726,Goiania,PA
0685387eeed2464d808510bf11e2600c,d138b5ed25944369981022a4151062ec,24997,Salvador,AL
e3988601011d44738e3fd49f4bd70e6d,323671f8ae1c4d278974f53de6dc10ad,38128,Sao Goncalo,RJ
46212b39972a4899b8175e8a8145670d,ae89e690020c4bbbaada0c94ce50f998,94357,Rio de Janeiro,MS
ab0eade256e64b0fb07e693cc982fb33,f36cdfdd7164451381ea4546585e6f7a,89593,Campinas,PR
9a9f1573d2f04a4b8e6ea811e7b53166,90a3958b00784f45913c6c52bb6b460c,37243,Joao Pessoa,SP
678e6ccdc6b74e7c83cd211048c912b4,a8017f2b748445d6beb04dd859f39229,33682,Fortaleza,PA
c7161d5b71e9472490fb4e870652308c,2f87f39e46cd4ed6b23760c140c90f25,23562,Sao Goncalo,MA
2549a8ffcd094fdb9ddd35e3fa95d4b7,32abc47d7d654f288142a608c956f79b,66284,Campinas,PB
627a73e3d91d4e98a049608cb3246e61,3b5a03b5f09d4cbb837eca218ac4ab78,91656,Campo Grande,CE
e364ef94089e4a33ae1c9cf45a34da3c,c043a1a5a0e04b7f8f2cde59aa89b3e4,25476,Sorocaba,CE
3254b61f0fd44a50ac936b5b5e03b703,77e0c5d5f24c41e4870898354ea6c98a,74107,Porto Alegre,AL
2b1243fcdf3a4d6cb7a60143290d7236,eafccfe035e740dda654ae7f887a22e1,31021,Brasilia,PR
869471730430410191fc9f5124c83d5e,9160c6b31c2a413e83ed45b9773f13b6,38060,Porto Alegre,PA
36b4d06c59834ddcbe55dccc0db0de50,0f74361d21e7493a840949015c1a4db9,85642,Sorocaba,PA
59065095a8e64fccac0361eba9da2837,4f5596e89cf142b5aea9d730a16d1fe6,83625,Fortaleza,PA
bbe1f509487941b99e64f775ab610195,9f3b277817244aa5a148867fd340d2e7,62148,Contagem,PA
8ca98fbb89834c90a6da697ee34e87eb,8f546ada1a804572a880f6461727d186,62135,Fortaleza,MG
4bb17eefe0b448519d8151b162599b5d,610aae6cd1594970858f6fc3adb70c1d,86028,Fortaleza,GO
39eb97876e34447f90d1c5567a5f8707,389f4a48938842a4922399899dd0124e,88415,Rio de Janeiro,RS
8cab4545d96b4e48b2887274970c53a8,ae51e2ee899f44ffb94506cb5fb92b0e,48927,Belo Horizonte,RS
63a51949704d49bd8b8b2314a68e800f,d9c08431e62449698a01a74d8065168a,75333,Belem,PR
aa9d3c1049014c8a9fd53947aa314de5,9e21b4eff144471ea02ba462f5bf1a5f,67539,Campinas,PR
0cd3975bc5464327832aecd1fcf3b232,9202baff1ea24a48af3388bfc4abf900,69225,Jaboatao,PB
bc8ca319046a4ed28b8e1637af0ba8ff,7b60ef5413834b928fe102584af3e264,32986,Belem,AL
4342706966e0454e8b9e35a2ea0a56f4,e522d002fe3f4bae8540a729995992ab,48287,Jaboatao,PI
e24dfa2b42a44016834483d69b196047,71feea4cf5f948a6b285cf2b6c038df5,56385,Duque de Caxias,AL
20ab14a0bad14427bc8fd9ca53aa3fa7,6b02a6a47e764b68aef0b60ac8dd3cec,50859,Sao Luis,AL
9849a5af32ec40be93bad28a2974e2bc,39a63ff42eac4e1cafbb9fe5d6bd69c3,64747,Natal,PA
368683964560438e8faa0028b4d31603,afde2f78a1b34778b25a4252703cda0c,97036,Goiania,MS
9cadf4a3cd2c4f47978f805b675fa5d9,4a9cc14a7e074fd9b80b3a699796c33f,73714,Osasco,SP
8b90bbf487c54c9aad90d740d28b6495,a80d3703eb2d4e469d4a85edf62dd8c5,52147,Brasilia,PB
c90b1cc9952f4a8aa6d52e042d31d978,ee930e72dd024456a105f8aff4d50449,63324,Uberlandia,PA
65c2acf16cfb4c758efa834621e32ad8,bbbb84034dbb4d59b3fc6e8053ecfb7d,16849,Guarulhos,RN
a6fcc4be232e4caf88a92599f8cf214e,096681dd2c5d43cfad532b18b027cbd8,88522,Osasco,AL
71d9db98572448d7bb7dbabee037f25c,0074a8615ad14110a37658e51ce8a415,46706,Uberlandia,GO
f1ad79a722b44e31a18b9d01254d8131,334dd3dbaa1a4e229a5231154553bd98,18732,Brasilia,PA
7da65609e7574ddeafc9a269042342c1,ed5473513d7b4424a0bc859311e31f21,86794,Teresina,SP
2a646bacde574276856c17f618d9025f,c658feec32054a9494e16a1eb24696d0,51027,Campo Grande,BA
1ba8546843384790aad8f1bdaaafdd23,10c3e587f2da476f8840e133339ef0cb,53434,Campinas,PI
b7d5c91413424c16ae18c5d2ef6d83e0,f50ed19a4147457486a9fcbbda672027,69817,Sao Paulo,RS
1f7df62ea9b640628f278c9683517f37,f00c8abc48ff43089d9c6c916dcf7a5b,31717,Campinas,PE
3cacdf1b3e4a4f66afc5bfe46075317d,be31f6e3079543b58356bcf6f6d03a6f,59532,Campo Grande,MS
d0824e5bb14c4477ba8b167c88df6bcd,281aece0fa7a420db645117467443ff6,90914,Belem,RJ
bd993d2a2958488a8f45436eed6bcc53,8d0046c00d8445dda954560afbc855db,81494,Rio de Janeiro,RS
002af8fb9b60483984aaa7b35990de89,0f4d21aa46c045b08e5d39748b267f31,62091,Campinas,SP
61ab6229006844a69c2f5f7c1ae98565,2c54c7bd81c14e8295f0bddfb31472da,92322,Guarulhos,AM
9a852bc13eb7462b86b4ade82ffad9c3,7028326214e54c61b23cd6b6172bff27,76482,Joao Pessoa,CE
fdfd6f6eb82c429485f6142fd066f4b8,cf38c7fac3884fb3889ead4c0dd555c0,76129,Belem,RJ
48013a460fda4c649293b2c7810084f4,359a9c7b5cc54416a524eb453f3d486d,48764,Brasilia,AL
f0d9fb887b1e4b98b7ef303ef5f4eed9,765d7d43916348aa9bb4e3fe142e482f,28640,Jaboatao,RN
62f6e068fe3542fc998304e8748fc7e4,6a106106472e487281168bf3c8475a5e,53285,Sao Paulo,CE
1c3be279cb314a3296b2739f50b9d742,62a53559a2e24172a903c013bc48e613,13617,Teresina,CE
f75e52005a4f48f183e0a40f9f414676,892df014cdb64bf0b12534e6a0fc851f,33660,Goiania,CE
6f21f7474e124b508e4aa513b1a8ed80,4b4c9f89bb2c4877bcfe990a6013056c,24405,Fortaleza,AM
02c19d13c0b64fd3b8722352f62c022e,12234c906cd242b5b2ddd641041a0628,83541,Sao Paulo,CE
76bdf3b838c347699cdc71360ce9200a,b6b85d86a60c481094976b93e957687c,86133,Ribeirao Preto,RS
6569575aaf4d45baad723689f1dedb36,fe784ddda70d4deebb50677f385bb212,44793,Joao Pessoa,MA
641d6ecfedf646f29c25139c7b8ab259,e8a1b4104001453498abeb0393cd7a09,27618,Sorocaba,MS
1006a0ce50fe46ecb20d80b3fba15556,1c104ebccc27443b955c30fa292f5657,59549,Manaus,GO
4ed65af6009a41ada0dcb7bf5bb3913d,ebcdd161003947189c096edf347e0465,22572,Sorocaba,RS
213bc4e4bb7a43239d40f45dae889236,2edbd0dfd0b14bdfaf8fd1250bb65885,77042,Sao Goncalo,PE
8ea50d8b6a48405995e6982ecc375e1a,952ec6404d424502a7955d24b27d0880,87347,Uberlandia,MS
cd86d50fd24c4791af6b848d1b7281f0,314e337b8f214e60857730670ccfd486,92581,Belo Horizonte,GO
17560f1cbe73431494f6fe648d4594bb,d1dd2a82f1ca44f78d8424e61e682012,97866,Brasilia,BA
81499a8f25e346288c0e292ec5b4e2d4,7c82207827464afdb9f00e39d26106e3,98201,Campo Grande,GO
2075f09ac7f0482e9e75a531cd295ae8,da2db686acba40f994c661cee1af7e96,46149,Belem,PB
9e91ae070c80459aa140840aff4afd2d,5a2f93801a98424cb6d05de7428aba9d,88419,Manaus,PB
54425f530a1e41d3af0225b85020b40d,0cceecdb6a5e4c929f98c5588d5e452e,51044,Manaus,AM
a483f4113305400eb8b0cc64c126ae32,2c9fcd5706564e50af6b392f9602ee77,53449,Maceio,RS
0256530eb97f49a88a044699dee6beac,2aa0889f1f7c46649d59d68bc73975f1,84774,Campo Grande,MG
5c5f41a19026440fb7dc0fe174a2e3f5,7d4d1142214142d1a4e997b7cdc61d6b,66787,Natal,PA
7e66174af00043fd91e06ab7b6b37ca0,733a8bd9c9774012b9f30018803949d4,39208,Belem,GO
45f65679ca4747abb94fad9642da4390,022dd72936374efe909a3c44c63f2803,28763,Salvador,PB
a00f7e7c590e4d2bbf82bdfcd1609fed,e60d82e53230472ca71605e7df838de1,72060,Teresina,GO
7104c2214d73461891c090017f0a0a41,61e17ec69c2446a3aecf58fb6bdba3ad,20376,Salvador,SP
fe055f2add1e4091a10bebbecc13a3ed,cca9c4bec0b541d396481753b5e4525f,84886,Joao Pessoa,RJ
cc32f1a33a2e47beb7f550a23504e2f4,826e0ef2d59b4791afdf1ea8535ca373,18617,Duque de Caxias,MG
13d5cb1d1acc44f0a1d978de81d54a7f,c2acdf64900041a88b994c21d0c72024,75082,Sao Bernardo do Campo,RS
15b6994319244d899851f9866f89cb48,949dc287d9f9432b82c2db822606d13f,85388,Sao Goncalo,AM
d5d227b999254eb8a78d2b8d8f188ab5,34fb0de7ebb74941ac55a990ff0332a8,18292,Brasilia,MG
e0467afd2aff4608882b07dec7b3c04e,be0f5d884bf24ed4b40e4ca9900c0a00,47634,Sorocaba,AL
6eeaefe68e684102a9d20ca83e104ef6,52154ac38c4d4a69b9e3b6728c910cb8,41302,Curitiba,AL
13aaedf446ad4b4fb16fe2021e46701c,633e1091c2aa4a779be442b06554423c,13336,Natal,PB
f3c16d3d7e6e46fa8ef8e9a593ac904b,b4e4597a32db496e877c1bfdb95c583a,89974,Joao Pessoa,DF
0bacde911989444fa55e367d1f6de12b,f0a57e2a51fa494d98fed5f5a5068097,17051,Goiania,SP
443f1cf25dd349df9a54ec8232902b58,affe03c941b74582bb5fc1d1ca7dd897,46940,Sao Bernardo do Campo,GO
c2f027a33f804fb687aaab608b49458d,30139bdfacff4954a66a128840e2a869,89320,Jaboatao,MA
2fbcd9b9418d4dfea58c4f01c6c33933,6d45c147fe6d473182d73bae0ad97556,93245,Uberlandia,DF
fbdbf233dffe4ffd9de4d58ca829f79a,1bcd37828ff84916ada28f5be676756d,91061,Teresina,RN
8256ad4255274182a4a5ffd3a13e6f44,8d8cedec210d4d2194738cf849000954,95044,Recife,RJ
61f85b6fd0a6474895d08b1f4a84f062,ecff2650a94a4c7380bdead80b80f80d,13669,Uberlandia,PA
e60067f84a86486cb869bda4f92f89a3,ed81658291f0404ea8b01f317c05662f,90872,Sao Luis,PA
a985fac7b6f348e8b39d64845150edcd,4823389c92aa4fc2a7401103674fbfa3,78134,Curitiba,PE
e93fb2b85a74433e8125432e853e8afc,d2eaa5e1ce22479e9577a77c69e00c20,98131,Porto Alegre,PA
5ae501dc7b3b4ad8bddfff0f2011a8a2,a7ed493b553844a9bb32136a6e982e2e,88699,Osasco,PE
7559a22aa56f4dcba6a6c7a5f0ac2613,6657820ece4543c4b410e56d0cba5d97,32024,Belo Horizonte,SP
33d9d56370504604b8ec3e9104cdcb9f,c581807ea7e647a7b20ef3c001599446,49280,Fortaleza,SP
17c2a00969d8491da4ccffd40a026cb7,934880d4c1f1413d9fcd4f160a0cc616,98592,Maceio,RS
808e44293ee14a4a8b957d4962656d0c,972b052104b048eb9eeaed6cffb5040a,21770,Sorocaba,PI
123b196579894453a319488d7498cff8,f3955c5f93724bd6a9fe56c75fc0b115,34506,Duque de Caxias,AL
3486d365922243b6b3b8a3a65201ec1d,3884ddc290184465b548fe91475fae69,52013,Recife,RJ
49c64fe834c1463baaa8799aa2f751c1,6785daf675524c869a93e71aab6a2999,70976,Duque de Caxias,RN
1ce21a525f1046dd96895ef199059e9f,45fb54dcb8b944d8b1e3dec5737cf96b,32815,Goiania,GO
5017647fd8b1421abc01c9e13fd0383f,a95e80d8684b42698b03de5fe790cbdd,14565,Joao Pessoa,PA
292d126d7731404b8b92ac682562a75c,8c7b0c3391664683948bfdb34c8c0750,50741,Brasilia,GO
8790aeea94d84107b3d74951025b1b8a,5a4d4ab5f4604fde821094447c8aa911,25833,Campo Grande,RJ
35e3e4e7badb43f1a83356e9e1751a9c,e1d92aa30beb47ea90bc7a791c0096d2,85204,Curitiba,RN
ce32176982fe4c71aee733ce9ba26bfe,465daf60762246bdb10514a2f16dd98e,58453,Ribeirao Preto,RN
23eb4d8f4a0646438ee55c143d3b14f6,00f7d7cf421440879ad7f64073a575de,71063,Sao Paulo,RN
c2a62a5e04eb4efcb411145d20f2a732,bed20837da9c44b38da5d1ee5c2bf686,85924,Guarulhos,SP
c67c8c579c9043fa8cac0f6ff08a5f51,457f3965bd6445ec96a069ebf8d290a6,99360,Guarulhos,MG
f83817c96f024710ab1cfadeabfbeeaf,3d46d359904f41038e07eb08a7fbdd4c,97873,Campinas,PE
5f44ba68fdc64d3fbf1e41e494456a86,2c327e8b97944fa2a364f1a3d79e76f1,24777,Curitiba,PA
8518695a30504b459cd401e55f345a3b,edc05e0bd44e4449a9f96be7eb9882df,23182,Fortaleza,PB
ce66e40efd1d499899a71c4d05255cae,40830c9e3c35417fb5e6b10c412170b6,44413,Santo Andre,PB
6172e0534ce94b0abd26f56c6175e4b6,d3d2005fdbb94e139aafa821a26b5420,36867,Guarulhos,GO
4474a356ffb64d4d944942404b082093,0ab3bb9ea29548ad92c69309968caa70,57189,Natal,PA
7c761a15f2a4459ba20aa092bc32e90f,018cc72c700f4b9b8e0b4e5132b20985,80529,Fortaleza,MS
9ebb8b1e5057447dab54febeca7426cc,7dbfda2d9e1a4ad1a5366d57e1f1f4a6,70689,Osasco,RJ
0717bbbd48334b32a1caafd124609384,8e0b8d2b86d149c4ada576c2767fa48a,63638,Natal,BA
e7bfd4c193b1441788712f74bf5fabad,8dd85dc228304a6396ec060d757468db,27886,Campinas,DF
352fd93880ce44728374e71d3004e455,4c10a5680c7f46349bff60e9707ac679,59098,Guarulhos,PE
19b8ee83d426438cb1163d813efdb742,93e290bb6a3b4d61b014e6f7e2e8fd74,88385,Sao Paulo,AL
4bda5b0e1e044552a7cbfaa8c30b98b8,d6c13af5c66843a3b5f343093d63e8ac,12732,Uberlandia,PI
3f7d85e7598547818bc394a37e58c11e,cf50aabe54c74e32941e67554116c50e,94541,Fortaleza,MS
96f9890be12e4990944da835920e9b6b,cd5e3a91a62d449298fed8d36846bd0a,65668,Brasilia,SP
ea7827fab33841a98216187b38e78039,dead46203c2949e88489451be3d5e927,11411,Fortaleza,AM
312e86ba66c24424a4901f0faa635fc7,1e41447e8b644d8dbc4ad4fe600c61a1,56414,Ribeirao Preto,MG
66ffc0cad60143c880b52da11ba826f5,8bda6740641048e38b56e6af8166c8ef,96248,Salvador,SP
0c8a3cf64bc848d3ad523224e40d836f,78a93bd56f5247cd918a18feb268f660,91777,Jaboatao,PE
841ff44f11994af284603eecc68f66ee,afdf79b511314506816fb83de7c4ebe1,57898,Natal,MA
25dcb922d7e34cbda4e3db5a25457f2d,40b572770cf44e3b9392a484a35322e2,86485,Brasilia,GO
0b26d95a98514d2195b15943d5161bb3,8db131f6ebc7490cb5a8f10de79e5203,71516,Curitiba,PE
1f1b7d42ab91446a8aad96174e1d295b,0bbd450026b74c61a67acc96d7fa1e46,88761,Recife,PR
b8e3c5ae39e14bf8a6d2af3ff2baffe9,aa45e41e9ee9475399551711676ed065,83723,Belem,AL
3e99abf26cf744b8ab19d0541a575d80,32c8d94a5fa74879b0f5ada072f0614b,36271,Curitiba,MS
038d8873f6d3404e938d306903ecf1bc,7329aa3871d6415295b4fc4d6dbd251f,56992,Natal,PI
24aa1672f0c549689ca6cb14e44e95ac,bf822d168b3e49f1a49e9e5920a0f6ee,45202,Natal,MG
5326ae52ee464fc49fa4064c6a3202db,e3121a0ddcd54f7fbaecaf198bd0f20a,41816,Osasco,PB
80b63018e406418499854f1b8662c41c,ed228571776246b982a29a6556fb6d91,72069,Sorocaba,PI
439e264fb021479cac9e049524567fbb,0b590fc4805b4ab8acd73789ac0208dc,75275,Uberlandia,SP
27fceb1f5fff4f6a919390fdc4cacdd7,5dbb40a031d34eac91391091eee1fcac,24810,Duque de Caxias,PI
c1ba8caf32034bd995953c4a0ca28da7,a42631685f0147dca6a42c7d57ec2e95,21608,Teresina,MG
613ce6ceb1ed4034bc5dbcafa179271c,05dc5189840e4880bb3966c2e19499a1,25726,Osasco,AM
0597af4f4a1446f6a5e18fd0f552ddde,1c0a7b70a969412bb220d9c8de71c258,40624,Santo Andre,MS
8c66397ef56a41529b3f174d94327008,1c45a188f04845778d06baf7d3098feb,89967,Goiania,CE
6e8ebd3499f747d1839ae1e8f49bc654,7ebd2d3123be4ddd8459025e7784d2a0,37323,Curitiba,DF
41381802410a437ab73eeeb13ceda526,459a185d0398452eb85e8fcaca4dd749,44858,Manaus,CE
07f1faadcc10442fb833dca909f3922d,84c4e6ddd8754bf38f638677df7a1138,46108,Belo Horizonte,RN
030cbdfd3d0342b1bcbb7c26f4baa771,e96b18318e874f6d95e76a7ab57928d6,11632,Sao Bernardo do Campo,RN
d4d6396092af4cd9a9b23e21be6b3ed5,57fe290fe6114dda8c4a7ecf3c901a58,22882,Salvador,MS
13f803c9add844eea00cbe03d0ce072b,bf5c62ac20a54959beb00976bcd7513d,75958,Sao Luis,AL
2e805b913fe94e88823af966f24c873c,dbc2e9a8870e42f5bfc2873a24c6a161,41455,Manaus,PI
3aaa98f517484addbf11e0ce2a78b9c2,73170eb21f0046a5a8f71af36fd221c9,73610,Jaboatao,RJ
2101d46f450d4e8f8c6042ef8bc9cb76,db476dd91d674552adc786de5bc66819,77196,Osasco,MG
7ce198ca69a845e19061b865625f4042,56da8738b6a14ff0b185e670d03c44b5,35163,Sao Bernardo do Campo,CE
57b638af3b414fa2a654727f66a0c224,9b2e7478ec5747f289dfc7c6dc6f7d43,32633,Osasco,RJ
8cb0a51a78be4b7e94fe358a48a4deb4,6894fc7c6ac14a12ad9d2408cc6d825b,76517,Salvador,CE
7e826d58633848af8f54d3246a0f1f58,18fc7b6b386f4fc98f77eeebf03db9ae,17101,Porto Alegre,RS
02e47ecdd5784535bb3d83b07e28e69c,fac4cae8b12c459783fbb84bb5ed2c4e,78034,Porto Alegre,AM
ba1991eafcdc4852abfb308dac103bbc,4e245b5ab1a647149ed0ec1c56c8a550,51688,Brasilia,MS
cb4f2c0f861b46a199633c9c5107d2ba,23ce39f4d1144aa690d12d9fade9bfb5,77489,Jaboatao,PB
b08ce9cd3cab490cbd3824bc48c997c4,97fb34e4a74a4258b7973556821c623a,22857,Campinas,PE
ea5e6a1c57f349939b5f1b0474c6083c,90bdb3c5b4594e08bc0b75724b858299,86825,Belem,MS
ba195de61f9b44e5857d0a6baeffe850,5796d810f8b8451596bc11b995ef89b5,24602,Santo Andre,RJ
bee8e992bc65491fb93db26185af9ab9,0a9fed305b2a458e997d8fbd5df35899,48130,Salvador,GO
450020e9825741e08e5019b4d7c4b7b3,f9a006a427b447c98ddf1603f4327d24,91547,Natal,SP
1b8bfb5b129249869af7d03002c1ac3d,4f0fc54e64a74eef95a88c9e73cb7690,11947,Joao Pessoa,CE
f3dba722f5ed4a4f8e39f98d086e0b8b,7e480b587c0f402081e01b119842917f,77005,Porto Alegre,CE
9ecbcdd7a16b464390902e61f4489587,6f8e6e1a1c21452791dcb744632cad85,27447,Recife,DF
b8f74f8518164b208ad52b75f68e8e1c,52887949e0c344e59be150f059954c51,75347,Rio de Janeiro,DF
389eb5035d8c4f62bb0f3d0994699707,c3920a653db749b8b6c47dc2a23146f4,80670,Santo Andre,AM
4a9edff8da464668bb5e3d331b3c7208,2f0ab262852344f6b66ffec5867b390f,92158,Santo Andre,DF
3790f63cd7914e6d9621948cf25e7246,ce11163ee55f4e5aa9a8bb8735eaa47b,41268,Sao Luis,MS
29f064aef47e497d871b86c905b3d8fe,cefc6c1206fa48d18379255e45f058e9,98600,Recife,PR
c4c559c74c7d45608741734d1ac66d2a,82382cd922044c44923cd886e84286aa,43743,Rio de Janeiro,AM
89961fde823d43e1ba35ea872d6b3c04,b7c754a240584bfca747c53884c480a8,17769,Ribeirao Preto,GO
62620f30489f48b4bf6ad7d4469b7a54,cc6e940856b74cb39b145afdf3b18a0e,97499,Sao Luis,CE
05732ac340944932adf67ec4d889b82b,0776972f7c924392bf559e51ba3d106d,53528,Joao Pessoa,MG
b9abc1aa1d5a4a70aaf0be69db95b3cb,9e6a1f4f620848e1a8f5c99e39cb2a44,75275,Manaus,AM
56e2031fc0004e8a8b8e9cf51400335d,966e63427c19435db21878ee39234cf0,42234,Contagem,PA
069404f2dea04efa9224932aa59e33ea,9692a22612f64baba44ae8b356a13d99,78230,Brasilia,AM
6e2b4032da7d406f8ebb9c79d1066e8e,d22378b2e4b54c9f92571a7a21c9ae2c,63543,Maceio,CE
a6962e32504949f4b1a3554154db1f0b,17c05c639fc14a8da1d45fb7b7b008df,31266,Rio de Janeiro,MG
22ef7237092248869bf9625d47b4ed6e,bfb50c327ce84d4b81d7eea0526d95c2,92335,Sorocaba,GO
ea462dc7ae6e4a7fa2c90d67c618bc07,fb5b41973c974d529cd9fa165203dec8,30441,Campo Grande,MS
506183cd689e41aa84dc231a7838f807,86355d80369d41ab9b0be8e6e1fd80b1,90775,Campinas,PB
e23a324c5ffb487d9535d8cfa1eab327,82d53200a7524d18a771d4ef9b58025b,58236,Porto Alegre,MA
26217f508e1442fd8af9e911ece76813,58f9da659580402fbc8ffdce21d5dfd3,33027,Belo Horizonte,MG
4db38ad2f1634f65bf772b6593b6a523,3f4df59e6ee94170a06eaa4688ba5eb0,60511,Sao Goncalo,SP
b096c049280c439eaa3cced2684223af,95169ce3f0db45b6a3d36c04cc29a1ec,93083,Rio de Janeiro,AL
0d2d0fefd7bd434186cca62581d37009,d8df6dce201540ab83a415b29f95743d,31512,Rio de Janeiro,PI
e09ef763248146039cfb81f26590701d,ddfd049ec8a94b85b579dca052197cfb,27944,Brasilia,BA
84704ceaae574ad286636d1364a5f98b,ca3fe222bf9f4e4ab7bae028ad7aa1e6,45104,Sao Paulo,RN
e0188bb0dd8a433a80b5225f29d258e2,1c83669d9c0947cdb9fdc6c76bcb0d9e,96038,Guarulhos,AL
9dee75d213b9490e82c76424260c7050,55c203d96c0542eaa20adf2bd322fc41,47287,Osasco,GO
f62328322180485f8c4c9f43c8fef26e,760d4ac4ebee4bf2a34856c209237612,97532,Ribeirao Preto,PR
1d04328d19b54946806f90a445771242,52268413402a44258a41cf4b10470adb,60970,Salvador,BA
e4b79c9c5fc94d84af6f92517447889e,dfcc12c9ab0a44a4b70dd40776dd96b5,25239,Jaboatao,AM
8db16174f81247839fccdba0f43cf55e,fde3fcfbde804a4fb276a229fbece7f2,53607,Rio de Janeiro,DF
b620de5fc4a54ca890999d7b509d10d9,4cc11e8e5e4a4ea8a99987d04822b23e,23745,Manaus,PE
62f80ea7df154c44a4e6c933c19e2af3,7338399dafa442448854635b35801178,43592,Contagem,MA
d9063846d8ba46c796ccf1b47b4235ff,58c3a6a66ca94b389a8d6b4785cfafc3,81010,Contagem,GO
7b98739502a34b34b525911e44648ddc,5b249d8ae6304e73b5947ecbb4ddcab1,13546,Natal,BA
dca672e07baa45ae9f055e717434d224,0ef0a8ea94344ea7a4aeeb15ca34b634,83848,Belo Horizonte,PI
09129394b77044ebb401117d50377a7a,e081fb9fd4194c55abb7bad91c9b448a,47395,Maceio,PE
458c7565793b4f7595e5059ce4d9ee1c,f4b9278942404c50a6c7bc0c7e982b7f,56657,Recife,PE
dc3697ff2807494d8e5ca72d3c100d76,00bf0dd8936048668330d08552918492,87830,Sao Goncalo,BA
897fe0f417ea458b8ae0742f5148a690,7b644265b5d94266b95ce6567a139b76,56111,Porto Alegre,RN
e4050819308b45a2baff0de65d4a7c4f,3ae9f832cba44791b99bb07d2904ee55,29231,Sao Bernardo do Campo,RJ
357d199d21c94babbf6464104056074e,f887f89e79f04964aed56836b9d0f306,47859,Sao Luis,PE
80df998942d2450f9669179d1d56bb98,12679152b50a4e0d86c3960856a776c1,50191,Salvador,DF
a8071a5829c549bb8cd3d399f0fba71e,e8093e3f7b7e4bb191a33961f2ab1037,68689,Ribeirao Preto,PA
95b7720f06264127839c39d3e59c4bcf,8099c54632b04abc9896bde8d7877de5,63991,Manaus,PE
091e6b14e431492d9d626438623fa38c,39b17be6935f4defbbdbe395ecd71cf1,86913,Sao Paulo,PE
414ec9f59f7d4638aa1f0680a747ef58,1a8e6774f844412e97b165ac6bd51c51,60367,Goiania,DF
20bfe62ff0c04e15a3d7548fe21f0d46,f2f52726cd0345a0956125dde3259ada,47159,Porto Alegre,PE
5371a25d55f74f3fa0a6f9c5225f9810,2422d570bcc04af096a5cd723e3c8488,49998,Campinas,PA
e7651fe14b4443c6a23994de8f27317e,3a4e61e0cbcd41259609194cd447daec,73568,Porto Alegre,PI
3b4c0e7181ef407d84478aea606f5193,16d3661627704a8a992042235f0fa75b,18941,Santo Andre,RS
3064514b14e043c49f0031046489a607,93a31cf489be4899b97c06997be7eb36,51707,Fortaleza,GO
be576a8dcdb24c1e8d75ab8dc38ced2b,77d37bd886384fffbac0b6b62418aa44,27646,Joao Pessoa,PI
2c3906f419ff465f904d806fd9968a43,e09dadfda71d44a2ba4276b29481b851,76952,Duque de Caxias,MA
595e3753d00a48a786119ff0924a7173,cd4ae4aba61548b4ac8b7be66ad80c13,49058,Guarulhos,GO
2dccd8c8a09d41e281af6b85e5eb44f3,39546665486046c2baec9d10b3144637,12251,Sorocaba,PB
7a73752138a7429d852a25570f446617,8fc0b9fc428f43f7b79c420a183b1751,90003,Manaus,SP
0b89fe5c02344cc68c621c3edb2695dd,2685d6a30be1494c9cb09fddf5bc49b3,42768,Manaus,MG
6c0b962ff2b24f559bdf4b1cbe0c63a2,ea572a0638464e3fb8e763c8007d1306,72345,Contagem,PB
97ee4a88c312453ea6b0265c25d70dbd,d22d60da7dca4cf0a39f97248b3fd7e5,48501,Salvador,MG
4e487c6403494666939db1f8e7e7e62f,0471318f26dc4f05bd8303aff7128b32,41142,Campo Grande,DF
c89f37ebd8d940f7b72c232f772060d0,7e2c1c9ff40d47d6968cd95d24f8d40e,39335,Jaboatao,AL
f9b572035aab4ee0b5edaa86e6f1f971,b859f630bf3e4aed9e6bdc12d4d1f60d,89870,Campo Grande,MS
053935d67c2c4a0497fb29e92e750c29,ca507d1f47bf44cca3864c4a338cb20a,54595,Recife,PI
ba53fd858d3144d2ab80f182d48a88d5,676f2f7242e9446c8ff72802279b25ce,38677,Campo Grande,PR
84683232214e496face0e13f52962974,5d788360a2254addbf6a69814fe94112,73920,Sao Luis,MS
75bea7a385fc4738971b1f47ce0d1444,08191237b9d3434f9098748a5a749216,27367,Osasco,RN
2463a7e2340b4b2bb48dc7b2c7811eb7,e363b8625d5844dd9b992b3146f20ee8,25988,Belem,PE
fe1aa6a5fc9b43d7b6e41d8af554ea19,972f7178db94429493529595b631a057,29871,Fortaleza,PE
c78ef674d086494bb5308f9ddb01a4bb,5ed3f1e8615342d98453af81d39569bd,25150,Fortaleza,GO
caa99dffa587449d960c6e9dda00ed7d,875f4422f3184b46bce8bac2e9814e29,10196,Joao Pessoa,PR
b704a5b599fe46b391c10be111511678,4f5c32ad8af94435bbce8505f4860f09,79082,Sao Bernardo do Campo,PR
709936a060f34ae0af24ce3070a0829b,2ba04ce90dea4bb684080fa33cd9701f,46051,Jaboatao,DF
fc54ba74ea3c46a7ae1375a4b9b6bb15,0d75ceb42bf94f08a94b4e614cc78592,34384,Porto Alegre,MS
84ed3c2d546f4913894c082ec59ba9ee,11da98026a794441a0f7cc46f465bb3f,28015,Fortaleza,AM
9fe74f741d04463ba6149fbf2346209f,ab718d51e1e54c8aa9495c06f81f1a7b,69678,Contagem,BA
a1affa5690ff44cbbbf2c5a887895c55,c0562559178d4d5aa26816998e5f0623,15710,Sao Goncalo,RS
428d9fd3e5394fd6aa01479791c66b2a,20889daef9464a068e6359bfea3da481,19022,Campo Grande,MS
fc7b42fe8ca24628ac03fa05fb7c029e,539fa0900d694eed8047b3e9bae5f8ea,55290,Curitiba,MS
e51d9977c9eb4d69b86abbc3aef4b164,944405543be14390ace11f5e02f6e09a,16461,Sao Bernardo do Campo,RJ
27c3c4144da04df2b49a7bbc9d293667,47055c7005104cc5bd04a17a75ffdccf,66308,Manaus,CE
953860f738e24896ae076117e5959580,049cfe34aa224737bc36122324bce825,40767,Campo Grande,PB
efaf0f03115449d49304bad0eef3e3f8,093e67b7f0944c06bfe0543a0416ffb2,97037,Teresina,PB
81a0d050b4594c6395afe0274a23ba7d,c6a6a01da6654ad38298d273be7e6b71,74167,Sao Goncalo,PR
acc664ab7bf84f74b2d2761ca3df2f8c,3fb40ff5eb6d4be4848d04eef0c34ea6,39637,Belem,CE
ab1c820c841d40aca08715d3aeff456f,b4758d0126bd4f38a9d654fbd7b50c61,22710,Sao Paulo,PI
2f41547aa6334021937a759d77c61d7c,de1fdc3b26e644c594f58b3e1d369944,54757,Contagem,PI
78eb273336e74ae9a66a7c91aab93ef9,66a0fbb56a3f4bf38bdbb16ad0e038c6,34797,Teresina,RN
8676124047c14634abcafc643fe33177,2c1597fb7dce4f52a410bde21ef02915,57933,Belem,PB
f8868579acee40b2a4db364142d16a6d,8e05647c98664a9a8a3c4d79d464dc6d,33491,Campinas,AM
20fbd0d20de74a7eabd5b0089aaaecb6,7d732ef733694e9c824b03e1a29bd99d,30855,Belo Horizonte,PI
329e526838244c5197afcba7249e7fcd,d4fcb550c8684fc89678f89c704362e9,89117,Recife,PA
fbe48796018442b6bb7dde35d98dbd5f,c5a05ee85b6046b8891e275777864804,23119,Osasco,RJ
ff8d90a62aa44bb3a7225a8c20861dae,5589447d87ed41caac51fce60b567a5d,82977,Maceio,PA
6db6597929a2470c976cb0a06b9873a2,767976d04d404080aa630979d8012724,76505,Natal,PI
0b01eeb4ca1f496d97e5923811b8a7e9,64f2733fabb9475f8965efc9f0563571,97557,Belo Horizonte,PI
ebbdfa0debbc47fba4db29fadfa83725,43879c7828c947aab5fce34a9bb4d721,26051,Contagem,DF
e92d7a71ee3d42afb5b8363650740015,b35794e107b34eb8931c3621d881f730,88858,Campo Grande,PE
6e8f34279d0c43e1a612d1f053ef740e,bfe727b09b4e4a38b41ce4ae27e953bb,33769,Duque de Caxias,DF
b1e334080f2f4d7aa356d27925ff6f4f,a4620a80079b4db984b39dea8ddda59e,75131,Ribeirao Preto,PB
bd101011bb8f458db98366388347467e,998741fb2566448390a002e606e240ca,40821,Porto Alegre,BA
8b6d031029d34b1b90044ea2b58ff4b2,87eff28886664c8dab14d3cab5efb897,94217,Sao Paulo,AL
623aa5939de840a9a3b9739c523b8043,ba26a25b07bb4863b6b1956e33931fc5,43450,Curitiba,PR
1e9a5ad2068242f497ac86f76f568ac9,794cd77e79b74392856a8e57cb8ec452,96248,Contagem,GO
5095c17c5b2242229f0f967164c3f443,2be3868267ee45588619de09cdcac71b,54486,Curitiba,RS
cb9eecede62f42b3a258c0d50a763dc5,365be9e73bad44e3b1cdf7221001d12e,35620,Curitiba,RS
5e027f0f0bd9475faa90484b5e10efc6,fd929f5b28de43daa2888bd0e93914aa,83903,Sao Bernardo do Campo,RN
4d05748201b448d38f0e54472fdf6edb,a44412d58602457ab0210c7dba1680f5,22948,Jaboatao,RN
40091e8be7f84f42a7c5bc2ec915392a,968755176c4648abb30c6b12c006c37f,26727,Teresina,SP
5eaba68f0ccf47a5beae02ab820a24fa,6611475678314715b085382f56cde5d0,45440,Rio de Janeiro,PR
dd867fe26cc849ee849ac40cdc98e896,39b7edf6b8604461910b1d6ff3aab512,34280,Porto Alegre,BA
427e75f622044da0b49928ea54d9ecc4,4b3226de996246d082ada70e8b98e789,46310,Jaboatao,PR
63ddfee6950f4fe4895ed4d48a36a424,f87e3407856748d69205ae3c59e611cf,92135,Jaboatao,RJ
4c27e8cad7b24d3bb336199166c87715,54a1e0d349194938bcb0bf4c437484cc,13200,Campo Grande,MG
4d582fc14c644774b851dc347b55f283,891556f1c95f4dff816d0bf02b0ccc04,99219,Osasco,RN
ddb40d3f353a412881e9572c20210c71,1dff1e4ff5f0406fa0b69bd0826950a2,39487,Brasilia,MA
56cbb1d3f42c4f7d85daf7023ae3718f,d8ec282cc8e64fa59e10169eb9b578c2,35259,Manaus,BA
d2e20b54dc074b7da4354f22db681c0e,84cd6c4a822a4968884b3ddfb0115182,48455,Teresina,AM
d1756bba44444d47ae4a4a01ab8874cc,fd26c122cdfb4598b750a3cd1c9d586b,10498,Sao Bernardo do Campo,PI
be41ede9170b49569b5c1f9d8ec2fa6e,5fd7ee0ffc8f48c5ad9b60ec5e9e4050,95895,Santo Andre,MS
65d52723fe3442cb9fd1309fe3d5cfc0,effef9a89aa8427ca5d03c8e856c72cb,32374,Porto Alegre,PE
69602016b57c4dd492320db0e4b1afab,61a01c4bb35e40d1b3465b16d7070b8d,72930,Maceio,AM
18aaec3e1cf74e26b43ae5792a60d5fe,59e53ac248134d5e8148cb14d81fc458,85082,Osasco,SP
224832b320b44c5da0fc8703fe1fa81e,c62de428f880457fbbd617a29e7b3621,73693,Brasilia,BA
30af380fcb3344ffbd669639023fb6c4,16625d842a1645ce8c3776d296590571,20952,Contagem,CE
53f81ebd3cb147a39ba93e41d38bdcd9,54d11f9debfb4e6b9e30e2d52b905384,57946,Sao Luis,PB
29aaabf757ae4d389df4ab731127a9bb,07619dc8c83a4927b6aeb622897d6901,87077,Campinas,MG
cdb48b8999d54a44800d99a5f15c5d52,d29fa621a7c14815a03f3b7925c6f738,16533,Salvador,RS
77829292bbcb431186b8d32b4ea17b68,8b5b41820b38464da5042db33065991c,24612,Natal,PI
186e3aa2f8e443c39dea0df472a5b965,62e61490e8cd417e9bf5d0699542dc07,96382,Fortaleza,MS
28c8c5f1afba43a082046b37710497f9,a7245fc2c0114e479d109726e4a3032a,31343,Recife,RS
c58e3dacd00441e28a71581a8c7950d0,2d871c2a70044b6880cef4853acec6b6,95387,Campo Grande,PA
30c0508debc64c3b95b578f975cd9318,d24d19cf8abb43bfafddb43ef8b80066,33131,Rio de Janeiro,RN
4a054d4b8eef42f29d9f3879ceec1afd,b95f6dabad3e429bb0dad2bf0e2846f5,60318,Natal,MG
d5782e0a38b94d79a11ca9149ae7613f,3cbab1f8bf04419282f0fffd22fff506,56617,Salvador,PB
6ee6129e80fc40d8b623dff740fb3d83,cb0f43cbb2d24f05852ae811f121ccfd,37591,Belo Horizonte,MG
5ea25369517d48babbd38651dcaae80a,5792b22dc4ba4578925cd5d0b3d2d52f,84117,Sao Goncalo,MS
2e80746579b24962b4393b3176ba108a,46f38b8376df43c8860dbd75043e8029,76418,Natal,PA
34d2f69b69aa431cb920e96ab10aedfd,0660dd404fa74b1c9c33a26f9618eab6,23990,Campinas,MA
c47fe5f137484732aaba93acdca1526f,5b19416f59934b45a9c8e57172e9cc15,56960,Uberlandia,RJ
c6eae6715b1646489724e61cde9c5b65,9b7ffd03ae1048dc96df3dd0dbf13e44,23970,Sorocaba,PB
8b5f294b5df34a86977543b7bad73fe3,28b7b3d3ac0c47eb88d317b7c3159bc4,16332,Rio de Janeiro,PA
ad81600771d7466ab276718bf262d831,73a52b27f9544d9cae9e0aabaf736940,46181,Porto Alegre,SP
47b1b1eb54124cd7bc659d1072c938d0,462e05abdaba439d80a800b852ebf5bf,28864,Sao Goncalo,RN
4690252f28864891b7d92724ca89e541,c3b34f549912400ea22f28f2a4a65f76,61098,Rio de Janeiro,DF
faf897fa460d4f90bdf9bef071605d29,48e9052516e544e5ad54cf8dee411557,97211,Uberlandia,BA
710dde0f5ca44ca88e8f2d34c25b6056,4da7604ad6a64d6c81d78dfcd668c328,39133,Brasilia,MA
c1e274f9170342dc9642d8eb7598c124,80d8870b254a4a3190914f044a5374f4,28037,Goiania,MS
5d4da88c8b994591899091ad654c47ab,4d96090d4a9d4ebd952186cfdca1532d,58220,Belo Horizonte,SP
ea2b056f73cc45f28df6e42ccff394d7,8359180718b9416caed80e186ff18011,14407,Sao Paulo,PR
6911e8eb505d496cb024603113c8c6e1,42908aa0d4ee4a1c8d80dcdcc4c6ea8f,60585,Uberlandia,AL
fa6379bcfb7045b4a348e54c6025ac44,8889822c8b684d1b9fac3d2d7e0cc0ba,80443,Belem,MS
4f841e58b2814e758799723e2ee98d09,8d75236002f04283871a518223e11ad8,50927,Manaus,MS
df7779403bd541a89c37cc303996c9a5,2032664be37e4a38ab381cf9c041f083,94266,Manaus,PB
268df2bc79ce4c7b96146df728f62d1b,3288db6b7872408f841718f44eaef3d5,45406,Uberlandia,RN
b19bcd4f2bf044e18a5cf1c31710128c,713078ba7eb246038538cf655fde538e,93740,Ribeirao Preto,MG
2daad92f7c9b4d2aa1b463da9d842a55,a75c384b0ddf412fa45084fd9d84083f,81668,Recife,PA
82e43736b30c44c099016e86bda39d2c,8dc76c33f7fd48fbaa4b8f679dcf9804,75918,Belo Horizonte,MA
30baecda3b984584986c6a616a2fc6ec,4cf418be57e74e029fd3697c38385018,39736,Uberlandia,RJ
20d51596407e407baa42e9bd0bb8c1ff,e695350a69964a1dae20de3c16f73ba4,33115,Brasilia,CE
7bef0bf8926a4747916dd239a50938dd,4f7f1e167f594b2b8eea1e5af06cc10c,87626,Santo Andre,MG
9c62098cc60f4070994404e0ccdfdedb,8ca93b14a8b84463945a4659c2f9492a,80248,Fortaleza,PR
62144072332a47d0bdc7ab8d300a0de7,f46a350677204ca895711bd44eeb7038,63352,Curitiba,MS
22a53927bf774957ab8198fa57e47620,07229c71022d4ca2aa1a3cd8680ea4b3,27576,Goiania,DF
56b84bf2b8c74198a711c699d87ce0a7,c55b245f9af542abbb24f66f766d407e,22238,Salvador,PI
1b182b4d3b234d1a821478896ee40dd3,34fc4080c23a4628bebb27e743436314,14100,Osasco,PR
1a252f2c6042461293b9ac966ecb8adf,b9fc336bd0d040bba6e43948a1eacca9,21328,Rio de Janeiro,BA
ef8298f713b640c1b3a20494acf6f8cd,2e9543bde00e49f5bdb2fff95551d406,59892,Salvador,AM
2487871d033d4cc1811667e8d5ca2292,8349c95b81564c61ac76d027667b3bef,67758,Sao Paulo,PA
88421734ffb4488b8eb8893889a440e9,8576b6653c4e4aef837315d42f7ed3e0,14857,Guarulhos,RN
e2eca6bbc26642e888ffb712e635e101,b3dc83012087434a88d0e4acb55c3ddb,98263,Porto Alegre,PB
824151ee17aa4df88db4bfb67f2ed733,1a1257fe23aa421081b68f0198b08b6f,32860,Sao Bernardo do Campo,PA
2e427a6dbd7242c487e454ec445388f5,02e66e674f5940d9ad228925ab3c03af,30980,Uberlandia,BA
06c279037c384eb0bcd9b0b1358b8245,e0d88dc3f89d49c4ad4361d50202b6ac,85465,Fortaleza,GO
8c20779c0f8c4cccbebebe282619ef8f,6d438d8f5b8047799d7c9331a1a5e275,46877,Uberlandia,MA
1df1ece015644e199fc5866e7ade0111,dbbb5d4e3ba14ac0a6523af622e9ee6a,54127,Ribeirao Preto,PE
55e2b95cb59848fb9bcce7f8b130124a,3add9dea109e423095073b87fa714643,74790,Guarulhos,AM
3e31904d7fb8429aa82f61fd70bed96b,e9124043e5d042449831652a6924330d,20075,Campinas,MG
718776e053824e21b30c6a9cf35ee193,4e31c28342694b229dcc7758ba57b48b,48914,Belem,PA
527e370696e943409d333d1f89d3760c,c0741e30da7f41ed8d1e3e52e52020f5,88009,Ribeirao Preto,RJ
1dca33a3200d4bfcad6d74da9886cb05,e394df60bb5946848d96b516e4fdae60,37040,Guarulhos,GO
35b28fcd47824fb8966f831b2fb3a664,ee37432de9a64397a66d853b249ff7ce,39531,Belem,RS
9fef91c7fe21478d956a6e19f263db96,cda267f39aba4746b87b96b85e32bae9,30782,Ribeirao Preto,PR
28b0f3f6a83d4a0c9309cdcb48783afd,811b6d4e286240fababcd30b13882402,67798,Fortaleza,PE
778d5ec8c5aa4f85913f637c2d2918e3,a67af4ce0a984d2facabb98a6be5e133,67276,Campinas,RN
500825f33a6a44bba24217625dff2d5c,89a51bd54f61488eb06b00d446fde320,60328,Osasco,BA
46c063d671784faba8d2f1e7c7dbc82b,44680a0a5369479291fb4cee86ab1101,31936,Campinas,MS
385615042d18448f851fcff6a53bc0bd,862fe22ce9394fcd8b238b4470c55998,61097,Belo Horizonte,MS
416dfa1b00174568a45155cd28a8614a,fd3bf3dfbde84aa5860993eaf087350b,49863,Teresina,RN
c194c862537d4c04ba941971073a6772,cfa7e4bf74534b9db24e274b14a2e098,87075,Sao Paulo,PE
2cd1d5d8b5cc4507ae2ca9a6a3d70294,466fdd8881ac4b8fbc16b392bfb9d3ea,56617,Jaboatao,GO
e4b1feeeb0e74f908b957eac82d634d5,a51df40e91764e0598fe3837da8df0b3,31774,Jaboatao,BA
dd3b551abef7446db8bea33b0001f296,c8c7177f761f4573ba740fdf1278b02b,48567,Osasco,CE
07ff8b97eb4d4d018bf44fbd40848470,3e84812bfe934413bfd054bc449899c4,15666,Belem,AL
265979680bd9498aae13407965cac5c4,6a61f4f0753444ed89f2d0b22ae66b0b,44173,Salvador,PA
1c3b2e73d7e84a34b2bd5efac6b1e866,0784efef206a4c6e909dc72e5f28ae83,47876,Campo Grande,RN
ef57caf99aaf4155a1598490db67a400,68aa6de0f18247e7a66baf310d562467,79782,Rio de Janeiro,MA
ff3436db30c5427785b0a7599efbbdee,9516fa98471d4550a38544a2ca964131,45627,Manaus,MS
abd0097bfe9042f8bc3dd186a46ded8b,330d46c45fd14ceeb51e4c567a5d8761,20892,Campo Grande,MA
5edad1c5a86b484b83614360c39760b9,51840021ccd14c55a151698f0c2b89ef,15243,Joao Pessoa,PR
f99c2add291d4d908559be91ee927b4f,cb968fc311fb49e580c40f3029af7433,48017,Uberlandia,PI
0b6729ef792f4984a67d7959079284d7,356b5d549d70410393b27a085da66d71,91574,Sao Luis,AM
cde324e4218b45fd9ed49bd2c2a430e9,7fab944a70f34633b5288aa69ed2809f,19056,Brasilia,AL
8c60c07af47946d08f6ccec692160705,7bc586ac63e24d9bb28bfe58b8dc1f50,16080,Brasilia,PA
6d27ea81d6c04fb7a008a825bc9fb4ba,e32678f7bde34980a2ac95dc9724b0ea,59817,Uberlandia,GO
4f436ebb52cd48a6b52a36b52568892a,eadaaa7c5e17473d8576199a12594f2c,40743,Sorocaba,PA
d8ca0aad4387484382ad3ba0d0c40560,c2af40cf8da647f2ad61487b50b8d94b,34265,Contagem,MG
fefd1a90fba642d2877fcf5397eb32b2,45971e3f193d44c298dc137ef5f940d8,22565,Jaboatao,GO
d5e3a0411a604fc6b6b1b9a38d6a4459,744c9ea4e75a4c56a63b17edd864425b,46694,Santo Andre,CE
b60919f4533148e2bd3d5fbbeb77615a,3b4674117c9b4e21876e5ba91eacabcd,43432,Sao Paulo,MG
c4827403a4c54e59bd39c63a1c3bc50b,70e5448877ce4233a894d8e714611aff,55520,Sao Paulo,PE
9083670ab55c4dbab656e3732ae71a70,57b19e49a9a54af7a49d604881a548e6,38006,Ribeirao Preto,RN
9c7af15e517d4daba1db5d60997ae969,32a47b2d0d9243d4b7be0574dc5ed8b9,90093,Santo Andre,RJ
5389afa1f59540d49475a977e631dcf8,fa494314a8c4409085d71bdb03ba6a18,78770,Campinas,PB
205f062a2a524586ab30ac043fcfceb8,cb9f14a100904886a3fca5f992668731,13506,Maceio,PI
8e89cf6b31bd4e92b3b909522fc835ef,b0d4a2255b474e1a926af40d4d04c567,41583,Goiania,PI
66b553e7a5144703a69edcc96699255e,3ba9a63f69a843158ece13e621e3970b,58395,Sorocaba,PA
f538a19f22fd47f0899468a22220c90b,72e10142770241efaebc37010ee7c6eb,75884,Teresina,AM
cd56aee7884e40e78ab9080710d0d337,4ccdfe9f9bcd402e8b2eee9f2d39b67c,65988,Recife,GO
5c71d2e083624d789a977861c277e97b,9c0fd15395e74d6387eed35862e65c36,44460,Teresina,PB
817a5b4ec2a34b50a5a211ee692446d4,23cf139ea18141c48bdcc4bd9e5fea3a,68763,Belem,RN
1e15c36dd6e44247aaacffa458eba2e7,c0aa2b6fd2c54374b02475211f0974c0,85295,Natal,MS
709ac312962d4c64ad073db95dd8608c,4e13f1d50e714b29b3f93a0b4cab43a4,44071,Salvador,PA
59a83a1a225b431cab7bf8e9ac13d106,d1a0e396092d4d60a4e657d9f317a4fc,48331,Contagem,CE
b8556e53d38f4d8ba60ec1959a614bc8,5916f793321343219d38dba528c9774e,92843,Natal,RJ
4a2c9950efd040f9a7dd6fec449f09f0,26d6a4695d0146d7be7e7bffed0155f4,49746,Curitiba,MA
56ae967ea3f7417eb723ccb0eaeb4945,e181d604949c4e8588034a84ea188ddf,79493,Fortaleza,MS
91d4bb99d814473889aa8b5bb770c79b,601b9d32c9fa4cff846836d8d554c4d8,52810,Guarulhos,PI
ea7d65c3b3ed4983b552649d25adf905,0e711ed228a54c1faf3ac6ea3b81ba30,43530,Natal,MS
b307245c18334fa49ecc1594aedf904c,631ed1c9d91f4a9892f03ef8a6d76452,98066,Maceio,GO
40da7d93df434aa2b5d7186e62f5a0eb,4db84df23f274199a33adcf995166ddd,18091,Santo Andre,RN
e37cbcb90a3e4336be94339c18aef0ee,d5c8696d242541a8a6c3f8045ccbccad,78484,Uberlandia,AL
1bc75c2cf9e34f92a5576565853979f8,d01fb55dafe946d0804a060268bc7ab4,73072,Contagem,CE
ef64f27f370547f1b6110990cf6dbe64,26b2c509db964b4b9c86c7d92ac7b88d,51607,Manaus,RJ
af8c60bf111b4467a6b04473200de21f,078c64a0fedf4203b222e1d2382f2ddb,77054,Brasilia,GO
d2ce7e8c94cf4d679d2f0998bceeb4f0,37cde925b23c4976851ba67b0792fd15,79460,Sao Paulo,PB
feac4e198d724d32895f3d62479b5096,d7855c0cc8ef4f2bab9ad4673f9d5011,62960,Sao Goncalo,PI
d827faddc0f74d53b6faf9f24d8b6ae8,e17237462b904fa7a5ea21946b9d8609,98429,Jaboatao,PE
a8fa68f125ea4ac9bdd3ab2bcbd3be41,841f578194db4bafa391c7d1bbb82500,58907,Brasilia,DF
c95f332490c343688726ec73b72db517,22ae4254a94e4ebeb3ce7a2acac662ec,88964,Sorocaba,AM
1b26326e3d7f4700aed3c243719b6890,e4a2860f439343a2b4e5d56c1b49c3ea,99040,Sorocaba,CE
ec93f284b2944e5a9ced91e5d93c51e8,d5d07799124c46158c2c3652fd1a346d,47146,Campinas,MS
39bf7ce593f241069e0376091dbf6cfc,cb1f969e9faf4276b7febd45f3f1741e,19309,Teresina,BA
845ec010581142df9d00e862034b3a77,1ee37ea718b14bd08098c7187d21d690,70838,Goiania,CE
e0ec2da5cbbd4565b3773d814320269e,8ba1ff4e3dec4f60a4482ce4197c4642,38358,Sao Goncalo,DF
0c190580cd884321a14c14ed0077c583,28d8b8a00c534e6dbbc0383748ef7b48,12657,Sorocaba,SP
8ba0aa31aa3442229cf0f0a260663aca,71192a2e3a474a72840eeb04095cd91c,29253,Osasco,PA
021e2acf820e48248f89153d1bd9fbe6,539759a1f6294ca7830951859ebaf20d,90273,Teresina,MA
d9e86d8abe6c45fea5e26085267e2ce7,e51c3631f189471ba343176bfc7ad7aa,34973,Goiania,MG
d59603b059cd44abb2e93c02b9fe4ddc,69d2dccc8bb14e468cd2d3592ecc29c6,83333,Uberlandia,MS
e0e43c77f1bf45ceb26d1f6b665f9b20,faf887649b3a4b8fbab0ff6523570cc5,55988,Sao Goncalo,RJ
0cecac6eb7c746edb83a440774071fc4,cd4637045143405d86d9274b0601a375,58003,Curitiba,CE
d64492ddc5f44216b63d8c91bf9b657c,9d82c00729514de4bc101ca597605a9c,15447,Natal,AM
f155ffe4cfd34943916f77039ab587fd,737fbb89e20c4f72ac4cbce647b35e7c,59318,Belo Horizonte,AM
95bdde3f652745f8aa636d1372722dc9,6f316c5f6ce847e898e07813d2695d32,99653,Teresina,SP
3c2228d887f1412fba2196d69fe39c94,33444b5a799b4294a5f2c3766ed6dd36,18532,Porto Alegre,RS
87ddef2bdf3846afba6969e82f6cb4d4,72a4f299691f439dafed6cbae163432f,63392,Recife,DF
99f5f27a0c3f446a809ee836ae771a0c,30cca8eaf03047c584fd096b28ff3d97,91497,Sao Luis,CE
6d3c5018ec3d4bc09877e3adef7cc848,221e3bd349324838a063be9d3cec52dd,83975,Ribeirao Preto,RS
95c07d77489a4d22866ef25905252c3c,3cf9e57a54d24403ac8639e2d12471e5,19303,Sao Bernardo do Campo,RJ
61ec29338a2647d69f0f2fb0c7a23698,7ec3bcc3d6a247798f8375b587d65a55,37699,Campinas,MS
172a41cfa1e9403ba32f890527777035,9a550a78545344a58734f154cb2c5684,53005,Maceio,SP
07c84d5241434fe79d3678266b7b1981,ec78ad85bc414a149a701442caf77000,60804,Natal,AM
7c547cb3da864416a6ca76905bc76031,aaba7d2ebd894fd1bd9fc7ee0039a0ae,30144,Joao Pessoa,PI
722b739c745549d8b1e9c9bdc38f515a,1ac197b577c94b6f9a6fa3e9db780d3c,87518,Recife,RJ
40b697c3cae84db291b33c3d160fb877,ea171fe4135a43428620dd23ec6d1c06,19285,Belo Horizonte,RN
6a2226e62cd2428889c72cdb2e247144,1a89f3a519d54ee293f46f686a35153e,20172,Ribeirao Preto,PR
246390cc47e04942b0e82bfa01cee561,a464e27932d549e5a9bb8d38dec9ca72,14438,Jaboatao,AM
1652a2206d3741d49e65f0b66fdb31d7,5444b5ce3a8e4eb4984550bdcef23c45,73509,Sao Paulo,RN
a89db92f6fc2401e9c3eea887ba9aca0,a4d89a21803749d9a0defb33c6a145bb,23283,Maceio,PE
3efaefcf03564da38495f8620fcb293e,fafab233804a44e88d51614866c5e852,64015,Ribeirao Preto,RN
9b71fb9051664ba0aa3826014d290173,8cad400761ff4a7a91cbc4e360858a3d,87471,Rio de Janeiro,PB
f3e8c9a0fdba47b3a3f5379124cb3ed6,d3f1ed77a4a84227bdd1bd0f53e8dfd2,70982,Sao Luis,AM
65b7af3933b54076881426c0631bd412,d65b6fc049c042acab6e8214358e1fc5,72363,Curitiba,DF
685a39cfe7524eac93eb572cbc24e2f3,203fb0d211514e3b847047d0bb1fb101,64545,Santo Andre,BA
640e457b41074bff8b499180657b09f1,08a1e022a8ab401a8b2c9a06af958903,68645,Belem,CE
32c59c69426643e7a68a23c078125051,b0064d756dfc428e8020260998e94ba9,74269,Porto Alegre,AL
764493e55e254a20b7d866b878863de6,c7201ef8b76f422b9e86b3374b4cc5a4,16200,Belo Horizonte,RJ
c768416ee84b4f678d0052f88f9ec6a6,7260a43e85804697ba1f402db2b1ecf3,12126,Guarulhos,RN
b750d79d60164566bf903d66f1aa3166,13c9e8b1abd04160aa74849f118c492e,71688,Porto Alegre,RJ
e2f4c5d55e90499fbfda95172aee5b5b,5991c0afb1f24af4bb5e8e4e2d4fe2c6,10212,Campo Grande,RN
dc3314abb9b64161a4a3581216013a88,ef2a764000304bd787f3ed342e7a441a,17215,Belo Horizonte,PI
dec0ddb3aa2346019de4f051834ae41e,c6320f65c00e49b5be1819da24df5ee5,38234,Salvador,PA
fb2eadcefb014d67b10717f9bb58849e,16f5d8665f4d4c18b13fc2bb645c8bad,92538,Sao Bernardo do Campo,MA
62d8db580c704114beb09ee049cb03a3,a5ac566e481043d6aa6a11325a68d710,59974,Osasco,MG
f4a1b373401d4d01931dbd07e717cefb,a6ab06727bd34d4d8e1a9b4af9bd8895,81326,Sao Paulo,MA
853599b0e2cd410e85d07806631c9711,c67b6a147e2e4c2a8ba9a94ce463109c,22288,Sao Paulo,PI
d65be64b22ad455ea60675336a2e8c3d,0e622fe7350e43ee8b6c74c7bf82f092,54398,Santo Andre,AM
acf000b104914ba78e367691eafaba25,aacb794c33044f79b654bc8c51bb5eb9,69476,Rio de Janeiro,SP
fc50da13a25f4f96887f6a0717f0eef8,d73894c657744855a98838aa37b02f7f,75487,Rio de Janeiro,SP
ede90c8024944747a0d3410bf0719a5e,aa81960cf2544b5f89111da874fd1018,23138,Sao Paulo,BA
5d1308c33c654b77b1d1a4088283bb42,e429e4bab8f64a8da553bbe8b2ef749c,28411,Salvador,DF
a39e880533714eb5b24de824c8d7e170,0b759570a87b4a8a9f34283be4ca98f7,32187,Joao Pessoa,MA
1405310c7a66408eabd0cd57f6c94fae,84b5cd61fc6b4710a74cb764561dafc0,83348,Ribeirao Preto,PR
33f56e24c6884ed8bc420f1b4f490e17,8b91796c53b94fcd9148530c2a2eade7,90484,Rio de Janeiro,GO
f31dec9a54554bb3863665cbef56dd23,71ff00a9012b40f4a1309b41ddc30f7c,22556,Uberlandia,RJ
c3ef3719fa3c447db4ddf0744fc05ef8,50ffdd76ada845c5a20fd6e5a1595c9f,25976,Contagem,MG
cb7aedc2ace64e2897cccd55777cd50f,4d4d3bd636ba4a268299d523b506dd0e,81572,Contagem,MG
9c4d44babe084735aba5c36f35ad86a8,42ec46d13b9c422f964dcbc73d931e34,59650,Natal,PR
5e453a177ba14d86984cd77ffb0e8838,f57c78ed95594112a774778f1acabfe5,45207,Osasco,DF
d469967b5e7241519f3aa4e3e41ee2f8,b4c5ff9069604920961223d6d1c68055,10680,Santo Andre,MA
dd56ee6e012b4374bd03bcbfccd4730c,618c7d56f17340b180c84ded2f7e56d0,70712,Campinas,PI
d0cd2a30c85743239feb4aec04825c99,a7cad582c53d44e9980131efe30cefa5,72502,Ribeirao Preto,MG
cd439e73fcfc432ca8f734f164cda8ec,0bdb55b0b94c4c1f9cbfdcc37d98a5f5,15199,Ribeirao Preto,DF
fb86b27c6590431ba6f6b363d8ecd0c3,094f8f300154450388ad707261350646,46911,Campo Grande,RS
32b939605b5f4d32b554fcfd59608ea8,b9ea1e02369e477fb40b00ce0ce7e510,20401,Belo Horizonte,AL
981a1a1836a24a26b3006070a9390fba,98edb77ba9384a60b0248549df44342d,40064,Ribeirao Preto,CE
aa7d9feca05b4925ae0aecfcf372a3a3,3d79a4421e514ad484fc52f6e4a5c665,83222,Salvador,BA
64ec58609e9442a1a0bbe456f51a2b90,3a177da35f3747a4adc31bed3f6115a0,57553,Brasilia,MA
773e9c6a44434fc9b35f430e01121c98,e99a561130d34457ac597a015ee97bf3,43723,Jaboatao,BA
ac5747d07cfc4dc982dc4c4e3f1f9eb5,3eb0c90c2c8f4b0593c6a8286899f6de,87342,Contagem,GO
fd4607dfc7754031a209e5c46f04a08b,3044bd9b1ab04defaad30931d01b1229,76436,Teresina,MA
b8301c58cd834061afaff2d0b798be48,30daf9f332b74b849029f6ffa82038dd,25930,Campinas,RN
f547f89301c1462c9d1e8e34b75df9e9,d7b6aa969fb6463d9ec6e4ae37417edd,29117,Brasilia,MG
49075d9e46244763af887a573836a942,702e83cddec34d0694afc8333e5f1ed5,73528,Sao Paulo,BA
71d1e3af469f4fddb0d486449e7d0657,ec07e3b0859c4ddd90db1607e799a3a1,52829,Recife,RS
f11b60aed0694026a4684eab30aff751,e476f45970cd448ea8c3d33c796f5d04,87996,Guarulhos,GO
ae5eea788bd0403b8b93b1d26721ab55,b56269e5baba4e1b9d9da06a27e1d6f3,52839,Rio de Janeiro,CE
b145d66cb76f4ad2aa61b5794a275d2b,cb22abe3f92b4c0fa66959a9129604dc,46099,Contagem,CE
0f225c2d2cbe4037a76558ccb2681060,b7373c58484a499b8084d2b00d77c568,20961,Uberlandia,PI
21bd8c83bda148f3867beab7519f4897,bc1d1b0f6c4f4300a746b3e3ddfbb606,96949,Santo Andre,BA
05587046d460430dbe4492f1010aaa52,81f14b485d8e40c2a3f2006590f930a2,52676,Ribeirao Preto,PE
70febfb5715c464d8ca31a4a9e8a5acb,e382fe44ebdf461abb639064726f9ea4,93429,Maceio,RJ
f19fe73bce3a4bd0ab9d73147a108191,ea1ef7f8c90f4d9a9bf720069f58e54f,53428,Joao Pessoa,RN
1721869d240848c28318f2b1603c0852,f7df297cfa21439fa6e4dbcb6885967a,55257,Campo Grande,GO
bb1e30d73b7c43a9921dfa6ae78c7b65,d6bdb1ca82e947f7b0a30fbca2047dbd,10258,Sorocaba,CE
da26ade159cb413eb34345bcf3d4ce86,cdd33a30b54143e5af99e73814bebea4,48587,Salvador,PE
c593385f7fea46eb9796d71887e42d6d,c4e695f962f748e9817a7031ee199c3a,95307,Jaboatao,BA
6a31f72193484427b75ec73f9794f199,b0ebdc4ce1a5414ca9a31b696dbd1c68,64910,Curitiba,AM
0d61c3a131e04ad7812cc1cf25795021,b6dc7c2742e8483e83fde34635653871,59125,Fortaleza,AM
f1537ccab1f84ad99e8dc643abda7c4c,94302f11799a45ea9579b82cd9acd3f3,25121,Sao Bernardo do Campo,RN
30dc95f5ade343be89fbe4a5c895f8a6,fe43546b0283426baa0e683e2ea3697c,92491,Goiania,RS
4681c32e0f2f469891babb24763f3538,634262b0fdec4273b81b1008dca57d41,75953,Sao Goncalo,MS
ae79c1846c5f4adcadb866387e012cb5,d079ce3cf2f7465dbf7a11dd2e010232,26377,Uberlandia,PR
27130d0f623445bc85d848cb7a31da8a,816d291b187f49bcb17b7fdb6b2fdcab,30137,Sao Paulo,BA
89be44799ca743a3bc5fc2c9e8ad127e,3e06dc0a0f764998ad476d27d9d531b0,12180,Guarulhos,MG
a3f4ce099e1b43688e94b7d2c1439e00,c624693af34f40cb8216c4f0984dda92,37047,Campo Grande,BA
eb862f1eb8254f1490073fd83bc3b20a,7aea8938d7ac46899dc4120cd57a0835,11880,Manaus,DF
b7cdb0f28c254507913c9c534f47259c,cbc97153e5de49a4afb0cdbf8cdc91d5,78683,Campinas,RN
fe5d54647ded407983c3e7b18264e09b,459858a7ad1c452fb58a450351716fc0,65746,Ribeirao Preto,RN
98ce5d1178f4476993bba6b83bbf9b31,03875fbf6bfd46808f5c819dbccf06bc,46709,Porto Alegre,PI
50ae17f285474808a1a1a90995fa5b29,9bce73d1859e4fed9fab23d36d8bbefd,31917,Fortaleza,PI
2889469d68a54929953f4180335c0ccc,007b7260b4564327be3f9c7841aaa08b,74119,Duque de Caxias,SP
850a392e26214a06a2b67f0f36d3c748,a6233aa0de6948ca97a8afcad5fafc01,75404,Contagem,PR
8cfce1974fe34e77bdfff77c128775dc,562eb2962f0d4618adecfa79f8517e41,90601,Rio de Janeiro,RJ
4bc9c7d55c00448d94187b67af3afb4d,61fe00a272da4aa7a2ed35196c152e9e,49227,Campo Grande,AL
41c50af66c874cd397db0b864ee20f30,1c449c1f086341e79001442d3df69334,40197,Rio de Janeiro,MA
75f9ce65cdb04e5ea139ab26cb0c6b0a,c2ed1e58012346b2afa877a818ece055,64711,Guarulhos,RN
c83d961ae1294b46b09c930eca062ee8,26320857ad3b4187b6259ed4116a3e00,67277,Fortaleza,MA
3ef0fe8033c44ebc9686358022466616,be2c713a3c69416c9dece94b81561bf5,14147,Teresina,CE
fad83a68edcc4f218064a974072ee3c1,b65db71b198d4b259b4c42df9108961a,89781,Uberlandia,AL
a972b495c8ef474da6f3cddd6c1818e8,b319132093b54a25b99e02cce527f52e,95294,Porto Alegre,MG
4741689fcfbc407b909060b8f2cf128e,49152f39c8ee41ce8052e22f439208cc,93550,Rio de Janeiro,PE
3c090d60cdfa43dc8363838545a5d077,6c98aac71d8a4b0791cc5cc1f463f02c,74586,Brasilia,AL
90d6a899534e40e98bdae6b22b825f9b,e5f2890174b442cb96b31f3c06d002b3,49033,Ribeirao Preto,GO
8e0febf3036448769d429f396f76ff57,4e7f70ed7fcc46529718643d9b7fb872,43689,Ribeirao Preto,GO
104da6764a4340798113e53733acf11b,bf0be4e3942043fa8c9f10e064285e2b,93617,Maceio,PE
6248f319ec9c48369bf0d84aa3bb6098,537b811d33794f7586f33dd48b8570b2,49935,Contagem,AL
c2bf2c78186d4543bb6107584323318f,4d2f5a1b36b74fd494f711ed426df2ba,55111,Sao Goncalo,RN
958c0953be1c4ff08495e871f4e5934e,87fda8dd2abe44e9ad1af5d26d3cbd61,25471,Manaus,RN
4ab8938440be4f97948a44502b643459,96977218642e4290b3ea0b60cb78b631,24583,Belem,PR
8ac9174ebe184938b3042c0c45182e68,a1551fab30a34862a0780d342853eada,43379,Fortaleza,RN
158640667e304aaeb1ff00dc10022a16,be8a08f54f95480db6cb426e217aa8c8,75796,Osasco,PR
31a35531e7a5481e93f54142ae294149,8e4fcc948e5142569b94fac1e8b154e7,93310,Ribeirao Preto,CE
a8e0169022e6456c9ee272cf7917ec57,d522900e05324a3ba8c0b7ec0b8f0d37,78304,Contagem,RN
cdb1fc1d2ee943d4bc4f9df6054f4e08,d6c4bf16b2ee49b4b139184e21bfe84a,38177,Salvador,CE
a10e8d44afd14a9b9941da74a1fcdad7,4c16d88eddf444b8a69b6740a1e6d5c6,71399,Jaboatao,MA
c906345444d14997ac1d28f71a05e7f1,9eeb00bf8bef4175bc199cadf586dd75,65869,Goiania,PE
d0b4fa66333f4059b105758b187ebe3f,5523816fee8447c7b816becc78f423b3,80031,Teresina,RS
54fb704bee724680befcb5542970fc67,c2359e5d08f7457b8fdb88b2ccfac03c,26789,Sao Luis,RS
b1cac4efa40e49efae8f5e7cfa561462,a90fc719e8064feb8067fb414f7be2ca,87862,Jaboatao,RS
ce93496a84764ee3aa6e124e874a8d6f,bf77b01cd1d64b11a1896be3e5501e9a,66144,Joao Pessoa,RS
0deaac672e1540eead72dad32d12ca74,22f358e492c0460eae5b972a714f2cff,54926,Teresina,PE
2e70c4c39bfe4a26a291b7c881004835,2013b1ebaa1847a4a132ecb9efb8d8ba,94887,Rio de Janeiro,PR
99bbfbaa290f4a489c9490e785771845,aaef2cfb55ff4eb98bf4b3131ab3abd5,13941,Osasco,SP
816827a440ca4bf3a2abe900b26d252d,99b3ffc6df844a8a99ed956742596776,30358,Teresina,DF
5f7a89002f334669ad09b6c12fec8fee,d274873ee3f04f239d230cac9932b54a,49354,Manaus,MA
9785679d04624ead80a664b83b8425b7,e1d129b4078e43908b02af893b7517c3,64488,Goiania,RS
fa177f17b6954c4e97680947a97d29f0,96c2240278874c768b0dda1641d9cfeb,57068,Sorocaba,PR
64647e1f7f8d4a0895b463cbd17325f2,fe61d26e94cd4f48a11a8413e3b492d1,82630,Duque de Caxias,CE
de3216cab67142ecba640f2ac9961c26,ad0c5724398c4b9baa0a0eb405a021a4,38190,Salvador,AM
8b64169a019d427b9abbf1b8f2f0ee59,b7f4fc569a7f4a91b5375d09651d90fc,50063,Santo Andre,GO
04af739973284785978c4e821f9007c9,1e0eeba414b64cd38dcc00888a7b842c,42072,Curitiba,PA
8a455505e1364906bfa64a33c85fb706,2f6f166eb59e472ba4e7211edc90435a,60803,Campinas,PI
774b9a315b344196aef05d82a2932f31,5e11a5aa18f9417e8aec6f53ad2085c8,31222,Salvador,PI
f884ff6104a6491896facaaabbb89c52,ca1c5f79d9e84135a445e3d7685bfdf8,88468,Osasco,AL
cf95339e713149f0a47e5021fd3b37c9,82b5dfc50860483aaeadb908a3624fb0,57820,Jaboatao,MS
ae5e64a6408a41358828711ed0c77a52,e16ae1a01c444f149bcc7c519370d7bf,97928,Belem,RS
77d0f8b2dd0e43c79c3145654dd58047,7c8c175a292b4225bd053e8283ce4d65,89271,Sorocaba,BA
e503204963554a75b004898ea2a96b62,53994097924a4a8d85a7dfdc7ff65e44,97102,Sao Paulo,AM
3ea45829ef334e52a3d25d2c42eb831f,298ca7fa5c1a45dd8ce6a2207eaa7580,90576,Duque de Caxias,SP
48dc3f6d2a3f469fb02bd89576db4013,983862f509994650b2e481bf2d2033cc,24816,Curitiba,AM
450af2b6068d418aa0a55124caf1289b,da4b6880603d488bb1882d399516aad6,93303,Sao Goncalo,MA
97c532409df243b7b6903b6e986c6fa0,47c1691aa24745d8b142ae09f99ff1e6,19597,Santo Andre,MG
3de35539b6b64ea4961d33fac2037a65,39ab89a996cc43eab0c5e9e0c3d5fb05,57897,Sao Bernardo do Campo,RN
ada3c1dbf1fe493497edd66d166fd9fe,eda8a80bd13b4248847471aec7c9f73a,73153,Sao Paulo,DF
1edae9dc5894493d941a3273b658b03f,d920ec3d3edd40d19fab7c5ad99dfa32,50724,Sorocaba,MG
80d8cd1b68a541f0b7cab53d676a46c2,3a6fbab36e174647a1420244b54fd221,25099,Contagem,MG
e62e72f06afe41a8aff786dd91e2b167,22ba225af93e4162ae6a95d1740a07f1,56679,Osasco,PI
45f2f4bf52fc49fb9c45f32c88f24380,b10baefa3d944292bb37177bb69804fb,24149,Teresina,MA
f79888c77a874324a373b02051b15474,15c98cfd39244390b82877c948b35ddf,30154,Curitiba,MG
64e450d90fa7479b871d3edb5405a407,3ab1c6ff150545e2bc80359bcf696f7c,56354,Manaus,PE
de53dcba8536408888530ae15e96682b,0c081f51a56244ef87eaa9d387b24bd3,31031,Duque de Caxias,MG
41b2f858a59447adbf028042e0b75a70,7a10a925447742ddb46902b0dc83dc50,24831,Belem,PB
f32707b6e9274097ba5cc59d92f6ad9b,886730fda073451f92521511bbb11ad7,70640,Sorocaba,MA
93c75b12e65d4ee2a1fb4cfe19bfcfc5,1a9289959d2541199461b9ce56feee77,54286,Rio de Janeiro,MG
4ce342b56b5147edb169c673be3c91b6,1727316449d04b7698f2f135e1012bbc,59331,Curitiba,RN
135478bf41cf4b4bbf5381a612522f8e,d34d69fc96f049a3b24ab8d04da477bb,93569,Belem,SP
722f9cd5521f4606b99a268a38512c11,3e920f10af344b4ca4911e50b07fcfe8,58381,Sorocaba,RN
431236d15c4e4ed3b9f461fcea73b2a2,9d8b9a52c6f443d2abc3c4707b6a5ff0,89364,Jaboatao,BA
35b9f5e5beef476b856a56ee2d41aef3,e12009db8d2d47c0bd105b7c5c1c6573,25829,Uberlandia,PA
6b7dcba1f6bf4dfdb624bb30abe5e5ab,0d01bedf709a44f3a217c50f0332ed8e,18435,Rio de Janeiro,PB
1f1bf01c4df741fdb86c2bfd948561ff,6c08c5627b8a4198a11b7e94efd97ae4,22121,Rio de Janeiro,SP
b816f624d0db4747b5877da1bfc5e884,6af736d67b214b2fa7f5cad7b69b9aee,94471,Natal,PE
152d149c15ba48368855ec391b3cf0f2,0fa779fe55ca4c96a33381b16c1569c4,48653,Manaus,SP
0dce23ba854d4cc893194e144a35bad9,e51a47ff144f4c498b1d8f7d906505f1,14652,Salvador,RN
66bd4edab52e4bf68d6b61a9734d1f22,5ddef52d0d80417e930a0516286e190b,73979,Manaus,BA
f281ecf893304e2297caecdc425b5af1,551b31d5047b43a4b752ea959f7fe5c3,11853,Sao Bernardo do Campo,MA
7306f28f860c4ab3b08b25489b88906c,ddbf1f59889b47bd80e8c2f6cf28e10b,54026,Guarulhos,RS
5295fe749f664f2ea781aec4e4402b6e,04fe1c8330d44086b7ca4480eacdfba1,29141,Sao Goncalo,AL
f7c6c624ea644f6e9a0ba47b3596de8c,040e9a42daed43eb8623a51e18b39f56,92379,Curitiba,PB
5f79d6142fa14843b3ad1711fe2c22e8,e4b46263cda94277b1e07e6ba08f670b,11116,Ribeirao Preto,PI
c903f32e4a5044e0bb39cb62c982e45d,00944182050e460c89e8d7c16da3cc46,32692,Guarulhos,PR
820f19b7c4ce4915b391d843aca1be1b,24cfcc8c924b453a8c145c17ee80e933,31621,Uberlandia,MA
6e2dd5d20a70414fada4161e790928c6,e18ffb07a2b444829274d287bb79255b,68361,Campinas,AM
763f036ec4844a35aab5dfebf07d632a,31f630bddfdf485eabd4dbf1cfaf2b09,94062,Brasilia,MG
d7866872093e4844ae7c512fd5e997a3,d887ddb7c7774cd8866c03729b97f835,50553,Manaus,MG
8a2ab60b775c4e8ea134a7dab7d26eda,2fc4aa8c9a6b4e64b8f9599e3fb333e5,18048,Sao Goncalo,GO
8d5755e54cd34b1bb15edb3f8a465489,19c4f74915d84bb38befc5e179a33e2b,39973,Uberlandia,PI
7130d35a1175481e9351337df3283716,c4dae3026aa141049fbadb710b621a02,72356,Belo Horizonte,PE
eac64618cbcd463398972e2427f4f63d,8498aa837a2c470d848144ffc43f8392,24257,Recife,CE
7b6b83774559446885e2487216c13f0e,5eef1cd769df4148bbac1eec0191a525,66606,Osasco,RS
5ceab32583464cc4a163f46982cbf933,fcf8d70f8b084c00b2e245b9e6e64ebc,27567,Natal,AM
c1f02c96ac284baebf5e37bc5df54c96,d9f9c5abc5774c5cac812b000217fc33,14028,Santo Andre,MA
ea28b665411c4b35a80daa7843075247,ed9e503f142f42fd8563fbdd528f20a7,97852,Santo Andre,PE
32f640731cba44f5a21905b505a0910e,6e80d38688214d12851482d9b568ef8c,59999,Sorocaba,DF
7ee497c60c9241e3b14ca167e8e55b4f,e0076d3f63f2442dbed53e805c4c3b31,46868,Curitiba,PI
fb776d5c122d470bbb8dcabe8e5b1bf9,3eefe718386e445fb3a2c753717928ae,36447,Ribeirao Preto,PI
53304f60cd624ae5a03d43a5c4a18156,7e82d635ca33468699030e1cd9a6d386,18289,Campinas,MS
e08aee3b47e647ba8fb9501db56c77d4,d8b1ce81b14e44ec8ff6b20c3c71000d,49382,Joao Pessoa,BA
bb6274744db2402aa478bf0afa0ef505,565ae0eaf28345fc97e01682379e1292,80807,Osasco,GO
afdd3e696b434cafae67d19307cbeacb,2d0e53de09ae4218a0ff18e188394848,50715,Uberlandia,RJ
430cd0b99d14458087a81418fe21b361,2b29cb76851f417d854841d87c65f579,56630,Duque de Caxias,RS
8da7761e1c404fed807007be265e6051,4cc61ce7e5ae47efb046b6717ebc4769,96067,Sao Luis,PE
2ead6351d68944d3a1b9f9243fe8c33e,65fb732829d243758e6f90b16df4f9d2,42260,Duque de Caxias,RS
9331ea6c40494b6396224487b6648f69,70c28291aeb0456aa38191843918215a,74037,Sorocaba,GO
29d1bf4394e5432f915f17d9fdf1ff44,d40b98226d6e4742ad581d640ecd9880,27508,Santo Andre,PI
3936e547a7184e5a800ca52d3ff734d9,22c605ad2d1b42a3933d56eb9ed2b025,87258,Sao Luis,CE
619790b1a6dc4580a539b6dbfbb14c2e,da7a89616f3c4e89922fbaceb6ce6863,95418,Porto Alegre,GO
03a750ba0544445a9faff18e7c37c0b4,f6a7040a7cc14b78835b78b9ebf5047c,89576,Sao Goncalo,PB
2502fef8109743ef9f285dcdfabc8665,ca1fb907015a47fbb7196ca7a5a19814,87280,Duque de Caxias,CE
90102c958a9840dd956460c3aac10d17,7a79450a97db4eaa8072dff99b273cd0,34528,Contagem,RS
55d2f194646646878ae3b65213d686c9,85de746cba39410e84d1aa815e3c3ae3,54547,Belem,RS
dddac87f62c040a89f8cdee3b112f5cf,4d11453f4c444901bde054376c867f37,13457,Osasco,PE
e0dd4b62d9a74bfba13927cc44f895f5,d32b420a56d344d0a2980a46b0c53568,29841,Brasilia,SP
347107eff03945fc96db6e1fad46f253,686461f1a70b4fa39297011b75262fd9,11235,Brasilia,RS
50074baeb01c47558612c439c1a60c45,3165aab57878438e89a1f2e403857af3,93385,Natal,MA
82eeae06b5274669a4e04856a56baf84,8116aff368f5479d854279da79151aab,25525,Brasilia,MS
6455be872b2a4e89925d1139b63cc80a,15dff919d42d4465b65befaa3d7e3de7,68395,Maceio,GO
fd416fdcdfdf44a2a689db6b60ad6e91,009cdbe743474d37be5671e27431c0a0,46669,Belem,PR
bae3d1af2a254a89adc33bd219b98d86,a80fb35d4f064f76a4da41963334342c,84169,Osasco,RJ
08163fcff9214d8d8220a238356721a8,f3ee388c95cf4bd585ec6cbe98146690,55402,Sao Goncalo,PB
29a8dad0d0234ef387e185a37013dce3,980961e73a40403baa11d7d44318cda1,59843,Guarulhos,BA
6301884d49b945cf94679654c5a1a0c8,a5a4379d778044f08a3636389eb88797,66507,Campo Grande,CE
5f9e1e96f1e24064ab61d9dc275db2b6,067f7559a56742f983907f0205aad9e9,38174,Manaus,GO
aeb2332e73e743719a5a32412b4ff979,07045629a3384f7baa28f9e9ec5aca96,41619,Contagem,SP
c1c2882df8234c4595890c3da74f7314,bad3b9d47c1a420098a49e2f143468d5,14263,Osasco,BA
027c8b65e2974311b2bb1f3f3cb7b134,4d46f0d613334784832369dd38c68494,95767,Belem,PA
bba32585e92f45b9a4e7277daeb4b72a,b25a1e1bb7a6486d9acce0cf91b18af5,35602,Campo Grande,GO
85a25fc5ff2f4b2a945cc25e8b65b9f9,0f11d3861dfb4191833ce8f5d040f22c,96345,Fortaleza,PA
173a64c1d15e4f1e884e19df7080e209,ff17c658cafa41719d68779e182eed55,62469,Joao Pessoa,PR
1499b29a1c4b4ac8ac8ae1cdeae37559,e8c0e4bbdb12400fb5c4a6aea89219b0,69563,Ribeirao Preto,MS
f6fc25ea3f554749b7381696f2f37ea5,4c427020a37e4494863f5d59c8ffc2d2,97581,Osasco,PR
bf79a0c1aab54aabb99261575ab2fb5f,a90de5f51ce843a085abbf230830d27b,23829,Fortaleza,PA
6f5f8f95cc2c429d8a4a0404e7bc2e7a,98885a2913e541c98a6ae4d1a24bf7e3,30724,Porto Alegre,PA
fc83da48cfc94e3e90352422b5a12a25,b6e2b3c8e5d64f0eacce30ad0686c2d4,79577,Osasco,MS
47e62651894c4ae6bb68f7a2f8ca48df,783229e41068415c92bc0577a810a6e6,14187,Brasilia,AM
d1da9d7098124ba896ddca569761a4a5,691cf9565b944080931f1e2d20bab3ce,22448,Osasco,DF
a7e03a5c5802459bae4a8b9d1664afdb,403d484c960944259b0a573a32dc1267,18193,Sao Goncalo,PA
09df76435ac44491a02f3f8f72fab651,3fd03287c94641c5a3267dd458aa98cf,25980,Sao Luis,AM
de1de8128c0448dca8d7389fce042563,de229bc0c8cd4361abbebc10234b903e,97429,Curitiba,PA
40fd3ec08d5c4ce79d4f9f0811354560,b6fa541b48834722a43c86ade33c4a10,83031,Curitiba,AL
5a2b72461ea34525a43ed0d7e79c8bc3,7497881a4007400780342cba387cab88,28621,Sorocaba,RS
8be2b04a930a4aebaf6702b51435da67,d8158da192f0403895305e4ac731523b,83808,Teresina,CE
c6eb2b93349b488eb18f5a119cbadec0,bf76de83970d4d00a3c6a847bf70056d,26296,Goiania,MG
f44eb37ce623406a97a71d53e6d32731,a6357a34d7074473a7c380b4f93e65ce,54537,Campinas,RS
f45985ee6a164b69896b971a0283db29,13e93af231234bbbaabc2c6d69184348,50824,Manaus,PB
27ebf7e773ee4f82a92ef0be9479f839,611794b059674894bfdc08ed413c824e,74942,Sorocaba,PB
b62e3d4ed11748ac8e072061c1e1bb04,4f089443f2184c8989c3db291d8b3777,72337,Belo Horizonte,RN
4905e0df06054185874ddc6e860caa7f,afc3fda71b0c4b9f87eed56de914c77e,18970,Manaus,GO
a6deaeaebd824ebeba5de9e724b1b0a6,041400111a764eaa9623c5af3a013f9c,99665,Sorocaba,PR
7af0d57cd4f840bba5db157e9ca9cc05,57744228ec0a4a1ab390566c2e6e0eb0,55683,Sorocaba,PI
bc2478db50be45dcaaaa7315f5cabf0a,e1cc6a3b2fa24c379d58d37ab21203e9,99241,Natal,MG
81b0a5d45b804db6bd795264f99e0e3d,fe5bef92c82d4d919d23213c04fec6a5,17393,Contagem,PA
2a9b974e9bda4775a0f830779f37344c,4f35bf7bcc824324bda426b3e8b7793a,46517,Duque de Caxias,CE
bb44b171d792465a98c090c3b1cbbea5,3bb29687a7224024a06373285644fc87,53358,Campinas,CE
d2835b4bda234479a247d8f8e5a365ef,d3913f254ad449b59fc774e8161f77bc,73426,Curitiba,AL
ad1e2e4d73354c779dfa85aeb107ce2e,fede7e0d62714e818c20a614c9ddd7e3,46781,Curitiba,PR
20f184c36c7c415f918e73cf751e3b9d,8271dd28b9bc4ed88a3dd437580a2854,26340,Campinas,MG
79d82d89a45246eba04458012ff76bfc,f29221ebb1b849ec89f527db80fac915,30212,Sao Paulo,BA
2d8d454cde6d49f2a4aa8ccafdfe48d9,1ecb6dcd466b49eea484351937cc57cf,82009,Campinas,PB
027512d2476f465c84b5476501c9b534,5d5329ac3284490fbc5c2b9259864d3d,96666,Osasco,MS
1bd80d74d781473f8407697803ca69d0,8f1d904ca3e042df8e4adc88ea82058e,83184,Porto Alegre,BA
0c4fd5704daf4e7f947ea5522906c12a,ac575b946c0f45ddaab77738df7fe88a,97378,Joao Pessoa,MS
4e4c49e67d6a42268fe7d09289ecf0ba,5018a3e5d7a54382a29bf2acba37fb51,73099,Goiania,DF
d7998d7bd8d743ffb655cbe4ac6793a2,ea618ddf9c1b43e7a34820088b8b8b01,51220,Manaus,MA
de2fc75d8eed456aa9e48178b1aff9b1,e43233c97f0c40938d6b90e9ee85717a,96154,Sao Goncalo,BA
cdaa3a861f4d4448be1656b3ba10ac30,2a2ecb1e9c5c42059a3dfe56cf4af653,16178,Joao Pessoa,RN
129112559cd1470ba813da059aa1eb8c,d1af0088184844c6a721cc50b8838e47,56362,Rio de Janeiro,MA
5118c07429cb43dbb9f245393e2d5aa3,056cd229077442f7acebe3663f79dae0,59217,Campo Grande,DF
730e1d8e041d4f3a92920d908a897ee6,f1fc6c8a252c4b588d5962d4751371b1,99662,Contagem,BA
c20684accbd649129c69bca307f9e01c,3fd0256be8994a11823760d31a82955f,81633,Goiania,MA
766ab4ea24eb4c01b89b49bd80b9b993,cfcfba2844de4e629816a0deb006a99b,77893,Goiania,PE
07afb90bc24a466d86343c4be10ae073,d2116a333b7b4f78b682fcb5a3b37744,48182,Belo Horizonte,AL
0b455fff6f164e8e88961de979a36596,b302917abdfe491f88c5334c52ce7906,47438,Ribeirao Preto,AM
0c733bd3763d4e2985f73b951928e527,55c79f4c654348feb5bbc88253bd0f55,36930,Brasilia,MG
e181432842364fb697114337195949a4,ba47c841106549c9aae5861c381209a6,21423,Goiania,MA
2d6942dbe9d046d0bb12dc4df1cf39d5,baf0f53ec71b465b991e6718fdcd58ee,93521,Joao Pessoa,PB
0147f1c4837b46dcaa0cb83e18e4df95,bcc917f048414a309c25452c37ee4061,51643,Porto Alegre,SP
800207f51ad744bd93d7180da398838d,cb3aba8206de4ed99491ad358c7fb414,32301,Guarulhos,BA
ff7ea7c5e0a243b4aa131145728e75b9,0b8859ec8b664f9f844deff4c73b91fd,23026,Maceio,RJ
b4b2edd10fc345af9149bc4d5fa55cae,e210c4a97910475fbe65e45abf872237,61534,Joao Pessoa,SP
512a42fff2cb480180aafc98b67a3f4c,2fa1670c83564eeea9c1252ad5834a22,42181,Jaboatao,AL
9ff748dc2b3c4469aec75645595d740b,79db18bcb6164e5bacf45fbba9295c2f,42744,Fortaleza,AM
09d4731331e04171974573ac66702d8e,3d9c225d978448bcb2c73654958b8d7b,99750,Belem,DF
4104b0bc4fbf4249a0e8890d10b708a2,d2298f6550374b58b463f0d795246606,82071,Goiania,CE
a4c68b4a9194407ca573a0eabf9e8f74,bd43cb4e53ed47c3b4ce44dc4950db04,28954,Campo Grande,MG
2ef98043134f42d993da62b3285bf88a,e4e1b3d90dfb4f6db3ceecab6829a72e,66038,Ribeirao Preto,PA
213d419bdfea4bc8bd0b20b7df9b58e2,b964585dd8a5475f9d315c4017a11cac,62294,Belo Horizonte,PR
e5f89cca302443f4aae83727d980e06c,97305e90b27642489333719fc176b798,18104,Ribeirao Preto,RN
ec70e0bdd6ff4d0fb5f456e5f5dd4a07,ff34d2d273fe451a8887f7a12ed2afd5,41516,Santo Andre,PI
c6b277986fb34cf5afb4d932f1fdf86e,7d385c9eca3c472fbe7f8125a0881f03,67381,Belo Horizonte,RS
d0a0669beaa642c5b2a367282cb2b080,e3e982a303eb409e9adc96df169df099,76999,Porto Alegre,GO
93fc20f0fcf74c7382a62069a199780b,23228d9b4603416d882630291adad1cf,45513,Porto Alegre,PR
83e843e268bb4163be2a72cf57566757,8ccc76e5d680470797d06e6f354c3cf8,13886,Sao Paulo,RN
1e1e3da169964b948aafd074db779698,690f79a7385440b39a0f3e05fad29958,94637,Porto Alegre,GO
26804501b20142188a522e5cdd5357a8,de360c1a5d974c2fb19160ed9a23866f,98534,Jaboatao,RN
b6f42a56ba98432a80802efd54eed69d,8eb0195eb4f446408f819be490a139ba,74048,Sao Luis,RS
3ce2a2cb71344d7d937e79b87535eb1c,225692f8deb1404e8f533648ffcabc38,25873,Teresina,RS
b127f7fe6695494d86b44ed879cad215,f060ebe10cc449d1a3c3670a711c230a,65064,Ribeirao Preto,PA
0063f2466d0a4cda81fe56ce7c94282f,a7c2dc03ff3d43498424f5651dfa2d86,23143,Maceio,PR
29b9a1e2d5c347718e05721852ccc12a,f737efdc7e9f451cbcb735f5d2ea019f,22725,Guarulhos,AM
ae43fe4221be409d801bfab09b8b9d9e,4cc36d54dcb749c48c0071f9fc22461c,36298,Jaboatao,CE
d93ef90f31484eda83af906b4f470825,9a8ca41c058444259034035232d59191,58088,Manaus,AM
7647d3564d014eb898dff5dee230072a,0fd75cf523eb414caa22b7e1b1ee1cff,66826,Curitiba,RJ
26ba9b4a62e641a4abedbf547fe0b281,186b5588f0174e5c8e58685d14590817,53583,Sao Goncalo,PA
48d2cba5d02d46408aebeec94ff43c63,f3b1a608ca5c45408bc9cc903fb5a7f1,70729,Joao Pessoa,PI
4eaa38a12a2a47d1b5ebae81840ebc5e,5415c5a29b5246d2ac389005a3f25b9e,59773,Guarulhos,RJ
1c96c8707c0c47298acf140f458c6711,6dc8886b5c4c4512ad319888de9ae3b3,69403,Rio de Janeiro,CE
fc15ef11b070479398edeb2fa50f0f18,5081bfb2c2964a19968db5264eadc07b,54113,Sao Paulo,RN
f651cbee344141a48f87dd17bfa3f2d7,ba89150b6b1d43f4a67a641a26049c05,60042,Campinas,AL
1a12c295bb454cfbb711a985bc9ddef5,898089cd17f748da8beaf21d309852ad,15847,Contagem,MA
2ec1fe9d78a249a0a8e0ac96bdfda563,6c8a826c60db48e49d9ee0b9da822097,85442,Teresina,PA
41aed6e89f4745f7a477d8ecb00a49bd,0ef64b83cd264e988eb5f882f1ea7bce,12527,Maceio,PA
40066627acbb44f38a6448a0b4a09b82,463be3ce9f464f7898241e0485d98263,29396,Campinas,MG
43fbba5ed36445b9a5f2c4afa67737ee,846a5454801d4651934a4025e99ffb32,16193,Campinas,PI
fe86233e83644cf79990da351631560d,9c7a0e4fd7dd416c8ea4d4c64507b93c,90777,Campinas,PA
619fa2ae9c364816950594b8b6951051,ba549b5c883d4f8490e62159f9c8c657,55369,Uberlandia,PR
d58484ceb7114facb4636313dc377cc3,186f6d3fc35843609f92aa1695c1e155,27818,Guarulhos,PE
6557c7e9e2fb4d46bf8afda99a58c88e,39d2fb51921a4d34ad1fa900759494df,75071,Recife,DF
2e46a09bed034328b00ecb0444d8b17c,6064fcdd5a4c4c10887867624788a09a,95001,Joao Pessoa,PE
363c80ce9a3f40b487135d8875e246f7,525f5fda80b94e67a4b6903e2402a094,18403,Fortaleza,PE
6d94e4e6857a46598dae6a0f58fcaf43,7dee4c7ce46147d4a9e5d027c7ab3091,11835,Sao Bernardo do Campo,PE
c4e4f368adf541e8857bc4b75c045ed0,930b6b710c85454097c2ab7504536dab,35623,Natal,AL
39b97dea6e3f44fbbbdca14033c3220a,4e1feee405614d0799fa864045efa2c8,78208,Porto Alegre,PI
99b7626b49bd47f68497147ee319f136,7f351d38d6324830b40680964660d377,37571,Goiania,MA
a247181eb08d43d2afa6001eb61fcb25,037cf13cf5ab4335b99641e54b93a559,16564,Sao Paulo,SP
9f962bf34a1344ed9057aa796cc1a75e,613f1a35080147beaebeaa32678f2f9f,18815,Duque de Caxias,BA
092a692f2b994c4fb4bf0bbc9d59df5a,5e65880f67fa46198e6cae232b480383,11013,Sorocaba,PI
eb288bdc487e4e0eb2ee6cef884aed67,c9856e6fe80a4ac29e64b4a929f00213,73998,Brasilia,MA
56e2dac24ccf46ef80f3c051fd4c9027,be1084a9874d4406b12c64c2c3f22d6a,92860,Curitiba,PI
eeacc5a584c14490a549c8fdf36cde9e,47d972c6508b48bbb41c8cafcc0bbc74,82273,Brasilia,PR
954d96c877e5443daf6e140cb6a610d3,288197c0bd924ad8860d8214fdd970a4,98736,Natal,BA
59a7003d1703406cb267b80d9cbe8244,701a8cacf0b14e3883449df01002a6a3,72489,Belo Horizonte,DF
04eb41109ced4aabb5690f1770228af9,b646269d8ad54a1d9187b15a629b1006,76316,Natal,AM
2ba0f9ea0d46477383b036b36f01bfad,c887aed396f04e84a6e3786000f20b1d,83273,Ribeirao Preto,DF
a7573108c9fc4075885534bea61aaf6f,a2bc8f8687e94b77b24d27903b56a5cb,90000,Duque de Caxias,MS
7e02f2f854d24967b08bbe7b504b7c3a,e1ab39ab472d4b509be6080cc24989f8,89158,Salvador,DF
19c1281cf2e540f494b92e6ebbd9612a,cd4839487cd440fd8d620cefa21d57b1,64174,Goiania,SP
b67b6a0775cc4acda0e401943704d096,edc7ac96353d454d8bdbd6b5a6536bdc,22756,Uberlandia,PI
b1d2b55249f2481fbcea283d0ab9bc2f,6e2069a3fbc348f3af1979c4718641c3,19700,Sao Goncalo,PA
54c3545729bc46969c1751c43009dd33,7861acacfca5405d979fbb11835abc58,69847,Campinas,SP
77cd6cdcca7b445f9d9cf6c4f652915d,f78b35ef2a9a4d169aabcd1caa5ddeea,23440,Maceio,RJ
f6169bf4466a4206b74f4d93285dc47f,5209b4bfda424c19b02bbe558a846a9e,78147,Campinas,RN
bed23f154a5348909833877987ff76cd,109a1000a9a64a67819332f934237a2d,99610,Ribeirao Preto,GO
1eafef8f3ae248d5813f3b37407b975a,10698d315c804fe09d5629bfc1dce210,26400,Salvador,AL
ca4d150f0f894f5e9902983ec389f064,65b9900e6dde4370bf9cfad7a873494d,27192,Porto Alegre,MG
a6da74a2dfd84d6fbaa21a46a04c3ea0,8cea0153e14c4a21af61083c5c02176f,53750,Salvador,PI
6b62a13ed3b2487da437b1296d2ea5e8,e4aefe0246e748e39df8386136da02c9,90566,Manaus,CE
de1a3109ab2c4e978b877a4cb624a79c,45512c4a50b04f80ae606eadd6045403,76894,Brasilia,MA
025b27e7067f4922b764d4c70cdf4f4f,95bb246717304bab961f2750cc8eb378,67210,Goiania,MG
2ebec03f4ef14658998e3dbb86afcfa6,d80ef86410734e768301c9916dcea2e4,73896,Sao Luis,PR
739f6ffc83fc43ad9d07a112a1bf9916,488d2ec5c51e487fa60be7c61090bbe5,20183,Curitiba,MG
77b4e5d6131d44339dee3ad5fc4ad02b,288bae2ac9af43258d17b30064621b70,90516,Jaboatao,RN
1a1611f6fe25463bb48963de504e4c60,fa7c08fefb30434e86c1af5652dd5d70,47964,Natal,AM
0b6973eb8e364de084c9fc510fea904a,fa364bd4b66b487e8a81698e5ff75d3b,25167,Manaus,GO
b8a5d00822cc4e8dbb608c5fc1ca8588,4568e90cada64123a1aa335f7e73de42,28038,Joao Pessoa,MS
2db6e80140f242b884b1b6c0828ef10b,8a33921fd4504fd495bbe71a204dd682,98652,Campinas,CE
bb7a9029d25443d9bed438f847d73c18,67cf56cddc514a5ebb81885fb8a0096f,55171,Goiania,AM
d65e920ba05d4119b8bd56d8732d4085,36ffa4406e834daabb784af094ed69ee,74468,Campinas,PA
b5e3c884ad784564aa193e771bfe230c,c057ba4efe3944f483b3765d12d08d97,18206,Belo Horizonte,PI
0b91cbdf9b494dfd93e6b4d914aa3f4d,7219028ee4c64c5ea956ec03ac2e1bd0,26716,Goiania,AL
dd904b2ca85144d287572fd9c62943b6,84769b03034b42a897e288b26115a0e3,65556,Teresina,GO
f8b8b410e4984adfb38eeac7b5bd7b85,4f011613da204b6faaa1741b62144e1e,24450,Guarulhos,PR
f4a9cfdb4d8c4fc78c05c371c0455c6f,8ab2e532b3984549813cf952716c260c,88137,Brasilia,RN
9be3def6f3f1446d9d50765b73a3c283,764d426629b0495492408f6b504316ab,32217,Sao Luis,DF
63a8ef9bbae1430b84b11d6b31a042b2,6cb75e467bf34486855d3dcda5a6164f,53216,Recife,PB
3ac8d06c4f8d4fee8643cf29488d01de,15112eb3225a4e5bb8d6e3977331521b,35466,Campinas,CE
3c486c517ffd4b71839ebc7948d77365,4bf377c21c3d4aee8f3dad17f3347b0f,80124,Belo Horizonte,PR
e2d27528dc4c45f0ab6280201624ad5c,abc0b2fb7fa44c9a961bc5e7b04b2a1e,47660,Brasilia,AM
380e081b9df14e4bbdf684289f4d7b95,26092d177d014f598107b125fe84dad0,53744,Sao Paulo,PR
9523955678a643e7be509520da388fe9,7f734263861f4aff8b01ac516434e6f3,36435,Porto Alegre,MA
2c7912805ed64e78871657f3665a8674,6d271bef8daa4549a3a1c7a7d8cd6ecb,11622,Joao Pessoa,MS
b82554e4aee041a0ae5fb12868a8738c,bb3e095094c8443cb14e4be6e0694e45,50785,Natal,AL
7674dad0f2da49488ce289964cd99e74,f9ed63fecfa3486ea6990538280e0675,93191,Maceio,RN
4928353a2ab942eab2505d223bba0fac,fd5dae6633fc474b8e7002ed52235a18,52698,Sao Goncalo,RS
036126457aa44332972647afb1d0457d,d78725c6ae3d4efbb73b8fe9627dc2d8,94636,Osasco,RS
d37079b6f717427984f1541056e07764,a1e1500fbe7c4d5f81040a14c24441bc,66084,Joao Pessoa,GO
2f5141585e4a40ddaf9d5c951d3f6903,cfe1ad595d444fe09bb51d69fd048042,49920,Joao Pessoa,PE
61517e6961274f81a4073d33eb306973,29ebfac0ff354fcfabd178646f1bd1ad,80627,Salvador,DF
f91c072912d94ddbab0f79d7f3fe1f1e,5d91aadfdbf343a7b3bd46c2c288ee85,77539,Uberlandia,MS
9d810065db3d4f6abe69a18ac4482dc3,b68e4f9d6f354874a1bc6079a0b8b60a,38530,Campo Grande,PB
456f1a273ff24f41ae4e1e485dd0518e,7ff47dfd61ff4568a13eeadce6eb8bfd,96445,Fortaleza,DF
ba61d62bd6334748a66682b654c8aadf,4cb7ed6788cc4dbeab72fa9fa0c0a474,26658,Sorocaba,GO
ec4f8f41845e464ba9fcac4d2b868eed,743dd489a99540069ac3f6bce918b4b8,52726,Maceio,PB
bccac0ad020b4b17995f38edac7e554f,f373719181e34208b60f240d8400b6be,74173,Sao Luis,PE
90f9102235bf43b4af18bed5ee6ed589,4f711200056e4636a15bb858b739d999,15241,Sorocaba,PA
d319e69d2a2049d7b4fc68fe3faaa9ac,7af8ac80ac134562a4dead12943c38d9,17613,Curitiba,MG
a15874e414dd482c9b8285b909be6622,9ca6f0e3cfef4f58bcdfa58de5762112,54622,Belo Horizonte,PR
8637a45b779b4e498be62fb94ec8e411,009d24a2c10d445f8ca1affc21c934f4,50677,Jaboatao,MA
3c27e5859f9f48b7a25b96d184f695d2,69934545124d4b89a9b2ebaee77ae641,58944,Rio de Janeiro,PB
a35ddd1f25924ff786e0a9d551429bbe,af0a64a3c74f422581d8b4ea192ee54a,96868,Campinas,GO
4443a7408a354cd1adb92e862258d14a,53b2193c275744529e96b04098e34b31,64804,Campo Grande,AL
e06e5fdcc1c047e2a9f98d13a88a4cd2,eaa8730f8efb483aa53d5011438345d5,38723,Duque de Caxias,MS
8e4431c5826041a09fe1778884496423,4ac36e7a3c0946d5bddc9f78f1175623,44929,Porto Alegre,MS
257469d9fd7140db9036e89a3448894f,faec521df6914b3c9454d3290e14f85b,74481,Belo Horizonte,AM
be8b5dba37494e339310e839f5528d63,a2ef15f05b674a05a82357ceaafbcc6f,50360,Belo Horizonte,CE
bd833cbd113d40b69d7fc155cca509c2,828c99608a6247fca14275e4e6dd3e8b,54494,Osasco,AM
90967f7a6ee4460ab9041ecf13a766c5,77961aceea0c4bd088264e957c9bba01,94044,Santo Andre,PI
3169df9615b44f0e8dec5a4ad61b065d,bb44c71ec28545aabfb0debd13ea6103,93902,Manaus,PE
14c86854ae4b4819ad7eb66a15c1c95e,e2d22209f3814489b8e99be5b8fc7fc0,21438,Sao Paulo,AL
aa59f4cf993f4e9f8a5071462cd6aafc,447751d61cc543479f989f4cb0e80559,58318,Jaboatao,RN
18bdc0195432443aaabfaaf52b83b294,1ac8937aacdf494b8a7599016d3f623c,27739,Campo Grande,RN
d411410d73fa4efe906270304723a770,d94ddc17a6264140b0cb4858c5b7120c,65257,Ribeirao Preto,MA
e9dfcafcfbf143268fced8e8f78fefe0,99565a572b6c4cf0a823912cd5d6e49c,58062,Campinas,CE
cb9ff08711e444db818222bc46b0d71c,0de230981b35448b86db0894d8c87446,15587,Sorocaba,AL
b78f5457135948e1be89ed3bf1aed115,b1af73e4bd7742cbb2faa2a88326c745,75383,Teresina,RJ
33d9707f05b74de181b2c8c48c4ada90,3bfda575791d4e1295ed445911599d45,40973,Sorocaba,AM
e086da1ec19b43a59f622cc8c870cc95,711b5f29efa74480898d660ed5004ed0,38049,Guarulhos,RN
c957473cf25342299774aa3ddf4f4d73,6690563d894a48638f5f4e7994a469d3,99142,Sao Luis,RN
84aa63b82667438fbd7389b3b6e05fc9,a6f037ec2e884e75828996bb3b81580e,43544,Porto Alegre,DF
b9bf8c893db04bae89ec495696c681ca,a09d56ea421f4cf495b478637273cee4,14387,Uberlandia,PB
6363192d8066480fb5a3b5e84f10817d,cf1062820e7a4fda9ca1249e328aa2a1,43020,Curitiba,MS
522fde2e1fcd43598242bc4fe2fc1687,71b45c7273d2482ba69904e1b37a4c3e,25991,Osasco,DF
36e14356d4f34827893f39220fe90885,d30698151de5493ab90113301a638c92,78127,Fortaleza,RJ
062b7bb070834aeab28d60717caf4236,b126ac6abfca44b9b0b0b3c5a68fe501,11604,Curitiba,PE
8dea07bdced6409d81e670e5b6427b02,23f4cb9c91c24bc7afeb79ed914a3aa3,14610,Campo Grande,AM
be1c8ee0c26f459ebadf458f485148ae,b7bd296f52314c969f76559b57f0ea64,53952,Osasco,PI
fb07b886190c4fb1ae2d6b45eab0d13a,d8978a694ce544b5a12a60d5576ab962,34009,Sao Luis,DF
9363c1e55ec04e10a1fa42dd380c3d4e,33f68ed11393464c8da6c295c2d43c2d,73652,Curitiba,BA
752bc182213d4e2fa6ab467ff0a6fb45,1955e6af3adc465e90f87c2d36142b89,16944,Curitiba,MG
c7edd076dc204cdebe7f9c3997bd621c,d495bab4fa024cfc85c8cdc4839fa69c,97072,Sao Paulo,AL
3e1a0f49ad514c02a250e70501cbaae9,db6e19601f144801a6ecf7040d1774ce,62085,Guarulhos,RS
d4333741fc3242d698170a9461dd6c5f,0ab10a847dee46aca1c81a987862c9dd,67093,Joao Pessoa,PA
4d2ee06f4d064b99b45e2a902bc24449,98410b7794144e94884114fec1086488,22641,Ribeirao Preto,PI
dfdaf5dce1fc40cb9df8a44f45234783,e45b036c4da34c3eb0dc9c5adf6d833e,44967,Sao Luis,PI
5797f033c5354371be9599347de7e8fa,a31e26697cfb485f9cc02103c0fd2ee7,76612,Sao Luis,RN
7d7d260b997c403e92868481338a3173,e6ce18fe1a394827a81e1f1af2e6c4c0,78937,Duque de Caxias,PI
8318af6cd56e4011ac7cb60191e03d0f,087e1f88ad314fa1af311f51c0450824,49919,Belem,PI
39fc8981a4e145c89307320c1c0f0120,e8d3b7c805914526956c62b113b25395,92015,Joao Pessoa,MS
01d52c6552024cbe8729b7005aa7a1ae,f2f21d8d566c41caa42d0a5174f67b44,91162,Osasco,PA
e4007c984801415288ba5aa6fe71327e,e563c0bc94934a60bf3ccd1107e2751d,70980,Joao Pessoa,MS
ee51a2ba5b9c4902a3d059751d6ac2f2,8fd76651086d4b49bae420efdb1deb99,21180,Brasilia,RS
270dbca43e284d629f2ce105c178bf62,f7bf6c601448495a890fbe313d73fffd,88484,Belo Horizonte,RN
f315e31e855e456b8f20ada0ee612070,2a0e0253a1a24d8583e34cac50ebf491,88855,Ribeirao Preto,RS
3c41ed4a28fd4afe85d4e3fd02c8857c,50b0e4dc44f4492083d9bfc73ea837bb,64622,Belo Horizonte,RJ
80bf3f0a318f4f7da77184762f6571b6,b3f42de5985c452e8172c15d1581ce95,59227,Natal,CE
03ea9ad5ea6548fe9021eba95c2edf9d,18ea9919612d434c81246661784caac8,39530,Teresina,PA
b3d4860131e94ba4905bb61f7b54f947,1630a82c42374f089a9ba3c83f5cd636,22639,Sao Paulo,PB
e9ed99ca26ef4a18b74db997f32df043,b998f9d6301d457296df9dab5834d5ff,95104,Uberlandia,PR
637933e827e9440480844d3eaa3344f0,bf57e738aa3a47448897cdb623d6c7b1,27419,Jaboatao,MS
2948f75fe0be434688345c60844306ca,bfe0916d64b14c23999be38d83d5c99a,97898,Maceio,MA
e0041e2b1a784b219e11a19661a02527,cbded32795a54a5996048188e0a02c84,61443,Maceio,AL
8db7a08c031d419f87cb9794be7a392d,1019f881f395430883410e35dceca818,81040,Sao Bernardo do Campo,PI
a1d3d78a1e2d45a78f359bb048dfae67,63efe8023fa144729e66cba5f2baad52,49540,Salvador,SP
52709726e8cf4d338d6e602276e9fcf6,d3c36b2e6e404b0c820125a2bc4851ef,12736,Manaus,CE
77908c860e9245508402b116ef3fe3c5,a5da8e5ddae648d8be82df43a744a9a2,60497,Santo Andre,GO
e557ad07d2ee436a882bba97c9aa31b8,db24f0c09509431492e23cbd2ef3105f,17925,Teresina,AM
5dd875dd3f5f46bc92c0b443f3643dad,8d9df853dedb4194bfc606b4ab108297,16514,Sorocaba,GO
7047796e687642c0848354ff46830f7c,80c90007c15846f185ba83e70262deff,28325,Recife,DF
1b9fce2c4a0641bf85528eec54bcb894,aa0e2d89bccb4cd7b44213359f21b1a4,22666,Recife,CE
5bd2150385ca45e18c79e91fa3437e6c,cfc0b9f49710423eac579f64f35b4f3a,15155,Osasco,RN
729ce243f99847ada1a03b4f54084f7f,f555341860c647a98305f0dac74a0b42,63346,Belem,DF
0432ee9891054426b7e6f7287546f75f,0010f0ae7e7b41b1b7327ab542ffb347,39223,Curitiba,GO
0ee6b2abc0df4bc5ab94fafa9e0284a9,31277ae065a94966a4f1ef9c712aacd6,33302,Ribeirao Preto,RS
39d365e7b03243eabd73b1cd9cf78eab,959fc2a1e0da442aa285304e1edd1df7,88667,Belem,MS
cffd34f4df9b4856bbbc168aede14043,99018b9aeaa14136bdb532a4f06e5e78,67310,Rio de Janeiro,AM
ecd0bde68045474793f2de1d0654d435,6e0045dd2ade4ba0a33fe79fed15d9db,92633,Jaboatao,AL
b523ffac3b2940a6a6df28e90312dfe1,e3cd1e65d11c44a983ce129112f4c420,19260,Sao Paulo,PB
753011f9dab846d3a651cebb3c49d7cf,48b83f0319dd4f748fbe8943e530b821,45451,Santo Andre,CE
8921e1098ea94f928d79e571150d132e,ea01d3f0b9c842c590e352fe3869d283,87409,Sao Luis,RJ
fc302038d55d41f5980c8bc58a294fd1,ea5d63abd0f54fdb8a5beb4dc9995726,49455,Jaboatao,GO
4997025dfd224651a567308b172d5cd9,df12235027ad40989d9ec9991451ec7d,37001,Maceio,AL
3e9a689d256a4f16ae0195260d69d1ff,3f5eec570c59430ca911a9b95d3c8aa4,81138,Sao Goncalo,MA
93358f36117e452a95b46d4140fe54a0,739fd0cc53d94afab8d49aaf1ea915b2,19156,Salvador,RN
e864818807394f70933e25d47cb6a8ec,b5160137be65443989678321f49ad893,63893,Sao Luis,MA
2c075db566fd49d9b4172ef294eaacec,51b96f52d5c24724b8a0c9b5d6618d1e,29967,Brasilia,PR
cab012fc6fc946f8b7279f103bf38415,998dc0adb1c046c69feb2b7a8a2c727e,53944,Porto Alegre,GO
406824e3f0eb45deb6a87e2015ad5e83,1adff3f701bb4babb21c091c4cd86afe,62956,Jaboatao,MG
010506dcad814d358e06862ea2d2b975,3e415adc654e45d1b5bbe5de37711c89,46797,Osasco,AM
b3ae8176cef04ca8bd1ddd519c5c2945,17043ee4266943738728c769b785e391,25793,Belem,PR
81bf1670d1f84b37b8b5597afc4ba75f,0e13e0e81e8d417c89fa308dd7f11b4b,97181,Contagem,PI
1a587243fda94f52b1725270b150feda,0016ee69facc4455998c00778e251d18,92173,Curitiba,RS
54d62987858f483389e3c5f170cb2373,c53492bc797546e4a6e1d59231a47d13,83200,Ribeirao Preto,PA
546403ec29124e8a8d28d6276c30e5ca,84fd174777b04ce9bf3451fb72935b67,42115,Contagem,MG
32088480b5da45318a39a9c9ec14f707,234d8348221946fdb9ccab9df9a16c82,33363,Uberlandia,RJ
f23b80dc38cb47a9bd4f86d25881b92f,09eff69d263042c49e6392d7a74b766a,14179,Maceio,GO
db2ebf877db64a4386931f11d800054b,a0a9f27d39a54c3cb254ca6895892218,85625,Contagem,RJ
1e107b2ca19d496a9ddbd9dccf13cde8,4c9707f10d384314b27c523d6fda0ab2,50869,Rio de Janeiro,SP
c6b98caa33124da5ae7559e8af50b6b0,89338a3834994b7f83cdf2f51949916c,32986,Recife,DF
ef53fbd5954040b0bfb25b25ad784877,64a7381be8864ce0b11c27f2b5810211,98789,Sao Goncalo,RJ
32c8863b5e6f424d958da6100c001203,7c002efc19cc4552b55e8d18c282150b,38170,Guarulhos,PE
e87c7255962f48e7a6a617dd1ff587a1,296bd35f8f8341cb828342a24504013c,34028,Sorocaba,AM
417c7dd6a4a04ca18384507c6ad64b5c,ed654b24b7d0410e9a6ca8848cf85e70,74346,Osasco,AM
7c4eab5c568747578058f9d3611ea402,8aa70ae03d9143f59e124a11982676d6,38538,Belo Horizonte,PR
413a447ca83b44318a6e108221006a39,ae04284707a247bf98d9132a8aeed430,49182,Ribeirao Preto,BA
e1cf87aa786a46f085182f0b9a319701,e768aa3cdc554c1896e25e0e5d81e2f6,50805,Belo Horizonte,RS
39a667fe220c44bcb4de2d257e2b2b09,f84bf37214174d12a332211c9af9a526,92087,Sao Goncalo,DF
0c07e39465f24779962775ef1eba87f3,92c0a94c6841405ca0c3808083032edf,77184,Natal,MS
66127a55a3e74c90bb8c472ea70d5091,ef0575976abf4e299eebf78de34549b8,61580,Fortaleza,MG
6bf5ace7e419449d87d50bc3b3724886,b9f6660db47f410c9b0dcbc4ea6f21b2,72957,Santo Andre,MS
e901260b64bf492fbf01e71f6ccb8ed5,725991970aaa4734b798318da8353c01,89369,Uberlandia,RS
ac490027c2ca4a0a94c58e29a17bd4b2,e053135c758a4b77aba24caed9d1eda6,28495,Teresina,CE
052ef88bc6a44159bb59905eaef50af9,a347519778054c88b5b3ea2149783ac9,22916,Rio de Janeiro,DF
48b4e28e0a634cefb845cf9723c5e580,cfdc3a4e734d446c9a6efa4bdc6c60d4,74882,Salvador,MS
12a4960865eb4250a017e03b427c95e5,d1e8ab59f1d1401f8f0594cbcea2d1d9,45070,Duque de Caxias,BA
b6a2a065ee024268bf3d2abed77a9786,1ed57e9eb44248318a3759998a8e46e0,20604,Joao Pessoa,GO
5f0ac2e8078c4c8384e36fac2a86b1c7,449ba18d22b34602bae8c197e9736551,21389,Sorocaba,MS
345feae42eb24a12b8bdca5ca6053481,d4b376fafa49453a9970f346d4733e2a,54182,Sao Paulo,MS
1414e372c62b4a8787412a7a07dfded9,6a0f3d1991c1484c9924325f92e66d78,99634,Natal,AL
24b448ff133142ca9afb0a48c646e077,d5dc78c02a5a43ff9f0fe84ac55b955c,40925,Belo Horizonte,AM
8cfb0415e9914265b6acee3b3282d09b,08585e0e49c04c81a4dda0008e06bf67,28844,Recife,RJ
ca36fc82a97f4d37b192ac6c5f929506,2c89ba46e2ba4d729a02628e4fc038d1,96827,Uberlandia,PE
a4464b44af314fa3a12eef98928190da,59da3f028f2e48debe5712b7048e2128,86910,Guarulhos,MG
d1530d82cba8497ca5cab2336a285563,5ed81460b1e4415dbe120e463f925450,91568,Sorocaba,AL
de347621fe51421fbd00597221048b78,2749718e3813452fbd034ed04892b7aa,94393,Teresina,GO
955d88268eb84845affd090c1ac2acb3,8e8b0bf5432e4d27b39761ff0180f576,22067,Campo Grande,MA
2b5169bd1608489c90936ec4c6bb7bd4,c2bafcb18145451d926eb76be10ed005,61402,Fortaleza,MS
3aa87f6d8d794df2961716773afad463,c5991ababb46493db47837013d64b49f,22046,Recife,PA
2d00e50f6d8347bbb36452a7f5d2b88c,2bf044fb28154e4bb4973aa34180f47d,73469,Rio de Janeiro,AL
81c911d9f89c4733a2eafad751995bb0,2d5376dda44242e09eb411400136498d,51473,Contagem,PB
42409515f9084b1fb8009a2111a65ea2,03867fc601e3447b9f711dfbdfc8a185,66818,Jaboatao,PI
d13ad1110af04ec29cd4dffd4c03199c,67aacc8cc97342b7b70204287e427df5,67131,Fortaleza,PR
26a708f834d549e7bcf50d93d1242e32,468a74e453bc4a158c45545530dff575,67894,Maceio,PA
8fdb2c529929433b8fb89a856feacd13,82b53e60b72a41fe8436a3b968c7500f,68793,Sao Goncalo,DF
f10d06a718f44e959380e90c95f2fd1b,c5b66b21d534418795304e44f5fb4dd4,98616,Sorocaba,RN
173e3e68b5de4d8e876bb1dc53bc957d,f95e84bf6c9943768ca91c0e5f83f4ba,26118,Fortaleza,MG
94b21744d06a4230ae1c154ec707e96f,c626f6da2fa74323b1bc86124b0b2b07,85395,Natal,PR
3d7c74a3f75b44f493daa6f709c823fe,1957c9a68d1543f2a103f7cb355d5fe9,95948,Uberlandia,MG
71e4dad24d7b4008be3a15c1175eaa90,031381867ffa4cb6846bac75dc20ea9f,74573,Guarulhos,MS
0b4009b3f54a457fa90fd3fa2229ecdf,c6b20a1c75ca4a5a9cfa6950c2dce99d,10136,Sao Bernardo do Campo,MS
35542a144ec44f68ac93675a39bdc2c4,4ff30bee6cd54dc4b5addbf806e71732,93484,Sao Paulo,SP
2fdd3ee60aa5453bb5b15512c6793700,c89bb7bf2cd64d9abf376c2f89d40712,26640,Fortaleza,RN
359894ce6e1b4eb69a1bc5371c005d3d,630b52225430432896ca8f34703c1ea7,85683,Uberlandia,AL
9d097a12977643f1a5c7e25c21ce81d0,336f7d7908e645bd99905b1bcc3db59c,31079,Osasco,PE
3f40aa66a59343749c371654ccf0d7b2,90208c9b2521458dbbbbf1073e3005be,50119,Goiania,CE
7f72f719871f438a96666efaf456baf0,309b5aadaff5424b9ec50c32d4ab1c12,67993,Maceio,RS
3d315d841b7049e5abd38f02d367d9b4,f674cff6cd394b4a93ca5b80ae0407f0,35684,Sao Paulo,SP
6165fda9bd124481a4f4103f9eecf38e,ec95b08989cd44ed9e241b3fcdd57f82,38759,Campo Grande,PB
4f2f6858f9c042e1a00d9aa23a8e070d,9ff35a820a9f49df9c4028a348d72dca,75139,Maceio,RJ
4d5b8501930c48eb96ca44e6b8c6823c,e556be386f904960b7320ab55b2bc2f7,65056,Santo Andre,RS
f8df3129efc4486e977f32cdeb3844bc,3b658e0ffb104b7d9db4a76275be79f3,65526,Sorocaba,GO
70f891eefa9a457cb29ee3efaf39e92e,8a1991cf43244cef9525138aac939208,83929,Porto Alegre,MG
d99941b6763e42aeb7fcd96ab9c4957c,dc79607bb9a64a00846fb8d0998f17d3,96335,Jaboatao,PB
5a58f76f9f954ac0b3613d983584b200,a289848a915c40fcb35d0759b99b69e2,64343,Duque de Caxias,RS
0472d418391140ed8803e1d1bac8d611,a520efde3fa64fa68e72d485a4d88419,88781,Teresina,PI
154d29222a74414d880e96d10b37cb95,16ee19a579be44b6baa66987f6eb9bd5,73775,Joao Pessoa,PE
b3b8e242728a4895a94ec1bf073dd557,fbd304a1d3be4fefbc7ed600e51069b9,88934,Joao Pessoa,PR
d83b3734686e4f48968523ec32dc30c9,8a09b089b8ca462eb3e85b8bcd51f8e2,33385,Sao Paulo,PR
8a76395a9f8b448ca0a070e620355e05,f29a694bf8794d72915a9c6b83651b9c,86193,Salvador,CE
8bde8e8cc7b2414d8616841538d6e872,44b4e70bd5be4c7e8929c9df4d10cdd7,59556,Duque de Caxias,MA
006ffef175304fcba4a29196b7eab6c5,5134f9d08f80470188711dfb6d42e414,75694,Sao Luis,SP
d6b90f0aef05419d9cdcf2c957e10a8a,b984205d1a01433bb7dc94b5ca409919,94957,Sao Bernardo do Campo,PR
7d87aceae4404f21b8bc31b931f69ac3,7da68bc4bdfe42aca081f91615633c90,71661,Belem,PA
cc4fc6debe294be194d0c2d57ac1318e,0208159233274d708519d7c8d7ad6990,74371,Duque de Caxias,PA
3f866d9f15cd46c09569bdac833751a4,ed95e16ab4cf4dcaaba8378c26476802,47610,Goiania,MS
5e07ffdb19344d6eb8073034a4e79533,703d6cad978f4244a5f8be9936ff09bd,60662,Sorocaba,GO
7a2fb893894c4b5b9e7e1136daca46f3,e241585d0e2047f385eee0ae564ef667,38097,Sao Paulo,BA
e2aa549a4eb24151b062824684497796,b8e204eec7e540518a30bbd932338f58,44165,Osasco,AL
2628e1c298fa4045b631123271571fa0,20f5863a110749918e83ea111a6e4da4,47731,Curitiba,SP
0b2099d587904e75997c19850a962f25,9e6cdf353fe74a828dd7d003e0626a9f,76226,Brasilia,AM
0a0c71f79ea24c6b9cc312280b115f08,e1c0f38b2caf43deb34c49a445100dd0,26903,Salvador,CE
2b8af0b5d1034412aef634514f593055,59c4650dd4f74c3fa0972f717c4af411,55352,Sao Goncalo,PA
21646f168ec64cca8163de7d787d4785,41cde747776c4c2796ee76641e7e5eb6,12498,Recife,MG
4c737e36236247d4961492308107567c,9cb45fe7482145aaa273a800340e9bf1,28104,Fortaleza,AL
e408c0bbdcce40daa1694112663f15dc,d8fa9b8c289b48c2b6532f06f1736999,61542,Porto Alegre,AM
2a15b66d99a246beacf195c02a9024bc,3e78c165846648a9b8bdb4f561315479,58949,Osasco,SP
31623eeea00a4a5b8c01261c380ebcd7,99f9c4c4c6804a83b78a5c0fddecec22,84972,Recife,GO
b0c6e10e7af14c79bfdfa1e2aa5f2c6e,3f5ac794fc914fc59d0a22e1f732e4a8,58479,Osasco,RN
699a35cc346a4ca89bad0fcca0cf8370,d64f8bc3a74e487aab0eb7f9899ba64c,40463,Brasilia,RS
3b770af1065f497990fa20e626837a92,834c7aa2522b40909ca7954db821f19b,84725,Salvador,AL
d5767deb467942828fba31bcb5252c1b,54e130cf0a5e449fb365e379098748a7,65297,Fortaleza,BA
e138063ca84b4ecfbfc8401866e19ff0,5c72d5d398d242f2997eac511d9683e7,96204,Recife,MS
29418aae53d04e3e932636eeabcd985b,1f4d7ccee0ec439fa5ef689f0e465ace,67461,Campinas,SP
960479941df54bdea8e3bc1a1a7e1873,c1860ea7e1394b6ca0b17c3e412fd675,36402,Duque de Caxias,BA
d96889156ea8457db31c09c6cd1c3c93,b9213142ce6c462bbb489fa0f0c79f26,99175,Maceio,RJ
42b2a59472154a00b651cff6e36b52a2,07eb09c7551744e08f3db81843d4ed3b,73083,Belo Horizonte,RJ
d9af601a441b42959d767c15c60ef20b,46dd46ad57b8468ba448fcb59a108bf3,16416,Salvador,PE
bbf6b044c22143809f94a428c03e4d37,304bbbbd2f7c488ba9d51b1f91b5a09e,51435,Maceio,PI
34a40e1618984d4d8e81063a8c6371e3,8f5175642fc840c181f3a65b39582aa8,98732,Jaboatao,AL
8f505114df6f4f6f837bef5376e659a4,36a7300cd7f2463ba99c319e17de8c25,45761,Brasilia,RN
390acc49af6b4d59a8e178b2600e2d30,8558e41fb88540daac36789c44622f46,95883,Natal,AM
ce640de8c3d641ac9e35bc478807688d,f2c822f5e2364aeaa051f82ec6ce98c8,88357,Campo Grande,MA
ecaa41707cae450f98b70cc3e5bc0688,7f1edd77c72b49d588b2657a8e685c66,90295,Sao Luis,AM
242a48c6a0564c06b592e7e54f9624bf,9a6790d62781431e91db6ddad871e9ca,96250,Uberlandia,AM
5c89f48d164a4bff8ba6db09c9b7795e,03fced8a9e344bef80e6077a6633c4d6,90322,Jaboatao,PR
e78f890d5b694552928f68e4f4d17cb4,446672555ed8438cba48249b7393b4f1,42213,Maceio,PR
d0e4186f6812408c85a10ccec30cb3e9,ae83e41cdacc4430bf3ff6fb36bc9a83,35679,Maceio,RN
9841041176b14de19a49abab5ea25495,f55b0088f7064882ae5c60bcb13073e2,66304,Duque de Caxias,PI
752ffdccfa0b4f9486ee9a0470dd9cb9,0cbcdd96e60644dc83e5e9a0069d7ed3,37558,Duque de Caxias,MA
dc593239a49d4948aa3914066868c601,5d87c28542c845b1b68fe1ee81f5e272,78420,Natal,PI
c0778937ebef493aac2a8697c3cb9d7a,664549d570734cce8b90e4e53268b2cd,29615,Belem,PI
75cc9a89464146a9be8a43148d99598d,c3f070d9d402435996dc5d3d62e77f38,26090,Sao Goncalo,PR
5cbb03af58894bf7b87ae29cc9d9dee6,dfab345198964061b6a8268f0e12a72d,83044,Uberlandia,AL
a04d238e823e4374baaac1875cfc5f8c,1ebf7a4cb63f45c5962988bc495a1c4e,80585,Brasilia,MA
507c45faef7d48b999140f8e8e9ea729,40a7b86a46e244b8bf0143957c7ecf02,55690,Fortaleza,BA
920b4634b7e94dfa8324377dd1830d0f,0f704e3b1b2c44f7b131f8bb92ddde09,42699,Goiania,RJ
47e18a6702994b3798c1a92d49cde43d,aec5a6c74356477eb23955fdb1554841,74376,Santo Andre,AM
570a92e9cd734c56b1ab6e7a5c124423,dd5822be94ba4fd2b6c6bb09a3a29d15,72904,Duque de Caxias,MS
4553cf3f49374c99a9f58023fe5da9aa,da95fe75d142449eadfaf097025477c6,40519,Osasco,PA
73c74cb70897458189403d0773480573,f82e7f1f440e4e8fa254a635380f31a1,27441,Brasilia,PI
0583b1294a3148fd82c55deccb6e9c32,377ff5e96ebd4ce7a0c5af15a7b6c26d,13285,Guarulhos,PI
f45da121171042609bc28edf3212f520,712cd36bb14b407494ea5b3626f07d8b,43508,Contagem,MA
55f22b2d141b45119dc582ac83719ae8,50f6638195c84047855ceacbe91b3ed4,13995,Sao Bernardo do Campo,PR
4815f50e3b684400a7bff885da45207f,ea2342ec51d14030bba32e6f80597e6e,37343,Contagem,RS
763ab4e9f43b4a16a1428eb528a2ca2f,55d3bfd13e4243aa95d44ad011968bd4,33135,Campo Grande,PA
639e2b560c924d4ea0f81ed46b29884d,2732f4b2a41746fa87db942679e67860,17538,Duque de Caxias,MA
3c552be3760040bd9de1ddd62eee405f,aa112f6d7ed444dbaf57b427662fb92f,70777,Salvador,BA
a48cd6078f0243689106014247053ec6,c8b9119fbd054834a611410a00645fc1,63520,Sao Bernardo do Campo,AL
ef55999d724d4a16b83a902f92405ee7,3847ca9eb0fd4af3a747b13107be3fd6,34261,Duque de Caxias,MG
4a580f0d4ac047fc8b421ccc0b2fb04f,9f329cb8697b4800a12a1e992f3f2017,17415,Sao Goncalo,MA
8023b422ef3b4523ba5061f03097a8d8,a025ce0d21dc49baa0d4f86c3f92092d,67719,Sao Goncalo,RN
58597b01f57641e0a70d170b5f3fbea8,6e74552258914a1590379c162a10fa3c,80555,Uberlandia,AL
950e33293d4243ada2375343dd8b34d7,7c15819591ca41f1982336e96f7b96b7,68083,Sao Bernardo do Campo,AM
8067a1d6d8224579bd78600ee500dcb2,ebdb1f62baed4de38fdf5bcf8cb2409f,88873,Sao Luis,MG
58e78a3a96d447f18a441f058b05a209,ba016492d4d341f9acbaf0b4e7734ded,79831,Belo Horizonte,RJ
0e2936442e7f4123b82dcef83e34231d,20d1a31e24d049d4aa3c01cfc1aef9b7,57039,Teresina,RN
82ab4e6286b449138dc88fd2d7cb3740,c82cbf69e687426e8c4e365cde0af737,44703,Contagem,AL
d2e985459b02454f861cea643240263d,4ff12f2ea29b4537b74ded4585367b5b,75716,Santo Andre,AM
aee8828f3dc34f578b5c7e5a17dbfb10,ebb35702371f4060817a9a25609e9648,38469,Rio de Janeiro,PA
6a68101f380e4f798b861a01837f6e50,f0fde8169e9f44b8b936e418ae4ca117,38250,Joao Pessoa,MS
4a06842627b44fcd838f1ee9ceac2a49,5b0d0b28cbf845a6a3269fbe456dd937,46782,Rio de Janeiro,AL
f3562250ec6b464b805efd376ec370c6,524328004b9e424e9a0cc56884ca7184,30687,Recife,BA
3293d71168c94367935a908025e35f60,3fa9e5ad91024de082308b72fa7f8227,60844,Brasilia,RJ
c5d55a120ecb482b8c099f856d46705a,8bfb4329b79645de85fdd36d60938778,40852,Manaus,BA
f089cc9c49544d53aca4e356a957e5d8,1c37fc1bf65b4c4d83a9d75c37ae8e4a,46654,Duque de Caxias,MS
5438b4695c3b40228025f36703ecc4e9,755aaa588f6c45fcaddca30023213cfd,75286,Curitiba,MA
bcc0caab54cd4ae28b4d13bd10f2b710,9812315f7e7d4864a2166bf4c0445b32,55899,Brasilia,PI
29b9cfa34a9d4e32b3ac6f096d0720b7,5779865ca2a14589aab5ce0d69a395cc,80326,Recife,DF
910542e08e6b44c8ae0c7a9afef0c1fb,fb8cb3e3f7b444b3839b8e2a3d11843f,90492,Duque de Caxias,AL
0c5fad3a61a243d8bcc0a4b849b3496e,517c8f51d18541638f78d6be62e6a3fb,61570,Belo Horizonte,PR
0632572f092540e1a72781efa83fc464,36bdc769522b4be985bcea7af64b0535,28511,Natal,RS
e0716f2f72344fc283b91d442182f236,64b35a079ae04e228336558de8ce9ce0,12809,Guarulhos,AM
17e2efa8082c4b3992ca550acb27ad92,02a95a02a257433188571a8a05ef3094,57753,Sao Luis,CE
b1d1d94ddaef4ffeaaba24f05c9b8310,90847ddb853c40b0b26fa480f4e1c89a,44656,Sao Goncalo,MA
372785b3a36b4a25a8c72df7597f3ec2,0d1d6b73579140308fd74f3adac2f5bc,36724,Campo Grande,PB
fe6216cd798e4d01912df13a8bc6711c,47a82465c78a45bcbe803bd5678cdf60,55644,Sao Luis,BA
73c4db9fd6cd44999f3476b5229413ce,f467578dbf314506b166a4b77f56921f,62001,Sao Bernardo do Campo,PI
5986e29839194ad4be170fd29dc721cc,b7662af30abd48b6839d18ec86ae5c32,52310,Rio de Janeiro,SP
1382ce26dcad4a40b0616e1951f019bd,792f9ce03a884feca4628e264d3a32f8,70958,Salvador,PB
9f2c6245fc7d44688c6374bd164c4e08,0a13ba5b55024b2fb08ffb276d9c5735,98722,Joao Pessoa,RS
5ab069e9811f4da69f97e6bd4321961e,a157f4fb0cb74264bf819d40b7a65fd2,39703,Maceio,PA
2eddcf346fb8436b86d60cd63ec97bd8,707dc6ac95e24ebd984bdb7166a73cf2,78769,Jaboatao,SP
1316ccf60c2f491d88a75d33703090d9,2db50fe1aba74059888113ad9db6a401,13541,Natal,PI
b6bb44c8d6054277877369b347c9f8cb,d657f24cc91c423390f18904905678f7,66195,Campinas,CE
9e643a61344745baaeef272031f10d89,23511bd8bec64254becbd81e9dfadc89,45093,Teresina,GO
f42609a24721436ebf5d31312af8f7dc,765652212bda4be8b9d9b4c96bd60201,12151,Contagem,GO
8597d3bcf58542acba523d12e56cea9b,4f167296732545d8b4982d2a12583fdf,18492,Uberlandia,PE
8841615b3e184e13a4f6a285a70cc0ef,9067682919844002af56e605018545a6,90785,Sao Paulo,RS
201a240e1cec40fe823ba02eb4f39770,9103b435263e4ee8a8cde30edf8fddc3,75958,Jaboatao,RN
d5cbecb0f1e649c78ba130c4d1e7ad34,a7b6086038d1497c95cd7a50f9454ee1,39293,Belem,MS
5118c9e1ec734617a02ab1f9d4fcee5c,97930992593b44249c566a89c86bd0a8,59113,Recife,AM
f9b27487c1f04997913166dc8cdc328f,7bc7b7d71b3442d1b53b518a0330085c,47630,Santo Andre,GO
e09f341a53e84baaa12e8fcbc6efba2d,9cdc92008140420da8a3a95fec636a5c,40782,Guarulhos,RS
c41a0c54a04740ef92dbca0f75d78f0d,1845ba529f73444790b460d289019361,91084,Natal,MA
045008e729a944068ca616c956a27371,b8e202f292254725a5271cb8af6b2745,23150,Joao Pessoa,RJ
4e87f401f45a46c6a10042471e094cf9,a5ab923dc0c241c793b9b71f3ca28c17,73874,Sao Luis,RN
42bac5972b824ea0bee04c85e4afe7eb,75e5bd23171e4a5d829577f1a1414a1c,69837,Salvador,BA
5e26edcfd6b34c28ac3339869abd4db6,2a033ffb8a55459b9eb337ad9ca8035f,31063,Salvador,AL
b3ac8f5b24064cfa86e164807e6deefc,f574da1b503e45aea7aa349d7b655982,50301,Uberlandia,MA
060cca3a6e38440b8cba483bae64dc84,2aeb1e6ffffa439583cdd0e3c9e59fbc,98468,Belo Horizonte,GO
538c98328f664290ad78310c27f79ae6,8af2740c555747e4a21ed4dff04f572a,41714,Manaus,RJ
56fa2a3157b74aeaaaf24c217cd2ee31,32012b14fa554cd3a7ebc5e05f32d199,11373,Salvador,MS
4d09ee4e16d64562b7a2a5ebf3a85303,8908cc5d1bd44c80a14208a632143f58,11456,Salvador,RN
2b0174b3a8534275a4d5b2fc9cda4ab7,81f99b6c91264b5f9135389ed9cff716,57620,Osasco,RJ
3f41b07ef5ae4f31adcb32449fa1f078,cdbc869ccd794f3585da92e6c2520c71,72423,Ribeirao Preto,AL
7efe2b21d74f43ce8d0ae896b5a7698b,982808ee514c4df997ed4c35bfc0e0dd,90150,Sao Luis,AL
8343b088566a492d9c672f9af8428fd8,7b2d6622a1034dea938bf3cf61a6b8e4,83793,Manaus,PB
3c09518f0e3b455d9ae553a77411e95e,8f180bbee7614a5a9b9b025390687266,15072,Sorocaba,GO
c95d54e8dc9b4cbc8accd3e8e90fd1d4,4921715ae189495f8beadef4b4179ac2,24191,Recife,PA
6685a1d0116e4eaebe2b29a3a0a481ff,50cf9d6be15c4305996260a452eb9f8a,41499,Uberlandia,PB
29e1a55e26d64920b7a848ae5def7bda,a4c3e4c6b1694b11b0e237e2841b0f02,59458,Teresina,SP
b62c2cd5f64f441ebe6ac62ccca78e95,30391f7ae7194c798a767404eb60f30d,25337,Contagem,AL
63578845300c456c9562dc6d8336fece,ec31bf9512be4d85900f4372d2cc3ac9,77596,Sorocaba,MG
e2221c59c099488096c915de1aea0e16,5dfdaa87a34e4775aa72a60bf189fcd0,30308,Jaboatao,RJ
11ab58cff1424d45995ca9ec3b2a3ae5,302eb125e1654edd89443fc6fff46199,75268,Goiania,SP
2e3ee94c713449579ce374c8b5400556,9f8e4016b8c14308903d02a4d6aab5d5,17164,Sao Paulo,MA
00a208eaa27d40e193447b79f8d658ee,30417972f1284486958aad993d76d99d,90198,Uberlandia,MG
390a0b6b3c78450aaab04983a67b771d,f98afb5e3fe942a4ab95118f442394e9,55610,Belem,PI
e5fd3b2f711f4a058ada04cc57728cde,0900e9faa03a4e8cbe8733ef0078d207,55402,Contagem,AM
4c50af9eef024a6d84984cccefa2a2d2,a814545b33c84ca59cf78a09b3285f7d,86732,Sorocaba,CE
3ef1cd1a24a24961b3d7108350150ecb,fc5334809e974ea599a7a93beca3ed75,28828,Uberlandia,PE
d31ee5442f0e4c3aa21cbd7e9280f195,6f65b60a139c4c44abdd34f58986a2f1,43572,Goiania,PA
b4d2c7f5773b49d6a4002d40ea8fa1c6,6684cade87bc4e1db5c16153c5167393,67164,Goiania,CE
6b7561ce41af4e289eddff8974c514a2,d92fb02728344b8b838c13881b5a9eed,37803,Fortaleza,BA
d5daaae31e074fd69831580ed58d7700,fcd6dff0b6ca4ba9b64bd2dffd68243b,22571,Porto Alegre,PB
14cb17c4bac5486db8b480b5ea42169e,f63492da49824030906d2c9ac460894c,90613,Porto Alegre,PE
65f9d716059e4fc49b6c84b7ed5c41ce,0e63c7cd009047ccb8ec352c88ea4f47,20999,Curitiba,PA
1326409215a845b5b607703d2e0b9972,71ebe68670a749209ac4352319e0cbb0,95977,Belo Horizonte,RN
f04c6af1bc224e6bad538140692d94f0,238f69275ee24e918f157bc34242e40a,62694,Natal,PR
c5f45a7a0be845ea8a7575e40812ae29,59a809c712cc43b3a04f7bb43d5f4007,37342,Rio de Janeiro,AM
31fc425427a948019914d3a85d777e2d,02727dd50a7047cab5be85ef0f2bd3eb,82303,Belo Horizonte,GO
9f4d6fb553674eb9b8d002d2e64dedda,0b354079081b418491d93fc3d1aaa56c,66878,Natal,GO
8a91166bed8c46929cdae14a16b6dd69,9cc6c212c4134c189b8480621d9f4379,86972,Contagem,RJ
395650a4c76c4f60b88230b23aae7b14,8e84003ab21a4a558137e45cf618f4ba,73127,Sao Paulo,PA
9c55e031975843a6bdcc1c5c25b4c31c,1e96ac6ef8b142dcb0030369867329e0,96415,Sao Bernardo do Campo,AL
5e786e0de3184f299daf21b79ed4ebc2,6cec5f3c379449df86818c0704f5ded2,88346,Belem,MG
b023cd252ae04dc7b41692dc81cdac97,52194e543f4e45168a2e040288fd8171,11706,Ribeirao Preto,AL
b33c508632444d7bb9a46d0899371e92,f889fbf6f06d4174bacb76515a9142be,37350,Campinas,DF
0438d8697a124b8c83ab2c7d627c969a,d0504946e51d4763993ed40f67eab82b,95300,Santo Andre,MG
2332b9589a384cb9a2095534511e9619,c335ce64321f4371abccdf1e481283a3,28373,Maceio,MS
c704b95799644cb6845d54030a280244,23d2efe645714ee9bace9791afd4ec99,48177,Rio de Janeiro,PI
703346a3d65744d4b238948f0e22e634,cab0d910da644831b3fdc0c160a41602,94951,Brasilia,MG
0fa85b65024040feb3812be99ed2436c,349f1ef1ce10438e8da136fb7b2b0773,69425,Ribeirao Preto,PR
f101b1bc972a4e84b0d0c3b3b971b252,0920173585044d20903575f1da51606b,13259,Sao Bernardo do Campo,MA
82ee2a7718574e02ad622ab264cb5f1a,b9d05c7b58fb4df093aa54fb5891cdbb,85747,Santo Andre,AM
4fce70a754b14dc8baf55d2e2b27d89b,70568cc113824bff8a85d7e76bee9b38,79516,Salvador,MG
c1fd96c3c32b4da09f41494ad866886c,486512dd49a74b71b4417abaa5619cb4,46096,Goiania,BA
ae07eadb56e4436ca140ff5ba91038cd,654a53741d0041f2ba392e32a675a7ec,81463,Sao Goncalo,PI
ce54c3223a4a4049a58bb5968825602f,97f2fee1e94a4dcc8aa13b8e897cccb7,86415,Campo Grande,MA
97ee7add0d274ced96ced004c61041dc,52197e386b76413686dda885f29649d3,27689,Maceio,AM
58c69c57f3e945d19597c67d6cf0b4f5,9eb8edc0da484feab3650a82b2e40179,10975,Jaboatao,CE
77c83c9ed467432788435ec81f145125,67ac583feb794b70a4b2391f46d88255,82416,Porto Alegre,RJ
3d3938065e764df591504a8f4b72b259,30484b4fa90942198db22192e7ac0ae0,57266,Salvador,MG
c3b75519606b4c4eaaa9f01d44bedf5f,54f69724413841b8ab28c19ae06b151f,75858,Belem,RJ
09705b52cbe44f21b0b0a5e80511896c,7840d5ed14d54454b78276cdc5d9e2ef,51997,Guarulhos,RJ
6ecaec12bd0b430fada3c45533227588,409a79eeb7204830bf4562073488f944,83352,Contagem,PR
5372d610ebdd47a4b2d49cdf97296602,56c2006d89ea44e5b1d68682972e4e0b,24003,Natal,DF
cf9ef4d2352a4d55b4e553af38df797a,e22191b39ac44f68bbc007b1f043b607,29630,Teresina,AL
303eb507c0a94c838319d61cddf56034,2089a72afc91469694bf40e703d22b07,16996,Recife,PB
477dcce510044cdc8ab9c5bcfe6a93ce,cc8ecd6dc6684bdc8e6e85d343fa73ca,56384,Osasco,PI
3686657b0bb84f92b0b56b7bebfa1289,5295e00987304e56af066ded958fe3a6,84351,Campinas,GO
fa02ddecd0d94d87b4944587880eec54,07860c6eddfa4216b219ba8e069bb5f1,44530,Campo Grande,PB
300c4487afd14440a5a921dee41d3534,4c0f71b95edc4d8cac2314fe8d0ad45f,18907,Duque de Caxias,PE
69177c3f3a2e4de4814b4569dfefd414,cf6d2e896a8648e3b82b393746e0592c,45696,Sao Paulo,AM
cae0093f1e32486a8ea259455864ea58,e201deec219b4d1ba5133e49122b16f9,81252,Ribeirao Preto,AL
3583908e83ee42788c38c55f95f06942,0505a07f59914853a5bed43aabd2f371,56295,Porto Alegre,RN
e44df3a45fea4f399dab7e87ffdca1d5,eb7f6d5fa1c74a6c9a5ef4996ea5f16b,19094,Campo Grande,CE
cf5f645125234f03913ac02b17b2a13a,4bc4e73d8005494c8c5ad2a63ef34888,75480,Teresina,RJ
a3c0569a85e447bea95dfbec3b173f07,967cd6d4370746b5805c829c3a497f6a,58858,Recife,PI
080d7d97e7ff43a5b155fbb6bf955682,b03e0961ee8741809d0dfa7c2ab5d5e8,69946,Porto Alegre,PI
025bd870d1974aeaa9200ea9f719f374,7ff6c423d38f46a1a9663259fd0de90e,71856,Rio de Janeiro,GO
27bb3ace766a41619618a6f2e9debe4a,0d5bd2afbde8476d94378bc5778c3d4a,62312,Guarulhos,BA
9862cf9e4e954d41b797e5dbeaa70ad1,0823f510dcbb427582e9905118a1d3c4,39496,Sao Paulo,RJ
da85d03dcd30468ca622374779ef5093,8ecff93f891a43d4accc20aa80c8ac04,58696,Guarulhos,SP
081647d21039445ebe60f2666353aa60,2f6708f637e549eaa9d3add45b7ee289,86600,Teresina,RS
9ace27ac5a03454dbeb73a3141c39c86,3f01e0b540b74482a320ba486e4bb360,45679,Teresina,MA
fec9be29fa4e4993866e007100c75d8f,3f2c5b4b21984e679598413192b78986,24164,Belem,SP
735ff6266d3440769840890a56637016,d9f9005d632c4a618ec6f5f903fb491c,22764,Salvador,AM
f39e6fbd20ff4cfc846c50a3b483e2e2,00dcca29f9f7415ba69d219ed0f94c4d,53847,Rio de Janeiro,AL
d88447c8f2bf40738d4874dec28d42da,bf033933c8684b2887638b40cf77c5ed,61738,Teresina,PA
ab5f13a9f1f54a6e9b4d6b4b25eca7bb,2624aa08e3074eb4a687f97d64c697cb,59302,Campinas,RJ
4abdcd4acb664e95aebf1597fd3c371a,7563baced1b44bfa98bed9676c164e91,57196,Sao Paulo,PA
06a46b0f159b41bb9448eefaeb75265d,4e4005499df14580ba160de6522b5ed9,90946,Sao Paulo,PI
1e0956dbdba54df185a36f84c667a863,fa5998b61d564c97b25a0b74ebdbdd9c,57287,Teresina,PA
6473ac7b1bbb4af5b534b0e8e719d3fe,43f20a10476145428772551e96b88d7c,70000,Campinas,GO
a8deabf0cb30431bb00abe69f27cfb92,81a321fd58304950bba2ba0f2cf75e03,73530,Duque de Caxias,PR
a1ff61b6b7f14edcb0893b6b3bf3ce18,29e91496734d4c24bbbc28d9963fd57d,72429,Natal,AM
aa8480b5bb0d42f597f33409315a6ef3,1520c293fba546dcb321f54f15718ef4,86498,Brasilia,RS
cf9615a7f3ed46a483a32054fa83fa41,50c265d05a034245a7345f7995c74ca9,73899,Recife,AM
1c020b1d150f4ca7a7fb44ab8eaf8856,daef6c57c17d4cd693c6cbfec43d69a3,70511,Salvador,RJ
caea8366dc7647778d7baaf78bbd58e2,16b5ec5b0c9d461da62c5eb400bac919,34994,Goiania,BA
3e7574bc84444c7d8942aaa034277bcf,cc79b108d32e43f5a2144ab97e0ab670,20832,Joao Pessoa,MA
17f5ae2473e0417588c53205d75133d3,656db87328b641b59afd2c57fc4a4211,12395,Natal,DF
0cb15e122f2749c5b51f331ab60e074e,ac5a0317ade6424584f42caac2a47a88,13526,Salvador,RN
77406237857a414184927d72bcfc1de0,beefa3273db24584899dbc355d387553,65389,Contagem,PE
e8f3fd8cad104cbd8075e006d1f73675,cf62327c34c64561803cbd7729a53e18,75154,Belo Horizonte,RS
4d0f552964ac45bea04a5d647d1f4e3d,7b57356afeed4fb08ac030f46ab4fd90,34548,Recife,AM
3c9f4e9f0ea141d1aa9987fe561f9030,1883e0be2a2648e6a708d17629d39424,32064,Belo Horizonte,DF
62c009992b3b43439a09f80c597bc68d,fd35e4a758cd4ddd902bbb515ee737e4,19734,Ribeirao Preto,RJ
fc4f2f37c87a43aa85f15e0c6dda3a24,7c00c7a8c3f2413c91d3043c93fe5c98,27140,Campinas,AL
66e7838495cf400bb36314edb8fea82c,6c81bcabd03b48948825cb1486452052,98308,Salvador,AM
bd025fe62432435aa71b6005d70cf58f,1d1918ba4ed449f186ef77babeeda8a8,73564,Sao Goncalo,PR
85a0b4c450134bcfa8e5561ce6929d09,ef4a0ab1078d4bb190a47dc3b9a375d9,92890,Contagem,PB
17e987935b6d485fa900bc9ed22229b1,98ea904f94af48d29a63400fefc38470,24295,Santo Andre,AM
81cb73c7e70448b587199b771bcb3169,1f1c113b8c5a48e6ae09e4b28dbc68ff,42679,Sao Paulo,PB
0590548f8bcc45a6a218561f85f4202f,1e4df3f152dd4b7895f9032dbb796be0,41898,Brasilia,PE
06d34e0b7b664967938d25048ef7d39b,53bd8ef0e55641cfbe99aae480f97085,58495,Fortaleza,AM
b479efc600554a308c3d0b750bb1bb11,93e290ff13d94fbf8a74437971c39042,74326,Duque de Caxias,SP
610d0f115aa04cadad09fbfd6c289b8f,e741d5d4ff7e4d87a6463e172c12736c,37169,Porto Alegre,MA
23116ee579444ff49974ae962da89100,3ba5631820524e72a5a9b60e632f963e,38425,Santo Andre,PR
d17bad49acc746d0ab10cce3b62d3d12,a746d1f9a8de400b9673e804fdad2b59,33681,Maceio,RN
ff9c4fc0a2de4ac492599794aec8006f,f5823b16e58b4ea5a6bf663e338a1795,44638,Teresina,BA
d0ebe0e33ee34e2283fc036dbc44e085,68dfea66d4724c7c9437789adb8887f4,57762,Campinas,GO
447ffc1e4a7a4857897c0baaa28032f6,3c64936b9a2645ed9909ec157a1e15cb,62875,Sorocaba,PB
8dd070f353854c099fc2965736988b7c,3730a271c88543fa8c55d21606078827,61470,Campinas,PB
b9b9346335fa4e1a8770eb69d0959e22,aba29b29506e4c88b0c189ad0dfb7dd3,14465,Osasco,GO
cfb56295aa97459dbe69db13b91f1190,a922c31203e64347a6405e74ece4efb4,82587,Rio de Janeiro,RJ
a58312881e8f4fae9930787937bf24ca,ca007ed4d2d846e797ab91dd8e76d9e5,16503,Joao Pessoa,PA
f15ca4688dca4c9aa1d4ffc7dedd1d64,53f062771e504c95a22b6d6059e3a92c,82897,Natal,PA
336086d141a148199c4923352542f479,754029fb2e8740eca7790a054923aa83,38209,Duque de Caxias,DF
b460b6102bb448cd87fecb412402c9da,a777fac0b4214bcea1f5213ae9280057,52942,Sao Luis,PA
23f20531e8fe4c95bec2249d3013a50e,c36002fecbdb4288853c03293b7b6b1d,16964,Contagem,MG
8e8af935d5d649dfb15e5d0899c3edee,d7ec5ca503ec4ea89b5a54fb1ce23f02,51152,Recife,AM
5b4b1d4587574b04bfa084dd3ba6a12a,c65b5c2f69984e35b6219d33160a1e8b,99731,Duque de Caxias,GO
2a63d4bce3c44631b2ee1118b88a3975,e503a6adcd1e4c01b1a33e77cd36de39,69514,Duque de Caxias,DF
cbb37ecd70254f97918c08f77590a4f7,62b1fba81c8945d885631d797934ac53,83376,Teresina,RJ
cce6c3ef5eff4f34b1a0764a00b257ac,f371a1bfe36a42c7abefd6e65c54cbaf,73030,Sao Goncalo,PE
9c129a0fc4b24d09bf674b6e36c608b0,2490787f3cdf471f83870ba239b16f4b,91162,Contagem,DF
ed04c4974d854614ba7acd2ef7e8698f,f7812df01b374f1cb6c4c0f3bfc17ffb,46968,Sorocaba,PI
c4b1ca5ddd6545718ab2168b45c0698c,76e12ad424a94934bbfab5602f2ac1fa,78107,Uberlandia,DF
c37696247cd545708cf683ec5a073a85,d13c3ca16af0436bbc53a0c9ca5ad071,55554,Sao Bernardo do Campo,DF
851bb0adda94435ba7cb2890a4ffdebb,a547026b5e694de8a7884afafd82e84a,48661,Recife,AL
10df1ba2ad3744a3a4904da01bffd524,bcf5947d072942278e7b8407bcfe33ba,63260,Belo Horizonte,GO
c36de0492e2343a1badb9cee3af1a253,422b5195f6674c3d9c85604c2c510e9e,43100,Brasilia,RN
0eebc79aab1049dfb301dcede89a0931,3d502213f0c243b586f9124352fbe893,22216,Rio de Janeiro,SP
f62add79108d403ba4377e84cfffad09,5eab03b01e834458a482ebcf2f172db5,63303,Contagem,PA
26a533d735e645a5a0eb153246a47b35,174b8154cc9f4fbcbe78474c754eadeb,64398,Ribeirao Preto,BA
4925e63dd38a4c848cbe13804ff2c9e7,2142f1e7aa954aac9fb33761a6b00aa1,61844,Guarulhos,AL
3a91ac9feee94f0a93cfaf0fcf8630f4,7c985320f05a4ac28dd0c7271ae61ffd,80297,Duque de Caxias,PA
58268e59d47a45ffa86ed7ce00e6aecc,66acffe71b41422f93c0de2afdee682d,48075,Uberlandia,GO
42b2ac886d2b49119a5ae687e45b5514,7310894f520d48aaac7f1652208ac506,97431,Goiania,AM
b83b7fbbb5f24c36b657b6049ed82a5f,fdfd8a6adcdc474aaedbe9f38cd5ec0a,93072,Sao Bernardo do Campo,MA
c92a48f65d554a5a839939057852014e,763e706bf7b14c2296a50db606b33f21,38813,Sao Luis,MS
28cdf097413c464c8f31c5a3ab65f6e8,a379b6f2722a45779f40a60edd88c5d6,65778,Campinas,PA
1afd681274ad4bcf8188da10b3efc0c2,558bf9f195d949d9a440b8ba6adc29c2,89231,Campo Grande,PA
7e0d4850f0834b0c9411d025fd544d4f,dcac4c9a0de341f6a4732da12641f99c,91039,Campo Grande,RJ
17e9b490997c48a48b1fdad3a8a475be,a76b482f684946df9f474047af0174cc,32109,Sao Bernardo do Campo,AM
3f921107c3dc47699f7be5e645be87e9,f9929baf1012472e8c7e4d5c9105f4d8,46114,Porto Alegre,BA
7f5c01d4e27c4bc5ba88ef6894c1aa77,1440abf93521472b9135cc2550dbafb9,40538,Sorocaba,PB
e00e2912946b4d0d828053e0e9b6d37b,0a9c6bffc0a74acdb85211312b3517c7,23406,Ribeirao Preto,AL
4c705fcb683e4207bd1f5c3381df16c3,9973756f347146f0b15c130fd7357173,33724,Fortaleza,MA
2ada13a58a2a4334ace82a1119e0a68f,0683b78ad45d4cc59108dad3ce5fc5fa,66235,Recife,PI
cffd1426972a4c61a1d75047ebd58cee,fc181ac4b89e454abc427d42feabd484,50596,Campo Grande,DF
eb737a1c134b42b28a6f2f5e968623c5,8abfed50ce5d4f34b3f36bda2610e5ff,79008,Teresina,MA
03c7b422cdcf41fe84fa3bc3c70a9fa8,5799ff06ab46452a95c02d3299c2d7ca,22673,Porto Alegre,MA
badea0bc7884457b94cb05a340af419a,c77b2b18bc72447fab7ad11a2a587b50,30993,Duque de Caxias,PI
694b1ab106904879aef52a9af45f8771,eb77d137072d428aba1fdb54a8f21ba4,40631,Guarulhos,PR
22d3268b49e84897b942e4f4e5c60e3c,ce8c42c787ea49969b6861c90c319db6,53928,Duque de Caxias,RJ
c648649cbdf249fb8987a007f2a77b5b,ec067cb000c44487be6cc990b6802777,96403,Belem,PR
fda1dc15abf04028b3544ebf09027f9c,e04130efe351458b84d56ed1a12a0e7a,36314,Belo Horizonte,PA
de7aeaa44b2a42ec9681f101e5a709c0,ff0f6a7e35224fc0abd8d82a2ec95401,20756,Teresina,PR
6bd9f45d72b54202a3862db2296f3cd0,6b2a4fa0bb704769b06e008fb0a27b4d,20123,Sao Bernardo do Campo,PR
b90e668d90544ffda5f8f70b29b593f4,0f2a3ab22d154aaa8de6536a61390155,55286,Campinas,DF
8b8315969a5f4b97a4c5cb452c2f37ca,acd47d850a7644babd84bd464ab1ef2d,24322,Sao Goncalo,SP
0535dca85aed497e95f49dd3ab7c0246,8705bcb25b8949359469eb83bd78b773,31476,Sao Luis,PI
e95d235b72744223ad0b1d8cc877b291,9fa77de91a6846f69a530b903cba2558,47949,Sao Luis,PR
27ca8ec6c3874f3f8250e3b04830ce05,3a2daccdca0a46338f0c2ff752c6ebda,48942,Porto Alegre,RN
01e8bd04824f48958394e62c41616bff,8527c72f59c9475cbc2650d0b5c7361c,85712,Santo Andre,PR
f1a35044bebd4e46861f841ad69e4376,fc0382d3b8f64f01a0fc998faa29f81b,68407,Fortaleza,CE
14f26320abc54ee5b6cfe62cd64c7e69,b155833c309f43a783df9b8104730417,39709,Jaboatao,DF
18932abec93147e1b8f8ab66727179dc,b00cbf9d23274b659baadde952a0b0ac,73253,Jaboatao,MA
c09c5c544b4340bebcb7eb8a55ccd98b,5832746f291a4896a7c3abc53912bcf3,19980,Campo Grande,AL
71cd9231ac5746fe9cf8f9bcf61473cc,dd2d817d038d454fa3c91a2bb1c0cb01,83081,Fortaleza,CE
b9c5a2fe662c49509a40d1fc21acb459,bce887b501b14becbc318b90b72996da,55382,Maceio,PB
24752638d2a44ee39d104fd2497c726e,38f335b455e24d5f8761ee2dca51a2be,54711,Sao Bernardo do Campo,PI
abc9ff9655b846acb51792fdf13149fa,42077c5b5b3e42a697da806a8610cd9d,45830,Sao Bernardo do Campo,PR
75a67952077340c18851cca3ada1d84f,dc6c12cac7b640238e12d34e61ef8763,25744,Curitiba,GO
34972bbf73514a33868f68e302351dc2,41b27c5d76954f88b0e1fba67d4e8b0b,99322,Sao Bernardo do Campo,MS
083586dfccb948a6a6ae04a5282b4fb0,03494db3d91d45928fbfdeab3c5e9b40,49899,Sao Paulo,PI
8333246657354dacb840bc93eadb592d,c03e397137a844fbbf4d44efeb4c9831,68645,Porto Alegre,RN
f947588fb5734642839b2f0bc0ee1cb2,41cd36d983cf4d49a98c536462e459da,45896,Sao Paulo,RN
5512d0b0291946f482f5876d6ed8d759,88f1e22327564d57ac8202a4c1b9f4cb,35599,Campo Grande,MS
f158496e4cb74e598ec3454dc15bbe47,b123f2c8feec4c5084b785c4106c22b6,29855,Natal,AL
967f09c29bb64ebb9d682c7b53f0f09e,bc8d60d89ba749c9801ad814d380cb24,23677,Osasco,MS
b5fe1deb5ef34efbbff5dca0fa8d59fe,73dcdecda78b45ea8f47c4c887982a8e,55509,Campinas,GO
ce2ef6d78aa84601ad471e62136331d4,efc748847e3d4a638f7bc3a0fed882ba,67578,Sao Luis,RJ
6c8e3a5e55074ceba01a252a8eb51384,4cb1ba15ccb9447cb71ad4a808d0ce62,60445,Brasilia,PI
c0661e38c21c4403aec9bf090b5b6e65,83b6964ed56f4a499ac1a52d76de78f9,41839,Osasco,RS
cfb51f4571124f648552c044082d9fbe,bcfd68adac81468293eeb10b49dcbfc7,44411,Salvador,GO
e54b275be58040fbbf8c2f20fa514191,b1002b13dcd14d68ad85d65127aed4fb,26295,Belo Horizonte,PI
1f7ba741abe54ba9ba2fbaf8982e6c2c,8d85c2c5e0674c6eb56ec3e780066110,14925,Campo Grande,GO
5e29c8d3158a4797abb3bddc6cceee43,f105173dd8314fb79685ce34631d3363,44170,Goiania,GO
524bd699896145ae83b7e07a9dd00ab5,fd831405a74c4a70a0baefcb392ec0cf,20214,Natal,BA
0c25b32868b64c02ae647969ca67fac5,f3f3079a87e14e2ebc53f3daccab0e43,47931,Brasilia,PA
164387e559b9423a81cf91a54ed9e647,9b29228aef1f423e9ccc29c433a967a0,26955,Maceio,AL
28b787ba4e714410b5b7f1867e77e166,bd3eb946c63547ebad387aabbd0976c3,41050,Porto Alegre,PB
3583758b7f9945408c995677d193a759,f0fc04241e2642739ce90c8e766da2d2,42912,Sao Paulo,MG
4b2b43ecf4024bef82aabccdc2145036,b0b01cfe05b543c1bd8fe647a4ce6483,65826,Uberlandia,MG
907d3be09bcb44fbb6625f58c4eef3a1,ce0751d05bf74b0baa2bbecee0831ef3,97928,Sao Goncalo,RJ
c25dd39b9eca40528724bc8f02250619,9949c60625284e5494736f8a4ab7edda,95207,Sao Bernardo do Campo,MA
b0bce64aa90042a3a54401512cff85a6,5e6b5efd54ac4ef2a37e4ce1dfc9c935,43019,Campo Grande,DF
638971f2d99449faa9550a2c55bf8655,4f70202aab66471e90c03ee4847ce3b9,49883,Porto Alegre,GO
faca583210e84984bb57613f9b23b27f,6a3415eab2a94f35acd096d09284283d,37832,Manaus,MS
e15a7c7dc41b4a4c9a9ad679177161a3,6ba6e449a63b439d932fec72d4923a8b,55815,Ribeirao Preto,CE
537e6e5e646c4f39a150887d2f2887a8,d84367a4db2d4b28b67a68ce22cf0b1b,12630,Brasilia,PA
1eed8a556f214831ab59d4c0b53c8505,3881d2b55e974a04928e2f401600e724,59960,Campo Grande,DF
f65bd7188bb941b9bf1e313775dffee1,321bb77ef0524143abd1d22d9c9f8e79,46187,Campinas,DF
e59ce349afa4418a83ba3d1f4401cf0c,f0e1d0c4446e4d8da5a84d3833e221d4,59754,Sao Bernardo do Campo,RS
4f6f1185a37e4988a9a1dd28901adb21,68dca50547d04092bdde3d46cc1f60f2,20039,Belem,MS
272d2b7f99cf4c5e9bcc898493cdf915,8b4094ff097544c2915e3a81be3ba931,39871,Curitiba,MS
21098d5a498846939d68848548ab87de,6fb0e1d9f0f244628dd52bb0731ab11b,65765,Sorocaba,PI
0e5fe23f48cb4db88fcf79e2140f26d2,22a1fc0ce1dd4f748e66908d9e626fb0,45406,Sao Paulo,MG
eb9c81db7d0a4354b8adcc0f91c91e08,c09e0da9e1904c6fbf4f734fa1bd3c0f,36425,Recife,MG
95d5654486e647b0beb561fdc68a90ad,eba06164078244b88fd4acabb1fbb0a6,92482,Sao Luis,PI
3bff6297bd7747188615beeb4f89f935,ae955fd4654b40638cf906c861f80379,19017,Sao Paulo,SP
3bb785340c6b4484a0e4991778900f5b,067a825544d943d0abddfb7237c1b8f3,73827,Brasilia,PA
852f12a50682480b8b59d5202c42c160,4f5fc374ab8046609f8e458b2891b3ae,73166,Teresina,DF
e4d88aefd819446e8a86ee64e09f78b5,d6b74164ec384c8faf016d10def0780f,96112,Porto Alegre,PA
c62e6169de384ba5a71c98cc1efc51d7,1d04dc7be9b14ebf82f42aca5c50135a,23325,Porto Alegre,PA
50ef9c8644a642bb8d26658ee99e8811,42568eaebae640d4bf849c2b45aa4d18,22928,Recife,PA
7c3226a906e845e89e136f7b6d302c57,dc3e09dddce44338b9443b5f48be4150,52846,Duque de Caxias,PR
e92aee34e34e4d0aa265f021906c895c,ecdd05533a1d438bb5b5de45caac719a,81124,Sao Luis,PR
c4f62879d2474c57a1f04346769b27a3,ed830e2e48a74223a0b87e3a5b6c6723,60287,Duque de Caxias,RJ
d11f9eac35ba41c895a87ea815e141cf,90097a369dc040e09b206266c45ac068,71210,Fortaleza,MA
d596a7d5384545e18baeb70828302960,e2a5d8045fca449f8c497a2dc83cfd6f,65881,Osasco,MG
4878c65824704caba472521f5432e494,4b5c909f1f5f45d49efbe920b5bc5366,77824,Rio de Janeiro,PB
ab2b660910504dab8340ae203bf57de5,d56db1bee6d64faaa1024c406e4e4b68,43717,Manaus,PI
657962e5620b495a8938da7abdbfd2c9,fe9cb13167574b99947950460fdc1002,77971,Sorocaba,MG
0386f175ba474a0680228d215d9b8db3,660a17c482fd4307a52ba636d87e6458,60150,Ribeirao Preto,PB
bb35694dd02c446c9408f2e0f8c06b62,43caff71e2104fa6b7f870ff0fd619a2,50754,Maceio,BA
8d896b1359c440b7bae15e4c2823ef54,916d895f9e84467ab4b12a77e39eb0d8,71394,Joao Pessoa,CE
ed556199e90c4b7c94e9b9ae80054594,b851742dce7f4b37ac2b0459d98c207f,35608,Teresina,SP
e7abf9d43de248ee867907309fb0ff48,7e9fa2b94265400196ba101cb6f3ec75,87924,Campo Grande,RJ
46422079408c4598b96b9d28badde198,316e930730864298b90a859550c81252,69726,Contagem,SP
1c3333fde990472daa9548d6a1f0eb06,87dcf31c63ab4850ac251fc095af8a70,50859,Osasco,MA
cee44a649bde4e5f9b1b7ffdb2b126e2,a164b910286b457497f8080f86f542ba,46106,Recife,GO
3a95512afb1142729ad8c25d9b324323,05e45929dac0421182e605a5f050ac41,10420,Manaus,SP
5abc8289400c4a76a8fff783dcdff7b9,594733ba758e4d5499f5cfbda20229c1,96900,Sao Paulo,MA
651a4be3c87c42a2a23205f28aaf2ed4,59a085e858784fe2a3f193369dbed5e1,98023,Sao Paulo,PE
7f9294530d4c413da1f731dd126da8f1,cf21c179cfc14fdd9b11e09b36c8c7cb,56873,Joao Pessoa,DF
d0b6c1c16ce744c89e0da86decdca9b5,b57931e630a84d4c813d6c8218769ca9,98352,Campo Grande,RJ
99e799283e9f47d3b90229b8518f7e1d,f47f98aed80d4b108994f233bf0a98b6,77059,Belo Horizonte,PI
ed5c3199d52340b2a9205701176d6d06,9b0bdf92e2ac49d099a8a8f5ff24933d,72836,Manaus,PR
a3e6a1a3509f4b02b51cc8805dd4f907,4434699dc91c440c8899f559b556ba57,16915,Sao Paulo,CE
d60139ae3c7341eb9f4550da82f6f2b3,576fb234603a4f67bda47121b9839f86,74615,Teresina,MA
7c6651255ad34864b9900aa42e96f495,95db6623f5f74e1095db7053abcf6caf,41347,Joao Pessoa,BA
806e4bf958f34563814355698a0c4107,0c18eb09569b4b5eaee1d6bcc2f776d6,69897,Fortaleza,CE
6549fab0519c4afaa3f836b61458546b,1e11659ca6524b17992ba962f9addf78,37096,Santo Andre,MS
a11657e915454cf9b1e558d81ff33af7,6c8881248b8b4bf1ab7a73b23b718cc7,39095,Ribeirao Preto,AL
441c58ac806f4e6c9b0ad67b05fecbbb,af8c73af2a5b4e2ea80d991ce95bf47c,90361,Uberlandia,GO
e8ea73dd7e0d4ceba95a50288a148417,b9a842e02da2417db569c6d934f75b73,17766,Recife,PR
95a2d1a7d0cb40d49c34b51b75832a49,787134a1713f4b1ab4415a2b98efa08e,29155,Contagem,MA
8f3990f0d209481b84a8f974da599bc0,1079c82014ff4c3da9d26352d9194056,15877,Goiania,RJ
8ff605fd9dfb46b99437b6eb7d7650c2,a0cdd1ce85ee47e48b6eb677499bf1e4,44126,Sao Goncalo,AM
7cb45b14bd234925bc61ff3fbcb75d57,29a2c0e614fd46979d80ff2482128a4f,56745,Curitiba,GO
02bec7a1f5194c48982d94d0ab69c29e,0d54a2d19d674051aed3498548534a82,28460,Fortaleza,AL
2e52d8d53fd34ea790b7f85758bec6b4,5d5f3f55115d4bd09cc81f0d97e139b9,96101,Contagem,PA
cf29fb8e48cb477aa7ea2c01355329c3,caa1b94e6e494ca780abb730ef5a32d1,44101,Natal,PR
12b031cca9934d4db35bff5840bfa23e,4756e601902e40dc809fcec590d41cdd,16871,Santo Andre,PA
75c4ead55502466494f1e6d745d32cbc,4b39027907d44d1e9b9981218c05bb2f,37422,Natal,RN
c14105788dce473e96d0cd91928cb8c9,6b8e05b0662444a1914f5ac088c3de1f,34881,Jaboatao,RS
8b99c223c984466fbc05b28fdf5fb73b,165f7507837240d582279938c771f721,58385,Brasilia,PR
30d4444dd68e46138bcb7b7961475279,b53b693372bb42539c3ce20740154888,98741,Sao Bernardo do Campo,PA
90d95cbbbdf14435ae70f5108db2f995,bb36bf3425374f7f8b20b18b705adb4d,90553,Natal,AL
de050fbd717d4c0a86ec5d161ce0b46c,f155740f58554ee495b77dbdb3031f5a,48794,Salvador,AL
3f8d512ca6554cd5999907319bfde04d,b5e67ae0eb69483daa9bc2883f4d9581,17764,Teresina,MA
32d5ddb2eacf4f3dbf610cf01782e150,e7513aefeabe4a899575e61f20c76423,18117,Joao Pessoa,SP
b0f0e1642b9f49c6a4c38203aa0c0ad6,2b8e21e28a5446d0a04bccfaec9add9f,89962,Duque de Caxias,RN
ee66e7ce4d774bbfa93e270eb7cb653a,9586e511f436496d98eeddf027ee97a0,30491,Sao Goncalo,PE
309d362d5dc5418d9a5d16fde968c388,04d246540f6f41fbb840e03164bdd061,11451,Joao Pessoa,GO
d81758c184984ab08e8d22cc4b68c8f1,42785c6a9d2443d6a95c8f56b11cd9bd,21759,Recife,AM
20ef496a70df4d8aaec466bd0021ec52,0627b1edbb174beab342513b311480d4,25001,Contagem,MA
8e88c0f2dbc5421abf79b98d51f3d636,ec0aa0afeded40be8f144ed76dee458f,48136,Belo Horizonte,MG
a38b059404e74fcf99cc4e85c0a652b1,f5a45e7dac0649439d62158bdef4dfdc,89693,Campo Grande,MG
ef30579ed573425da778bea65720403b,0c6a5d0b291243cbac126800cc71a925,36229,Campinas,PA
f122cc61897248e8827d70d4a7a27657,3e598f689d9a4bda94be188dbb408427,65035,Porto Alegre,RJ
e436a92d23da4a2db4e83da50737d121,d1ee751d49404b968eb31cef624f0909,94005,Jaboatao,CE
b89a9f04ab8940619bb38b73cbd79282,17ebd19217c7457596b6613047276fe4,57278,Contagem,RS
6be582ab504a49c88cd37b11a024d19d,57fdce15069a425fbb10cc601c89db41,32719,Campinas,RJ
155aa69bb4a44b90a779b529ddf24eb0,d09851fee0bc406a9a4fbce7b526beb4,15524,Campinas,BA
36bc314f823b410eb3802ef19922edf8,2c702f6a05bb4ff1b4582765c20ecb64,80781,Jaboatao,CE
f56727282c2a4a199ce8cfa23a458189,38b881c4b5824cd7b059334905fa5bd7,31922,Curitiba,PI
bb6c1bad6a5a4aa883a29bb402293219,5f7358552360435aa9a539213289002e,44046,Curitiba,PA
7f0e375fec654624a52b5179f92b64e0,f30f148ce3654ff3a7eb3712bc0b6ff6,70620,Campo Grande,PR
50bbe030f2534c958eb8b214b5199908,538afca172534f15a2d8b34c912528f2,80486,Teresina,GO
1bba7055d4964afcb38b639a44311e71,e0242e9cc3064860b6f5f31e7531a477,85120,Porto Alegre,PA
4a83a7dd6ccc49958f16febb3dc206f2,b8a543f58c8a489791608448f36b5c97,83700,Natal,CE
a4ec2b0374294bac921451b306f4c56a,d52320afad43472cbb1e7da6de00deaf,30396,Goiania,MG
faf03e51e43f4ee7ad999fd4182f2fb8,aafa8290d3e044539b7aa01842e2caa2,94012,Sao Luis,PE
6e0c80112c03403da11275275ece24c4,cf4de458ff6f4bc082c5600195df60a4,73719,Goiania,CE
1f31cd387fa5430b9b2a1303387c8606,5b42977e8926460ebaa2ff387411f550,88182,Recife,RN
0bef63ecee6a4ffeb7183b332eaf9273,f8b7f8859fea48cfaab931df2960a677,70086,Belem,MA
fe1b2deb7bce4486815b1910ab195b14,18b078fb377a469894328914754e4eb7,58000,Goiania,DF
a3605b450f4f4d2b90c166936db0b2bd,9e171aa052a04936879e372e8265133a,31285,Maceio,PI
07656fac9def42cd9d093b1605f05046,8c4cdb4e33a54314ac38d8ee4e94eab0,98236,Sorocaba,GO
78cfa1b55fed4aadb01d51ea457c2ff6,f0188926acf64105ab736d4ea6faa94f,67100,Curitiba,PB
e139a15b526d44be8ce5ba4246edbad6,1c9e52690bfa427a86b22e04d27bec92,34659,Campinas,MS
b92f20da50724c87b43e5c6efa382e08,f3403f5cc2034116b94588665406e90c,63456,Campinas,PA
efc2a0537d6a4309bba496f9529c6d2e,00b70192cb9c46bead6c545e21ac9d38,69515,Rio de Janeiro,PR
d2dd439baeab4fad9d1f4a8cf7373112,eb4bc0fab85b4ca48bbfaa41d5c58a7a,20523,Osasco,SP
0a45594b0ec2409a914e1287deca5292,e7100e127f9849d58a9173de7fa61ff3,20259,Fortaleza,BA
f5b80d95b8e24d7da7550ecca99af215,e3fed693036649beb3e4ce2c9ca121d3,92235,Belo Horizonte,AM
555ef134bf484f70bb002a5ed3d579e7,4717fd6b4ff342d9b07d53de3a8ba328,39425,Teresina,PI
70500e61b3d342688c3662ae991b3d60,16304a6a0577426da0b3200a8dc64c9f,74620,Belem,PR
016130ffc5054ace909c868036022ff8,02dfa3e64ce948f0bd34aae35e9f68d4,94017,Jaboatao,PE
f41b6e2f44c14cd3a1409e98f9f0460a,2319c2791bc54db0af340c1650c145ba,33403,Belo Horizonte,RS
0f6d5b6846c948f397088357943088de,c2c4545b4a55400c85b7e6c0c713b820,47649,Osasco,PI
3f86a65efa2a41aa989d2d37fb8a7b5e,0f4f13bfa3b9401c82e5c1f66f846aec,38112,Ribeirao Preto,GO
e7f8184de3584c6197ed745d6a71bda0,0c5439addc0f4ec691489d26db3a92aa,47817,Sao Bernardo do Campo,GO
9fce4a7c2fe540b2b59b2a33f705dccc,a68a359869c54f0fafe906cf06e6b922,69515,Porto Alegre,PI
22cb8826f2684ccd898d7f0248ae9329,e58dac90233444b68512361f452d753f,78993,Joao Pessoa,AM
b9038404ec1345c7873eeaad7a9894fe,432a56e219974d3fa021095f88416525,91059,Campinas,PI
3cada8b8cd6c4ac3a26f37dd74c5cdf1,63d82ebd45fe4773970887fb4b32a90d,36240,Duque de Caxias,BA
e1aa033dd1e44f29a494da3fb289c924,0e0054cd1e694d51aa3b64558a33c211,57450,Salvador,PA
1268d3b9276a49f2a1db9df9f7cb2955,b258919225ac4beaa4a6fe161e199141,47532,Curitiba,RJ
54b5906e9cd64123959eedb1b88c0bd8,9f2c625607c842b4ab504b2fa60ecca5,91691,Uberlandia,PR
8603e0419705477684821bb24c0094c6,4ccf3b86af1d41cbaaff606af9e13909,54773,Joao Pessoa,AM
2d25dd5c598442b7b558b2d85dfd7a93,291400999e5d401bbb8e51b743662564,54515,Fortaleza,MG
b093d0bc239b418c895b71f7718a0eb2,962ad72af47549d293dae5747a114d5a,56133,Belo Horizonte,MS
0304f32228e542e2bfb7994fac4a4b9f,a8cd5d70cc58438b8906a4cf277c1de9,35649,Sao Bernardo do Campo,RS
33c40fcd66b247fdb7723a0acf19332f,0e1982edc4214c1cae6458971f968c5c,59778,Campinas,SP
654b2e8bebc54e2484b4bdecde3616a4,684ec83fc19d4cfd9da1df0db9c6ab78,66695,Duque de Caxias,BA
ee48ca279eda45369ef8c640e68d7d9a,87d4bd2db465443ea2d632d7608196e7,43522,Sao Luis,DF
721b8266b3c444d9893f648f6e15f717,5bec69a5595f404db72f2891e1254685,56915,Sao Luis,GO
352fb93c0aeb4188b2dcba33793c8a58,10a923d84ce9455bbe86d38fb7fa4210,64423,Sorocaba,DF
cf284057321241c38093ac0b1ad744a9,18acf42250af4c3399f7875bba7cc758,12252,Duque de Caxias,RJ
bfad96b4a258451f9802fb2ba34d6aff,d19dbed0e42647c79e131e4ab35690e9,97092,Contagem,MG
ac52edc34ca34d83bc4702d6fc11ed9d,380d7e067e4249df8080299660d41bd6,15098,Santo Andre,PR
b552845229124bf5b3eb38a95ef322d3,840ea647f99640bcb5de32d88a4c1c4a,12655,Fortaleza,CE
f353152aa3404cdbb899dd63d2795c7d,789544a6f0eb403bb5db4eab36850df9,23447,Joao Pessoa,BA
9249abda378b43519279f2ec64327617,173dc1f3b603465295d3bef898551ecf,37479,Natal,GO
5f4b3e17c5594d96b57a81a629258559,0e3d17f3618f42ef9003f951cc2035c8,57630,Brasilia,CE
d8f4df68ffe74b3b8d16e8bdbda574a7,d6622452e42240f7895776603c56a99e,22652,Uberlandia,AL
8c4cd104cd714b039b105cb31ad34f9b,93b7ab7cb5a64557a6e0ddd0d7fd06e1,88159,Maceio,AM
76b1a11532624ebaac96358e3d99f27f,50bbd998d96544089bd921e840ed9f29,27877,Curitiba,BA
8cdff2846f7349269f52f96c2c4a5364,149ea252d0734e6daf697bb2e50ba70f,82808,Belem,PE
bcd4661914d34aee8f934897f2cf67b7,2f7140fb9d974fffb64fa9f315d9d2af,22939,Recife,BA
bbffddf81a8d49a59a2efd1fbb54f04e,766be8033e5a47168a39a23a4ae5f2ae,31531,Campinas,AM
18d902b22bb541798f88114d7e092eaf,aa1a3a6c1ce74ec9a4f63b742543db95,92301,Salvador,AL
8261e5c643434089a3c51d7b0bf1e2ad,76e792058e9040c89087bf13bc4b7b95,26726,Brasilia,RS
31f8119f518246068cea8dfd7c96242e,f8412c77e0434166b62b74ff4166e7b8,44613,Goiania,PR
2b7c29b9715f4876a5a63269af83c00e,af759948476e4b57b672682b734c5905,72233,Brasilia,GO
5202572240fa4ccfb881f6198b59873c,c9b361e8382a4fe6bf6bc73f591f744e,94672,Rio de Janeiro,PE
fd91729c25be468dac148f60f0ab53fe,40f5b559ee7d4eefab0dee9e80fd989d,52185,Brasilia,MA
9ef97b3572bf4ed089b950dc954625a4,accf5242959a42368bb684c5ce9a42b2,74028,Duque de Caxias,RN
5f5bd0665d3842f4a694117a356100a2,9325f80170384e588e627859e09c6213,74715,Duque de Caxias,PI
8f59a24079264afb80706d27ca9168d0,0b9ddf02aa6e481caf80754f7e289d02,14225,Jaboatao,MG
f0d6888e7f4040eeab265662d086979f,f1bda43e12c84500ac36066216d87fd7,98997,Brasilia,PA
dd3d7a8774f9489aa7da337683bfd6f5,e306740c04c5450b9460ef4c74a5fc08,89364,Brasilia,PR
fcfbf0dfa1ea4dd18137c433d93e81ca,4e1e9eda53db42dea9d68f846bcdae90,33410,Campinas,PB
d5a2aa73c85b437b9afd9db9cd9a9e60,21a5c631eba64c82b7030d59aff1cba2,49126,Fortaleza,PR
1d3a4b70543e4a558c8a9fbb04d0c8b9,c4ea2d4d4815459f9d49b46c88184fa9,32923,Joao Pessoa,MA
f6f42b4183634368a1ae62cbb01cb340,424923849fff4b5d9c5b3c09d4932966,34926,Goiania,PA
1c0152b24960463782b73d99520a507c,0b74bfdee1d843f18050243834da0b7e,45221,Campinas,RJ
f87aedb486eb49689d9d600620640eb3,aaef1e2e9170434fb654ca9888a41f80,37213,Curitiba,MA
bb386c3eacba4a7a9650ed76f4e23d49,6201330f3a6a419d88e713dd0519fc1d,83745,Joao Pessoa,PR
4b7e19dc4dc249faaea97a10f402c962,cb04d74d525045f38ad9ebf6fbb39d51,21344,Rio de Janeiro,GO
0d7b79d36d854096b96e30a91dd05463,69c51fea204e4117a0b1267d22977146,68252,Belo Horizonte,RN
8d9b9cf87e9c46478cc3f28d9c791034,7d9241d1fffe413caa76de43e6493a4b,42419,Fortaleza,PR
941c3e27ad364ba4809b713e1bfca873,4e1217014ca64369862723d47c91d14c,81852,Brasilia,PA
f8ad6d810f5048fab354df7e482be55a,d9d35dba960e4a648f06d2a1c51f63bf,48441,Goiania,GO
d06877737c21499ca399e74264591f91,24e6044e10f841da92334662cd6c3496,28041,Sao Goncalo,PB
9807839fe6aa4f889881cf83b5793939,a5a030a2c12b4a26a375ea95af3df3c9,71511,Campinas,CE
2739bc6fac67417c9722d38ba6ef442d,913ef909b243480ea1293ab22d67093e,92575,Guarulhos,SP
3b47c4c86f0f4fea81e955a134da1b0f,bd49adf03b4d41ae950c27b4e4795f36,33874,Sorocaba,PR
16592fd025d3428d8a6cb75747185a33,9e720df303884956b3bd801e50f0b9c6,53218,Campinas,RS
55a52c049575492ea5e5706590040cff,18e4f38998f545e0b836d0f7386549b6,12870,Sao Bernardo do Campo,AM
e7980dfb3703432f9531eaddb72678dc,8d2cfe136dc342df8c438cd84f3c7140,11906,Campo Grande,PB
5523cc629d6c4514a59b6207a36c3847,6db9a349e4cb496388b73992cc15c84f,66831,Maceio,MG
90eea48337d543adb99dca49da236157,3d238ba517aa4bd09fc146a81eb39882,88604,Osasco,PA
d385f997b15f4c099299f235f5a05473,8ff6fc0b35ab448ab7bc92b40aec36b3,11631,Sao Luis,PB
2df6429c2f9144069790bc1111e03be8,fe1d99bd662d47e7b99830c43fe057da,67229,Sao Luis,MA
a38e64ea2d3e4ba7bd43608367f4798a,f7804f7244d643dca781e33f3aa5b6b4,84645,Natal,PR
5431e19e3ca24e1399079511e5b7759d,62e4c66769c249b484b43b75c24b8ec1,97540,Maceio,DF
41996235ccd24a438e2c568341897928,2695cc34e26d4d0aa80e3145b1529099,84644,Teresina,DF
3c70ac0216c74a8a87bff6c8d7da9459,1f91863d49844e41bab00d8abb345913,92269,Natal,RS
464a8e640c3f44e6afa9e273975d6d61,fb27e4a1323145dba8de09cd0d845d7d,83657,Ribeirao Preto,RN
4312daba871849599e3822a4bcd0598f,52a8e2a4e876443c83887144705575c0,45765,Guarulhos,DF
3b8099623e6542cf94b677fcf9e0f5a8,11e33058a80240528cfb5c095ca37b8b,32718,Manaus,MG
ee3586e6460b4f7eb0b2108c0180dbb1,01a12ca207a94f0e9a93a50932b928a3,88462,Joao Pessoa,SP
3c067e2578e1423d856fa3dd12d863c1,7d1428e2ed0640bbb571a248127ea3d1,14733,Salvador,RS
0754817102644b93b579cb1305654e7d,48fbb7f8e57b40a2856136b14caa1ad7,21933,Belem,GO
81058563bca74514b25b4c4d306789cf,5542629cb45c4f97aefbd199bd1b53c1,24821,Sao Luis,GO
9712c403e5084755a766a194b0d731a7,b0c602487402413183f25f152b826a31,78119,Jaboatao,MA
b267fd4ed6b04b2a8344c2aa14ae807b,c41cdda4336840a6b9a73f923db0bc04,38540,Sorocaba,RN
0a68ce8c3eb945cfbb7cdeb42cb7a973,d48175ba682740ed90691c059d81134a,37622,Goiania,PR
b6b90b75e2134611a77966f45b36391f,bdfde8f522cb4fd0b06dbbd35c97f3ce,36568,Fortaleza,MS
fefa99038f784c899a7112915a146bce,728d650bbae74d218f438d7e8665482a,14490,Salvador,PI
c4a2c2870a2f45bfa47c0fd6e7e80337,ef17b03df4f1419784e0262f676d8a42,87743,Campo Grande,MA
7c5607cf4c98429087c6f5253c5c9de0,92cb28f16d604f80a40e629950bf0d20,63529,Campinas,PI
66b9169162e64b28829f263bdad7bf5b,2a70989e48024f2abef5f966b800d032,66722,Santo Andre,PB
6d0ce1857d3a47ea975759d114e60b86,518205ae8a7a4782bd49c8bc00b455c5,58362,Ribeirao Preto,PB
984c86f645ca462880804380916a17f7,7b1a08753ae34698a8ba6cbd5b06cd47,45203,Curitiba,MG
4474982a23134b2cb01916153b4942e4,796ed484f28440ffac75b6e2cefda4da,21651,Guarulhos,CE
b62c6625fd714177b342b4cef490dac6,c7d3b7a60e3340d8bb4e4720eda7c557,18785,Rio de Janeiro,MA
f5713dfdac0744009f357bc954978a46,6103c47baa5a4bbba778b7290d5e4fa0,56469,Uberlandia,MG
8d174edb495d4e068c33b914b02b70b5,6af4c7d6e1e24d2bb5733667247a34aa,49937,Joao Pessoa,PE
3aeba5f4a6a24bb780da2d3aeeb676ff,6a5648ab2310490db1d948a8cf0656c3,70510,Curitiba,MA
222e9a245608491da496b733fcef90c2,3495dba5a927444f904d019f8579acbd,57665,Sao Bernardo do Campo,RS
5491159a33b5405f810a5bd992e97f55,1b5bc0e6b18a49f4bdf38ee7406f7c26,36339,Belo Horizonte,SP
83c0387ebf024ea5a659b5322ee46c96,eef7e1a30ace4da68b15cf89c1dd9965,54553,Belem,RN
de8e9b3358444850946586c61a1f113a,3ed36343ce2c457db6b5d54be4cc30d6,74916,Belo Horizonte,RJ
0306b8199990439ea70e63fbb275fb47,08890f8677754ffaaf8f8eeae48b8848,36857,Sao Bernardo do Campo,RJ
37ccb14da3714a82a2954b0517aef635,903a1a06eef4428cbed5e13c4d7ec4c6,96659,Jaboatao,BA
4eee9aa7cc0148aebbb34b5bc30f97a0,60bacfb5d165450883fc97050f1c8d24,70417,Goiania,AL
4d6bde5452a94362b727c1329fa900e5,9aaf631260ed403f82dfb386c43baff1,15438,Duque de Caxias,PB
dd97b48d81b24dc7b318dc677b7d5e11,1c952baa8cef4e29ae7c30ee07b2e947,85787,Jaboatao,GO
a6a062cbeba24896b1287a63cb245fe9,36ee35fcc4684b6aa3b0d5fd5699e152,81828,Guarulhos,RN
89eca6c33dbb47e1a25a30810dff4c2c,c8c1a35a89e54fc09bac1cbe6f95062d,89679,Curitiba,GO
c810702ea65049b7aa1c944f49110f25,35b8c9b4f2aa476888a589e430c9afbc,78341,Porto Alegre,PR
2ad87f57947043cfaf5dea0097ae018d,c22573d8941b45ce87c34281d0057d88,43534,Sorocaba,CE
04bfe0bbc95c478d9fd3a1a3e2a393da,e99b5b02ab7e4a0e862ea717089a494c,34686,Brasilia,PE
c919bc0d76d54d559a3248dd202028d4,cfab412aef094fc8890c5e1a8ff33566,84366,Recife,GO
88a3985032834fb38bfb892cc066ed08,a4463b601aaf4b1d9b6a87958ccdf122,31897,Osasco,DF
05e1fb7f73f441b4a121cbfd046097ee,883edbfd5df34f81917271cb74f5039a,32127,Belem,PB
98963c5ed68849f9946b128fd166202b,2c7ff937234b47788f1a697fde1546b7,66785,Rio de Janeiro,AL
e297bf4bc33740abb78890ad59f3aaa5,8cb08b87fc6b4193b1dcaec9b7240320,28212,Teresina,SP
d06dd5e6aee24446bf5094d6432d8fb3,86e3b81c7e5e4bc8bac47378bcbf1971,91863,Sorocaba,PI
aa120f96c26e4d5c8e5072f63df6e8a3,582273ba97aa4067a85c72b9e0b0eb74,24088,Duque de Caxias,RJ
8e8b98ed6486451f8ae502209c3118ee,2cbc7fd57bb74338a14a6938c6c655ec,99407,Recife,RJ
ba4ded7cf04240b388bc1b882d014a58,fde473e3f4e044c38e9186581ddeca25,95626,Natal,DF
81f189245fa24fa19fe33e66b978e902,05507533472846afa9af2b46553c0338,51545,Brasilia,RS
0b66e9f7c7aa4295b67b5c2b4120f743,5387ef11be2b4de99ca8b0ad2c858e99,23608,Porto Alegre,SP
bf5f4694ed1f403eb3c9e2da0f07237d,9f2ffeeecd0f4b2fbc56617899ae27cf,56959,Santo Andre,RJ
8855e99c568e4702a16a8142b8d778c4,da70c0d87d0b4fef898ca865940f56ec,83184,Belem,SP
adcc08c718464a10a11647b27ae49cbe,75dab7a05df84fc290d699f8dfd5e68a,97193,Belo Horizonte,AM
01206ccf71c5494eb347bd7c986dea60,e44b118afccf4dc982e21b4003b3eb74,98408,Recife,MS
b5c66ef9006f404db78905aeacb544f3,ccbe2b7555c6449588f39fd05c8a76b7,92476,Recife,CE
10554503291b44898518e1020ecabcc2,94e043a87be14eaf9be894f5dc2b22ed,88827,Joao Pessoa,MA
ec889f09ed3f4d72a0bef45794ce819b,76191f17c2ba4b9caceab8aca88ffad2,38727,Santo Andre,AL
eec900f3131a453098a2acba75b83222,95fdd068746d4e95a5819281bd0d51c1,43378,Belo Horizonte,CE
627c664474814453af869d206969224a,756702851b2245d497004f473ff93bad,32512,Santo Andre,AL
5f9f20e88ce7472ead9a37a39f687300,3780845b4a4d4444b2cbb32776152a63,49742,Sao Goncalo,BA
875776bf97044b3ca8019b072d0f7706,134fe68d316b4038aa18f888f7eeb17f,51978,Joao Pessoa,PE
05a6130d3894474b8ee3648e5de8812d,93fbddd1a20a4827897fed1d6c49ad67,38732,Joao Pessoa,CE
e51610416da847e9baea4cc635dff55b,95d828c81dcb47d280539de83a962db0,47405,Goiania,PR
3e99f2fc99b049efa6ac3e71930b7c02,eb0fc0e3d2314820815d71f85afd7f50,88604,Contagem,MA
cd76ed881df9453bbeacb1a6094c7682,d035d99d2ce1465bb57950cdc5a27352,11718,Uberlandia,RS
59ab5ee42d234095b47465365861a051,eb78690ebf2f4a9184538ec0dac4cbf5,26579,Recife,SP
537e270195bf4fa5b308ae06fcd14ed8,40151f5ba0de4e19ade44b291b77a930,80368,Belo Horizonte,RN
9ccea5b3c5d44ce7936cf0903477b26c,6b932d45d247468d8765ad5547cdc40a,47116,Joao Pessoa,PE
9214b30509ae448cb899b1d3ada84ed1,141a3cd474484fe38fd03a78f5d9c510,28118,Belem,AM
e5b4e3ab4eac4e8881623031490c0060,e457a15da60e49b3942ac3cda8179ee8,84868,Joao Pessoa,MA
f300b06c37f8456a8753081d643e43a7,b6d70a58570b477f8b58e9c8632259e1,79195,Teresina,GO
31b37495097145249745102df04563de,5a31b824bf2049389bb6a149cd649db6,92017,Fortaleza,RN
1db47e4bd7db4c409dfa753e7a811042,8b75adefd09d4f5db1a9a674265b4822,66689,Maceio,CE
3eb615d9612e4a44b4f825e8f7d2e760,f9ecb217c2bb4338833553e84fec7d68,12511,Natal,DF
8ade1ec35fea4099910310225f1a1281,9e2842ddd22a4a628384bc5578857231,81838,Teresina,PB
a1ce6edd66d64d5295ce607fb37a1fab,53d91ce27b074f7db9f615232a03c290,23383,Fortaleza,BA
76f284f91e4d4aad91155da502739c55,e3c552ac02f0400da6c889c18172f45f,50194,Santo Andre,MA
eb598989cce243518135bfbd575040f3,5594589bba07456e9211315aa39b3e98,61092,Brasilia,PE
9cbbd46085584859ba58ed8cd69267b6,df6015ffbbe846789d26e9afaad79f58,30914,Jaboatao,PB
004fe04c1fb14439919a6aa06d130c3f,d37dfc63239b4fa4b14d5f98da50d86e,15128,Campo Grande,MS
904803fecff642c2bb8600c5b0a43bb6,e46ecb3a29c54eaeb7b004f43450fb34,10209,Fortaleza,SP
5af85052bfd1492589c368203b93b40b,9cbe0fae5c8546c795a5c09e02a1ef99,89689,Jaboatao,RN
3d4f3dec4d434a338099ec904f7d03a7,ecfd3657eae64658bf6190e4c0928873,86928,Joao Pessoa,SP
c9a463f9445c423899d099ed0d7021c4,35249ea7cc734c6ead56045848b2d7eb,89612,Campinas,AM
a8bc351d9efb43babdcb321a07e0389a,aa421940684f4170b81c1cb666f181d4,56917,Uberlandia,DF
7f9182095e29477baa290ee702792398,0644914b268044ccadac34f0f823797d,99953,Goiania,MG
0f3eba3454504fabad5e2c2efc8c1b09,d1e92173c74948babafb357f3a91ef6a,19804,Sao Luis,GO
c33345de9a5d45b4ac825bbfaa3b1295,cc08b8ff0c6e4a74a2f6a8bb790d4f13,95117,Curitiba,AM
adb6a1df491e4151ab41b5e8dc4a8b36,b40b9718ea164d7e95b2277c00d9cd2d,25374,Sao Goncalo,RJ
9fb4a1e7046b4437a4c8fbde1a50cb01,bd36f089f9644bcaa961e8fc82dc7a34,27730,Sao Bernardo do Campo,PA
62bf15f969d947bc9b763e17895afc80,71e5492b2a164fcf8d6e1bcadf0e2b16,36712,Manaus,MS
634be7dfd2924223bd16d394ec3a30f8,c7008c5a0a3243c28e98fbc4a0448931,88454,Sao Luis,SP
1d55d23c7f9a4e71a3e8c3bf4c631516,aeb46ebd2a4340ad82cabb833a55c025,79649,Guarulhos,RJ
2062d5593d6c4eca9f2521ea19a5a553,ee0989b4edad4ec0beff00878ff42439,50419,Sorocaba,AM
1bd3f5d10b66420d84fc8813a73e03b4,5890e5aa88944c76a1d0125f61f8f365,71303,Jaboatao,MS
48deebf85cb94e2184af13647c4ed8d3,57bf35f0c8314deeb01d686b1f2cf4f8,55296,Duque de Caxias,RN
2b7c577564764d4a896671efc0a8ca86,6d042aadeb6c4deeb10054f22a83bb41,33602,Jaboatao,PA
1d59fef447d44a44b22f6498421df1a8,8daca9f6ed2f4de392c72764a35b7fc9,35993,Sao Goncalo,MG
494b1aac08424227895e926ac9ef8d6f,e6aa3e86a1984258971193d631bbbfb0,74532,Salvador,RJ
af9aa94d6faf42a1b8571c81abb89e18,bd44c65eeb224634b155c8b0cb8e6dd3,99738,Brasilia,GO
b5439cfd7b4c4bf696be61bcd26dc9bb,aaa424609cc145f78cf90734b56faa0e,40201,Manaus,AM
96278d5bde5c4daf8c727ff8987a311e,8b91fbb995fc40628a5d1584ef31f062,13252,Sao Paulo,PR
0510c2b71ca44d4bb39a605e9a0c9141,1a9ab041bb54471185f93f46ad6a2aa0,34426,Goiania,MA
35fca956a46e4a37bbb0656870ca8fc2,3c56108c94d9477c93f36e95147fdd61,85416,Contagem,AL
6a601ec822d44616a9807d2d4ee9b8ac,433847d7b47046e78785e55c3d2384c9,45600,Sao Goncalo,PE
63a97c8757e443b59ed83fc25b3caa6f,7bd87116325c4154bb377d72d031bb06,18801,Curitiba,AM
ef183884ecb341b081e468cc032da19b,05470fa021c54440a77f8f42752021c3,19168,Contagem,DF
da6bd7c693bf4f1fbcc1b8e288bad16c,cd0045608d074fdc9a5ee80ffa6379f9,56764,Belo Horizonte,AL
dd294322e8a944c9a7c7553a46fc68e4,8c6dd6a71faf4b69862326b869b32635,75949,Manaus,RS
89ac42f33aa547a2a6b2441b8e422c06,40e59836946c47c08942963e020529bf,80698,Jaboatao,RS
56b9703af734486097cc9aa82ee507e7,67772190a9284455b462ed0b61ed8712,30694,Salvador,AL
80c947c92e9e4ac2a3e33ddc3a467a7a,bec5491203a44902aebd3e78051bfa29,95984,Campinas,PR
50021246030d4af585697d9ecc3422d1,6ba5fdedeab1499187aa9b4c81743659,21391,Belem,RS
18909b96f1504e1f801f3ffc65ddf65c,b4a76d1111934df8a996f547be8f9822,37822,Sao Paulo,SP
6742a2b2b4314bfc8d017cc0c8c5f3ca,496e7729b3164d7f9ef224f1e9993b3c,37046,Teresina,RS
d0254706bb024483a780814c103786f4,d880b012eb724ec480621641c29e2eac,84500,Brasilia,AM
b0d8294d71174b6cb4b717746b951ce8,d46e115850d24a7fad3de1409be4cbb5,19971,Belem,MA
cfc3025b0b764f00a60e387e27e12ae7,5efecf7ecd20426ebaf00aa5998cf327,93963,Goiania,PR
a6c040b6f20241119e4d02ac9f675b0c,0fac5426724c416fb59a10b902b5e512,59697,Campinas,MS
428cbb60e67c4b2b9068a6a91df571d4,a414aed3496f4949bcb28b30b399776d,21528,Curitiba,MA
1a280b3028e24ebf9f08f3fd7c5915a4,dc7d8d4e752c491186eb225bc7971651,50124,Campinas,PR
03055c255fa04144811b6648da0b045c,d96a4a72f71c4c848469683b5c20f687,53083,Belo Horizonte,RS
688ab405c36a4a4496d064526a5edf05,56cce104833c422baa9121810d37b7be,52574,Fortaleza,CE
4d2141f00f7940439da9bb168d7f5098,f15b8a92d9884c90b556a40516d8f55c,77507,Jaboatao,BA
9da9d70f4e294fa2894fc8da018bf1ec,6a8c5e9c4ce14b63aaabb906f1db630f,37858,Salvador,GO
c9ae29041b944812a925659118dad927,6dd153096f40411897399bac3f1f374c,38355,Ribeirao Preto,RS
a6ac288d519c4c4f8495562feb218ea6,9023e1d5023249bdb00c1d8e1406e05a,77045,Sao Bernardo do Campo,GO
9e8e1cc1d3094483be92a2e716499af3,e76902e282d548e48249710f35f70687,34506,Ribeirao Preto,RN
01c1b16b00dc45f188bd9a973ef2406b,a639f27bafc342f8a7f8847dfa14afbd,90260,Natal,PR
72b3560858954f8f8890353c8f00232d,f1ee15d7f35a48bd92277bccff6bef5d,43509,Campo Grande,AL
8f2c82a4be024c1d9bed1949b5e79e11,d88a191ba2754a41b1ac971ec0b6eb2d,56568,Sao Goncalo,RN
6fcc6e78a47243a7a3d5996affc367c3,9c4dc29777a641ddb3149f6eb29252e3,51324,Duque de Caxias,AM
ee6af27169ca4f0485e50d8247ba073e,38c5f71ac19a4f4fb1b8105dfd80dc25,94057,Manaus,PA
5f2b92bcdf2e4bcbb82da897169dcdef,f8a6632e795444cdb52b8985c37e380f,33105,Brasilia,MS
7ab7708a8a034f908cef3624c1a971f5,3033289ac084482eb3bb396825d12f8b,10016,Sao Bernardo do Campo,MA
b9a36a72858b496da8cf095d466f4d65,807d750541d148a184b154e80c354fbd,48561,Sao Paulo,AL
61da041bb99a44d9b34a77322875fb63,b43dbf6410ba4ea4b7d17c51ad20a3b8,47804,Belo Horizonte,BA
b1dec0b844b54f9eaa2a26bc90a97db4,5fe25edd6cc54ba6b7827a0ed7cac8d6,35726,Contagem,MG
f610d9c8014146e28cd408de2fe74ae0,342ebc2438d648a4ad8a3c18129c3d4b,52397,Recife,RJ
1378d2a5e3114944b71993cd84816447,8702c422ef5849328aa67f81ad8ddc5a,30390,Porto Alegre,PE
bc733eb584e14f54825602d8070f7f7e,e22cd80d6fb249a6b7a626c45f9963d5,70321,Maceio,PR
7e84bcd64e7a46e682e25808f3de1ee0,bafe5c008bff4caab91667a169f9b459,11093,Sorocaba,RN
5ea7ce49ee8c4b2fb84c45ce250cd122,53666b9be09d40c0a50a35cf40f5580e,53780,Sao Paulo,DF
d3536982fc374c28bfa653b0d712b9f3,5a98d3fa6a77466b89c9422a4b83831f,62413,Curitiba,BA
b8e4fa52a4e4489ab5fe239dbf0c4e0d,8ca8dab6378e416583c04c787b9caf93,75201,Teresina,SP
a940ffc2c43840ddad09fa135c30b2ff,c961e2ebc62e48ff93b94ce5785a8120,34847,Teresina,PE
1a7a6e59bca84dd8b4cd05ba5bbdb9a9,2fa7ad4c460843ca998311a248e22c61,84858,Brasilia,PE
fe59402a77f2417788533dc37c8a5137,ba541874bb7f45d7aea171a89c68bd74,23396,Uberlandia,SP
00bbf232bca34c7c992c206142ec74ae,2c2238c0517f464a8c608a8033c0913c,98573,Belem,BA
6807c2069ecf4d4ea6f1e2af1f521aa2,e3b51c07907d4a438e3428a85408d123,59862,Campo Grande,MA
de65fb488f284daa9c10e5fc0b7a60f2,ca7e25a1c2824c1aa031eb6cf5d0b6e4,36346,Ribeirao Preto,AL
46fb938babea40e393f25686c35d2286,f1899da3878a41f1ad761f755daf5ae4,49005,Fortaleza,RN
bc5362adce9245ecac20e7b00c101a32,639fe3eadf4042c4aaf39124ff71ff89,30026,Osasco,MG
d3b5611451284aeb8796f5752dbf5a93,429eaacf74894bf4a0b00e399f2ec8ec,34575,Contagem,MA
50cdfb6e25d64acd96802f8a8161bf18,50a7d5f91f264b1a8c2dfd0afcc474b7,44275,Sao Bernardo do Campo,GO
f920a862ebfd4eb1b7031db8bbc126e4,f2cec9e691f14825822fb4a51bc9b8f7,47342,Curitiba,MA
b7ca809a09ba44398ce490376ea681f6,140c671b42004ea0bf914406a11a57b2,73759,Campinas,PI
d8af22e68f7c4d22a47d245cecbe6245,b5432e00f3db4fd5938c383d0db5c1d3,94918,Jaboatao,MS
b68df56e2a734b959a276f72c278ea8c,67579d09cd2e49ffbfa88ac05274d126,90111,Campinas,MS
24096034c00b4b91a26d7f15e12ad8f5,47aab711eca54ee39e275a6c3f8fd023,96391,Porto Alegre,MA
1344c271a2c04573a9c3a2f410955ffe,eeeac4c11b6245e5a698fad421512adb,72828,Teresina,CE
a6052707a9c44707ba563cd285d49418,966c2309ac654be5a754c52bb499f377,60646,Campo Grande,PI
8a0056b2367847f899211a0244dca173,b15b8a68474144d2b593408c8371dfcf,63521,Joao Pessoa,PR
c333ab62ff5444238a4178b99e12eda1,e60f127cd26b4d2cbd9b9d0ad84bcdc4,10624,Sorocaba,MG
15fbb729690e48029b8d6dd7302d9441,d8385839c9db4099817cf739ffe12d58,40469,Curitiba,AM
2b6138bf08bf4bb28dd8988574c4b4a1,99a09c4897a240009286568f5b9f937c,27379,Sao Luis,PB
e2632e8e63794625b55ea26315a5bfe9,c7b928ed9945476fbec16ce06e4fe28c,82109,Salvador,DF
9768a4b474924936855c3d691c141f6c,05b534b7e67e46c4a4f154f6ad8bff68,69271,Sao Paulo,CE
4e9739cc49b340fa8304e6b63a296299,1922fabad02a45f99a903abfb2fc6d6a,94014,Campinas,MS
156e11d96fe24eb89314cafe7b80b8ec,bb73b73d8fbf48a4bff5e5b35d2d2837,25810,Campo Grande,MA
ddd9f2abd69f491c9d41ea67011a9f26,6cd26c1ed9934b1bb53edd6fa6f7fcfc,19242,Porto Alegre,RS
f7705fd01299445db00e96a71f109ad9,a694f7ef0ad14fdea2d4330b877c61e0,91669,Brasilia,PB
84b115ef81e24b33bda5e485cac97090,51c8985e92dd428bb99bbc07fa5e8f53,56115,Brasilia,RS
7e9c10a2a51b4beb85eb9c18e0eecf1f,7005a46e06c8490cb8e4d7e4167d53ce,70248,Belem,AL
3ae7930fb2f641e28f2e71a71d100255,c74457db019244ba87b7d1a93cd37df0,26145,Campinas,RJ
83b09b82a7a64bec95072eeccc175884,7918098a90284ba9a28dd4e30a689ec4,37375,Duque de Caxias,RS
c4b24c2395b245d9b7c373b104ef9b5e,368f8af9631c41ea9b40ea0477731e8e,86436,Goiania,BA
dae8a817d4794cf08b3a9a54740120f5,1ee0041ae0e145f5abc9f935e7e8033a,62209,Sao Paulo,AL
9d8a65beff98437aa1b5f1c1b9345429,98b6c5efa7ce41ac801208bec65b3cb1,77559,Sorocaba,CE
f10a6d8d8f074a49acc66350df030e92,bc085f4ff07840e89468ca4dff5404f3,30668,Maceio,RN
1fd6f52d250d490a8b4d0205c85d3457,c720a4c6a27e47229cdfe6e4e76195b6,84227,Goiania,MA
db945b5d9d154efabaefdace6ff702cf,1db41311d2cd444f8199df27086c2462,19388,Porto Alegre,MG
2c35486cd4cc4d0eb11f12da928d12df,0471fabf5f0148a2aaf877d7df6aaf26,11412,Natal,MA
c080803ae258459f9c6505b8fb7e92c0,d0412d4a28974f1f9e3342839136fcd3,60139,Belo Horizonte,PA
e255a7d761474d5585253adfe7ff6be4,b4cf655ab71a47f1b05de9c144738ad9,90610,Fortaleza,PR
547d07189ccd4b35be16e8e0daabb7b5,87ba707d8c39424e8ccadbe72d9d3654,30712,Osasco,GO
3a856855a80142dfb39c7a9dcfede6da,dfd71564428e480bb56130452b2cf8e6,69217,Maceio,RJ
242015e20343453f8b4dcc0d68e51ee3,0872a45b20e3449b83f67ffb2b8adedd,81717,Maceio,GO
097c229099804c008d93ae6795bba975,f135b42bcfd142f5a9e51f5b044ede10,15673,Campinas,SP
c49a592359cd4480b553d99dffda506c,8afb431b486d4725afbef65e3610332b,35064,Rio de Janeiro,AM
80317734e37749119a3e96f527f1db5f,88aa2b5d30cd4efd9aaeaf8306ea033d,47434,Osasco,MS
00a8e1396cfb460880818364987d6306,a243a8491f8c4c89aa6e43791f79c0dd,19331,Belo Horizonte,CE
b84df03efaf44d008d435e1f1dab8938,b30470b3ecd84a2fbaea82b8e65043a1,16457,Salvador,MS
104b332bce35497797ef26ba791a774e,6eaa8f8b7f09493eaf499da1ee8e56e9,37862,Sao Paulo,BA
38c0d54ccb0e4b5286c89850a5608594,6643e611e69a4215ad769b7b0ce2d072,40717,Uberlandia,PI
543ceb15884649d8a21127bb7bb818c3,edd186fe945b44269402ce0e4e56da44,91962,Ribeirao Preto,PA
682539fd2d60431b834e10045d15a1f6,541e2cc546164b8ea15871b8d0593194,93680,Natal,GO
2e003539b7814e0da98b1b85e09d86e7,ad42374a78e04f308e63e33211f896dc,22761,Joao Pessoa,BA
c747d043ab5b41a09e5cdd9a37819bff,af6624369465474494bb57c36815220b,87665,Teresina,BA
104b78f935c54471884bfeef6e325e55,98836740204c40c59f75874f06a38994,14612,Sao Goncalo,BA
e0c6bbf2dd7b43e6a95422ea01fc5e32,95a12502b07744d08fa00636590e6cd5,29289,Curitiba,RJ
e097fcd5a75e493883afa2897349d23a,f6883a47c2ce47e4a56452204e5326d6,36824,Manaus,PA
4a31b0f357704d51985d5974a8f2f74e,ef5c8e92ad1045feb8d894bdc5729aee,82541,Salvador,AM
abba5bf22a52413d823c3a138ca42921,8ed80f3ff6d94777990e8b158165bc1b,39400,Natal,PB
6cfbbc90d996425b83bd0b8217fc38d8,7a3b7a12ba7a493d94338d8cacec2415,90909,Sao Bernardo do Campo,PA
d01046b04f33499eb5794cf90832c721,3a7f5e6ad51041a5b841c25dd1e1d727,18862,Brasilia,DF
7ed0f4891a804b67bda78ceb4b32c8c2,ed38e86951c04b18b5ccf5801028f075,41600,Teresina,MS
8bb1125c09cf4b168a1b39125ab4ccc5,1fb969e57adb46c68d9a5c877a456686,71550,Contagem,AM
1fe68038734b48c28c1e13c1f5593ea4,c13e0a9196334badb781ee03b9fe1037,80919,Ribeirao Preto,RN
b46f2d33b97b45408483bd64ba35b6ab,0030ab2911f643caba84989a16966b5c,88854,Fortaleza,RN
d022569ed42544299b201dc0da3dbee0,76f466c11d0c46ae8a7c3d4e7e5afc14,82259,Sao Goncalo,MA
42974f8a45994a2f8a9c951689ada8ae,2dad145a548f4e659e7ac497a275869f,67358,Duque de Caxias,CE
31c74c91476a467093a26da519f20298,65486d5397c54f1badafb8ec39ebd4be,42225,Guarulhos,SP
0edc765eae3940b082dcf243317793be,6483653e5f5d4395a6bb253aed781f3e,93206,Duque de Caxias,RS
18231d727a93489ab0c97253ee83df02,97a0fb8b3e834b089e27eaf4748b413b,33900,Salvador,MA
a190aee85d20469e89334750f2d6bab0,f469137e0d564b1ba9f955db4ef19f75,63490,Goiania,DF
aeb0e756170c4f4a92064ce172e173d4,f954de23457549f5b3bffe32bad8114f,49923,Recife,PE
0ca87b66706348b886507ac90a65dce5,46bd2ab3c12942459090aaaf81439d3b,76712,Guarulhos,GO
dc33132cf50b43178654fad909f75bce,f80ef868643149b592aa137d76c3529e,70228,Recife,PR
548bc4724b4a43fe9ac7d842e1a05c10,18eca8573b244ee69f5fb0c9eab771c7,13098,Sorocaba,MA
4c10ba9676b2418cadf4012cdd64a041,8a043f087c144959b6db280587005341,30345,Ribeirao Preto,SP
9b012647a7a94477bd814b83889dd488,2277cbf481bf41a08f85deb35269a97a,60085,Maceio,MG
fa61d8db75c34d6fbb29a104d00ebe32,547f9c58027e4430b05e0610f0d96d68,50556,Sao Bernardo do Campo,PB
40b40608e4ff4990b3f80afc690e8840,5b3b170e8bf14b20983430c703cf20b9,93357,Porto Alegre,DF
535eba1249664bdfab91f9231dadb113,52851d61cc0049fa8a310c8617cd0511,87018,Maceio,RN
8774b33f43754566a36ad32bdb2749d6,5ce5556a969d42dc973e9fe37a860c1a,28510,Rio de Janeiro,CE
cd0a4b32b7334de482216c26724ca5f6,82a74d0708ae4b4e8f6e2dd1eaf32606,87354,Maceio,MG
98aa067a51084eef97a717d8b6c1d8c6,a82d1c783f6e41c8bd3d520e53a5843b,18251,Curitiba,SP
f79b87ceec364ede9075ebd706d52c2d,6a7c33e1248e492481bff6ff77876011,10617,Maceio,PE
399b360d404c4108ba6527bd4f1d9290,b2eb5a6e50fc453882995f89dae9b790,41144,Contagem,PR
ca4ccc7603854c77a0a7c8dde55d5764,47e02cfa794547c1b62e6b2b544dae64,86678,Brasilia,RS
037eb7be91e14e70b2115106e9a66b0b,9c7483bc6a8c47438e04bbdfed14dd7f,21032,Natal,PB
28b019645eb7482183ed1e06d425d0cd,164874ee69d647e9a844ecd137166ea4,25229,Jaboatao,MG
7682a8ee4ea8433786988fa8c3a6bba2,34c10e8c4673462697846fc1af94970f,92965,Sao Goncalo,AL
b8b02394ab03481294217ac404c84bcb,4ad1b1032df841b1acfadab2006287a4,42660,Sorocaba,PR
c28027f381944a0b8fa95ead20e25530,48c22fbc30e34a1e8d42e726734b3100,12771,Teresina,GO
91f7dd46268a4a1e9322ed3ae96569b1,f8532184dd4540d9bae390ee4b418f88,10170,Sao Goncalo,PE
a80e3a2dd366495e97202fcbe0080609,399eb80657c7465cb49d7c440558980c,84902,Goiania,RJ
0b3e20b057eb4cfeb5b99d6288e18607,4388cddcf9724033a2f07fd699934f90,46999,Porto Alegre,AM
4f9fae7b9461439ab750448d8a8be1c3,8c3d2bf6937c422ba16422212eea692c,32388,Sao Goncalo,DF
3a533cebaab2429bb4f6792d5c18a81a,7a6a712c0dda4450bb42b926f58a7165,87410,Fortaleza,PB
45eabf3841e14f61bf554f358a621c4f,37c3d36ae10e43758fefa6511347de73,95208,Sao Paulo,BA
9c41957953d545d5b7aa128f646eb8c6,57ba5c95bfb047118223d7295bd7335d,78168,Recife,PE
7ae6a180ce3f4a5091d9da821ef3f356,37e07bedfe4547559f5368271aed45c7,24611,Santo Andre,AL
39fc9aa220dd42d0aa524b5f91cf090e,f291abc6a2fb46429fb283da4ca14291,21333,Sao Bernardo do Campo,MA
9b8c0fa449f5465aa479f52a34d3604e,88f2e8db9f5a4b7d92b1a9500379ea8f,87581,Curitiba,AL
d1d77939bc1e48c69d84b60113b3b685,e53894ac9a4946a5bfab964019e86ed1,33445,Recife,RJ
7154b7ce731847ef8792f1392a3f5f0d,f1810483ab904bb3852e31509cb68a27,78108,Osasco,PI
40a7e546fbca4bfeb4796c59c92396bc,07fec2433ed14bfcaf5ec70c4903def1,53312,Uberlandia,DF
1be385881f814e5fa0a5dfb07d98f494,9646e441888e4357aad89cd2fddf09af,95823,Teresina,AL
38d5f5269e0a489781fc1abd0e1361d8,cba596b30daf42ea84f307c391572891,40493,Salvador,AM
8a2f5a2cd33e492799d7cd170d90f0de,99216a2c628e44fcb31ff423370488ee,76314,Brasilia,PR
5f015b2ecffe4eee943e4753b8ee9105,13b6644175cc4f5ebff4949de7d5acb3,74227,Sao Paulo,GO
b355ddfd7969484ab4a4f8f52cdb4cd3,e2b05a9904214376a459241a146fdbe5,73278,Joao Pessoa,RS
decf67f4ce8746eeaaa844db0777796b,0666eeec02414f5a9182bae06125f31d,20021,Rio de Janeiro,AM
22a0a85aa6c447889a21e0cec2d8e1cc,cf212c1d0f8348cb93425ab351de3a66,72368,Campinas,CE
f73816bfa2f24a84a3295d179bbf8852,7e3d00f0bd4c49d39b86972a2c63f020,32965,Campinas,GO
5f67f1fb1aad45aa9646254ecdde6a19,d6bdd840524a40929c1e17e43fe7847b,88771,Recife,DF
75227fdeebfd4218a6d8d146f5d79c0a,1d9e8deb245d4f71978048453ece228f,52769,Salvador,PA
6e19e2069ec7464eb9f0756c10c094a0,761785a1071b42dab9fb6d3deae0c30f,80000,Curitiba,PI
1dc82ba78e984b71b9d9dfcab3f2e93c,3d692f3cab1f479b935edfe0ad58538b,55865,Belo Horizonte,AL
1483c957727445a7b79d38dc525f69e1,2b5dd0a2517047559f14275346dcbaae,40706,Goiania,MS
1f15ae4e74ff44febf248f4fe0434126,e6eed766ceca43ca8e3860537fea8fa8,77767,Belo Horizonte,DF
4ef0156e1b274b78b578d65fe78e897d,7b2429cb116d4e68a4c11821fc57ae9e,63918,Porto Alegre,PE
e1c2cbf814784f7a803e4cb4125c1b04,a5357898219f4b97bb0b3241900101c0,66849,Campinas,PI
bf09de60feda450e85e60f9efb455061,88e982a4b0b54964bb91a71329d2f206,46005,Santo Andre,MS
2b23706ee65345bb9a98746eadfe794e,f9843ec32b15492f90818ecd3d8f2b48,23944,Ribeirao Preto,PR
d8cc4922aafe46e28d01b269331cdbad,7a8b636d612a497f92314cd8fbf9794b,32361,Sao Bernardo do Campo,RJ
40c6a4ae80284042aeb9098cb79fb5fa,5be1f90abf9f4f459cf0789f84850a95,23168,Jaboatao,RJ
c7c9cb062eb74acebc8d77dd5f76195e,314068afa7a2462f9e75b8f386266847,33298,Ribeirao Preto,DF
146f9b37b4e44fa587d9722e547d6d77,6844273ac5134b2ea5371ff28a08b12a,54359,Maceio,GO
dafba80d13af4c51ba74077268d69fa1,50c0f1f94dfe46cfb37df405046a9be6,99803,Brasilia,DF
113243bf008e4144bea13d05ed9da280,3fd2b71559ed4204a63cff9507524d62,82209,Belem,PI
a6e78355672e41a9bbf691b0a91fcfd8,ae2c80737aec4cb8a413875a9b3613ee,20645,Contagem,DF
7c5940d5b2d844b98fb6e6fb79fe5edc,26b6c9d9f00b44fcb1cba1e38db913c0,16970,Brasilia,RS
3b0559889d574832a2f23fe228f76c47,fe309c7ab96f4dfb92fd2a8d0b294e36,60329,Rio de Janeiro,BA
5956ce5a96064f60928cf77c18ea0ef5,5773c54bb5694d4380d30d7371eed14e,35076,Jaboatao,PA
8c91818a5d684ca8ad91da1208a29c95,d7cc27b2cba74148a490d43e7bd2f962,42765,Sorocaba,GO
4b1e226f9d04459c9572ac9e2019e3ce,3c3e9fca1bb7436a8dbc6c741eb639b7,93079,Santo Andre,MA
b1ebc9702aec4e2d8a341205c02d1018,f4159737bcc84636a46b787c11fa111d,76764,Fortaleza,PI
0ba13d9937644ac1bff1fcaf722dfe46,9a70ad5819ad4718b2162b6b5f1808e8,87618,Sao Paulo,DF
b94b71111e0b46209e4fd86e36e3ee84,65de011ec0004adda8a534ac667a4ead,45478,Rio de Janeiro,PB
21557e9cf4a34590819eac3f7ea7b1ae,20a08e23c11c4f0f96245760f5005333,24901,Uberlandia,BA
4367025922964965ba9bc57e8c9af290,b7164fa2086d4247ab97f2a78dc85d89,41762,Goiania,AL
55fb4b098db344a09b78094d8d0e60a6,374443c62d39474590c4f315926fa275,39858,Santo Andre,MG
2081996722e64795aae3d1874bda54b6,a39bc5c4aeec412a8e509ee2f12c16b6,62312,Sao Luis,MA
4eb0f9d433b24008898ce18f78765a94,f88515af10754f47acfe8ca5470fdc07,61801,Rio de Janeiro,BA
3dc57d4ef24244e69b481bd77e6127db,2bc81415283d4098a61b1ca2c355d2e9,69374,Brasilia,MA
6e4cec523f7d43c3b8278bed66fe25b9,6fde441fd4134772b9a4dc87aecebc27,83528,Natal,CE
196a990ef0bb4eebbc398d5bb8770b02,0fbb52af42d54ea29d4020381e58bde3,70707,Maceio,PB
d4f1a319301240d08b2b60c46e10dbe8,afa4aba9f0eb4eada668ec3fd4c4d0ea,82875,Recife,RN
a07090a5eb634994aa3296d9b0f37ee0,73ec32c479aa4394a5741780793c53ef,77185,Jaboatao,RN
6718ccbef13044a291d2ee59fe0c0736,4d2dd42c5b7e4b5e85f52e37786e8487,21748,Duque de Caxias,MG
a28b60bf2442413ab19b1e4238830ac8,7f46f64007854f369588301e256453e8,90699,Curitiba,PB
91459fe4a3ec4356ac0937b5e85b3d5f,e00d15de672a485c8cb7a5c0e9001d6d,40087,Porto Alegre,MS
c1a91280de7c432583dbbfa257649a2d,077ae34a073b4bcdbc7bcc480ac3d217,97751,Sorocaba,RN
45095bcb30a84baea4fc2ddd0869223c,47f4009d5dd04e21968b8ad557a1fabc,15990,Belem,MG
0010c6bb36b84d5499206c2f091606a5,f9c8ede1aeaf49f4a47c287ad4436c84,11654,Teresina,PE
a32fc27036414c96bb8a20f5d283f7d5,e0ca4860b0c1483e8c4253c7c201f93b,72170,Manaus,SP
c32c2bb20b22403392c280e5aefd0634,556beed91bec48989a68f25f0ac6b59b,92193,Duque de Caxias,SP
d816ec7596d0456887111c99c0f2cbf1,c7a0465844254155a3fddc5a8d404e6c,34216,Maceio,CE
9dccb5330a6941a3bc2b9be39234caca,4e171d9964064c61be6c04b22059fb9a,22368,Curitiba,DF
84152b05294842eea89045bb85d2cdf8,8269fbced81945c9b6c0b52d500be3e2,20305,Joao Pessoa,RS
f56d9e858dc84aec9700bfb6ab84f5d1,099b26fdcdf140b5bcc635d5d4cd7625,77000,Fortaleza,RS
3b8157021fb94ed1bb1b1d717d7fbe51,10ffefe403784572b7f2a33e91ab2a8e,92453,Sorocaba,MG
5c5e540b23864269ad804fe2f3ef2d2c,fd95b683d0da45889559f98b303657c2,49438,Osasco,AM
c955bc4b2b62456a9b0eb618511fedd2,162eb052b9804fbe904329efac8f4a7a,12740,Recife,RS
71931d23132b44c786aa1849817d1ea1,05e5931233354af2a1d8c8fdcb58da58,50518,Guarulhos,RN
10d1077db5d44117a65cdab08a997a0c,d97864746bdb4b3daf5305012a36a5c2,79799,Teresina,RS
7c1ad2766a484b16875d8f5eae44872c,35750257ad164d809abddd99372cfc1a,29226,Santo Andre,GO
f0553efdf0ee4850928494f714b508d6,f1f86f3e1c784efd98a881a77102469e,83743,Campinas,AM
7423d11b61434a248630a8a9a28924fe,54de79daf801475cb4b676b64d14f25b,49363,Natal,SP
00e962e6288c484c8832f7d9c8a2f025,39d33b42db9a4872a3220542f26c8782,12790,Contagem,MG
79260a33127e47d09c48a09fa9d20efd,cdc5e35146ba4c72b77e048e07e99214,87430,Sao Goncalo,AL
682ba1d942844542839fac2ebad58510,4460665415164e71bc94fceac438b4a8,78937,Osasco,AM
9c2bd129a5e64cec8b8070d2086ccaf9,62b891a9765740e7bac1a5911c88c1c3,42341,Recife,PA
591386df1afa49c2b6f78d6ae0e4f88b,e3a52544e5514569b229f8650111b54d,10947,Rio de Janeiro,PE
0f0819f3d5c744f98f06d59fe448ae55,725ada81ec9e4e59bd6cd9b618a7610e,23630,Campo Grande,PA
2454d09574e94388af69d55819953d6f,5f30ebe8471c4e42999f72dbcb2322b5,21703,Sao Bernardo do Campo,MG
c9e480c7d48844eaabbf00ae2225f087,f919a5764b5f49e7ba1c81d397417e1a,35966,Teresina,RJ
cbc6d77916634c19bb975878312a93cc,bc0e9f47b4504621bbb8ffe12a064dba,38111,Sao Paulo,RN
ce69f107e91d4812bcf6293b4e93f002,66a64602661b4943b58a5cdfce27769a,60978,Uberlandia,MA
920859778f604b28a804189817377a67,e0dad259e9e645268c7b1cbd4acde2ee,19245,Sao Luis,SP
5342c4f5746f435da62562379cca29dd,e2d716c3b92a4016abd23eb21decac87,60737,Joao Pessoa,DF
38c0a609ecbf4289b6312ddfa8c6d6d7,24d6763f079c42a2b707d85416daadbb,60823,Sao Bernardo do Campo,MA
194b2553b0054c69897bd34fa68a834c,ff2b2f82e66f46cbb1be80769156ce89,82923,Osasco,PE
6e832c8cae32495097dd5c760e62b6b5,b517870765fa4fca9d1e037126bea5a3,64232,Porto Alegre,PB
ad651a345baa40d9ad6c83f557086ae7,b7cef12e543b4707b02a4681ba26f9ee,98395,Contagem,BA
6056d4c03c5247068f9023e48a352ac7,d748a7ea85e74b04820df436c9f3f4c2,94013,Sao Paulo,PI
2419b9823d0d41a4aa3adff2311deb40,b2366d0fc18b4017976360974fe96df1,74061,Salvador,PI
ed90b6736d23439980e199ad45afe0af,6c4cac933f4647eb994ae6d011bbe5cd,50569,Jaboatao,PI
53a06f7f775946ec992013ff065e49c7,d83370c0142b4cccb5a6cd30383e8873,19287,Maceio,DF
fd3fed9fc73a47f68bd11b31c58b2aff,cc51632271fe40e59b65f0ec417db1d2,80064,Guarulhos,MA
dc01184f298f46f3aa66ba29a56e2b4e,3c210575681143cd9d1c3004c30c39ef,89215,Salvador,AM
1a5e1aec8ab540d183d1bfc829e6f05e,12b20bd7aa3d4e22a9be5a6205590412,46803,Recife,PE
679e771331fd467d9ff858c91b37856b,58d4bf2da8994eceabfe4e4cc9fae25b,17307,Goiania,PA
ba2b5aaa09fa464d9deb8b983a5bd3da,c6ac06218f53455cb8e3f8257d21b2a8,67662,Salvador,RS
818da439057944d2b4fc406ed96f9919,a8684356f1754a73b6c5522d10dcfee7,75334,Jaboatao,RN
e2c9b026a24442e5ac31b1b7b97a39d1,01ed77d68cac4bca89bc0bae891378c4,32430,Belo Horizonte,AM
e335268a8c724121bbb52e56701dfdb2,98b977053306400f846d52e3feb22509,84803,Campinas,PR
17d4819d172a486684a1821ca90f7925,cd7f987f89534ee2b86a22be15fd7de1,95213,Guarulhos,BA
42f1fd589c7a4b5e8697f155199bbbf2,fcc8068d774a4abf97bce2426b8d3852,13355,Joao Pessoa,MG
92a0865535de4c2c8e3eed9e10d2f667,f3a52285d81b490789787970dd7603a6,63499,Sao Paulo,PE
617ade55558c4a63881f9ee89e04a8c1,11c27f8a98fa4297b3b4333cd4a18227,86574,Sao Bernardo do Campo,RS
c6ac3c90103643fd8908f52975c0ad71,e3833dafe721443d803e0b5fd03c58c3,24354,Sao Luis,CE
6b44399a5bd34d1eb303178fbece052a,ad5dcfafb01d449cb9e0ff766dbc4e85,35391,Belo Horizonte,SP
fdd2599243194722a73488b659ac4092,d62be279034e4b4d8f7d8023b0e52bdc,18196,Sao Goncalo,RJ
587a63e816cb419ab6ba5d2ad7f0e2d1,85aad3fba6af488f8da69cc2982dba9d,61166,Campinas,PI
f77aee15f3ad4135ab7fcee60808c698,cd24c99f00774bbdbfd82cbffefcc7f1,59269,Manaus,RN
b09afc9a760249a89d27ac0ed7527cab,b6d3285a6ef54934b45f3101bd9b3bd0,27586,Brasilia,PB
50cca7a2269d4e9f990acf2c0d53ea74,047840c2ce4f4c7d8237f23fcc05d736,57581,Santo Andre,PB
b3db3c6de1614c9a89aa9d841be91014,19f2d3f24ade47f5872e9c587d305755,85492,Curitiba,PA
36efc53f3e30488e9983dc89676edcce,495917562f4c4c77a3c415a57ebe8ae6,77318,Recife,RJ
785269425c17403094928db2d8250688,3c757c07f9444f2fa97b3691fec56d63,49940,Sao Luis,RJ
ed3a0dad53c44c719f82f15c1bea6572,81aab7f8dcb1490998cda62214f90018,57996,Joao Pessoa,RN
eaf210daf6204df8bccf959867192abe,7665216f632c4d88ba2f227b06c4bafe,21580,Ribeirao Preto,CE
ced122315eee4a1c98749e1e7589b074,e0cdcddde9ed436ebe0252e3e4f143aa,64594,Goiania,MA
fded7f78f0cb4fadac671cbe28a1034d,8b405c74d7604ca584148dc86415dcf5,55411,Guarulhos,PE
43bf796c20e84f2893f1ce5f8440f0d9,72496b69cdfc41a88006fb1bc586f2f2,23216,Sao Bernardo do Campo,AL
d2e511e008ed4fe09a901063899d2f30,3462228e034a4299b02c8fb97cd4dbfe,51356,Guarulhos,MA
84032334bf324c64b16a066ccaab0fa1,c44b460734254d31aa3de3581bd66a36,64996,Sao Goncalo,DF
fce423261d5342c89f5a1e102d4a05e2,6a9b85bf12f84e0b9e3f01e37aae5d34,53931,Sao Goncalo,DF
e745a4e1e0854ca28cca7a066e3627b2,24ae2783fea84bfd9adb513d3fe1968a,20897,Ribeirao Preto,DF
724c9131df1c46e5ab1508214d1e1bd5,ca11a8043b7a4693bc424924e6e6e47b,28395,Rio de Janeiro,MS
250bfab3c7424c76bcf2d980ea3af87c,cdd80fd67db34efaaed1f9bb19d42764,12352,Brasilia,PI
3815ace157e4417c804fb96d3e57aa60,27805bac315f477683876fe2273d6967,96132,Sao Paulo,GO
409a39a67fe14d44b698dee6f94cbdad,3aa459330a9747838d0078bb75f4f9ae,92051,Maceio,PR
5218021127ca41cdae4388de8f626bae,023b66b4fd9f414190eebd84f53c782c,58132,Natal,AL
14eae22ab0974fd1b895f8db8a0a31a0,8d1ad246f7a347e2a2745eeb1f48dde9,74295,Teresina,CE
264d40cd1f71492f934b1b748db2d6f7,9bd51cff32444c40941130cfcd47b9c4,63645,Fortaleza,PA
5927c018aba64b8a901247d27af66bbf,f363876bdd144299b973cc91a0b41438,54442,Salvador,PA
21f97da07ab146afa5b90552892e7326,96c52a97be8d4982bfe3724719cccb3f,70349,Campinas,MG
e8fc2ef6ce3f4f1dabf8834892bdf70f,5a3ee42cd4d6411181ce9da145fd5601,55801,Sao Paulo,AM
17eeb4f490534ce8a1f4b655a6f03d09,2d82467481ec402a946140fe392bbf82,34580,Belem,PI
7087560d5e67464fac6a3e50ceeab448,79fd8ed1360c439e975ce914241e7a4f,94621,Recife,PB
1ae41550eae74fa581b10e7e754bf84e,7ad364f8f0cc4ab2bf164bdfbc256633,16182,Ribeirao Preto,PI
a4a9f4a814e34db99d1427bc393174ca,6d99eb8b515d4d958ad27042ab805674,64760,Belo Horizonte,PI
dc868fb7edcf4a63b3d41018779e345f,9eba3c20b95f46ca99501ac0f10a8813,66507,Sao Bernardo do Campo,PI
e9046c5b246b4906ad9360b59725101e,5daec7fcbd064ccabd117fb5e3caffa8,35058,Jaboatao,SP
f896e1b6e5c54f4d9d5ab3f43c01eb94,28c06c351ad34f7ea6e41be128f95127,43144,Curitiba,PE
0ec6905aa74d40e59f340a2d1cde7975,b60384b74d284f5692b911340a5a0041,29013,Fortaleza,MS
46c7600c4d29453fb010ab368486f36c,9418eea9ceef44588c1c9d03f37bc868,80803,Belem,PR
91eb7a59b8fc43c6a0f1d9cf1c3197f3,6ad463c0394f45108ac66700cdf4df25,27141,Ribeirao Preto,DF
0a3c37cd5cba4941bc3fe4b495c2a439,bac20d0e0d28403d80174a841e6b97e7,10438,Belo Horizonte,AM
f2c68bc4c9f0498a92d95164e9844c0d,7019d463e3484331b1dade0ceb9b5a6c,38704,Sorocaba,PB
d270d79fd18b411d990cbca46ccf417a,e23b79b849614d00bb46bf43fb43a1d4,84086,Ribeirao Preto,PR
87a0059c393e43b9844b14352a7b301f,d909e25b27174729be6d7e3891bf30e3,11258,Natal,SP
e3a02dc90f3344b5a3156035cb0bcf77,dbb51ee38e1f4e9db926e624e65e2d60,46774,Sao Paulo,RJ
6f5ded723b964b3d8c5b224329907610,3de69d4fb7ff484a9f0b482e708ecb0e,42411,Sao Luis,AL
e66407bb1fc64218bd6b9b3957a120a6,c0b5c2ebd06d455d854280539e722151,55179,Duque de Caxias,RS
f66524a48ca147408bfaafb267954e1a,84f593d66fd74eda904f781769922b27,96025,Natal,SP
4054bee3a4e042319fa8a2f9d308bc61,c8487fa08ea14c2c84e653d976803380,23898,Sorocaba,RS
bf862d75c169410fb23e8f065a5d0463,347406a8cb4043c4870f6576fe45567b,15554,Sorocaba,GO
06eae5f3a1d748be88c92da201b4af6c,d331a1f1c9974933b4d46761a16eef60,66708,Goiania,SP
253815c45e824d1e89e08341705b767e,e7e39b1f377241bd8204f7012e0e8564,29405,Ribeirao Preto,PA
7e0055c66e45411ba9eab7966a9bb81a,4d7d92a565924320a7a15fbb9b56af25,68996,Duque de Caxias,MS
dd3d8ed277e84a129bec79b6cb9af894,86c711c9d66d41549cfa2294a22e9e07,14885,Sao Bernardo do Campo,RJ
610740165f92421fa25dfa3d67b00c3b,3e98c7fefccc4fdc8262cd2bb0647c12,90044,Goiania,RJ
f991d1a704954becbb94a7a88a9c7be8,2085e35af7d14f4c8d45ca6a0c7b6bf2,28745,Sao Bernardo do Campo,RN
329b12be1eb04393bee6580ffe502a70,750ea8a4afca481e89b3f321265f98b6,88887,Natal,SP
4cddf128fadb45c49957cbf0d2f61739,6b8a6af55e1847aab3341a1a22998550,45551,Guarulhos,PR
c2f196f028fe407797ac96c96bcf08ff,bd7713d7208e4b6ab04d0e10ea4809ab,61764,Campo Grande,MG
66679c8664e84fcabf29858c874e17bd,7141f5a7688743d19d35af10f97c663c,87972,Jaboatao,DF
f25ff2ae57004ac3a83ef6e1c207d466,940b25607dd84c1cb5f64504e1dcf48d,77677,Jaboatao,PR
5eaaf28738fa46689faa8095cde2b6b8,c6b268ac8e87474cba955102f0b22370,78378,Campinas,PE
fed1c68c77554d1da9889fc700de392f,032ad32b3e254ca3b5b9078cbeea4a6c,79550,Jaboatao,PB
f1741faa56164abd98d0549bd8202cce,0af4bf116b1b4bc38c2825adaa26450c,34600,Guarulhos,BA
c27fef16366c478cb61b421bec9cd279,1c7eb5cc00f84f69a26f50341474d084,63551,Natal,AL
a2acadb1e12a4e668229a8aa8022fa2b,e9387e1c91f0494abf17b3b0ceccfbd2,20423,Campinas,PR
618c5e0e1cf94b6d9c1e24ea2ba3473b,699879ad080e428d90ea602dd54bd279,60967,Sao Goncalo,MS
026163fb13fb432893ffbad4f6d0426c,d905e92151b24e5ca10cf9bf938736db,18712,Sao Goncalo,RN
c8ff4c50fed441e68055f452041dac45,16f66f56ae884dbb87897512a6cfdb18,51717,Fortaleza,AL
3863e23ec50f4c4d9bbc6aacb67ff12e,e7f66f5b7da1465681c63e126cb881ec,99271,Natal,RS
8e1d885657a849be8bc13145a14cd868,98de7857b38b4c5f86109bb975d0020b,98250,Santo Andre,CE
302353657a884503a68710ff595434ac,5db694ca52764b7d9d6d44579cf0ea2e,60427,Campo Grande,DF
6e6cbe319a39433286a9f14cb24bb3e1,992e391b2df44caba38b84eae101ac5a,56860,Uberlandia,PE
ebfa236beff144f28cb6935550d6bd4b,b1355d9f14b341269b141504ff900173,80812,Teresina,RN
93697a3cefac4ad0a62d766499574d7d,66542505770341cb8047c3cb5f1aceb0,80761,Duque de Caxias,MG
2961fa2cf5b4487da55c8cc334ccb92e,570a058146e64674902b9679013205f8,98029,Teresina,PE
da7e13dabd5e47819474aa6b3d3160ac,157dde4a022b4e0984ed472f6bd7c0d8,22620,Joao Pessoa,BA
b0a5a130b14d4b8ba0da732dfaf82668,99350a230e254420896c897c4661008e,43793,Goiania,CE
ded97ee490484b919b5f475be28a6a14,58a1268fe2214441895d8a80632d52a4,68281,Jaboatao,MS
719185b5f4e64e0a9a8dc7b800f12b99,5f50d34526a64f3baa559f4ed2f0df96,14646,Belem,RJ
92b3529a7d634e4a9a16a22473952964,ee9c6b3687f44b76bb8074e84c819fa3,79890,Santo Andre,MS
a1f629f9fd2f4cea90674afc6f63f779,4f4230e99f9e437e9a8e395528d10913,54282,Contagem,GO
08dc37b62899407bbfdd5bad08986cfe,7f996537d6bf4b73b0d3292b76e0ee5e,15366,Goiania,AL
d7eace90e68940cca52e67f2dff202dd,1b3654f71b034d7ba1bf563a3db69c2e,31369,Recife,RS
cfd82313d5df41198d5f4fdbda42efb0,b65c9642144d4161a3a45d764e38e416,80028,Belo Horizonte,PB
0f5ec75ec41a4602a6bd863bcec050c4,40771676f58b4e0b8d08093e22393fb3,80340,Duque de Caxias,MA
56b0053a677941a8bc53503ea52c48c7,79d2a5d398e94fbbad25807400e9e67e,67921,Maceio,PA
d8ee899ff9444ba79e87033f40a07912,62c4dbc64b004427a1df68ae2529827e,13274,Brasilia,AM
49dd68a746c84e76ad297846f7aaa39e,7157ecb0b65e4b8a85bf0f795b3e31eb,85232,Brasilia,PR
6f63d25b8bf1480a83087473b83ed906,2ded70fc78ee4fff9b54fc7b82fb5a98,78885,Sao Goncalo,RJ
8f45d0ec6bc94d02a4c2e35575894e11,a6265cb5d21e41ba82f15887cbb51184,67440,Contagem,PE
3b480b30ad2648f19488bfe5d31e3952,2ae43c52ce5848a7be278fb6581c9c3b,20576,Porto Alegre,CE
98659fafcde5425ba1edf56180aaab48,d65e016a3c78456586eed882bd0670a6,12877,Brasilia,AM
46bf6044fc0b4b53b5a4f6fe4656bad9,edcdfab1a43f497d9d5460b3d5b3a112,46239,Ribeirao Preto,PB
fb16cc8ba49f4a6b9be5fb1d4b0e2a20,d2fc06ce67454e5aade8db4a06faaf67,50587,Curitiba,PB
c5b8dbc0cc0c41fda606dff37bfa97e7,8f4b4568a4be46e2a7f86bd591d867f1,32864,Duque de Caxias,MG
d3b8aceffd714254b7726ced63057696,70fea4d77df74f5bb6183ce9bef60ead,50719,Sao Paulo,RS
4e95581b058244a3907c7f98b1c4092e,4df3be6e544941d5a7db718f0afbc7e9,61172,Fortaleza,RS
fd0fae230d184786a83fdfd7c3a04fb7,e1bc518f36524d539d134374e17c17a5,72227,Duque de Caxias,AL
632d55ad6d1945bcbb0b933454b1e533,467065ce0f9340e2804eff41785e31a8,35692,Santo Andre,PA
dc5c583da1634fe886af9c62f4a22a62,20886fdcd10d4d9a87554407307c26b7,67677,Contagem,CE
d9be4afce9e84d2793d422b6741cd5cb,2d252d57da444062b42081ae46320f17,38267,Campinas,CE
afd2d21b9ac340a5bef881eba9e6b19d,2a19ed10ee5a4ad4be188c361f1499d9,73114,Contagem,AM
8bea0feeddae43ee936e78688929be44,bf0dc48e2a1b4655952c1d00c307db87,40487,Rio de Janeiro,PI
5cfd10ce1e334041807e6ab3ac5f776f,1330e1d4d9584c07b66ae8695c842425,96618,Natal,SP
016fef5902824745bf5d7c9309826a18,a3b551e4fd4448a1aff57f72a1d985bc,41706,Porto Alegre,GO
c6dfe569b3664819a3ff48aaa124e393,0be532394bbb41738526d343dc348bcb,48891,Porto Alegre,MA
d25179820dcc416e98015095e070099e,d5a6a396e9b4444cafbaaa06739beecc,95891,Maceio,RS
d1e3dcb71216443fa75ad5fa238387fd,a15da781f7a647cb894a5924108968c6,42636,Jaboatao,CE
0d6c3874daec438093f33c116f1b383e,dbc36446700e4af39618ee3cea44eee4,18236,Osasco,RJ
00454eddb6544a569122b938bd764c3b,11665c63d87f4d57917c57a6c459abd6,87839,Goiania,RS
1e8a170b317b4fe0a0f790523b0ee33c,5718330345de4068b0928590364d1480,88814,Guarulhos,PB
6658910244fc47399c342540c9efa606,e682aa1833514b7b817f476f02ab2fd3,64865,Brasilia,MS
0b1ab6dc003c46f38a5290c308c05e32,efe5fb41c3b74f5aac3b0d190b971aa2,70358,Santo Andre,PR
6fe7f440297d441cb8ecd36ae283af4e,a12fc19b6ffe444b85749d8f336e48ac,17502,Santo Andre,MS
3fdbdb1a750141738a3e649115667046,fea205dab50b4edba62669ea09eb9062,84222,Contagem,SP
81763a872a6f4e759738b2320511dea1,cabd017ac2ac421ca8c3c64550bbb69f,85090,Campo Grande,MG
064ed02419ad42abbd3c33168ec724c3,3f722b700d264afeb0f13c958edc2503,84859,Campo Grande,PI
a5e28603a9dc4bf7831eadd183de86fb,d15df8d639104464af9dc10d7c9e9bb9,46559,Guarulhos,RN
051f0c844ef7418884eb93ba617e783b,0e98f10fb1a14204b9c74c6406354cf9,64967,Belo Horizonte,RN
c480454677dd43c2ba4c4d3825cc346e,ca383df498f24720bfb3c91c9e21d08f,12515,Campo Grande,PA
bfa392eee2b74f14be27461c2e7fbf01,b23bce8280304cbcb4a22c18f87f886f,25479,Belo Horizonte,RJ
9f4353e478d04fc4b1d4696d43788ae3,f2d64100a8c443b7ba28fc472828bd51,38231,Joao Pessoa,PA
ffa9a6f254e742a5b43fe1df7fa78867,6e94ede4929242bc945152c86d0f5511,62948,Osasco,CE
d4231a6ae7474c0c81e871e4bf8f9fde,2893d84f6fe949689fd23f30ae9c14fb,51748,Sao Luis,MA
822d836163674a809ab9af4cb841f977,02e3feefb725407bb7e5a7c9827d3474,27431,Belo Horizonte,RJ
853934825413474e8f0b669f666bb50e,dc7c386e808f4ad6899ebd779989ddf6,92029,Campo Grande,RJ
d59de2b23b4f42a4bd3d83cabe35a489,70939575471946048dbafe6e7c2ccb19,28676,Maceio,SP
e470ccd7270642d18cc391206c752608,81cb66fcb8ec4377b96e0cb3fcb38c7b,55409,Sao Goncalo,GO
34862b187b524c92bd28a2b67912ca6c,02d3cc2ed3234899b0ba9a73494586b7,58971,Sao Paulo,SP
6c24322805f24442bcacfe353dee2770,f731c940346147468d14776f5b604929,17183,Jaboatao,PE
4bb868ea29764b3aa12c6e0548b5fb76,57083912aa434b09b9fa4a842402637f,49035,Recife,MG
6d2e5a4db8474627870e79a0a31fe117,ab2014613bac4151b630a815a4e8897c,55138,Campinas,MA
4578f9713ad74d84b54c222d252043e8,e7eed7b4c785465b9cfcfd6f6232de59,99118,Manaus,RJ
f0679fbf36974c8a9778ed872e54c509,9709b3692fc04e11bada99a3fa351385,59069,Osasco,RN
25d7cd77ce0a424b8ccd8024b3f01d75,46a5af1ee2eb42f1a31fcead668d7f84,30497,Sao Luis,PA
5fc564bf6e4a477aa8a6868f30b5ba37,b78c316f68b245b9a68e8818e0b27b68,66859,Salvador,CE
d760412b8676427484652c00689568e8,a7ae36178f674376999335b1df6ac966,12849,Fortaleza,DF
b3c0f28c14fe416f8a710be476302f32,4c568036c44940139105831676f37263,69113,Goiania,PB
545976d458084711be9bad7dd3b5edf5,e45107ded54e44f1869c1d7f84760238,84480,Fortaleza,PB
d8fbde31473446e09001662dd2c6b7d3,c6e06d4f46634262ac7602a68f0e445b,37802,Natal,SP
d020f7473b6f420f9e2293fc5f328a3e,21bbfd60b4824e6c9076fe47a0491c72,51998,Curitiba,RN
6143a7c1bd8448ac84d76cc6483f03bd,1ad4e8e5441848c2a74d8704a11b9c9c,13832,Brasilia,AM
a9c9875340604178b529bf652b880d37,13e79ee9072b4da9a6d43b00d2d101f6,94157,Sao Luis,MA
a28e5414d6ca4ee9978582c6f0dae585,876079d4f9eb4bf88418ff70cf0df14c,13784,Sao Bernardo do Campo,RN
aa511665d98f44d29f56d66112da2c19,addcfbc99a8b4579b932047fccce1ab3,34213,Sao Paulo,PR
b3b3effc9fee425e8c31789dad2b4887,824608d16d2d46ec96ca596187549c6c,30009,Sorocaba,PE
01282d30400643c196c3c6656c0f1ac0,fee0c6a837894df69127ec490f7c8196,78080,Campo Grande,PR
763e342296b44beab5872e94b49d2e69,92803925356f4b4784e61639318f13a7,28452,Manaus,RN
81a40a0564134990b6a527bc6dcbcc87,036269cb44e1416d9c3eeb50021870b3,73127,Contagem,PA
cf46f1ee7c194cad9a2a8839851c0b71,f45e8b14534344e7a337f61844b119e3,65108,Sao Luis,MS
08046c6892ed4782a94f373ae3f0932e,5f8da78467044eb5a485f3f99f421497,90128,Contagem,PE
2c19516f9b3349a2b27339b78459aa90,686d522b1874425588431d1ca841a013,59268,Guarulhos,PB
fe03e9dfe200465c984014a83dde33ae,6d24aa9964e940b7b3a1845b6fc5dbd8,52622,Curitiba,CE
6e7843ecfd05417abde3007b71eab7ce,c2524d99740249f886a980c911db334a,46344,Brasilia,RS
3d235fdbefe441cf8099a1d8f8de3135,e495ea32cc36446f814363fa0678d946,76237,Porto Alegre,BA
d1437f2290b04fecb634d8d0e5efbd45,f2d53727b9854c608b4702b08575f9c7,64862,Teresina,PB
e09b13ef90894846bdb2f350c7152373,28c6ee2d67874ef9832a063784372414,89209,Maceio,PB
4e54089774ae47deb2a75eaa9a388661,b67c9cedc8fa4c6f80dc1f3d0292d476,14621,Sorocaba,MS
14f28ef0551949d89acfff7636387686,50291f3858d044a4b38f3b533be1d452,67843,Belem,MS
e99204bc838e4e4082fcf3b6ba18b868,85d5485706ff47d2ba77392e377ed702,93043,Contagem,RS
0943a0e99e6842708a9bf7a627fd4e19,80472a8ba99d44b8bac95630e9b1038a,67306,Santo Andre,PA
d614b913a1b345508671b5801daf6400,8b2ab77bbd904e378a346351f2c1a867,79423,Goiania,RN
2cefe5b3939843e1b4f12788c5c3d6b1,19b5ae4f2915419fb1675ff4bfffc850,81977,Belem,MA
626961c490224f67a99bf37a99fcc0cc,5b5788464cc14f7cb0a1aa6db14b096c,49229,Belem,MG
f9e204deae9e4d41adf331b248775bf2,d131a71dd27743d58014e0d0d81f1b1f,86253,Fortaleza,PE
96e210297a904e8ebdfd66fe4275e55c,c2200061b23e46968ee408a178cc3e7e,28028,Sao Goncalo,AM
b00afabbbff6408d9c9bbeb55277bb52,bbbafcfeb81a4eadb4563f1be15bac8c,44781,Guarulhos,PB
bc8159cdd7c340bc85c4434ad571f562,176107fda40c4df5a4fa9abde770d6d0,99315,Salvador,PB
4b124e61de4946f3aeee0657665129a8,390259ecc5954857b7aca85506a7ce8c,57606,Belo Horizonte,MA
411c0dc24446433f9a734d572655bc68,623664ce515b40c9af45fcbc516f0a0e,55334,Salvador,CE
56ce7ec108654dff816acd5950ae7824,62e5c0f0ac914361b6e4384c7d62734a,97428,Maceio,MS
ce629271cd1c4f1a9249580cac1b8aa7,53210836afac475fbba97c1fa36f6fdf,37236,Goiania,DF
80863360a36040e4b762a4cddd57b7ac,453fd1ecc36d4bc2ab17e556a296c87f,21335,Duque de Caxias,RN
0dc63bdae0af46838c8135cc7054efa6,65bc973d07fb4411b7750587f3e4e2f1,72985,Maceio,MA
9d26255e3fda46948dba47e2e17aa5e3,9ec7d3749b1f49dfa84963ab43061d50,41526,Recife,MG
fa86f37ce3244f88a4e1bde147700eb7,bf900e343ed34267af0dc0dcb62f615d,45879,Porto Alegre,PB
5da0549c89bd4a4b9e0ce004ff684256,047f5279db38473983a29f99aead5de7,72710,Sao Bernardo do Campo,MS
b7679efe658645cfba9de6b26f99a387,74d8fea11b5b4027b2fa28a2ce02f2c6,67844,Porto Alegre,RN
da53e4ab7de443ffbadef05a358334aa,bb555a8f6d794312b6501aea0cca6e73,63423,Jaboatao,PR
aa9d44547fd6480e8e26dd51f7f54b3b,189421ea2e2b423ab712e5e7b4220e22,86571,Sao Goncalo,MG
afea0c13a81744229cfae82d408b9394,5be09da0ec684e47ab89367654db1300,12388,Curitiba,MG
509022e5ff464cbf915665a82cfae334,6fab454213cc43c8ad79bfbac398a54a,78665,Duque de Caxias,RN
e090c21e33a74190867cb535545634f3,5f1b53c74d534b22826aedb434a4d110,33469,Sao Luis,MS
fe99b54c2e3949f28463b4f6583b234a,e6d176fa09bb4139ab0e5b0045e1ee3c,84517,Campinas,RJ
2266fdb48a3c48c9966d8cb505ef4918,bb8f90e511654b2d9052810e02f58efd,63714,Sao Bernardo do Campo,PB
f3bf13d3ffaf4205875c3c56a8c45c1b,a85e6c0a6d164b9ab7277aab752265e9,76259,Santo Andre,PI
d13e9407c6bf4361b55a9e5f87b53382,b662685c04804584883b2190837c4b51,97802,Guarulhos,RN
400d42386bbb41388b805ea0987c5c02,8fe3d1b5aeb84fdd8ad5ae8cb2ecc2d7,97505,Joao Pessoa,RS
ff70a9366ec6468ea4c8674656811980,a7ec7e34fa01440a8647fbab97728630,32900,Sao Paulo,GO
f73a456cc6d64b6fbce51b3fdf9d2955,29e6d515a10d47709b314f7ccab435b5,99921,Joao Pessoa,SP
d52acc78a3074505aca34572eee50ceb,a287334e99ba40b28f6c4b88947a9326,97120,Ribeirao Preto,GO
688a29658dcb4194ab9f2fedab77499d,e1d32d693dcd4517b1b9a240627b1311,71691,Duque de Caxias,RS
50fd2b70ee5e48d9b6b5df4d71655935,6f9f3455c0c74140ad87711125eaf240,62879,Fortaleza,BA
193f5335bbdc4c3aae39facf7a5bedfe,df9f73d13740499ca986b3ffc8cd5db5,19132,Guarulhos,PR
d741a31d45fc4d67bff96b0d9ca4e760,348e992bf090402a8cef57b7401918cb,44323,Jaboatao,AL
a99232b7bbf9466ba8e7bc994181bd35,7e22f373167842388f08e10dd51c8dce,53313,Belo Horizonte,PB
a153229b6acf4747afcd438313a6d29e,3750d889bf8949ac8858db65c62f6bf0,63043,Uberlandia,GO
c05a8c75ce78439c985f13a27e5d9100,b1e5cd04ad3c448e803d044019fa2291,24848,Belem,AM
4c423b857f9e43df845d60f259f04874,7814204427d0429eafc2cabb959c0309,21258,Salvador,MG
b0cd22bad4854e67936d66e804972571,82995df61805412bac54cc8c745843a5,48413,Sorocaba,MG
8816d886a70242f68103687c0bcc539c,f477e5e14f984255a68536c76cc4a830,98690,Uberlandia,AM
b5ecc2c72fca421bbf244f01e535ae86,ae45f083a2a843cfb75f5c95cab2693d,78323,Salvador,PI
aff21d92c43947f08616aaf2bb551033,a735dd761c6e4fb391c53f1a2a865645,94100,Ribeirao Preto,MS
3d4f739a9f854dd18b94c1086cc33ba1,4980e45992d14f05aab31e4ae7510059,91726,Rio de Janeiro,PB
20d9adaee7be4894aa45f6f0de002983,7ffcc187380a4edaaaac231e67b1eaa8,66383,Sao Bernardo do Campo,PI
8af31bc9b333487ab7308bffb3fc303e,d21e24ba99e948788ee6ed6109139cef,65995,Goiania,DF
8ef52c1fa271444a9fe5b3035d9d3b7b,09f129b1e1b34124a5f9333a6637db0b,93755,Recife,AL
0aef955e2ffc4884911425726fa56e0c,b6fe5a28d5d345d2be7e6a126e776308,63721,Santo Andre,RJ
9f29ee7363804bdfbfcb7d56fe6b314d,10b3873f8c0242eba72ed231b7ea5cae,23432,Sao Luis,SP
13910e2af9404122a3102e7ada0791d9,2d45c27f023b47108bf6fe90af6724b6,55866,Natal,AM
b3a2703a4f7842e2bacbe58b4b668e9b,b45907d281854b419f4b7e1cd8c3e2f4,90489,Campinas,RN
b7eb0516591648efa48f6850420d101c,249402c37172402281c07d93ac863633,14848,Brasilia,GO
b899bc4722084dbab0f31794b983f911,9623579a08634c0b9928916430a33381,58443,Joao Pessoa,CE
e1dbad8a28ee4044ab4412bb92ebf9b4,9864979a0e7f4bd29dfb1d35aa26fd65,34114,Guarulhos,RS
73c79d6c9f2940c09c34ffe572fdcf39,761f1955d0ed453bb65798fd33b97fa8,20203,Osasco,BA
ead365414abd443cb485d0cc4d9119bf,dc49c6ed729b4dfbb4433c0916d6ca54,44467,Guarulhos,PA
d9e7e25c0f314f259fd3b1a49f2dd511,de3351bd4d4b4b3081f4efda744640ae,53889,Salvador,PA
fac436a91c4a470f8bcf551e9bc3bd33,66ed3fa414e245e4bd4e11b946f35904,73742,Duque de Caxias,RN
ee6ab0e8126e4dafa967b0f4fc01014d,d5cec1844c314424b09c3c39100a21bd,35645,Contagem,GO
6ef992d7950d46389c6f35fa2232fbb2,e83e1e097fb14c1dbd7c39a724e14263,25039,Guarulhos,PB
982e325e0cd94000b32bfaa461e2503e,bc4e33fda7e74bdbad204f41101c1d78,41258,Salvador,SP
2d150e928ba842ab9e22fbe297d33d55,a9f7156f077241a5b738ceb773516661,33580,Fortaleza,RN
fe32cccfe79646bc866e46c5c5fe95de,9630d1cd08c04caab034c5688da917d8,26297,Belo Horizonte,PR
2aa18218d86548b7b7f67e438772e1ae,8b75f230d3fd4bc1ad82f0432c8db6b5,95525,Belo Horizonte,PI
84a40b5ae33640f68c70d5114695c60d,be3fb99fd2ae48a48495aa77f415c841,16578,Rio de Janeiro,BA
2310c095de10418382eb4814ba58a753,7412c0ce2e3445f7a3c3bd351bc242f7,20782,Osasco,PE
c36fe8351c524844888fd59896e41972,c5370d179b2346c48ff5ae72056af584,88742,Maceio,RJ
71465717997f4e379d66f5f508d107c6,edd0b0d6e05f4d669c31847baa23eab0,14177,Osasco,PB
3abb7be495dd4cf1b3a406ce8a1fc480,8e3efce24c964a04967fb20b0519f8d2,43294,Sao Goncalo,GO
d2c1a0df68fb44cbb76ed8c52771fc62,631e86b9a4aa4268aa6dd19290a3de89,53629,Belem,RN
a8eb8a671a6743b7802ad496336ffab8,43bf2d501b0642b383720f6057e5741d,99710,Sao Luis,AM
623b967506614054a50866fc8df8e760,51d5a35c335e456e933bfe5d65db397e,48025,Sao Bernardo do Campo,PR
637a59cd9c7a423f862a5b67b029793d,1470aa5e0e1b4b139ad93ab3b65170c8,29618,Duque de Caxias,CE
9d55d113d48f41c3a81c3098718e3a33,5c277fa141544b12ad73818467b08673,40000,Sorocaba,MG
41c5bc1f29aa4b4da968314311e99771,797664257d38488b9838a03db024ae22,34672,Salvador,MG
37fa44c7f4c1420fbeaafb46c9cde4ff,2d95be1eeffb45b3aaa898a662dfe82e,82062,Santo Andre,AM
2e406d32f319414e87199396494bfd98,fed6c7a8e58e46399c97672d3b064706,64511,Guarulhos,PE
7b2374073b1f476c9d3bab950523edbf,e63977ca623a4ab5a8e9ca27f8c1dbaa,91746,Maceio,AM
25277e9d4d96484f8cde0649fa5d1e00,bb788e1642724e01980b5e8c4a9d0c0e,56966,Natal,PI
e2e891f4ba5f45229092293585a10614,db53568ddd354245adfd3b19b3a2fe24,94034,Sao Paulo,PI
87a484c393e649cfa2f17350974ea93a,8c928870cfd9443cb6377d983bf62f33,45591,Guarulhos,PI
b6003af4bb8a4f28bd55e403c4833dd0,07bbd9e032ff4f11a8c1ac43f1b7cdd5,75175,Curitiba,BA
851e027f7b2a4372b42dacb147254c27,c8de5475ec3a4b168000e5e663b6cec2,85710,Santo Andre,RN
8c85f2d75bad446884f196cc4749b29a,95b8cc2a059b442cadb1c28625247681,51371,Maceio,PE
a6d772395cb84d98acab09e96d2b3bec,d544e73d66584eeca013e38d571669ec,53896,Campinas,BA
7a77c37426e840459fdd58471557e87a,e8ba1449382943cfbd296e9d8b499ecf,72152,Brasilia,PR
d4bd454670da4f6cba6bacc7ec38959b,b3733e0d9a7049ada11284a01a669651,71110,Rio de Janeiro,BA
aca80c0b87ac4c018e39d504140641e3,7f266608ed914ba5be2b60f2aa6538c9,44002,Contagem,RS
a429a5f56b9049a4a548592eb9a633c3,b5ea0c01da8d467997bab2a9e9c3642f,61429,Uberlandia,PI
4d897f28625e4598ac25d4f6e0a24d8d,a91d33b75d8043a0bb926652485e255f,46256,Belem,PB
44aeaca18ecf41afbe074f344d3a4323,7ba9dfe585804eb78a2d241fd38d1f9b,90541,Osasco,SP
2bfd63a683ea488091531475c656f169,9daa758f64da4a5087e0c321d100b205,88891,Rio de Janeiro,MA
071ccf8d0bd34e13a566bd494f61105d,2ab8225da11b422d9d4c8c2e7cbed80f,62328,Contagem,SP
c4306a36b271448eab6a84fd69613fef,c029a29dc3eb482c9946cd907c292648,85191,Porto Alegre,RN
b659672cebdd45cc89c04dea24473448,2238a50990714eccb496f8bae0359946,78741,Curitiba,RJ
c081cdac14ac4400969366a9907a19da,3bb8ab696ad24bdbb3439c717d09ca48,64614,Salvador,AL
2f17693c0672499a9739ad9b0b7d2472,c7d571f286564b7ea5691102bfebcb0e,48143,Guarulhos,GO
17ab532a8fd44758b1bd98c0818ab57d,68db1031c7a14d2b938456ed93ab54a2,75802,Sorocaba,PB
7fcf18f0212d4d59b9c90dc0010b0e19,aadfd25a0401490b8473e75f8935601c,84212,Natal,PB
7ecd9a0ddf244398964e44ba9503c197,15e161cd81bc40ad80b7c8ace068e44b,75496,Fortaleza,PE
e7f1c6a4ec574f9fa13f31010401b18e,eeaeaad7a1c9467d8f602753f4721b1c,45115,Jaboatao,RS
4948984c99634cff97590c64885e2669,1297d8f16e0245dbbe0fdb66c3f77ae6,60966,Contagem,AM
ac7782581f034a969ac2312c93ac2885,7e4ec043a48b44d1916a23c6365a2f9a,20761,Salvador,PI
51660d5da624437285e996bb01db12e2,7b07dba95f1c4e9a899a62f85d819227,99695,Recife,BA
d6adf59b564146d6a6bb73f09b3328fe,8028afcc855e4d8dac573085f8818663,15620,Natal,CE
cd09027cfbb141458c19d17e88dc45fe,d311bbbda5574431a6769b892cfc7d01,70100,Porto Alegre,AM
07b801ad458049e7b0cca7fadadc8552,0c540b61eac3491a9f8943c5020359f0,99846,Natal,RJ
44ffed515052456381db28c2240673bf,5deb8ced0adb49f388c4f02e86c5f1b1,87187,Maceio,MG
dc59b37bc64941dbb972f07eb82ca4f8,fbb11c8a5869483398cae73c0c159e63,99841,Belo Horizonte,BA
8b8073bf031b47c9a1a185883a40cdcd,4a89485aea04426295cafe6fc4d75394,28138,Rio de Janeiro,CE
75a459ccf3b444d180a5beaf2d8b4b63,a80177647235440a90edbfa64e40cdb7,19697,Goiania,DF
738cdcc7838742d5a9cc60aa5b0b373a,de8929a6f5d0436fbc15500919e68d54,28151,Teresina,PI
d5fbd780c39940a98736745a3b8ad128,4186cd56594c46688e2793cacc68e3f3,56393,Belo Horizonte,PR
928a9087414b459ca3c8e9bd53d88173,aa56ff87c73f46bd912140d436269d58,60237,Maceio,PE
0f188de1fb8148acaff494d44055a101,4e6ce664b0484fb591b9cc9fb3e915d9,14200,Goiania,RS
de50462fde564105b7d380e31b0b88a3,a988096a4ac4416484100f8e98410ea0,24178,Joao Pessoa,MA
19359cc2421f49e8bd1d05376062dd32,ad703f259da4437889bcec3f8a6f1959,97715,Goiania,CE
8e5312cb381d47e5bca25957978ade0b,f031dc005e804c89b788e913c11133eb,40137,Sao Luis,SP
4f6e1ea69cf9441ca0eac38c3343c6cd,0f4415e867764cd1bcc6f880b2c0b48b,10160,Jaboatao,PB
144fee93dd3e42508da1e76a677148aa,01059b48ea634bf78874cf0b71d09f63,69247,Sao Luis,MS
c602dd393a124932bb953fba57b443fd,599560bba44d433a83e776f892cc9f05,58731,Belo Horizonte,RJ
acae7e5b9c8a4ff1a2ed9477528e1552,0576bdc5752f47d8b90024accbb916d3,16060,Curitiba,CE
0708490410714152b328c5259bc92798,f7dff82f30da495186cb4f07d0d13f95,30764,Osasco,AL
a8841484bee84a5faa347dc351545d04,25f4f363f1dd4f69a7da3a2f75fa23b3,13484,Sao Luis,AM
77af3420f7d34a84b75e1b6ed28cb7f0,b05104696e6e4e818fd2de6f272efc19,47609,Jaboatao,RN
802fc4041d1442bfae1158fa0445908f,8cc09de0e9c648d49692db934658c2c9,76778,Osasco,RS
83ecd727d30b4d6584f063cda27f73f7,4c71512978d4462eb64bcd1aea81112e,41435,Fortaleza,AL
ec31c591121d491289c1719503ce0cc4,e989ef4b1dc64863a3f0858dc921b4fc,71302,Recife,PB
67960566557a4629bfab5fc25d3b6ce1,3713d835bdc74213a47c909b39a0716e,50576,Campinas,PE
f629f9f350894f27aabcc657a92976f7,3fe1c48353b14d128b8a565995aea8be,93338,Manaus,MG
9c2f9fdb13c344ffb4b4f93528149c25,3f521c7545494704b54847b8e5ad4769,18108,Ribeirao Preto,PR
869196754cc9450c8f582e29bb7967c6,73a02c46a6c74c80860fec512cd966b9,28393,Curitiba,AM
37feb572ed024871a18f53972ee558a2,c1f192e1c121495b9b006ead87a2dc62,81402,Contagem,PA
6665da435320457787c297690ee80dcc,5d9b9060540f41f9a35b0199a3f82882,43756,Manaus,RN
d3b521e230854abe831fee2f95001c89,01b46f250089444fb843040ec21e3849,66972,Sorocaba,MS
e2940a7cc2a1429baa38213833feefa4,5f891468fbcc4cf1ba5f82ac244de09b,40948,Rio de Janeiro,PA
4e93c8c57d084da0be112a3cecd0be34,9bc24321a709458590785ac1f7f401d1,81825,Goiania,PB
406c75553c1f45d1af1c9b58abd2185f,c8ff5cc8f4414386a6021637a10e5432,32809,Belo Horizonte,AL
242d90352b3d4d7fb165f075e6e03ff5,5d1dac84bc7b4f9ba6a2367b431719bf,46388,Jaboatao,GO
43003682111c424ea705ceb3adc49701,693200759e4948b38f9a8fcf92b3f001,88972,Campo Grande,AL
4c4dc8c02f304beb96446cd2d4f3c8dc,fa41d6a7e066488cb467cf58976dfad1,81503,Salvador,BA
13dc90330aa243498ba8d613f8f9e582,b8fe81f70b8c45e4bef6188f759666a8,45577,Curitiba,MG
4d4d25ba8d13401da23e302a94fd684a,2b9ff469e77340b58931a738aa9ba5d5,27850,Sao Bernardo do Campo,MG
cda0924a262b440a91d889098121bc1e,b7d08f344fc34fdf98c477033255e074,29563,Belem,PA
2fd8ecb7529c4bb68ab4dc9c3129b7c7,b65d2ab023ed4f4589a510ff99acd194,75720,Maceio,PI
e9c8fe8f1c2345d7a06e18dcff54403e,0ec9fc311d62437581a70c46a651bebf,35617,Osasco,CE
47a9cc28d72d4837bcb90cea38230d4d,51986244917542ffa6e8335c88416efc,37001,Sao Paulo,MS
8dc40b8f8739423c8a3fb62e8abef60f,14f864e3a42241b3bad3452714b4f377,81231,Brasilia,PE
d4bef15b3717497d9ea3b15c3b3244c4,16cd0c6a041f429a9ae4dbf1c8331656,24557,Salvador,GO
848eb96207a744fbbfb2b2b167bd66db,bb3170251e94420fb23c5b8294a41237,71258,Sao Paulo,AL
f9f5c0ec65f04e6bb6d2004948236157,07557963dac74cb58f488d4ddfa14a73,69052,Sorocaba,RJ
be28fe0524924af8bd72afdc9c781bef,3ef8ac18f72d44088b7a682d1835db3b,69934,Sao Luis,CE
2c1eaa1c67974d04a770668b2698376b,0ef32dc9b2f5449c9e770e1a8acf897a,49338,Recife,GO
73f6812d213e47958ef42707079d4688,06ada7e0ee704efebe510d141847a03b,49379,Osasco,MS
c58c32beb77445dd85343b8cbbaad071,dcf6578f7445483f89989279932299b0,52713,Teresina,RN
b2621e5d3d8d49d3b937b25bd5178583,b6a38579d1044fc786810988761256ee,19096,Brasilia,AM
221c4d2ab8bc42789c8e46c1c97fa1d2,a1c8e717210243769de553f5a61bc70b,24440,Belem,AL
174fd3d11e5741738b0163b669ad26b3,154fe423aa694da99f1f7963654bbc86,78999,Ribeirao Preto,MS
dd6d77ebd8dc41cca5dd2ebae12fe7ca,9520e20f7b19436b8156a6482f556d6d,37641,Brasilia,RJ
4aaab09d00eb4c4f8e07d10c3c273e26,fc7dcd48776f4a71870b542ef969f0e3,27107,Porto Alegre,CE
3f160dac281b4b7d91d56666d571a4d8,7cac7da05a44452ca0a5c3999bf29293,60751,Santo Andre,RS
429341b0191144c5813df7b200397c93,f5d0082cee8b450d9da9e7162d6e3374,51588,Campo Grande,AL
6c2ce8637ce74d529f7b28149de23203,f1468dd85fa34ca18c9948273b120bc1,40255,Natal,PE
24e1cfd224be49009c6747062530d0fc,74c99557f44a448bb6227fc2ed238f7d,66023,Maceio,RS
6c0d6fb5d1ab4a8dbd979225f6f57ce9,5b5debadd68b4f01b96f42d4ad352c56,58651,Maceio,PR
b252586094674ef48e011855444d2fe3,068c7a179d814cd7a3c66f1c5c840e14,23047,Santo Andre,SP
18d8f24444904e53877f8c1d243d4b79,b9c730ff97044661a3247ddaa19ec8c0,85043,Sao Paulo,PR
e0fe7008fc21498da4471ca6db397eac,d9328ecee3ad4ad9b8971fecb7283fcf,55376,Duque de Caxias,PA
2e726deeeeeb4a1687d369be24949991,12a1917e2af64fefa81076e067addbc3,75984,Joao Pessoa,MS
7a7b326db2ba47e1bec7a7e4daaf7df8,b5b0c0fc970a411881f4b762869eb135,27726,Guarulhos,PR
7d909fcea4f74636a54ed7942c7f407e,1fd1f0691a174224af064a47d07c67e3,99294,Fortaleza,MS
08f2eafb94bb4bdfb0344b9aea45621e,0d9591225f2a4fa8aa2e53f70099ec22,55871,Rio de Janeiro,CE
cee15a6794bd4b54a85d5a7c841a745d,a5118305b0304b7981f3a20c8895a1ed,74340,Teresina,MG
5c08f565983b439c8ac04e77463f5707,4ffd97b4a4cb46abb9141f43698fe166,89421,Salvador,MA
8c44400a44c94defbca76dd9f2e14e34,53b4299d942c4bee8eb50a11f49bfb3d,50068,Fortaleza,DF
32f40c2c070042b98bf3c737a2308031,57588bdd94ac411c99c4143313ff7d94,10877,Fortaleza,AM
788a4a254d97407a8c5e5a0e37a99236,e9e914c0019b4bcc91666b79f2fe26b6,82062,Jaboatao,RN
cb7c8c48d9864cdfa1d0fde1803ecbe5,5a5109a074b748b89e4ea4484b8a416b,31282,Contagem,PI
cbe8b6634cfa4fc8a056b646bbe83c28,bfa40ef846344a97b9862962f297e570,81742,Sao Paulo,MS
0cf1110071be44afb36563f66dfb0985,917a1b3c47c543d6bf7efbf808c68040,42691,Campinas,AL
0148aeb371cd400783876ecd53c2d996,28929432895348a6b1fc933f0b259a78,93558,Porto Alegre,MS
10a02fea2e3847f4940feae33f3b8b74,b1526a4f82a74280b5a191ac4bab9b4b,15486,Guarulhos,GO
647d606240be464e8210ca972682d92a,07f469732a9a4e169f09087144b29370,85865,Joao Pessoa,SP
0ac6df06c4eb4e05a2a4b85a9b674f87,64e7c5d9dd194d739b6d337708da553c,99557,Teresina,DF
a13af56b41df48d19fb71c708cb76bb5,d0b911fe45c94e72afee2f229da04ad1,83819,Ribeirao Preto,MA
456644ff141e48cf9c27b1485a697109,917bba6170584af4a88d06ca2820a60d,96904,Teresina,PE
973c30301a17410ab3780355efc494dc,d24cf9887dea47f49903f743b4e017e6,38918,Osasco,AM
eb0dcdf126b941e39fdb2972c5733df3,8f2073566b3f43bb88f2ab317f44b935,55284,Campinas,BA
aafbf4eb785e44169d9293ff1c29aab6,b5a4d47cd9b7499080cb8ed6317ef975,34760,Natal,GO
d5b634fe680740289581912cc4b78afb,e8660426f5a84da5b3d7d23b428edc86,13489,Fortaleza,MG
2f4f1ffe50644aa8b27aa4b6a438bb07,9c75e7789a404dd59d088e6343173a10,20132,Uberlandia,DF
b91321b69ebc42f993d1c3f55ae31a31,c9ecc91f42e94294b79c2e04755ec3db,76686,Sao Luis,SP
47baeefefc8344218ff39a4c3451daa7,6f9381975ad44607a8b8d48c62bfac0a,99977,Rio de Janeiro,SP
addbd078370b400996843601d7c0b409,1b60bc04f18b4214af6f66d88e0f900b,15254,Duque de Caxias,BA
42cb6b4683224c43ae35dfad467a1110,8f1a653a31414acd814ea963b5761efa,33433,Salvador,RJ
63adfdff14464a2c95a288b8f8896e76,b499505c09d9477d822926a4205dda6f,57047,Manaus,BA
f3e23d28432543269f98f7b6c1e34d7f,e1cf9d489b5046cc9173ad9835021645,31864,Rio de Janeiro,PB
4fba87cf4c2f412f89edd3f6357b77a7,017e1d3273284dbfbb14fa87d4528c7a,86865,Manaus,PA
6e4efae7d4074120b20da5fa41cc3715,27b5a2e83747439aa7ea81fcd802ff6b,60263,Jaboatao,RJ
b9edde4f42124efc86506497bec19346,f8c73a2f65e0446c8f10bb296d28d90f,79355,Natal,PI
89467b3d79e440349bf4fcdbe2a444e9,e547a5cddb8c441da1c8ecbdd519b211,13974,Porto Alegre,AL
44e3442ab0cc4370967f5fa703cdbc01,afeae1640f684322834e88d00e834fc5,60196,Belo Horizonte,RN
c6b14c284d3e4a1ea5e4550387763367,1bdc27d3ed2b4b0188414584083459f9,25274,Ribeirao Preto,SP
b61707a1b2a649c48ba8c31f46f0aeea,146c67b21d0c45689ec9b19393a24bfd,22079,Porto Alegre,MS
1620eb4309b34f6198925a0d7e9580d7,51846c23762749ddbbde2425e524e2b5,80325,Fortaleza,PE
6cd795ba223f4dad87eaa010eed13b0d,9fc2007b8206422d9b9ce76bf11de31b,71051,Ribeirao Preto,PA
65d99a4bfacc4059ae00bc127f6923fe,3c56282ebf5644158a7da8837d67ab3e,84089,Campo Grande,DF
eafc435942164a3b87fd2fae9e5666d4,2e070ccfb6694f8dbd19bc6d8a3bf8e7,25961,Sorocaba,MS
9e16579e38664fdf9231a91f2557dd63,dd40101072a748349ef1995ba32e4160,35094,Natal,RJ
27be9a3f369841f4b18075c3c88682b0,707a9372d32b4532b0baf3fc07b96d0c,61402,Campinas,GO
15cda504c6d54b52be2bd633a739d01a,d7cd4aa90bf340f297ad5ce7edb4ac92,17639,Osasco,MA
dacdb28173674aab9cc0145e75bda02a,c4ce0ad6a1d142a49d93d69954a5c4b7,77488,Maceio,PI
5cd82554de7b418c8283d58af4ae20cb,9062181598144b93ba6d718769ce1d60,57849,Sao Goncalo,AL
0c33dc2991504bb290e73dd96f81a7a0,56b363b2c2b44aee9580ae1077a2d825,15076,Fortaleza,RN
8f6630c6471e4c87a5d40fb15ae8fef9,4b0124f20c6d47e9b282f5883f4f15a8,35802,Brasilia,AL
4a7f211219744c068c403a3969f81635,b9850a63553f48a6abf21e4af16fb62c,12607,Manaus,PA
8ebeacc34b684ae2b56d522f4c3243b8,b551b1386e5f447ea21d4cdb93e6f0ef,16973,Salvador,RS
050d74f2a45e44628b592ecfdc1bce09,b69667f7b0794ef6ae50e13792ac22cf,54599,Sao Paulo,MA
24813d43c1454e9a9494924ceac40bbe,2197f831d6404ba9bb55124525daf4d0,36115,Salvador,RN
85e69a209a884bfe9393d402ecc09dbd,aefd65e78dbc43929190fbce5e363a59,17969,Contagem,PA
bf72953e5a724da2983059773fb42146,9d77fbd8195143c18a04ed0d5aa37f52,30248,Uberlandia,PE
f43fe7ca422d4f2e8d7e504f50c9406a,1d122e7aa15f4fb582cfd9a636280fcd,21536,Sao Bernardo do Campo,AL
77a0c0f739e64327ba5f4fc07a33f7bf,36db1faf895b4a649b1e890e0aa4d535,89746,Ribeirao Preto,PE
c6368133183d441fa48e305c98fe6758,41f6aab7fbc1421d9d4212bc4372b1ac,93323,Osasco,GO
ec490ae6104c4b2294145c80f30f3210,803a31bd31c049f2ae044e50ff9495c8,66527,Sorocaba,RS
91f70805d8ed44e4b7fa6ea87ecd9237,412244ba6d1446699aaa3f6ab2e1133c,60015,Duque de Caxias,AL
8c4db6e569ee4adba90dceed4db1ed0e,dc84bbf063fe4d87b49a6d9883692717,59662,Sao Goncalo,MA
cbe0ca1badbd4121b0b7a5a5bd9a4424,79f30bd6e0a943bf9b27d4c52afee551,93293,Contagem,PE
df96665c18c646fea730c2e6942a49dd,306b83f1498b4844a095e50b0add4ffa,63966,Campo Grande,DF
fcc22f52bd254effa2b6053e300572e6,b6b1a863bdf348d39e01dfbdd45f8e04,46444,Fortaleza,PI
ebb7d57563e141d3a1f8226f06b8980a,b3b07c5c8513470eaa673ff2cbe00399,49978,Sao Paulo,SP
bc5b1f64c1a84b92afd28b3d4f9d73e5,db94beebd099465ebfcff321c70dfbfd,10661,Contagem,SP
db7dc585f5d240f3a8cdd5c470347014,5d0a634eef01412395e73ea1bf351416,24383,Curitiba,RN
6ea15acfee6b48cba0c3b8d7dfc590e3,39edc002b5db4b71a12dea73e980bbbd,44484,Curitiba,RN
bd2ee57efb7a438db2c10970ef0fe46e,b3aa7079daa84a5890a350ce3cd7610c,76922,Recife,MS
d11700472c104b0cbf7ff854bbbbc819,8d9eba0de2f946138ccc53fc2bd6810a,22795,Sao Paulo,MS
a4e03cda4c1b4bd1b439cce9df8863d9,ea94a45526f04c46be2842a12c2357c4,41490,Maceio,CE
b1940ade44634eda91ee31f4a3f90510,753cdb64e4364fc3ae8dfe0e8213cda0,34966,Fortaleza,BA
090a5b1903154dea9ef0d28fb5298c8d,84f1d6b7bc7a48f58ebcf274aaf6a5d5,52613,Uberlandia,PB
42152478d6664fbf9d1e8c3047b8ec5b,e8c76ee5ccef4f569b4b5896097bcf49,39231,Manaus,MS
0726d77e15bb4b31b7fc2e9402f84019,98c72dad9c6247cd8dfd6280d9297695,66033,Jaboatao,CE
2e358be6d809495680c5476818c02d4f,06d3b79c5c604959940201fc82df06a5,94174,Osasco,BA
a6438f8029db4e6ea710e83f8c8a1c4e,ddb7d55669e6403c9f83bb5f5c0fb1a4,37404,Osasco,AM
4501cd3172e04def86ede6afc062bd56,bde9f974ae9f40348b2a76b9d6bd5248,45202,Goiania,RJ
3a6f0e8f40df479e871bc97d7d08f06f,1386c6f3fa36453bace73629df6a1888,25152,Goiania,PE
95246b7de33a481aa41ee20cf0d4a765,ebcfcedaa25d452cb406d43ea6d91f01,25546,Sao Luis,MS
d2d1b25ed8564de283571e2c535459d5,f5421cbdef414dbca4f200a5050236a3,63066,Belem,RN
94eac354ac974c2b861180beaea38efe,a886046fbfd94918a9d7656f70d843ee,80648,Campinas,AL
71f3374ac1a244428e13075368340cfe,6e4e32d0ab9447099c3777616e56fa37,20290,Rio de Janeiro,RJ
2a7138d8c8e34cdda14ad7f4c182736d,554d261e12674c75b3220a35bf18f29c,14684,Sao Paulo,PA
2d50b00028774b5eb8dacbc0c913b7e2,f4a8453549db4b48a084787c2b6eacfa,88440,Belo Horizonte,DF
704145d32b264f84ac2170da4b03e12f,126c5985dcff41ee8c2eed9e18689330,79425,Sorocaba,MA
5fda70083ce3481497d5d9945b214683,cd92783e25354f828c2c78f1129a8451,31322,Teresina,PE
82feb340936f41babbd6e87ff3f0f1ae,7410a4598258433480c398cb1b2933e6,75480,Campo Grande,AM
e4509ab4ca444e3894da75680ea71409,6d92916d1cda4ee5ac59b5a9054ce0da,91677,Curitiba,PR
984a54d5b46645b194d1924b4fe2f1e4,25e67dd8fdfe4b73b710c5c058742123,49502,Maceio,MG
6b4e1f00ea2f4b319d5ede69ae115964,135dbfff2f5249f19db72b907f3030a8,47378,Rio de Janeiro,BA
2b250b70e0424dda8ed63c93e4c55c1c,cf01eb282cc4433bb545c080dcd1138a,61742,Natal,MA
0f6131d6a68b4a06967382bf7e142145,91a4e530c9914d25a6290c5c9d8ff861,39529,Belo Horizonte,GO
61c93c854ea441809c70ed1f087827f1,ffb1f1eb2fdb4d5c95bc5e59ba2e707b,55566,Teresina,PA
d0d594f733f04ac5925993fc3f385bc8,5835f47bdeb14825b24cc3e7d2b81136,98614,Maceio,RJ
2675049c646a4823904a0d11bc8dcf8b,be8e2863a7ce41dfa903508f49ad3fba,94999,Sao Paulo,PI
defee525361d40169ebb76fc04f6a4bd,b6696ff4cec441d690d2a9da2cd8c09f,73034,Belem,MS
27d93ecf33414cda8450dfa3e2fd8222,56c695deae0843d78e56e2872f8dfbee,54363,Sao Goncalo,GO
30ea3b54fb0f44e29c6bc3a1d89ddd5e,ba23aee28d9d4c8dbed20af552c7f7f0,22912,Joao Pessoa,PR
50de8affa1554591b2d514eea84d7563,333073286def4874b090597a133cfed6,24371,Maceio,AM
1ab128938d3041b794fe2771103404b6,a49b7793fbb34b5c9c8f67b4541d259f,82294,Salvador,PR
53781c6720a14c6aab24658ff435b340,a23d68347565405b9e0140f14b80523b,74383,Rio de Janeiro,PB
19febe733e904e3c8371523c2b1999e4,f6173fa196504993bab7f837f3d9d175,46814,Recife,PE
13f29dd1d7324a52a46bd54b41177e5d,ba6365e75ea34855a7da4fdb287f15e0,60877,Duque de Caxias,GO
32b6939847034f6db5fcea99db6a3099,cac2b2dc2b1245bab37a7f7e1daeb093,12166,Brasilia,PR
830d8d1fc5884e97aace27d75c7f7049,43f92975cbcc4a9aa2d1e717066312f8,92708,Duque de Caxias,MG
403e2bc15a064dd4b88fc1ad4057da1a,ce6b8869fe1d4c4aa82cf2cb89c23647,42054,Maceio,PA
f39571f6e29047f1bab341bb560d33f8,9706e83bbb6c486491903c63b2e721c6,98646,Porto Alegre,DF
300509439881431b8671c1db3287ebd7,39ea409c233942849db08a49b7a982a2,81979,Porto Alegre,CE
d89c3dc995f547e1a3c1b9b2f4e87f64,9ebddb83ca2b4f0bb8acba78cd590c1e,90758,Manaus,CE
8ec92879cc9842bf85c1c35fe9f72d8e,69e13854569c4f9083b9d7da3088a205,62815,Osasco,PE
2330640a1865441684f8cecd0acd9b2d,b13569a5fab4492d9678ccd1074427ed,52359,Sao Goncalo,RJ
34b3f40ed31b492391afa3cdc6961f4b,37765e8b52954e329d22a0a2b1a0ed39,18614,Sao Luis,RN
a261115829e54d629ae4507b0841e470,26abc4caf0ed4e60aecef55cc00eda7f,42716,Manaus,MS
f0150906b8634d3aaecec43d59117f5a,c75bf8f0d1234eda8530ebae112162fc,96652,Rio de Janeiro,MG
ae4bfc9da0c941d6ae3ff4931d178bcf,ee7ba92b7e51439c87cae5d8b6c146b2,16189,Campinas,PA
4466f798c7164f90b73bf01d5cd00aa1,e29adf9e9cef4d238b57850a94e253df,35243,Guarulhos,RJ
5a2e5ad2fd6d4af39bc26c550b856eb9,a46d84ea6dcf4925916a15e849d4221f,55350,Porto Alegre,MS
6e29e29c161b4e7290a55c7cc914bc47,f26a62f064394670bdad57a8ca352036,20868,Fortaleza,MS
fc912a5bcb7642aa96e47480fbd91353,7d57e3ffc9644e27baf1197fbc8618cf,85707,Manaus,MG
828f3d9db6724cd8a81224edcc2e6832,45ed556ef8dd473d8d1e8afc240e856a,92185,Rio de Janeiro,PB
1c179d3ec1b24956b4b0d766ad44fc38,d8ad2c0a92b2469c9a04da3c5c0ef4ea,30420,Sorocaba,MA
5dcc0673000d49dcab2145fa25b435bb,c6fe1692eef5474cae31b5c03befb9cb,31630,Teresina,MS
63c81b46587548e594f6f00d043a48b5,10ec90b0ebfa43d49fdbb451bedd3823,71325,Goiania,AL
5fd25dd1435245b28e60055b2d03db2b,d259aa3d48c044a49816e25ae1c757bd,88363,Campo Grande,SP
fc52773ba26d48fea05e64e693bef78a,66ff91b475214517ae8f7f02ec0c4022,66921,Joao Pessoa,SP
6ebfb7836b7240e58d91a6f63d6fb7ea,c45e3feb9ed64af8810b0dda2d1d4a3c,49410,Brasilia,PI
21727ba694324c7eafefca65b7adc428,2f3c13fdde584a19b92c68861d1cd2b6,66840,Campo Grande,MA
838dfe18c6684d39a9b75ce15045730c,3d377d2325534ceaa73d37bcf5f76c11,11400,Campo Grande,PA
bce79a5a4ba14e01a11136990175b002,557a664231204e149503af4cb1e582bd,60360,Guarulhos,DF
a1fb54497468488eb8a7b66733a2340f,658100070be04282b00768da4531fdc5,21133,Ribeirao Preto,PB
ff37c86190d84ae98f33c2f4b92980ee,6ecf135fecec4f45aced890d7ec716e6,34493,Duque de Caxias,BA
3b651987e65d4484b6dcdcdd9a03729b,2c979cf2531e4fe1bab33ad47cb71f74,21397,Joao Pessoa,SP
d32575b8f732489d8da91ba4dea5c284,9ca63a2deb27405091f7af208546fe6d,73021,Goiania,PI
c1bc91e1330f4d9dae069681d6ab7e5e,a859d972a9f840cfbd93949791bf5ed7,66462,Porto Alegre,AM
1089f04a122d42058c49f6c55e0b392d,537f5a27f2f646d4a190d212a54cc989,57322,Duque de Caxias,AM
28ebcb3c28434594b68c1a41d3663573,6c84248f861d43d8bf527831544a7b67,12930,Natal,MS
38f9b00b17d54191911b120d8ce84864,f0601e49cec3462c8fdcc02efe002e61,52175,Manaus,PR
0937d098be914e498ad04090d4d32d9d,6610812d8b55420b95c28fc3e3b2f48d,59469,Curitiba,DF
c3508aa1799c44f7904ae82136d406c1,f1ab554736b94488b07ed2d92cede1ef,44321,Natal,BA
6111bc068b5448009104c0617f174cb9,ede5588bbab84a56b7f351b0fbcdfe3c,75745,Teresina,AL
9b17904594f1420d9460a4c163a85167,f121c036ddf744daa1a5bf75a09300df,85873,Brasilia,PI
1f9098833ce94885ae442708e9bb6487,b13176444819423eb713add0f6910b64,99921,Guarulhos,DF
495027f99d574ebba0b82003396e5b39,99c85e66db8e4e7a96709afb573d1dfa,96411,Sao Luis,GO
5db8221061a648e79b8a18ee4f82614b,0057726640114951b964f395b2166328,94775,Guarulhos,PB
cb57b89d2e004c12a0a4a9006cd36f39,c2d5fb698c264a2ca1cad73f0ac12b54,66620,Curitiba,PE
7f332aa89a1e4d418ca110cfe28e7f13,9f4a8f36f623461686b7312b91e923bb,51570,Sao Bernardo do Campo,PE
dde0336249344bc69f6b29aadf374ad9,2f859615e64346348744d478bcc24ea1,87524,Guarulhos,PE
b74882e9cbec4b4180eed167cc103c57,65da40f1f9f04b0685b48045921bd955,97491,Sao Bernardo do Campo,CE
4b8bebc8b3bc4190863f2f1e42fb478c,5bdb8a9f4b7045a89bce8fd1959a35a2,32615,Sao Paulo,AL
9ab96b4032dd4941ad81f07e9df104a0,ea9f11625bbd4a1387ad4f1b57124926,84421,Sorocaba,BA
624f4c0f67954a18a14c4b1ea7ab4306,89cb2384395043949d72bad6cb3e5c1d,54345,Jaboatao,GO
df7b0a711b7a40e8aa2b6a860fc55b04,8fb0b74a2a5d468e9cb048a2a9135b01,79298,Jaboatao,AM
1a7fb3ae3a404f328cf54274e0042fb4,fbc9a745b61f4fce97cc7c0b2330e67d,17139,Sao Paulo,PR
445924e7d75544a797e936bc10a9cc8e,0f4e42f3755d4afa8d46d5baf455f633,55835,Duque de Caxias,RJ
6dbfe3f5d92a460ca0b3d42f3ac6f3e3,84d0982d446f45ab9c2ed3f76c3612e4,97014,Joao Pessoa,PB
cd4f42fa37ac4724948ea6e85e3fe666,e8ba72ffa4074ec0888347e1c5ace6cf,70295,Belem,MA
181e291b234942d0934dbffb4c4f46e7,90175a7783d047fda81498bd3acecda7,92102,Manaus,PE
3f66d31f101b4f90b290a3590bd50f57,c2c1cac161664763b998ff7295b5eba4,47990,Campo Grande,DF
3064cfbf76c04d6cad28a06a00de95ba,25b775385e7e44269c9db41c46b7abce,15136,Maceio,PI
83440f56e55d4337ac3f7ecba2afc923,72a138a3fda64ed7b1ef999cabb95068,55611,Ribeirao Preto,AM
c28ca43bd6404f9c949b1256fe6340b7,b24cfcc4d3c740bb850152af9cd7eadd,48045,Duque de Caxias,PB
26388398cecf4433b9fc66bb2d22fd60,e2a3d58a4c1c4be8a215a08d17e8dc9b,41456,Contagem,MG
72479b58e1234933bd8206e48635a00a,9ac1f706775e42ab82dc306f4b20fd8e,89688,Ribeirao Preto,CE
eeb51ee224224a1b8f5a43b04d2a088f,d2c4d9133d6c4ee8b362cf79ca881b36,67757,Osasco,CE
8e26198e3f734d9daf49268520a600a8,f2c4fc30203e46c18d85bbd155b80dba,69344,Uberlandia,RN
f1fda24c29684cee80d8c0d035029c24,8e3badd144284bf89fd91424f558b8a2,76332,Santo Andre,PR
b3a05faa192342a5acddf581750c1108,9029fc4745b543f5ad0ea38622ea5c50,47821,Rio de Janeiro,MS
a1fb1d61f8ff440ca9555bcc1bc6c1b8,0e6dad12a7be4d2b8ac18e3c6d1937ae,86407,Ribeirao Preto,PR
4a78ac8cf62141d9b2beed7afad76656,1fe10c99c932431cbb41a1f9fb6b2523,28046,Maceio,MG
817074b390a244e3af3ec20950f98e97,daf7a129a719433b8d2357cf0affa169,82995,Belo Horizonte,MA
2fd697c9483b48cb8d70be51d1bbf4b1,0defe7229ad342fa966743e4f005d030,96789,Sao Luis,MG
97a9d0faee68425eaf89ca421bdc587b,c32a2070ecfd480cbf81e0a10993a2a6,74366,Sao Goncalo,DF
dfa77a397e1b49bc9dee3b049822e09f,91aabb0534684e57b15fc2be8d8a23dc,25624,Sao Paulo,AM
952638796f37474583445fe4514476d1,5df22d624f484e9faf4ecc051bf513e5,47288,Rio de Janeiro,CE
7dc05bded1144c27af26635cfa4ec257,38390e41a3474ab09ba9d97040940e2a,16982,Contagem,MS
c8b9d0fff6754925a5b0fa68969041c0,dcd2c77ffc82465a81ea6215a29e90e3,38675,Campinas,MG
c33e8f8f171e47b5ac2564c5ecd3cec4,c282a373007248139145ccfee839cd40,75287,Porto Alegre,GO
185d47bb04c24953a55e4e8fadea6e86,28bfb457ae4a4ea3a740cca4aa557a7e,69638,Jaboatao,PE
4caa8eaa8e1d4402a3488abb25df6379,7fd13bc469e2444fb14798c173698f2e,23826,Sao Luis,MG
b99e2f3074ab496d991f90f77cb0d410,bd6de9a5b093414099efae84b029747d,75794,Recife,PI
9fd3dc1a364c4d92a20c31eb6c624f59,16171f8845d344189b481ad075836918,10755,Sao Paulo,RJ
1f8bc422e66746e0926561d24361c8ac,58000139a1a74c8c9132bfed7baa717b,13705,Jaboatao,SP
11471412cbcb4150a68c001b690baddb,69f7dd5e642649258bd33993f978f446,21826,Manaus,AM
d95327b899b74461b4027612860b9916,1f08936e55ba48bdab1f5506b8602dca,17730,Ribeirao Preto,CE
be9a675baf1e4182b1afe21c843d02ec,6718d64e52b844d9ba9d474bbe73c2e3,25392,Recife,PB
008be3339acf4a1494894404bc60c24d,65128dbbe1dc4bb69cd608e4fbaf48c8,87171,Sao Paulo,PE
b959c2f2f21f4267b6590787c0766f48,50fb3b177f764b50a75c11ff0ec02bac,11052,Belo Horizonte,MG
d0c7ad153dc64987b6374d7b5608cff6,0af8fba0405d4997ae33934f3a5fc3aa,42405,Ribeirao Preto,CE
aa68715e42c742a6a999a8739f02ba41,2e4ac2eca97d4a62b6e88e0a1976e783,24279,Belem,PB
ff1902504c5c4bbd805f3819253d9c3f,7c32d4900f2248b9a4b811f1d806cca3,20225,Natal,BA
16fc16031dba4f96b903aa657be0feee,87e75a1278554577a51d69e7e7f0b30e,71088,Jaboatao,MS
d6d3f4c4948643b797795e2c25a33ce1,348823f78a614e65a72693e4242c2a78,29301,Recife,RS
75485b49754e4b74bcd84ae259efe8f1,3683ea37a93d449995402f88a9bfe99c,42742,Teresina,RN
bd6a883053114371829888003f43af99,76eb22608ca64cebbb967cf450060e71,65116,Porto Alegre,GO
d7a7f691d6ba4102a66367497705761c,956ceaa5f38a4b308d4084cec975d986,59468,Belo Horizonte,PI
8620846811704e4492cc176111292096,f268ca9fb29a45acab1e996fa2f098a8,50665,Campinas,PB
396ca85a60be420bab82a655f4dba8a9,ca73bc5bf6614fe8a333fe293db808b5,85157,Sorocaba,DF
01ee180eecc041a08bbb98e764401ca1,540f2cb5de5b4f6a86842fb193c2c15e,58929,Sorocaba,PB
5cd79116b3f84a86925096933db841ed,68784091a87e4a29a49b6e1753ba8b8a,35698,Curitiba,MA
d4bd9ac951e64870a2a0feea67818af7,c00787b4fcd1470cbdcdb0a021085210,53030,Campo Grande,RN
047765236c794a34b0fda8398832565a,6377f52f98a644b8a9148797140a96e4,50575,Sao Luis,RJ
8a782a97cb1e4355a565f9c251725ded,ba4addf3fc0645c5a7b7151dcde36b97,92514,Natal,DF
124d698bfa8848aeba483348997e6146,1a64711a818340b6b80e84cb7d8b666a,48207,Maceio,RN
8816e13900d14dbbbb5cb8e0a50bb606,766957c6c6944dd492d7c8248e02c0f2,25558,Campo Grande,CE
4798a4d5450f438d94b0b0f279e27fb9,1d1ac84072b1449890ab97cfb4456516,98250,Campo Grande,SP
f2e10fec67ea4ee9981f70aa480108a2,370b1287e0224d2fa7e307458035a000,76965,Santo Andre,AM
039b0dfcfccc4fcd91fea561f7fce7b6,4c27bde07a364a79a58c95b4dff3c8a1,39200,Maceio,BA
65cddc01448f405a9b30ed524b4490e1,145bb36a37124e6bb30dd3d3d8b74ed8,59266,Belem,AL
c4424e4c690d49399bdc910ed736927a,7aa324d6512f44e1b418dbde0a2e9de3,25897,Natal,MS
a922e5f814aa4ec68bd9069d195164a5,22a45857f1ef4e5c8a6d42508b002452,80083,Teresina,MA
6ccc8e857bec4c0684a8622dd6bbcbf8,b9ea06d97a954a479c519ad33e75b6ea,81231,Sorocaba,MG
ff64807d0ee64dd49306f3df110b778b,663fbad6cdbd42d99c6c2a6405762451,27775,Guarulhos,MA
2a87c3c872c34417810785626bc7cba3,a02c536a5514449e871d65692011ef8a,63926,Sao Bernardo do Campo,DF
f20cb5fed4674e58811ff6ecf606821a,106a46de028c4d94852544954b7d902a,60467,Osasco,CE
16605b8fae9b4b14b0ff9b96ff4f09a6,ffa2e8180a1d41939e86c4eb1f42db3d,69974,Uberlandia,RN
df502d08d2204773bb5a84de1d5256a3,fd188278baec444eadf85a1fc7f25b80,98349,Sao Paulo,PI
092445909e954aec8f5c05eb342bb8a0,6bbe1b2953b34eb994cf5075bfef05b0,93108,Campinas,MA
ae5b7fc56d07419a8b60db454828a4c0,e263684639d247579fbc5b41cce4e601,56542,Sao Goncalo,RS
c8516164abd144759c3682fa2dcaac74,0082838c37e5419fb191bd0e627b5cc4,80651,Osasco,AL
6cb668286f2148acb0011ff215ce04e8,4b945707a18b4d7d88ebb8d1d157ba0c,58648,Ribeirao Preto,RN
89839ac46dcd43e4afedb8f5b85aa0c7,d6d4fb4f1fe44fdd9c48b2b49bc779eb,67975,Sao Bernardo do Campo,GO
eeea85cca3ea4f2da0441ad37d78c20a,55dffdb272c34fe994b5e0af0152704d,88703,Contagem,RN
7bb61d00dea64d1a874d6ed424354df4,05bb21e6adcf4a5eaf509318f89cf727,74283,Campinas,MS
8f2f2b633d89445dbdce56facaa246c2,18265b3619944db788dfeb8d60fd10e5,38041,Joao Pessoa,PI
465b5e698d89477a8cee11ef9171b75a,567ce6d2906740cc9f4cb1ac24782f30,12054,Rio de Janeiro,RN
ab3c43ca1a784f7a83c318af8f410a10,d10a4549bc4548d9bdea91eacccfb383,51694,Rio de Janeiro,AL
5473c47c62a1498c992b824db8a8e98a,ab17c99621014c008359c5f708b5e1d8,78744,Salvador,PR
327fa9a402844568a6f1907c9fb0cd9e,da1ec80c9f54480d94ebbe5e2b033ee0,95938,Osasco,AM
00fd3affbd6049ca8ef0d947c95ac370,16ced11cae974858919e36a0cbb77241,72253,Manaus,AM
08c1b9c18a724ed2a01f3d6fe6c885aa,dcbeb2a94b234f299401eb773f999df4,84177,Manaus,PE
4232df3c75d347009c837b03036186e4,2a431a3624bd41409f0dc77c6d36002d,71292,Jaboatao,RS
205e2d022a0f45fea2af31c88c0f6beb,272891ec00db4b22a97477a8810883c6,22233,Contagem,CE
5a1fda20181c4083aed010e3c3e945c0,1552d49fab6048a48d18d2ea2d8d4b82,66885,Sao Luis,PB
006cc7ed386546cdbb279844bf20974f,54dbb0d71dc2473e957a26085fa992c0,75550,Guarulhos,GO
d5d80a1504154c2bb2c70445a35449b1,61226a0734d34c4491aefbbd9d75a2a7,68824,Rio de Janeiro,RN
13f194b1e6c54cd3a3be87c490974b5e,8e2a69a0b8ac492580dee0d3f2409d41,42228,Teresina,PB
f04205dbca504143a7fccbc0d4d56bac,1c086f0225574454b771a6cef6c06c87,58245,Recife,MA
0f4daa0406e34b10a52da7b557caaf8f,b14270d855514fd0a8c33acb355c52c2,10395,Osasco,PA
ae882a179c114b55af134258b8d4bd06,f8a3e77dc05d4fe0921a45a2f6a3a37e,30369,Belo Horizonte,RN
79c13e7f7cf34c499ef94811e00ce440,e541928333794f1391b3af8d8ef5eb9a,37539,Salvador,MG
e64c760f24884a368d4e9f250b8d4c73,c07a41b1fe584ad39ed8bb75d7c652c2,42577,Curitiba,SP
677f75d49da84712b87334a1b977ca72,02552d7eaa3f4adb8fac116e3839f662,93648,Goiania,PI
f99546939b524ad5a79cc948e18cdeb1,b6585b3d26ec404092cc1ad026adbe5b,67516,Sao Bernardo do Campo,PB
aa81f6a725f64dd09ff3d2777e78365c,1b5a9c3ec74c491c9f7b9cf176401ad9,86518,Fortaleza,PI
0258808a0d6a4dc584fb57155b69effa,d32766e96cb943d8a184a47e8d87338e,78850,Sorocaba,SP
b4bd94594f214b0399fe3a5513d219e7,0520d30a56154daeb4ef6571c8a886ae,31546,Joao Pessoa,CE
a8cbc45a29c647758c3fe2de65ae017a,f24b54a873484ee39f2ec0f82422aad2,87125,Sao Bernardo do Campo,PA
faa5b54b110f423ca8a3c42346ca70ac,2c9798a216d24f408e62646a5cacfd19,53734,Jaboatao,MS
ae51875acac14abd86555b570a699f43,22c5706f74cd4904b3787a220b2b0ed8,62212,Campo Grande,PR
98be58a44a0d4a3a8b812f1a47ce4492,f0ff4e5853684e7fb93d1de9e52361b6,17229,Maceio,PI
cb6150d73a4b4da09e8464e9f24f35a4,2d087f9034ab485ea439aa0dff7871ed,80448,Curitiba,MS
f8a9d0a35c9d4504aa4f32d2a9e8da5a,978ded46b9f143b5a0dbad417fbd2bb6,99611,Rio de Janeiro,RN
b370b072a4c84e5a827895f0634f4ab7,34edd636937644d383bc838ffaf75559,88440,Osasco,MG
432b69d84b8c4ba0a774b658189260a0,2815ed70633348db867ae0c4aaf50d65,98120,Campo Grande,SP
31c5a5db186d4f0c803eaf2b2b656b27,46555df6ffc443bc86eaf3880b058126,64713,Salvador,PR
6e55003c4fe64263ba876998a4fdfa95,7348eb2d6ce5427ab6a221bd2a6c2c14,99782,Sao Bernardo do Campo,MG
5b8b7d425b2c4d03a597c6dc3c3f1871,59cc84b3e2ab4b9cb2b6669da3964366,55324,Osasco,RS
d38d11389b404a0babc5e8826878a0f7,ad40ed28d7394ddfbcbf797f9cdcb913,39471,Jaboatao,RS
fe92a5a7d1ee464295a3835abc4b34da,0d467ef9ca4747ed8dfb40ce61dd2817,48483,Campo Grande,MG
81dd085515ed4f71853d01ff69bcaa05,fb3e053edaeb43ae844b4364dc44f6bb,83788,Ribeirao Preto,MS
b23f5afc7624435198e8ea370831e2b0,83eeca0119da427890d2e092e8ab758d,50669,Sorocaba,RN
81bb7c81ec6d447dbbef6c2664ebed72,5c72fb60782d4cf1aed540bc23858f37,10400,Teresina,PB
fc0f4bc14ef144a6ad8420eb86ab079b,f359ebbc149d40c2950bf4a7ee7c1b54,47390,Duque de Caxias,MA
d32b7bda9a2e4e68966698aa1e7da9a3,976f76e9f4554e549c6868dbccffb1b9,73961,Brasilia,DF
72f96ee316d143a59598504c1c57fc41,8fb538f10faf46e582dcedee8d5fd07c,67651,Jaboatao,CE
4712ab27a50b44ca9dc08a3fe25f6adb,f98e2fa11be34e3b84fd2b26920d06dd,48423,Campo Grande,PI
49a3e881a2ee467f8b55086c66dde12b,090794eb677744dc86d8930bd2023f72,92737,Goiania,MA
919f3264aae84d609423fc0062e2680b,323df1c279724a1eb9ff80fb036c8f1d,41405,Recife,PR
69f3e0cd66a64b389db7d23196b0149e,61b7692ce56642f3a071983af4bf45dd,65377,Belem,RJ
d1a534fc39544561be3704d41a00569c,dfafbd0f9d4f4e61a7544e85c7a457d5,90869,Recife,DF
ac52c00c864d4476b089f908a193abdc,c8c2cb28b3144068aecceb6dbad7308b,64729,Contagem,BA
71c40f59e8354c85a6232f9d702cc868,23a2f36ab3ff41dab0413e0f8c92d46f,92724,Joao Pessoa,MA
b8f65eadf7f64c7fa344183ac102f2b8,cca48a5f69d14fb6a92a41506f08f0fd,69657,Fortaleza,PE
8212e4c5d251489184430acd261c898d,f3c56f7ded2e4f70a9436a2e31afb8fa,11420,Maceio,MA
ee6bd49d13af41a68f0b0e5fc479f445,a0cc9d8e943545d0baf072c48ef3910c,31489,Duque de Caxias,MS
58a5ecc20cca48818bf520165bc8ac46,cf3fa737b76e4be8a0f6710e94136c96,17445,Belo Horizonte,AM
c0c097539819420a94f5d4889ea7d9ee,d9ccaa9c0b03404aae719a3f67cfbcda,28700,Uberlandia,DF
3af8001384fc47b2971f9f9d40ffecaf,0537896072b642ddbf7f7e469203a7c4,58783,Uberlandia,MA
a6e57481230347d1a9ff970a3274d2a0,fc9f70c1e51c48bba0b8069d7eb981f1,65554,Sao Goncalo,RJ
d647f82cd7394771b5d22424b51f1749,a175fce5829042bf963be6b78899a7c2,18260,Sao Bernardo do Campo,MG
c818b1d47951485698795df705e34df3,fa7d0282aecd426384e1fea8874ee89f,76953,Sao Goncalo,DF
9ca898be21a2442fa2d8dd2b25e7966c,4f2e079ffb2845ceb17896231875021f,70917,Brasilia,SP
1347e0a7e6d74b00b52fb4a590f5ae3a,a67105d3d2e346239cef39323e5f5943,45096,Santo Andre,GO
243821c8ac9443d08c907b2c6b017c57,80006b0bac8849f2bb87f3c72a4a88b1,89969,Natal,CE
c0f30a837cad4145bbe48a2b74423652,80c6208e5d25403b9dd87da84bb7abda,15907,Sao Luis,MG
562ea6ae0d7149d0aa99c1e56ca9a0e7,bfca6683b47a4f9697998fe2b8d7a8c7,77595,Uberlandia,PB
65064d4bcf264316a05ce4c018e3476b,a365472f54dc4ebd8acdfceb3b3c5941,97599,Sao Paulo,BA
c02ffa59141245a9a3da724d70affca0,ae210384ae0949608e26319ac2417f36,32606,Belo Horizonte,AM
d1bd18d17a4d4c36b4fb2f445560b53a,ffdf129cb1674c21b6ca88d3dff4bdc6,23714,Duque de Caxias,MA
d78ae05c50aa4de38421d9c60bacbed2,681a1d4033864376a45d5d99dd030e72,14240,Goiania,RJ
9fb8524669134ff79c2fcd5c3fce3eba,d4484206158a45eda0d5e6456e9a7edc,35008,Contagem,RS
1df0983fbc694bf693792c09fad51c08,9526466834484114a348457f1435e925,60435,Brasilia,MG
4fdfc5c3d8164decb3149927484fd531,ea42eb1a988f4a5f9054212f59d0c6fd,72086,Manaus,RS
8a57fed1b4034f91b7bc7068b84244d8,b089fbf21b974b2abce436d29065b851,21783,Sao Luis,PE
dfbf5d02019f496daf2f45bc411bbfa0,6a00f29824bf42c6a15f97da5a82b264,21533,Recife,AL
643177893a544ea5bb211654c7370d65,ad18917dd2b44a27bcf9cf241012a0b8,55278,Belem,RS
bf2a97b635b348cd9dced108721d6b86,0c46ff6258804e469ca4f9ad98a19caa,52947,Belo Horizonte,CE
6ff6d10b89554dc18d16235769cfc203,e41c48c517e74d57ab19dcf52759d626,42417,Uberlandia,PR
659360edcb8d4987aa5badc6e2c75af0,46166e3564f24d7d8fd81a888a96aa29,54599,Belem,MG
b316554d9377416990778c5e5cca6816,0808669b4bab4d539d1459350599318f,64398,Santo Andre,RS
21e4e45968d947a78026cfc21bae0391,50e164c5886347aa8a82085e82e9555f,91225,Belo Horizonte,PA
4940dfcba28843ce9aaf9ec87a9f6386,ed85023b338d4d81b09131d04c2f8f38,95967,Campinas,MA
400b126695c6412594591b51858cb320,01da05a6051d483eb730b2a7dc48eccd,35347,Sao Paulo,PR
a466ae0db5764f90acba400347522d69,20c438433293449c83203e0beeac21bd,60049,Curitiba,AM
98b52ef3e2e0446d87f8b22bc6e14805,c89873747cea4412b9f0e84fe5332819,77178,Campinas,RS
2e3255807db14c7eba2fd26bf9609884,2789e971ed71408f9ab33c4e01ee52f2,76711,Guarulhos,GO
56e96b08197b42eab9e35d714992d7c2,4e81d14fb8144169ae927e117c9347b5,12500,Rio de Janeiro,RN
b8b3fccf3d0642c4af6d60623f1d9834,0ff9fa268fbb41dd8a7720b9df178640,48608,Recife,PR
d38b36a2e137440c9f61234152a5eb47,5ee3128d02844aa494838665aa9c1ac3,52673,Fortaleza,GO
1b403483eab940c7a7f550a4c2318807,88edf6f7f92f46bb802d197cc030e401,95389,Sao Paulo,MG
a8a9510ee1824802a20e463314362e8b,a0248ea76b4b4b3aa584bc4ff8cb8aa1,84273,Belo Horizonte,AL
d67d803b513144ea91ac7a221c11baff,fdfd22063cfd469591521c8dcadbb986,57958,Manaus,MA
046ae603692346728ef36f4b308f6d26,e8d72543b3a249b1a492f574a82340b3,44032,Sao Goncalo,SP
9b1a44cd4ecf4edbaacc2cab1f1a1d11,7a4579ce0019419baac4d1fc3c6d40a2,61489,Teresina,AL
26f37942251541f1a40227beffb685fb,4c8c520099cd422a9dbf6cc725dbcf15,90390,Campinas,MS
bbb6f02f03c1412781556cb85dffa8cc,7ac7c66d87e94ef2a758123e0df50a45,73628,Maceio,DF
6253daab070b407f8e49f368a18ad669,d9b150a791d84917b9278ed15ccd9177,37258,Recife,MG
5bdb2a572d654e42a8da16b904374396,a1f9d3322de54906818be215c58be738,50493,Santo Andre,GO
834bfca41e174f17b0c972e7f1b00446,6af7d7a91b44421fbd034d07a33e7781,29621,Recife,PE
8c6d774862a64eebb476b5dc027aa5e2,04858debb51d48fd82e94ec0195ef43d,81769,Contagem,AL
f81c42b16e3848b3aacde7ec8396df22,6193250ced6e4b558790846d763edf19,46006,Jaboatao,MG
7c1981216f8a44c2a28c7ab478cae62d,ed79f65c036044c69b203e13bff3c8a5,99794,Ribeirao Preto,GO
e227fa0e3def4bff9d7e2f71a6c04495,834d4c5770684afb9ac85f57a01ca03c,38321,Belem,SP
aaa78783965f45b3849ab80e26fe327f,d6667d4531e04d5283f29449f12138d8,84808,Sao Paulo,PE
928133bcc8ab4980a222cf47da699e24,7d1fc1a05e194b249ff7de50eb3657b1,35734,Belem,MG
e6123c3291fa40aeb4957b8a3cdfa7d7,6d1f8d67210b493f90bacc992a34eb3f,78253,Recife,RJ
e85f51c5042547c69f67c85664dc3892,9c45877abf624cd69956075d436bdbfa,59626,Curitiba,BA
48ae37177395493da888cbeb9d1231ac,d012f91d850a47398c21ae4fd367ab35,88780,Joao Pessoa,PE
4746b1f26f464788a2090049bebe8d60,fed00f012495495b943633658cd799d5,93490,Osasco,MA
d71848b6bdd8465ebbe0d9c906a579c3,b1fc72e4d2c3466097c172ba500d7f5e,57708,Brasilia,PR
adea33590add4b8286a6ccaa7565e239,992f2458f20d43efab0cc4d4eae88855,28976,Contagem,RN
c775825876c04d939d92eb08e7bba7b8,667a1849dcc5424e88d91e9b4928ccb0,21245,Rio de Janeiro,RJ
0bcb3126f24249908dddc6b8333a114d,ae5cc76694a3431498ecbe989fd022b6,49220,Campo Grande,DF
8617fede909045fd8de5dae4458e9689,621a011cd4034d33989557f297c96e73,32671,Campinas,PE
5491bdb91f6044d8b8339e0c2c9aadab,2f6d5ff27feb41b289d0e064491c1e9a,40870,Maceio,PE
3acb235cdd3e4e62832aec7f1767d5de,c73f91d8c5d34a4fa22646033b8ced41,71872,Joao Pessoa,SP
bf42ff670f864303a48761ced8e1cb40,6d524e7e12da4f34a0cc94a3454f7be7,89955,Duque de Caxias,DF
35a1308b99b845d18fccfb29fc570a09,70dda30e85464427acf0f33649e86b87,85479,Santo Andre,CE
0342e4f18b814c0cbfc1baf90081b415,351a856e0f114dc59f479da1487bbffc,94818,Sao Paulo,PA
52b2a80660db44889f7612cdc7c25239,86c66d166f444ab69698377529b5aefc,16383,Contagem,DF
be7a9c948bf04d6cb77d3b0c8afd0ddd,10fc031e7b7e4135b8ccd87f09cf5be7,60225,Uberlandia,PR
68161c00400f4fab9be4aa2ba562c1b8,9db9a97259f149369faec9abd711c590,41343,Natal,BA
596ad74b11e6449db3c8243287fc8d7b,de6aadb394474b9993ca48591965d8f5,96352,Manaus,MA
751008514e724f9f9209ca35e4da42d7,2b1465061b2c4a3b99321533aa447fbc,26656,Goiania,AM
708157c7d00c4348b0876b667f1ae983,15874997524d4a0d8afd5898c312a724,27576,Uberlandia,PB
0c251a2ced4f43739aaa0a8e1abb8cbe,2a24f757b50d419cbded0d0cbda24051,66163,Belem,MS
c434affd7cb444bc8a846070700e06b5,fe10e4576292458096ccbdfac68dd327,25692,Brasilia,CE
990e4a4d4688424b80ffd45e2479055d,a579af6754b44b6fbd3f2ba1585ad688,48414,Natal,DF
0419867e309345688d67f8caa1af54bf,aaa2a0c933e14ef1826fdeb39b719dd3,28349,Maceio,PR
fa5122854f2b4d7e8e7404436cbcddcc,01c5c8ffe77743d59fbd707b34208333,10340,Sorocaba,SP
b9481f3307524b4393be1dea540e9304,904a4e651f694bee8a379b332b7d76a9,66047,Fortaleza,AM
879f4cc09a084114a64b72c1df23bebb,b951b04cb3f44225a21f4ec1add521c8,79731,Brasilia,PI
acdee24ba1fc467db2fe96b4d6a340d1,73f826b7f4a24244a87e646767356f97,37767,Contagem,CE
08bf6d23404b4993b0f8fd424d9921fb,19f15037adce487f981217363697ed93,45160,Belem,DF
1a6d4a42a14048e7836be3c40739c3e8,db003f97b984424a90a7cdafd86b55c7,64321,Sao Luis,MG
32bc6e1e9eb3475fb7cf6c76d021a70c,f65e1126c83044e4b56d50740bfbea8f,74691,Sao Goncalo,MA
d5b7a3d7b55b43a78660448022b0e20a,3299b4d113e24209b97f045c26097e0f,26036,Sao Bernardo do Campo,AL
2fb62b822b2a4f818663959286163559,08b87df0c6a342ce9bbecd33246642dc,11031,Sao Luis,MG
73cc75bcc1a64075b4afa3fa7a022fa0,85611cb652904eb588ed44141c1b62f9,22437,Sao Luis,BA
71c634b9fd3148e196cdf4d14d754a3d,02275e3d3bb1403ca8b589ed07d34a4d,90339,Contagem,BA
a83e90f655c541c2aca251976c822802,4c2d2566dd3a4ff6bd003686063ce6d9,41083,Manaus,GO
b3e2b3efbb414265ab94a4bf9ed8d77f,50aa485d056e45648e3c0a398b5f8c1c,84055,Brasilia,AM
b1a5e8e2a2434628ae952575cd4ce2cf,3978a740790b4af3ad19f43e8006ff12,37468,Belem,PR
9d41604935584afb93ffa43b282ade6c,68096009dae4486e91fb57a52191f7f0,20789,Sorocaba,PA
b04c881a2af3494587db007b09e6e541,57748a30653e422c8358c1aefc2fd1a9,42405,Belem,AL
a685f981e2214331aa63940a469fb1fc,c943f902d387411dba57b62f5b77c1e2,31963,Joao Pessoa,PB
dcd365e499004e58b90bd778907d9cf1,ae9e6e95f9b247479cd29a17788f0a87,70346,Osasco,BA
ae237ca329e44104b281bf7437141660,8b48cfc422504e6d85a950c642a10cca,50776,Belem,SP
8d5bb81877a74b77a364953e11af78f9,566e22f3e7fa4cbeaf2758ab76c39bed,45738,Joao Pessoa,SP
ef1486fb99804640b47db23bb2447257,4feecd4a07ed41a88a971686008904b5,85302,Recife,DF
3afbd9068a924c01bce313cf9fbbc17b,172c90fcc9774ac5803d7b65fcf95672,44925,Santo Andre,RN
a49af2d0cf6a4dffaf093b2ba9bb12eb,8f4f54bbeb7d492e9d03b36495d26849,97179,Sao Luis,MG
78b0ca05981344989b15cd030e2e57d9,5acfdf7831134d1180da0ee251b4f029,66244,Duque de Caxias,CE
9d0f63b92eff4bbeb181ea7e9f901a3f,bceb17e6835c4f45bf5a101ec51f2e0d,79711,Sao Bernardo do Campo,PB
687c982b68fd4e6f9d231a7d6cb0e829,8c37a69872ee4f4aae91538a3ee74f67,32701,Belo Horizonte,PB
d258bd4be5054a40addcd3903f0087eb,b33533c70ec3417ebc70c075b9b1f86d,95265,Salvador,RS
05c66ce8c40247b193af0014cea25481,7db80c87564945ea9fd2742d05a631ca,47412,Guarulhos,PB
0a666d7f061d4c02920e0f851cbb3bb3,be14d4bc72aa43c381fefba699eadbdd,31108,Ribeirao Preto,DF
02c91e7a25774d4d9e3701cf6b7c7a97,31527d7797074d2294a45e0639e09438,62452,Curitiba,MA
1298cb43e2614f88ba0cb14a00caafce,68f3b58bd8c34099a8a13fe2e55c392f,27061,Campo Grande,MS
5efbb5cca0c347d4a718e4e54b168d7f,4f9ccdc4dd264c058d064973ba40c501,10512,Curitiba,PI
359efa2f6de74248b95239c1e3008336,73e92b13bd284f6cac33382f15a0ea0f,66537,Uberlandia,RS
dba51b4c8bd64b8aa1285c3839efac5e,f52cd2408bea46b2a874798bcf877e2c,94391,Uberlandia,RN
52426db13a4c4b5d923c555e5c3519c6,4391c5d5af3e4e15b64a5c8a60ffe806,40236,Salvador,CE
fb2c81f4644b44cc86a6e643eada6ead,6c82ba9c7f9543c6a506e42a7eb9af99,38534,Sorocaba,BA
f68ef29f32a8489ca3edd413bcdca342,d5879b3c7aed4ab1a9b0b1f1157738df,28110,Recife,CE
12223058978b442d8db14c9ac3f85fff,e5cdcd0eddfa4f0cab69d968fc5dc909,66727,Curitiba,RN
f34969b57484456cbad3313fb416af21,651b852fac9f4893b2b17026078b3008,82903,Osasco,PR
62a7d5ff935f4ce886e86552a0f38d8e,49268d86b66143f4940153559988161c,61477,Maceio,MG
9ca62f973bd845b19056dfc7273fddc0,edfbb93471c24b8ba40979547c558ddd,30782,Goiania,PE
af10b5e29c1142de9accd57f4133a458,2ff64a22ab6648cba99ea4b9a4a997fd,23635,Porto Alegre,GO
bc5a384836d145b6a02a9c92f9def0dc,80502269469e4ecfb001306025570b8a,27874,Contagem,PI
c5e0b65da9bf4764ac5a0debb75dfb6d,c0bf70b7885f44deb2050865b7e3cc4f,73588,Ribeirao Preto,PB
70bd0afde9a544e9833a82a791d2f7ab,7b29389df19c4137bcba011ca5977ae4,46715,Sao Luis,PA
3ca4fcec144f4029b33cacbfebf7edf3,04ee9e08c3ba45359fb3156c56cfdf2c,90088,Sao Paulo,PE
546b1eca3b4543fb8a25c17d37b8de1e,6cdcdd5d1b444ced822b336a67c1e31a,43838,Sao Goncalo,RS
82e63be08f3c41b695774feeda19086c,22d2820de9424c35949eb0b09a8b33ee,21832,Sao Goncalo,AL
d5ee70d4ff0742948066fbbc31efa323,45e94589835742ccba0de1385bde29ae,50918,Curitiba,PE
15dfce279a964bdc9928776012cb7b72,fb9ed001a4ed4ec2b600da0412468cd9,45239,Belo Horizonte,SP
f41b4bf207444e978669b66ad0a1b214,2dfe9f831b024282b5d8b28b7de300d2,55112,Sao Goncalo,RS
ce34b2fd06384567b2667f3ab6802b34,dd4ce583877c42f2924339b601e157da,97520,Osasco,RJ
d7bd77bb46614dd190e5b9961de361c9,9dcfa6303037444aac05cad524f30f68,60686,Joao Pessoa,GO
787da0294f7149039a163748cc7e67e3,1b596b7f8aa540a4855c2c35e2806bb1,33921,Jaboatao,PA
0c0cd63d8c7b4f828c34a5e1fa93f33a,3e8c9dc166024f8a9dd5cc436f3f6ef4,38433,Fortaleza,AM
20a8e50be6f54c1b8eb98d14e94798b7,7c121632962f4a2c9b26b4a133870e60,92845,Salvador,PE
d1d89388de7a474ca8756b2fbc836992,d43868530da34f7f806eb69a6ab704f0,49178,Ribeirao Preto,PE
5a4ddd13992a488e819fab1a6ab24f30,3e59eabb429d4dbbadd0ce0681e72073,96868,Duque de Caxias,AM
c18ab1457fb14972a6a74f770e8b0add,6bffd7e5604a411980b148641a6d1815,46406,Osasco,PA
e9b2d16947924cb08d301840b36d3957,9079777dd67245b29a5a310b16b22cec,25558,Natal,PA
2d4eed15f82d4e329513c048844781bf,7fa42878d2e14e1b9908dd51ed6e824f,51845,Contagem,SP
8eac6823a9894a44a77c238ff764796d,6607ae4fed624859a596a4e65ece958f,82106,Teresina,RN
300977479a3048d5997412c2d746534f,1da94be1b1544f4b9d0da4074623014a,73284,Goiania,PE
f4fa719dd11a4eb09d46f420845c2106,105c8d92dcdf497d99274e24cc2c6e76,74762,Salvador,PB
df89ca343d3e46569a57ead26834ecb3,574277c026384ad8b67bda156b481d22,25844,Osasco,GO
40616c82758b49ebab137f9cc68d240b,80feebfca011419ea3df02932e1b28c9,97661,Sao Goncalo,SP
5d898f654cda4c6d90d3477fd3318271,3a269eec47bc4872a6a97685f350a5c7,66090,Campinas,CE
13f2ea9ff8b64caca7f7893c295721d6,2d4c044cdff342efba3b0d31cd974647,55387,Santo Andre,SP
0632a1d970054ee5b0a04d77224f6b0f,9459447b1ad742edad06565b0e525b5e,23570,Joao Pessoa,AL
5ad868cd4df24f15af8eac04f3e3f9d9,e6c9382ccf6d4fbe8c01db7a4ac29fbb,32713,Fortaleza,SP
e4b80827299842e8a2efbc18c9f5f7bc,1544123a4fdb481d8ec66dcf88cd3b77,49420,Curitiba,RN
5fdbe80210bf42df8cba94621e7bfa05,9a79631a53a74edd9bc4018f552f48b2,68136,Brasilia,PE
76172bb2f94644e58ccd18411439aade,78c10c05af314186b0150349542f0fb1,90298,Uberlandia,RS
1efacc5ab5ba4d72b9cba7f402b4b25d,1b39855acd494e93b191a041a3f41570,81820,Contagem,MS
4f3bd7fd60ca4d189fb2eba395c26f53,6564d8fcdff742b68297a6de10727613,31628,Porto Alegre,PI
89070d9b1e104a52a41d964677c8a4be,773df03c872a4e00877d6ad16acb7bfc,42810,Natal,BA
fd9b6abdf6864edb8a0486a0fb4a66b3,4ec1f5fffcb041db92727c50b7bf93b7,66315,Brasilia,PA
717a00ed16704802a1e80c14931fecb4,0b93651ed43b4d248b9609bd2340cf31,32530,Contagem,PI
08e5f4aac8144b57b9a67789cf7646e7,a94f3bb0cb13429b9248e3889025ffa1,99764,Sao Bernardo do Campo,AM
07e4f74ef88846169109dcb3993afe68,0b8c45b8a8134cb7b26283a8bf1a20b7,10761,Goiania,AL
a4d89bb7c82c4505883b7f2d3421d91e,053c4313795e474eb47b643cbc633e85,82029,Salvador,RJ
21441cea5cc1443cb8b0250675e6e1cd,d55f42cb89bd40b39b0585e98f922c1c,83357,Uberlandia,RJ
3518abc583d84955b066fbc7a01765b4,a48cc2379cd446e2bd98760ae68ed57c,76678,Fortaleza,SP
5b8af8ec63584faba5085d0fcf0c9e83,e90bb18fbdd2425faaddb83df03a7638,72119,Teresina,PI
c118316a29484384a7429f6a271af2c0,71be4503cd7c4f0c9676f89eee37dcef,10565,Campo Grande,PI
d0f3dc702c074971b87ab3c32b7ae130,8b028881c014431cb486efea62ab9c16,77425,Sorocaba,CE
985ac87ef97a469b83229e94f7e318fc,bce52f7f51fa4f9a99c0ed5dba271144,32419,Rio de Janeiro,BA
e163efc3a9b54dbea56c3c676fc19b75,18b37cad845e4da7b5fb7961d3ef4374,56716,Fortaleza,DF
1d68d48c37004ad294be4367ebd34fe5,151c7632a6ef41d9b41d787794dee7f9,10512,Teresina,PE
135f85627ccd4aa08d558b47d200604f,16508f28720c4f34859469d3d946a339,28900,Curitiba,PA
ba8ebb5d1642499996db8bdab0874bc2,c2d89aa1d5d04bbf8489eb62014caf3b,98963,Recife,MS
84510e98f0fc47c1bef7eb222c5a6d12,fb8ceb556d68450cb191f676a9b6dd5a,84042,Belo Horizonte,PR
778e3a544cc247d5a1386920771f5167,6a45b04e23bb4dbe9b1aa99a77fff465,16506,Osasco,CE
a73c7205b042478c8290bd3b58cbc35b,f08d7f8149fa4b109d49d606f2fca4b2,74211,Uberlandia,BA
058872977ca244c290bf06df05c4d580,ec5d280edef643878cd51fc6b9ed2db4,87002,Uberlandia,SP
c38a9a6c7ef144ac9c5b823ccb3bd202,87e1ecfd99d94130b94b5e45c4a49b9f,31957,Goiania,MG
7930c1d6d83c4ddebae70fce90fe5246,4a250ab9e4154bc98939ee8df652620e,12981,Sao Paulo,CE
1428b3cdeaed4dacb10c3e63ad9ef35b,7307a31655db421a8bfd42ce7abf805a,32200,Sao Luis,PB
70c88cd9537a4ce1a00d2f507fa6bbb4,84090bf17e474e239496763d6333a9d4,27850,Uberlandia,PA
5cd755dc9bf5445daf2ea11d0e705165,a6fd2fa37d084722a179b1caefef41e2,70766,Natal,PI
7abb88ed45374750a9ae14eb1d283e1a,ac2e085303be47a8a34345038af2de16,78869,Manaus,GO
6a1aee3700904ad7a1875634cbb541b0,901598723f6e400585113d898b612e42,90262,Joao Pessoa,PE
d51a2fde045c41a29ec3e8d4aafa49e9,ea2a62f1f6174cf6a0c870c4096d3890,37744,Fortaleza,AL
8efe978c3979409ebfe95a46f4ed1bf9,9c7b22376739499ba53e06b4531ef3ec,14449,Manaus,CE
197734af201f417a85df55ab33edfc43,a7095ae160fe4fa39e2f214dd5722af2,32378,Porto Alegre,RJ
3f20f3926a884847921b7270250982ae,e221a76d2e0a4347afdeebf058fa8cd7,82214,Sao Paulo,RN
554a627d567345c3acd62ca5aa322fe9,c5ecd777eff84006858df456a9bef0d2,72076,Teresina,RJ
bb9174506b8a4dbfb1440ff6c6efc907,2bd41bb902e2480b8e3d72f26562ce72,11644,Manaus,MS
db89db3aa414428091582dc139287ab8,5b9fe566be6449dd8ce8b84bc98e91c1,80012,Brasilia,MS
ce1aa7dd4c53473e80e589b7ba544d2e,4ea52484f1af4ed5b031e1bf6d3854af,23867,Santo Andre,PA
9c1d2e6f27e744c98346a48e2a7091b1,986abe7d9038495db498d0224f33d2ed,16451,Sorocaba,MA
7c57730dc5ea4d36ac97c74fd4d1c22e,9564ce8c8b6044bebd30592cc04469fe,81053,Goiania,BA
bcf0a8e3d6d7455ca3f68fd80a4b4930,086878f4a99c49a2842a829452efb232,48494,Guarulhos,SP
c7a1f849177c461f8463acd00a55dc38,da16c83a5abd4e6da38ad528aedfe24e,76355,Maceio,PB
54fbc7fda23f41abae88632ca68d56a8,6970025c77ab48e884f7f487e5e862c2,86746,Belem,CE
