order_id,order_item_id,product_id,seller_id,price,freight_value
9e990894ff0746d8aa438935db505ec0,1,cd45612fbbf84d9daa3b6a52602b7690,627d3b6d7cc64972,4.52,6.71
9e990894ff0746d8aa438935db505ec0,2,d5b797c424b84204b7c471e85464a491,f1053ca76cdb4919,11.0,7.35
d369b5cc68be4c14b18fb030c3df665a,1,80f17574eb53421b8f8837c1b6247f20,e3c55d6e34864f77,27.24,2.41
d369b5cc68be4c14b18fb030c3df665a,2,633283b825d442b39a2ed810cc180f31,b9d8032b74564f5d,32.79,5.29
d369b5cc68be4c14b18fb030c3df665a,3,c8dea0d3b5bb4f6da329f3c289d7627a,5b398d5a50a14c00,15.73,5.08
65a34da6ce0a4f078952cd0590886dbb,1,156720da0d894f799c2a4c6abe61d78f,c43ae94920664663,30.76,1.27
09c5d56575524df59b33d55e85b7dbcc,1,e3e7396fe2df4b1fbee58ae279e01e4b,49043be84f1f4099,2.06,4.0
af7942b1c1824dae877c13b8100507cd,1,a3f26c5d40774464b4c1c59acee45154,e47f94285c6b40f5,17.97,7.91
961a5d21641c496485cbc2887fa3b6f4,1,c4e22db64dfe4c3687b7d03679e47a0e,55133d01c6ec4dc4,21.1,3.87
961a5d21641c496485cbc2887fa3b6f4,2,aa1fd4038fb744ba8ec860da8905aa2a,fae0c406d6f44ff9,30.94,1.42
fc2c0d152aa04528a3c5ecf7ea5ec8b0,1,55c5f739e4274382b9b64c972f60e10e,af0f46e846ee4772,15.64,3.84
32a7df3ce7f14cc0a95863e2f92f161e,1,76e7b17b61324ea6b10c9fc225e7898f,6827c16f64a94cc4,10.0,5.36
32a7df3ce7f14cc0a95863e2f92f161e,2,3741510f29494092b2800e722f535ca5,3479d330cf6c4aac,31.33,7.38
b167ae71dddd468b8fb7488146493dfc,1,9656d44fa2e54684a8c51440efb7eb5f,7922a7e446814c98,13.92,4.29
b167ae71dddd468b8fb7488146493dfc,2,ec513a78b85346d7b9d447242ae3ec26,cf6b603782214b6f,13.94,5.52
37aa01a6382a4423a9c8378eb3c306d6,1,c04ce1c1a2034aeb93b214693fbd2b1d,ab20ccaaffec4dee,15.46,2.16
37aa01a6382a4423a9c8378eb3c306d6,2,56065e5b41ca4668b0266af859a83a1b,23e96840d46d4b11,28.55,5.81
ad5ebf1438914c4184fbd48728d535da,1,df7628b3ede44c32a8a447e832664e23,02320ef567ed4d0a,21.73,4.92
ad5ebf1438914c4184fbd48728d535da,2,5e79ecb4cc584db8ad3a9702dbe875a9,b527491c7789457b,27.35,3.15
1aa4d4dc74b8459aa6db399c0331930e,1,7a2a2344475f469880f3ae36594eef7c,f44ea6aeec644cf5,22.57,4.89
52c867f82c414590b8e4914eb23ff739,1,ff61046c41034b1fafe492fe9095d372,a332d2a9ed5047a7,32.09,1.29
52c867f82c414590b8e4914eb23ff739,2,bea713d5aab940acbaf9385d37c371fd,3094171db97845fc,9.02,1.36
b35d3b1aae824272a10b0faaaa9df168,1,20aeb5c61c0041a0943d89e35d2d1a27,d6ecc9b854e043b0,16.37,3.75
b35d3b1aae824272a10b0faaaa9df168,2,98a191fa144347279fd482dd4de9fe6f,95307285fc3a4d86,2.63,6.79
b35d3b1aae824272a10b0faaaa9df168,3,e99fc18b6d6d49f7aa40cb928fc6460d,d34c3d9f06ca40a2,30.58,3.29
b35d3b1aae824272a10b0faaaa9df168,4,fe1f154e33f64784ad143baa355c2b80,c3cfa6d49b11445a,8.49,7.11
b24674599f3140778033a540603db414,1,aad1dba8a9074567a5c959ab9279a4ec,b33c4b48d7154197,16.21,6.66
f90ee7c5abd4486eacf88053b06c5cd6,1,cf3982d1585741c3be1ee2c27d733bd0,8cff90df3f99401a,15.56,5.55
eeae0664d9664e039ad63378b6b58df3,1,9e33a876028e44ecac3f2e5c71f4f387,dbd9448a9a574791,33.21,2.35
eeae0664d9664e039ad63378b6b58df3,2,76c3238d53aa4ce58bb1359bffefca61,62ef01282ac046f0,3.99,4.28
eeae0664d9664e039ad63378b6b58df3,3,c621cd28292e4193bf304113823280d1,29e11b4ee46d42da,15.95,6.84
7636b2321cd6465d975c8290876ae64c,1,fe89a27c8ae14ec4ac0f8a89cd062378,1c7d3de35c45469e,6.49,5.87
7636b2321cd6465d975c8290876ae64c,2,1e2c8390bc7942fda7e6aea381704f7c,14b565016c32489f,3.45,5.71
7636b2321cd6465d975c8290876ae64c,3,5e5d9097bb3246d0894b1b643e2912ce,b8f52a147eb84f96,25.36,5.36
b06178419d9447c48c3ba6d5ced20eac,1,d18170e93f844ddb9e6f3d754901244c,b675a3a1bcd14f96,29.48,5.04
b06178419d9447c48c3ba6d5ced20eac,2,614afaaa7a4d44068a160a1366fbf4bb,abfc2acad35141c3,13.39,1.73
b06178419d9447c48c3ba6d5ced20eac,3,ed85c35a4ab443c1ae85fee5561c3a73,42e59cc72156416e,2.52,2.16
d105c250cd584de5b60e6d6d7f6306e9,1,45c32c2c28c4454f81d512dfaee087e9,c7e2698e943749bd,8.99,6.87
d105c250cd584de5b60e6d6d7f6306e9,2,a4d9eeee70454971810437581552f0b8,80b1cb6c407d4297,4.11,2.4
d105c250cd584de5b60e6d6d7f6306e9,3,e88791da95fd4bc89fe7f83c850929c1,a3549709848f48a8,11.18,1.8
44fe0c61cbec4981ad570499d01eac0f,1,ee687356bcd9432180a975db78ac28af,80af7ee203524673,12.86,1.94
a390b33045c04aa09f4372f1cfa3a7b6,1,673fc67ec3484053a3d57acaad6c5760,cd5afa0ce4cf4c14,7.1,6.74
02806c572b784956b8fa3f69dbfef657,1,14efbccb35654ffaa50d71e0525113fc,ebf5e7bc7efc4a58,23.18,6.57
02806c572b784956b8fa3f69dbfef657,2,3d0d8474659d43079f545c3b5a76ed76,3716d896328a4e5e,16.8,6.46
02806c572b784956b8fa3f69dbfef657,3,32f03d41ac504ab4b87eac6a79f3cc3f,438d7676c23c4fbf,16.02,6.99
1d58c36a94e44ffdbcf4acc782c3e276,1,699730d53bcd426a9f4af0f23881074a,393853c871fe4701,25.33,6.46
996d5bfda6464db8a7cca4d4d3c68157,1,ee733a1dbc9b449286e12fffa2958cd9,6b6d36f0d8a54847,5.26,2.14
996d5bfda6464db8a7cca4d4d3c68157,2,bded139b41e0427687d87d4db2cb7357,e4fa9139b1ee4f4e,18.12,7.32
996d5bfda6464db8a7cca4d4d3c68157,3,46d51032594f43bfa3ddf37f8aa5b28a,faa1978a8d644378,20.3,6.59
ada9e942f71d404d8d9231ce306371de,1,09eac24a4f314e9fb0edfdc72ead6054,37424acf1f4c49f6,11.22,3.09
ada9e942f71d404d8d9231ce306371de,2,23ee67ac36c8417da703769845198586,0444987cc66c48f0,30.66,2.0
f4c5604549b743f1a6d29dcac86b957f,1,8970a53d02b747a199882ed35f359f4c,5efa5665a41f4c0b,1.74,6.53
f4c5604549b743f1a6d29dcac86b957f,2,5f674545c86d4733a51742351ce95088,a0807e59ff7a4c09,12.62,3.66
f4c5604549b743f1a6d29dcac86b957f,3,6de6f6980d1d4ea68f3693ea3bda3454,3495238c20894b4f,32.88,5.63
502c667732bb46408a90ddba6c21b94a,1,9f8e8fdc370f4c2db84fd7dba9ad84cf,91b9fcc1eacc4243,7.22,5.03
746d8a6322de42a0ad0329db0e4995ab,1,b5d12627ca1c489989e980a1c727a83c,70930202499d4b59,5.03,2.75
9218c2f2eb3e48ceb7e16a4247cd5293,1,dc6fe0eaa302452e88e608189df8a848,6836791905904a7a,28.28,2.0
9218c2f2eb3e48ceb7e16a4247cd5293,2,0010b60da7ec46dab43ed2ddcf92a52c,eba0184be6c94743,19.37,5.64
f937fe814c66454390093cfd2ffd89a7,1,d8a31ae8ac15442597d4569d0bf3d60e,bd2e777447314788,28.63,7.6
f937fe814c66454390093cfd2ffd89a7,2,e721801c62eb43a382dd3be29376c312,6c3a685138134611,31.32,6.48
f937fe814c66454390093cfd2ffd89a7,3,2f4e799a90e84145a427816bfd324761,ef165504b305419e,7.42,7.91
2b4311541adb4292accf60c965f4d2da,1,1034f4141bb64463b7874a7fd2872ad6,3c1d4bf3787a4815,16.45,5.84
2b4311541adb4292accf60c965f4d2da,2,5ff83d576ce34773bd689893df334185,ae5a37a122134a06,22.52,4.68
94742826e32949de98cd95efb813c1d6,1,b55699ef53ba44e4b7d83421c7522a0a,6b75c5030b684f8f,24.82,2.45
d212d36fa29843a28df2d0cfbe2d303a,1,7f22fc11a1524376af503f4d63e65dfb,8b9368157af24ffb,33.2,6.49
d212d36fa29843a28df2d0cfbe2d303a,2,1e04d928310a4ad4b40d3a9d3eef73a0,d9dbecca4302482c,28.18,4.52
d212d36fa29843a28df2d0cfbe2d303a,3,fcebfa236b6d491999c5c4bd168d6e2c,9d8fca3d56d64b66,22.52,4.85
c7a6297fe9d74d1fb75da640da779c5f,1,545474398b494ded9848ec0ce71fd3ce,15fab2f39d414bab,13.07,1.65
5470f330ff3a4c078e2929e2381ae735,1,15113137a4ce420a8caaf5241b1dabea,4373acc6621c4b2b,30.29,6.92
93aee5018730416f9dabd118b1de27d4,1,62c83d9c04c34e599959f1217f13a67d,ffbe83ee9ad84356,7.46,1.68
93aee5018730416f9dabd118b1de27d4,2,f98abb0a52874aad8c94a1697289c9b6,9e47438af0404be9,16.19,3.8
93aee5018730416f9dabd118b1de27d4,3,47bbd098da0d482fb8393ea00bf2645e,235d043995d548f4,11.0,1.77
93aee5018730416f9dabd118b1de27d4,4,fdd5d754bf8645108fdbc04634fa82d2,1bef5f2090f343d6,14.98,3.34
a94d6fd40dd9457db0516a28beb12dc1,1,3e18921f80e04195ae85ccfbafad52d5,f5f49a2fe51c443b,19.88,1.41
a94d6fd40dd9457db0516a28beb12dc1,2,2bdb79c85dd24a2ba9b7016a1f1da34f,31cbad56b2da412b,27.75,4.66
a94d6fd40dd9457db0516a28beb12dc1,3,d3049bfd5dac4a53ab1bdf033b0e59ee,960d67e2f58f4484,3.99,5.79
a2b15b3399e3482682051b29f7dc2c03,1,da434d5213894a02bf3edc4fb4b09229,1f9cc243f8844164,15.82,7.11
a2b15b3399e3482682051b29f7dc2c03,2,69cac34215634a56bdf0a4f534d6aebd,fad2d3f318b346f9,22.58,7.04
a2b15b3399e3482682051b29f7dc2c03,3,5975a029040d4094997fc3f7502296e7,f73033f404b14d8b,26.43,1.44
413abc719c32464998143a64301624cf,1,0f8fffc377014e20badac40495bfcbd6,4d7163ab977d4517,5.06,1.96
748f0d455a754dc3ad4232ba819e82e4,1,0164d46011c74edab86474f578a16ef0,787b5cfea1b148eb,31.24,3.16
748f0d455a754dc3ad4232ba819e82e4,2,307638ccdbd74f2b973e4caedbaacb30,ae5c95797d7e4d5e,28.22,6.37
e2e9ada97a9c44c4b0629289bda4f3cb,1,ce4eaad34cdb46cc9004e3263dff06ed,e131cf3fbded4ca9,16.94,3.18
f9c8058a2dfb4d8c82a21b9ae21a7a4e,1,8a9c1d69ab73478688831eb86522cf1e,577d039ab8634088,11.05,5.0
f9c8058a2dfb4d8c82a21b9ae21a7a4e,2,8e90ad69a00c4d9c984b73af00934fbe,319b846e30b647c3,24.77,2.59
f9c8058a2dfb4d8c82a21b9ae21a7a4e,3,5b776dd9df6b49ec84fcc68b0c07a95d,25649a8b236a4220,23.16,4.99
5d8cd47f8cfc48198be6efaa1c01afef,1,c96412780d3045d4a27787474b2b18e4,6d64918388924a93,25.04,2.17
5d8cd47f8cfc48198be6efaa1c01afef,2,264c25301b6b46ef80d0953e9b90b771,1c0f279327884512,34.29,4.94
d2cf5fe6ab9b437ab560a0a055446c5c,1,6f626285990a4c919290f1364af33017,a2804b7971504bfa,23.64,6.13
44290f58b0d94e7eb3f3f7c7b58ce8ad,1,e76be5745c6b4f06b0d33df379761d74,fc8b114b5fcd43c1,20.33,1.64
44290f58b0d94e7eb3f3f7c7b58ce8ad,2,5394a8ca0fe14b409d0665f55773bc86,a4e2299570064f66,17.24,2.87
433c47deb6de4deda640948c6878654c,1,af7e73c443ff496095f491a200bc0dcd,442eca21f9504310,5.05,6.51
433c47deb6de4deda640948c6878654c,2,25f8fb6371c244c69104f640e58504c9,c37dbe5cfcc447e5,12.11,4.29
433c47deb6de4deda640948c6878654c,3,e72de222a1c5420786726ac5a7638487,250f7133952d443c,20.52,3.62
f03afef2f9cc4a5fada78060c13d3902,1,fee2556545354659818c64596bcc619f,4a9dc69d8dbe47cd,3.54,2.86
f03afef2f9cc4a5fada78060c13d3902,2,f4112458c02e44a28cfd6d6c126eca47,c27684680abc49d6,28.25,3.4
f03afef2f9cc4a5fada78060c13d3902,3,5222f9cc2e4b47f48decf739197ddc23,382546be93054ffe,19.47,4.96
fd42c3a37be04fa99998ad9a7928e23e,1,0fcb25d09ce9483f80fe9a8069b144bd,752835c9a72b459a,5.2,5.71
329397b708af42588869a208bf52d952,1,8e1a445b20814e829eb7de86b3c67d51,51e432239c604d32,25.92,4.4
329397b708af42588869a208bf52d952,2,d51bb7eeb11041cd86d3080b16889451,2327dfec32e74f57,23.96,5.68
329397b708af42588869a208bf52d952,3,001ca83235f940e0933c774f57164151,6d46df2f3a0e4f08,28.68,1.76
09bee08c19df45658e151571a8376ec2,1,bea12702babc415fa544501cf0013b4b,cc2ae91048ec4ae5,20.67,2.86
09bee08c19df45658e151571a8376ec2,2,e8a84a10f8fc4c82afa148a4d12385fc,6f533adfcb874c10,11.38,3.43
09bee08c19df45658e151571a8376ec2,3,4ddee1c343814568ab1cb95dc4303172,71298f0b632349a2,4.15,6.7
5faaa7cb8ed441a1b1f0c1e272e05eb0,1,72a3352237d74da387c83105f16b13f4,ca48a4ed71a84181,15.41,4.5
5faaa7cb8ed441a1b1f0c1e272e05eb0,2,6f6a093ef4424f698a0356da4cebc9cc,72bf33a6d21140dc,29.35,3.14
58c7dcfe401b4adabbdd359d339ca7df,1,fec1d769b1294ad1bc6973850ae230db,88882eef6dd5498d,32.31,3.6
58c7dcfe401b4adabbdd359d339ca7df,2,c035ef24630444219a6b74f6e105ea61,fc50f5da16814b6a,28.43,6.67
4f4f74c2594043f98286e30cb2f8a5c8,1,50c00d69e0a8437a86950e1453087bde,5e154a6f764a4172,13.64,2.54
4f4f74c2594043f98286e30cb2f8a5c8,2,e4b8ef3309d3426a9467819c0a79ac5f,d8bd6d4546fa4c77,13.9,4.59
237e6794618e47038dfc442129379903,1,1d943d62378a41fd934c2ba970cfc8ef,1eed63cbba4745f7,21.02,3.21
a2f00a5f1a254c08a13fda9a380c2092,1,507e9c6062f04871bdfe01ddb0135789,46756c685dcc4737,28.96,7.91
5425aaeb4c584a8799dea22fa30f54d4,1,900426b1f43841cba9e2d8e6d3b54081,624875df04aa4cc6,4.82,4.64
8a4adb8983cb4e05b59a3aa41959d33e,1,ccf558d4b7994903ab7dc6cde205eb73,98cb51cc50d04253,4.43,3.14
8a4adb8983cb4e05b59a3aa41959d33e,2,24c06e65424243c8a7ca336b667215e1,90f0b11e6fb74299,27.88,5.28
ce931071eff848b4a6ba288aab770d88,1,ab1c7f6cce6245e7881bb5a9fc7bc9f4,c7c9d14caf4c4b3a,22.19,5.8
66bed6cf7a8645b7a2d81c5960af4c80,1,6117db9a0cbb422a9da42b3edc2cd0be,203d95265cbc4c6e,15.21,2.18
5cd7dce1395d443ebbd259556e401717,1,a6b40182ea0547178f6ffac4fbd471db,ee60f5bbb1f54432,13.78,7.64
03a17172b01c49578abb9c664014b53b,1,decf6bcf24df4cf19379143cbdf105dd,4b59dc863d8545bb,13.32,6.56
03a17172b01c49578abb9c664014b53b,2,fb237991eebc4c75b94dcd7ae3d07fe6,1aabbf64cea349be,25.49,5.15
615d220908954109b14b260ee8cfa457,1,7950688702f941f386c5f78a59a89c09,6a8b49112b504ae9,15.96,3.11
e3bb80734b134e198aacb1ca55cf004c,1,3d94cf198171477aa01cf22c77f151cc,e564e56929cd40fd,28.7,6.79
e3bb80734b134e198aacb1ca55cf004c,2,c4e12a84586642e5811a9de16c37b5e5,c7e277b3b476487d,23.63,1.34
ad7ea3211834432f8fa1c1a623af664c,1,b47e16a8e2a84520832018b6890148f6,8550292232a74bb9,27.82,5.26
61b1358f5642470893507aa93dbf1dc5,1,86b206c2c4e94032beb007efa89f113a,8f7b12f464754543,33.05,5.17
61b1358f5642470893507aa93dbf1dc5,2,bc7c4e43c3574dc889a34d9ffffaee3a,e7765945157f4260,14.18,4.2
7c141c916e9147e0a11b91ad72b82b6e,1,57744cf44ae24917bdaf81aac1f7010a,840be7888c7d4264,6.79,3.78
7c141c916e9147e0a11b91ad72b82b6e,2,0d99751c80f64543b08f9a2c3b779805,9a3c25290db043c3,4.16,4.55
bfec0d28b41c46c185f57f5099499af7,1,f5be1f4b3d494925876e040de76cf82c,99690ed7d1f145f2,12.48,1.17
bfec0d28b41c46c185f57f5099499af7,2,ae635a8804e04078b6c6eedfad00a617,d9708d16ef65497c,2.89,1.89
bfec0d28b41c46c185f57f5099499af7,3,32824b8ca7bf4e228abd41a9156f1a75,fb70b6a9da6241c8,20.57,3.14
450e008f522d47549e45cd2b0be78df3,1,edb6a2aaeaf24002ba80f35cc475bbc9,70ec80bc3e794aee,28.24,1.81
450e008f522d47549e45cd2b0be78df3,2,4acd1fe91e054079949e8e2c45a06b6b,7dff724a28ee4b53,32.12,6.79
450e008f522d47549e45cd2b0be78df3,3,2d2933209ee8483ebb5b380d264595c2,373c40b073df4aac,25.56,6.35
c56b37f2ec8944c3a078099edcc05df7,1,e07bf08dcdc3491b9d7cc3ffe9277593,879449bb1ee04172,27.74,2.37
8a04d1a1f5e244528158346a49bce983,1,f8fc97d919824294a04b8bf89191e83c,0be0af39c08448d7,28.18,2.71
8a04d1a1f5e244528158346a49bce983,2,70e6d3ba647d437fa67c5258dcf87d9f,3ce4defa044b4598,14.53,2.69
1876a3837b04462aafc6770e38e8b4b8,1,49b9697bcda14232b5b24b98c1c81938,0ff6b02d0ab34bfb,20.0,4.6
1876a3837b04462aafc6770e38e8b4b8,2,2de4fd6d0040422ba35f81b5ccf380e5,7667b6c75d8b4abe,21.33,3.98
22a502491e4b42498eb1b7f061ff467b,1,1b04b003c7324667848169d9bebaca79,df37b7f30e244975,17.67,7.76
22a502491e4b42498eb1b7f061ff467b,2,08e9eb86b6bd4314b5c730bbb312cbaa,2a3b419f532344b8,10.74,4.58
c4910fa89f4f47e38ed223648e931060,1,c7406d2c887b4b19af5179528b0f116f,9ee356dbb96c427a,24.44,7.32
c4910fa89f4f47e38ed223648e931060,2,d00aaa170df34802b783a6e7e59eeeda,735f41b24a05425b,34.87,6.69
c4910fa89f4f47e38ed223648e931060,3,53678232f9b64813bf1508caf5f4d81d,995b1d9f2324403e,7.63,7.27
ea46fad5bdfc447b92f903d043abe423,1,20cb654df9164a37ab1e418c3d995940,41f96351662f4ba4,1.98,2.35
698f4aaa7ab64ad495c95c37e981d7b8,1,8a4dd72f79e14c68bc180e5b8851b333,50927a1a5fd3431f,23.53,3.81
698f4aaa7ab64ad495c95c37e981d7b8,2,795cf39c54e74d3e88f27a0c65c06dd6,f3ed1a21573141ab,32.02,3.94
698f4aaa7ab64ad495c95c37e981d7b8,3,658ddd3433aa47b8b0db5bf20d71715d,8960058416874fa0,3.35,6.31
2bb621717b114587a34ef93a135ff3e3,1,4aeaf303189e4d6f801e536f55df34f9,65cdbffd93b64157,31.41,3.12
979e63fccfc644d2965712270f508d1c,1,1d6d5be10e0b4315b94dacede58c2b05,f87c5779f5d84700,10.12,6.26
979e63fccfc644d2965712270f508d1c,2,905031c6b56e4fd6b6a66b3618c00030,744be908679c4db4,23.67,3.67
d8f19c79cda542ed9bf3d7130954b686,1,9fad8b94de0042bf9e123681be7a1d38,0b28f97aabd741c9,11.63,5.54
d8f19c79cda542ed9bf3d7130954b686,2,e3b01d45f90a43e8908b8ff6139fe864,7773caacaf074d5f,25.47,1.1
da22bd61008a46c3b1d0159c380edfa7,1,820ff89ca8c4412489ca56ee8dbafe7e,d3af5b9c52404851,22.12,5.46
a742173db60448de9d6b72156f628fa4,1,d49c5f3e1c5947aabe6854e8f9c2afdb,835bd80dcc454e02,8.49,7.05
a742173db60448de9d6b72156f628fa4,2,5f2ab024736a4e4dbb7329bc18a93053,576173a5b9fa4ca4,9.18,3.87
a742173db60448de9d6b72156f628fa4,3,cc8ecac3a32f4c4f8f60a349c1195864,9a7b6983abd84c1e,31.26,5.39
a742173db60448de9d6b72156f628fa4,4,f7bf650d37204c788096273cf8758e85,f8828513f36e469f,30.49,1.66
6575a4a0bdf64d8993d01013ebe80fdb,1,ee029ecc19ed4e87b17d83985dc92f96,53710701e74b468c,16.95,1.23
6575a4a0bdf64d8993d01013ebe80fdb,2,0ae9a72208a44c76a2d0793102a20186,150f9b9116394880,2.16,6.82
6575a4a0bdf64d8993d01013ebe80fdb,3,bb400297563640948419eaac14f2bf50,080113d1a5674ff5,10.78,4.0
6575a4a0bdf64d8993d01013ebe80fdb,4,41f2beae5b83424fa103146a23771349,59b39ab757fd4f20,26.96,7.85
29932481eaed4d92bdd05f0c99c5ac4a,1,8a454e60e55b462c9e7923458324446b,bb42f3c24502461c,9.17,5.04
29932481eaed4d92bdd05f0c99c5ac4a,2,aadfe14565f148eabfaf0b00dcbe0de0,47ccd2a2d1984a72,20.91,1.99
29932481eaed4d92bdd05f0c99c5ac4a,3,859a8071adb244339f489e052e1821da,c017b90c20004682,11.84,7.98
c59b57acd18d453fb7aa5524538394cc,1,42315c90eadb4be3b094accfdde7983c,f72e66cfb3fb4fe0,25.89,6.17
c59b57acd18d453fb7aa5524538394cc,2,d5c230ae9ffd431ca16ff2691f17b79f,4f1475bf72e6475a,22.14,7.92
c59b57acd18d453fb7aa5524538394cc,3,e8baaddc926a45439fdf5bc12f6e37e0,3324cf588e524071,20.64,5.87
c59b57acd18d453fb7aa5524538394cc,4,582d36cd1081404898fdc9a1d3678ff9,37927c970f224c74,32.16,3.37
3a074eb4205f4c29ab2b28864ab305ea,1,197d4b4892ba4571a5150e2e130bc24a,b49784a5b24341ed,23.01,3.28
07deee674c044994b9aefed6b6308e7e,1,ffd7f3a8d7864364ab9242af6af56732,2c67d25a8fbd4007,33.31,7.7
518b91720eda4d41902dd47bd6f557a6,1,8c994895fa5a4068a9810d5b5ac16c73,556aab1c59a64c3a,9.65,4.58
aa634693d39e4f99be3b146e3990e958,1,9ff0db1a9e5043169acb4589ce73790a,0d94a6bec107433f,31.84,4.1
aa634693d39e4f99be3b146e3990e958,2,1bb7725f614649cea40c06c610952863,638ce74b578d4e08,13.47,6.35
9ec58ea9af8f4ad59be741ffc193e4cf,1,16405f60fbe141e2a87307510711d57d,1352c691c863450f,24.09,6.88
d44e6a42f945402891fae61a7d72b092,1,006b734f8ecf46e498ed9c512971b04e,3547715f65a74961,6.81,3.34
d44e6a42f945402891fae61a7d72b092,2,0cd55c5126994c96951a6570ed9ff853,a0e59d36394d41d2,21.95,1.17
d44e6a42f945402891fae61a7d72b092,3,b8d81842d17d4878813dc53fcea80762,ec3060d27d854a04,32.02,7.68
d44e6a42f945402891fae61a7d72b092,4,4383bda5e1e04856a5a01831ffdd9720,882736d007f64700,32.3,5.95
03fc53ff5a5d4837bd62defe4a785f69,1,b5e4864e155f4712972f2f8a5c2f204e,41c6b43886904f71,17.7,5.95
03fc53ff5a5d4837bd62defe4a785f69,2,4deb8da723284197ad77888a0150cec9,289930b8a163445f,11.05,4.53
03fc53ff5a5d4837bd62defe4a785f69,3,f57ac2b3eb524162b68175b75e25ac4c,c03804f079214394,32.54,7.59
03fc53ff5a5d4837bd62defe4a785f69,4,4c9b0b388c484bbe8e37a5f9c4e9245f,649bc12e56324312,5.64,7.63
129e428c6e86435d98ff40255c961d0d,1,a6874a02125a42958cade827b0a6b152,d77f2441fb2b4dfc,29.6,4.76
83e28cbf61734117908fbb95e0e24523,1,000b3b9436674712a121c39eaa658c89,7a2867a0fd344c7c,8.25,5.42
83e28cbf61734117908fbb95e0e24523,2,4ad66dd3eaf947ab883733bec38cbf11,b873eb5ee69942b8,32.74,7.15
96302bf7ac7a49ba9e7acdad9b820a67,1,645edb8cd9d84eb882239f7e7f6d03ea,bf84a7f5e388497b,9.37,3.5
96302bf7ac7a49ba9e7acdad9b820a67,2,e503f9455d864049b212d125393d71b8,9ea67001aed44655,22.97,6.8
96302bf7ac7a49ba9e7acdad9b820a67,3,4f49919b4c4d430a92de8827cc954f85,163e593cee524370,18.62,6.43
c562f300a0ee4219a89861a2d439cb9e,1,1e5295e3e6fb44069ef61c5dcf21d668,c62ec8f8a7e844a7,24.62,6.88
c562f300a0ee4219a89861a2d439cb9e,2,50ab902630f746169ec376d456abd861,0c6fbeb457504e79,4.51,1.16
d216ea2e490c474eb751d3e9add35df1,1,74fdfe79674b4115ac656a3a62bd634c,202e8c94bf6c419f,11.03,5.12
d216ea2e490c474eb751d3e9add35df1,2,4698380452b547eda638f7bb0c0d51f8,4b72b2261fab4b24,30.89,1.49
c64378bfd2c24b818a53d1b0e19cffcf,1,2dcf382facd5470fa09aa1efd54cc717,da6f5808aebf42b4,10.03,1.43
252ae9ddb99c4c56857fbfce97bd296f,1,4c0173bddf124eda8dcefda96c22a691,e68675b42a0345e7,2.41,1.82
252ae9ddb99c4c56857fbfce97bd296f,2,0fad4dd7108b4450b6687233cea2d6c1,cbf1de6264fc46c2,14.51,1.69
252ae9ddb99c4c56857fbfce97bd296f,3,e00da3d38dfc4420a4a202ffdda4eda9,a52ef8d35fbc4469,25.28,6.35
42902ee6c9544fa7acd72ef280958708,1,bfadd6c4bd584833b718fb407c886ba6,7291756d022f4627,12.65,3.91
42902ee6c9544fa7acd72ef280958708,2,1f969ea7e54b4c3ab6a18e0122e605cf,39aea1151b464dfa,4.07,3.9
42902ee6c9544fa7acd72ef280958708,3,37b3c7b62fc74df89461cecd2f4ffd1a,8232acfbeb9c4a9f,2.45,7.86
f61d9107898844a28c68f36885f6c0a4,1,7b68a596b1404e728c3c877f0ee61a64,8b40e92c51ed4546,14.15,7.86
f61d9107898844a28c68f36885f6c0a4,2,364ef6fbbf384d2883e62f363790a532,2e31ce033efa47b1,7.7,5.95
f61d9107898844a28c68f36885f6c0a4,3,50f7f1771a0f4f1698c61639c6b29092,e818e38ce8114602,22.34,6.93
e603287531394162bf7308cec8670a2e,1,9bb98af755ab4dfab4415fb53395c580,17bb9af31e274e8d,5.02,4.37
a94feabbcfa644b28637cd867c534007,1,2f7a6181e19d47e881d6529c71adb8e8,990cc79dad404a4b,6.8,4.77
a94feabbcfa644b28637cd867c534007,2,77a95307c598475cbde829488f10dca0,7a1610d57a254909,12.46,7.67
a94feabbcfa644b28637cd867c534007,3,0a2ad9713d334958b34888fecf0913ca,67dc722d8dc749c4,23.05,4.74
a94feabbcfa644b28637cd867c534007,4,84c20b01291b4b43ad8dfbb62667426a,c947563741d54f37,30.56,1.42
0a6fa060b6124c508134a1bb6377232f,1,c3e4a5f21608432e870feb9bc4c38f26,064762db98244861,5.81,5.15
5f8133bfee3f460dabb08173af416b41,1,d0b1cf598c2f40f59b5a8d2a28aba00e,f9bfe2ce9bfb439d,28.79,5.83
dc9f8b3a23a54d6481aa68239866df0a,1,bf16de70554b40a883bf4a30dc0d31f5,1c49425c742647ba,28.22,1.52
dc9f8b3a23a54d6481aa68239866df0a,2,2cb2aa22367c4b42a71f962de84e9c18,d1d9804fbdbc4c68,18.26,7.89
dc9f8b3a23a54d6481aa68239866df0a,3,b17ca7f5b43f4bec92a02223ecfca71a,e0a0f444542d4c22,13.95,5.64
ab0c3f4182e1472fa37253cad4bf8900,1,4b843377719840bc8ae5a4fc40029ae0,1f1d2a46728045c9,14.19,4.39
aab88bf1be9344ef848a55ae873c21b7,1,ecd6573facec458ebbacd42816e4864f,c823ece9243a4a51,23.62,1.02
67ad7948676246afb30517209494d922,1,7cfb0783184c4109a897da008ff996b0,e3a301c3faf04df9,11.58,7.22
67ad7948676246afb30517209494d922,2,a331a8c8d16e4589ad398e343769e03d,877cd9d892704a3b,32.0,3.96
67ad7948676246afb30517209494d922,3,32f88dd345b141489932770418c0abd4,ddf5d01a8ec74f9a,26.59,3.66
18af7b101e504a19ba9348303166d606,1,5703df0db8244f298608f722b29917d5,d61efd522905404d,4.4,3.5
18af7b101e504a19ba9348303166d606,2,2531d64aa2794d62ac8ac65f79ed4ed8,b2a900963de7482e,11.17,7.74
18af7b101e504a19ba9348303166d606,3,ecea10f06cd84e0ebe29e8d95a256c14,11555adbdffa497c,34.3,3.22
ebc763942809409883e40b4ec856a6d7,1,854475c5555f4bc190852d404b9e470f,ad9976ebcff1413a,6.15,7.73
ebc763942809409883e40b4ec856a6d7,2,09dfc7dfe62d4cebaf80e6f697923329,2fbf34457bf44ec6,34.32,6.38
e3341850b61b470f821185c934438b7d,1,9211d8ebc2854bffa3b386b355ae9f51,fb5aa823241c4a8a,33.13,6.52
e15f266a2a4d4db3b90377c13c542376,1,36bc2740c55241f8896374ac56891a57,0db337617cde41e7,31.61,3.88
e15f266a2a4d4db3b90377c13c542376,2,e9222a43b24c4d7f83fa1666c8c03216,3f017c28bd5f427e,15.81,6.5
d7f79eb65b0a4c9b8e2bb1dbb76ebbd6,1,796fcb81b7654dd487abf44cee3fcccd,0aed1626e8574d2c,3.2,4.27
d7f79eb65b0a4c9b8e2bb1dbb76ebbd6,2,c4e6516adcf34874bee1332c80b31bed,1b6c8e33d8a54a64,7.35,6.64
d7f79eb65b0a4c9b8e2bb1dbb76ebbd6,3,6b39e34d60844fcc9cbff082d52fdf8b,9c7f556437ef48ae,5.49,6.75
fda218c31143406895c0f83ebfec875d,1,ff65d4190dfb4734ad2196a576ce8400,94a9aef717dc49d6,5.33,2.71
b7121d2c1ea441abad180a3b25d5495c,1,1f20f50a06f54607a53ac67c7a848ea2,7cd6393007134b80,25.25,3.97
b7121d2c1ea441abad180a3b25d5495c,2,22148f91289549e3b432d7505913b461,a80b5e2752b44a3d,23.96,3.03
ad92bb4b8fe240d6b1bf6ed64daaa883,1,6e1c3abf60dd420c975efb60d7bc45a2,65181cf78ab648c7,30.82,4.37
ad92bb4b8fe240d6b1bf6ed64daaa883,2,0171b62060e1455a91de5f82822abbe5,251f83face1c4816,8.56,2.64
15058099c96c476fa391ec8a77b12c1d,1,f6c4a8acdcd14908ab742e71b7264900,99eb791db05c4ac7,9.49,7.13
f0ec4e9d2ab04c9c948b9f0eebc7b6aa,1,e80b5e11425e43f5b47ab3441d3676ec,e075d2f1d2454e39,13.44,6.27
3676b0cd43a842d88d5b52c51e47fed4,1,0977f7cb758f48559b540cd6fb361446,c080195b0b62427f,3.32,4.77
3676b0cd43a842d88d5b52c51e47fed4,2,968198315adb4b9790cc147160d18c46,359cb96533c943a2,1.91,5.81
3676b0cd43a842d88d5b52c51e47fed4,3,93f60369582d43ecbfdfa41db0e432ce,17ff0167b639416e,17.32,3.14
444c88b304e844a4a57d506c0bbbfa6a,1,267a841649cc4e4295cf4c794502a60d,f9ff35f32f504697,18.38,6.25
444c88b304e844a4a57d506c0bbbfa6a,2,6741a772ac634e4d97776ba278087144,d7ea251a5edb44a8,34.74,3.64
444c88b304e844a4a57d506c0bbbfa6a,3,b6cc7feec7dd4bd885660e14b2727f40,5db215dc1d8042ac,24.41,5.94
1bfbf56487da4083a5494e9de01ade03,1,e94628f0489e49d69b560cc25374ed98,60945afafcc94bf3,9.24,2.06
cb77609444c243c181a37e07758caaac,1,ca67f98e63f445cc9f7c58ce5f38912c,35da9bbeee20479c,8.09,1.31
f1f64342c07a4a239ec2c4d27321afd6,1,46331c9ee5894234b3853d08f4cbc70d,5e2b1b2c380d4122,28.11,1.9
f1f64342c07a4a239ec2c4d27321afd6,2,34368361a92649c7ba0088555325580d,d9b67fdc6c9e4795,20.6,5.47
a073e804c7914d4f941cfc57b637943f,1,d8e103de78d247a2a8ccc0f6ed63d48e,ca9f773587e24d16,10.59,2.73
a073e804c7914d4f941cfc57b637943f,2,2979e80274a845f7a3603f2d366468ad,85795fde8daf4934,16.61,2.63
7c34f764c9c547c49b286cdac4d337ec,1,31c7336b5aca4ca1a3d6d9c67c9d3529,10507af58a494916,20.26,7.75
1955e830f03047b0a7a9c231774cf1a5,1,6ed2fe393e4a47ec8d870b6ca8206d70,616e5c6c4f9540a3,6.87,4.27
9ef9345116c2418fbd1b837da42ab689,1,e1a72f02d352451bab5e3029432de779,7e6bd0e0c8c54293,28.18,5.17
51b8a568558a4196952d623f1daf4646,1,09b030aebb7d4c1da05fcd6a51cd3ae3,84609984a191407b,25.34,3.19
51b8a568558a4196952d623f1daf4646,2,8b40f8145b784419beae5a2abed8cda1,7d0d06bc8cc24087,22.96,6.56
51b8a568558a4196952d623f1daf4646,3,4242575d1f5b495bb8982f1190638b85,e47e91734b84423c,17.59,6.76
c686d9530a17428bbc56a86c10484ff5,1,23ab956af9204205bb350ee88941ac23,1c033f7f21564b04,12.29,7.58
c686d9530a17428bbc56a86c10484ff5,2,64fafedfefa84c62bbb98941a52592c3,7d1e542321b240de,34.38,3.66
c686d9530a17428bbc56a86c10484ff5,3,16457da89cee428bb616301cb70a64b2,fc02741d54004b97,24.02,4.03
778e7bb4598a4ed8ba890970259e7382,1,f20b8139da784576a14220d54715a9d8,405174d8583d4dd1,34.71,3.87
015e1006cb52445691d5b19d17cdc286,1,94f49e7341e1486590085e9c8cc05c8d,adb127ae64c84c79,6.43,2.46
0d1c4de821c4460d9731b6b79e9a7cdd,1,ed2994b9d3bb4e4ca809ea2d8e9b7107,df0cae2afbb2478c,15.06,6.73
0d1c4de821c4460d9731b6b79e9a7cdd,2,5bfaa965fa364c83a733472ccb1fce08,025e4791aaca474b,20.33,2.84
9045f9820f3147c5aa0591a1a5bf61fc,1,891fc2b50fb2494990ba0ba965e8e631,ad8a4ac255084b8e,21.36,3.39
411502ac2a2a455cb3cc28274a4a0b57,1,3597445ffc834e968b7a33fdb1f2ddd5,77d06faa1b624480,29.52,5.17
411502ac2a2a455cb3cc28274a4a0b57,2,322b9f5dbca24577bf774d4736d7be6f,845fcc72e03c45d6,29.51,1.17
31c04d8daf024a5088e338c86ff40646,1,81ebf4db2e5c4330ae84f907e0debc40,f1ea33a29cba4ca9,9.27,3.96
31c04d8daf024a5088e338c86ff40646,2,3a9bf491c4f540198c63e1b66ad68aa9,0bab62a0cf774c49,21.08,5.45
31c04d8daf024a5088e338c86ff40646,3,d00c9b8e41ff464d93b0db32aa940fbf,a48d7d7e07ec4455,15.07,4.04
b9b6c1726248488e917686c982357bd7,1,f06707b9e0834b049b02e63e0882965d,bb5a1d2f535a4048,34.01,7.31
b9b6c1726248488e917686c982357bd7,2,0b06ccc69bdc4c01a2178cd5c8c6a49f,ae64bc0ce1c5499a,3.86,6.86
b9b6c1726248488e917686c982357bd7,3,8ed5f7849b344233abb855579b8ebee6,64a0d44e4c6d414b,21.84,5.42
17a1c968a93b49ba85218b896204fe00,1,5f52cd5d6d65432ea4d8a54d3931d7cc,97d771db58a84991,4.53,1.29
17a1c968a93b49ba85218b896204fe00,2,a5786011767e49808910b8092f1640d6,09eb054139e14599,12.78,2.24
17a1c968a93b49ba85218b896204fe00,3,651df30fda194649a3be6822e3f805d6,40475674faf64b18,20.06,2.7
4dd2eab1083a4f74a066566b150c1546,1,2b78205f83194eb0b276a1ad51c233d3,88193f456f6d4195,32.32,2.26
4dd2eab1083a4f74a066566b150c1546,2,641a189a30f642ed920ba8a0f319403b,162e798aa281400a,12.63,6.06
c9ab17c99d7c4988b9c21563051921cb,1,4ddf25d1896b45efa0ef3b92745c242c,93a5f9c5366a4fe3,20.29,7.25
60de0ee05dfa411e88cfab3b0210a716,1,6fa77c908e984758a6626bac9112240a,d10c2f7f69844780,4.03,6.92
12c291867a19400d8a46baa006b082f8,1,c2195320d2b44dbd8a11baec28a817a5,5db56541c1d24246,3.36,6.78
02dc45354d2d41088e987bdc1858b57a,1,09857da9bb3a4d6d8a57dd76292f2706,d6c1ca297dc14273,12.01,1.66
e63e83e43d854be4b62d958c2f5567fd,1,4d1c068063394aacad31c8594e041fc3,574a4368a99b4813,32.74,2.2
e63e83e43d854be4b62d958c2f5567fd,2,6188f174fab140b8a9805404a616a06c,315baa06d5214da2,15.41,5.3
50b069c05138409aacc715ca77d5a0e7,1,7ccadcb7a8a84757aa6f0972cf845d49,0f9b09c758284ead,27.07,4.58
0b20df22625449309a82c8f652c5a661,1,e5327e31d3f54901a66f9fbbca99a15d,e8f7f843c17643ff,10.69,7.13
1e1589bc0c28455b9f419c5b0f3f58e1,1,d64a7a27e1b046a6a62fcc83c0b701d0,88173b06d8c840b1,14.45,1.33
1e1589bc0c28455b9f419c5b0f3f58e1,2,60ef35ce9ff44f2f807d29d3257f51af,fc858f46d30344ca,6.53,1.23
1e1589bc0c28455b9f419c5b0f3f58e1,3,bc5a0f79e7b64dec81577efc0c67ccbe,e3301e24bf3045df,32.1,4.83
0ae3b5f23a694b6eb1c0ba678608570a,1,5e206fb07ca944ba8d40c0e2de3482e9,ac55c84dcbca4e0b,12.11,3.66
88d8cd74724c4926ba2c024a35b605ce,1,5885db4624614b9ca0baf4c40a5d9ef3,11a4ab24c5e14fb9,24.33,1.53
88d8cd74724c4926ba2c024a35b605ce,2,adb4b42b6e674d77a01a696893ee399b,d157d6105d7345bf,7.96,4.54
70ef3ca0e3fd4f9299536268737e95db,1,e79e7a4e253d403a8e21f46a70fcaa75,92d225144a124b27,13.38,3.81
38f9117856f44c658b7eb73447f88326,1,a61d0d9d81a64e7c8f298a82866938b1,b2c1443399c54746,2.77,3.09
28f496e72bc44a2c844698b715de1ca3,1,57a24908b74145998b4f08c9851c4638,299698c0a39f4f98,32.19,7.19
28f496e72bc44a2c844698b715de1ca3,2,be1fe4bc30964f1491fb5e5208f61793,8c647e632bf84e6b,19.21,6.6
2ce5dce83d8840b499ca3fd4da03197f,1,0af2a63bc1424a6a85d8043d41bfdad5,66b9a3997eaa4310,4.21,4.27
2ce5dce83d8840b499ca3fd4da03197f,2,7b38d902055646369515a6f72048927e,ea97e052185c4af1,1.7,6.37
02ecdaab71f441d2aa65c46dddc5df89,1,d97eb609591a46458169c1a04c3f4b98,f653d66fcea445da,15.55,7.49
02ecdaab71f441d2aa65c46dddc5df89,2,d7101b45661c48489e9c9487d3b76f24,3d29d1bbe3324322,10.01,5.93
02ecdaab71f441d2aa65c46dddc5df89,3,b081ef07c473486e870e94313387d3ff,b32f6faed00440b6,26.2,7.9
05c14e1252014e93bd85a266ec02d54c,1,29caf44ff30c4f2dbcabccc592ac23d7,bfc17cac634a4ced,15.82,7.43
05c14e1252014e93bd85a266ec02d54c,2,a05a4999b0b64a0ea08fa68f1a43b421,b4cc0eae7e324d4d,16.28,1.19
05c14e1252014e93bd85a266ec02d54c,3,4abace49b2fd4440a8bdc749df4ac1ce,a959c5e49a944a9b,4.2,2.5
05c14e1252014e93bd85a266ec02d54c,4,ad1bb2020ed84ce6a09d7f35ac090d51,c8763390b49040d8,12.01,2.03
b4b53dc6cd0a436292b5fd574433fefb,1,36c3fa755cb34114977c674bcf7041b0,9335ca86689e47d4,15.61,3.53
16dece06a6744b469e7cdaa5b82af6b3,1,8f146b27e95c421eaa0a8df8dbc228cc,583ba154fd924084,5.02,3.83
fc3dc9f6fa27450ea6394dacf51b39b0,1,df0007e75e1341658bbcdd4dbe052616,60f984e6b84d4c16,7.61,5.79
fc3dc9f6fa27450ea6394dacf51b39b0,2,0d5420b8c52d4dcd997606fba9389b53,3f9b1ebec466445a,12.62,4.83
2e7ce19d6de44d5294215e942fe81c96,1,61d3702213a5412f9a196a68d46e50e1,e12e20e4c9ee44ff,19.71,2.24
1f6d13c4cf4d4c808ddc790422e740e2,1,388fdcc5c28d4997af05f02699cb408b,4899bcb304f84049,7.25,4.58
631afa623f29407ba467d9616f3dc566,1,a3d89da2ee834383a17f317063dc03fe,9824fb46863e4ef4,19.24,2.46
631afa623f29407ba467d9616f3dc566,2,850e1559ffb043c491c11227948b0656,1cdc2e3e021843e6,12.26,2.76
631afa623f29407ba467d9616f3dc566,3,43b2c59786c94b2195c7ccbb06a874f9,a28ae83db9bb43d9,4.92,2.71
631afa623f29407ba467d9616f3dc566,4,4d4b117499d3415f845584cb965e59b0,11038a68223a49a2,4.67,7.43
e08c6135ca444f58977db21d2433ef29,1,ac1cb100480f45bd86c43e2edbbb9f22,c9401ea905ad4787,7.49,7.19
e08c6135ca444f58977db21d2433ef29,2,ad40853587384463a70fcbdf3d6d16d1,6345041900c3460e,16.95,2.63
9727bcba76e645a68d3fc1048b148e9f,1,754a04231d41476a9f546f30790ba28c,568b476d5bcd4112,6.49,7.29
4f56b09de00c47d29982289dbb9cd045,1,7a310b64e1c842f292f968c0e2296d15,367430e0a36a4d67,13.37,1.64
4f56b09de00c47d29982289dbb9cd045,2,ed1618c2b24b4f13a3c844af74ea021d,0c0d70fdc8774aa5,33.02,2.84
4f56b09de00c47d29982289dbb9cd045,3,aa4fdd9dd2ea4987b28b2950dbc43749,843e4164fbd34cf9,9.0,4.8
4fd927fb83954f3e8a473905ec11e935,1,529d578938904213a400f97ca9e6eb9f,da91cfc0f6334c13,8.92,1.23
1f1cc4f3df3943a4a928bc04d623be1f,1,9b2d5962b839458ca90d21f6dd517883,a873c207d130411f,12.36,1.32
566e929e320b4957a102e9e5673f3d4e,1,3e49fa770e564accb803b50bed353b67,289191fec17446aa,11.34,6.55
8c7d862477ec4854814da0b1a189f74c,1,1f7a451a839e463c9e08cd27ab7eb7e4,39b477678704481c,4.44,1.76
e123e837c83c4ca793ff86a2c97e94d9,1,7b7eaa49ea0f4a13826df3db1260c53b,ad7c23ce1eb046bd,20.41,1.47
dad53b51b9f34264aa22dd7c4206d63b,1,61a9e8bdd58e458aaa19151264f73d78,e47aac76e5784b75,34.0,7.85
dad53b51b9f34264aa22dd7c4206d63b,2,1e73696554004ca6909aced2c955e90b,511564302d8d4ed8,29.13,5.86
dad53b51b9f34264aa22dd7c4206d63b,3,87a1f4db72f246c4a775178ae2228699,a78c55721b484b55,17.36,4.56
dad53b51b9f34264aa22dd7c4206d63b,4,2b96dd4dea454bc6bafd6319aa29416e,de436fdff0944d63,17.35,1.6
cf48545d26784005a79c799595359185,1,bca608cee99c4556abba920532972499,de8195bb22394708,21.92,5.21
bdd6b4e0dfe34f0ea76518d134f21334,1,a9c66f2ac4d948f0a779448a8d264d9a,93ae378858824620,27.93,1.6
d9dfa3c447be449087b9ac89af57089b,1,ef547c8dd3da4ad6a83e04db966b4ba1,9c6a04dffcc54416,25.06,4.77
d9dfa3c447be449087b9ac89af57089b,2,f647671b81584282bbc8a82c09477d31,11d9116afae94326,8.24,2.67
d9dfa3c447be449087b9ac89af57089b,3,06dea7c3815140dd98b74bc837d596ce,3828ba07bf3e4275,8.57,3.96
ffe38377d49345628272fa2d0b9b7ca9,1,9a77f9e7b65641ffa2c500db9fe3cf04,d2f8ae769db748d2,23.48,7.46
157d7696831c4e1293d73b04c44b1304,1,947ff43297014a6789175b8757e94f19,9e30e0e0c5034288,27.33,1.49
157d7696831c4e1293d73b04c44b1304,2,4a7072c7f573463995742cdc61507503,e97f297eed504ae0,13.42,1.92
6723c892d8a64dfe896df8259ede1277,1,f3824ed4fd0b4341b7dae2f77540158f,518ba462087143b6,24.88,2.08
9f317f854fe94c8dbdb6d7c1ecfae74a,1,448965bf235c4bdb944cd3f7fd697663,b72984b247d94f7b,29.64,5.34
97091b2ee3824b04aaadcc21c3739104,1,7389d5319b6b4e08a1b7421614024fc5,a767a755ab864133,17.91,7.66
95f491db97fd4b36b150c82935952eae,1,95276f2690314f56ac72be9a886742ed,67b1f7bd8bee4ec4,4.43,2.21
c2f19ab7d28c425ca42e40d56797e13c,1,846025751c81434f966fb0622767f3ed,80e5069b8ceb4d2a,13.04,6.08
5e66a384ae774f6293a463daaa287326,1,8a30b4fbbde344db9dfe76300ff0e98c,189cb5a59d8d4a81,24.65,4.17
5e66a384ae774f6293a463daaa287326,2,866ee03e130346ca93287d40505fbb79,cfda5915d96e491a,23.28,2.9
5e66a384ae774f6293a463daaa287326,3,42d85b279bdc4f99959ce52ca00ac9bc,5ea22fc048424b7a,19.84,5.18
4d47839d76e442e8b41453f433b084e8,1,6eb6cb93d9d34dcb9485ea6ece793284,3f66e72d8b3c4943,25.1,1.81
4950b66c22b24212b1f7524b924d9138,1,d51009474c6d4222aa21a4e03001b351,9c6085fcbcae46fe,20.66,4.85
4950b66c22b24212b1f7524b924d9138,2,fdbe4945da3a411a8eb31d46051bc1b6,78b7e0a09b2c45e0,13.64,1.24
a6f13a2f54de4b24ba67bf76b9d1bb62,1,8568dc8a009147688c61bcc7b0f04a41,3f2eb5e645924781,12.36,3.78
d6766d99014c4ffb837aed2e1545dadc,1,0c1ac6aeee4247eb9f8ec3d727cbefd3,9f1175a3278f45a2,26.35,3.7
54b9f3e95d67451b9e9c7335d836e3a3,1,db940c1b312c4454a78ad0ae25d87322,182101ba7a544e3c,14.78,7.31
54b9f3e95d67451b9e9c7335d836e3a3,2,aec43b8aa13146eb8cd72293924b65cb,b2d4400673a44922,32.03,7.14
56aa570fea7b4f47a9640c15a82e08df,1,7444a3ccfa524368a407d52f48e4afca,ba97035d14cd4b0a,18.61,5.27
0356203c0abe43d6b323bb76d76e44d0,1,12b56246b1e643709b3769676ca7c193,17c13190e452400a,28.41,1.48
0356203c0abe43d6b323bb76d76e44d0,2,ac9585e32f3a4101af9322956a10c23d,6b74bd953c234c13,18.23,2.25
0356203c0abe43d6b323bb76d76e44d0,3,f0eefbd435244feab9b76efa33bc478d,d180e0d1c4874f4b,32.78,1.02
bf3b4df6cbf649d89147c99c7ebf5d1d,1,54adf41a7cfb4767835a04daf0514285,d51bf502085b4d54,25.05,7.34
bf3b4df6cbf649d89147c99c7ebf5d1d,2,ad7e379bef5642108890dc87c088bc35,ac80a72838704320,15.34,2.07
44b60f284db34b0e88e40eebdaf8a767,1,684d5fbd77d14748a9ce1c89a2d85c51,6f4e3647460840b4,7.41,6.38
44b60f284db34b0e88e40eebdaf8a767,2,ad996c88ac354dc1b46b814d7d7b2f02,a93b4ac98e6e4151,12.51,3.42
4f33ea3ae60e41a3a204042e73a4e570,1,5fc75884ae1e44c18f2603aca2faab5c,67be3d250d454fa7,12.21,2.33
4f33ea3ae60e41a3a204042e73a4e570,2,45517ff2442049109ed2416522c31963,f40affaf5cb4434d,5.83,3.21
aadbd0b656fd4d4abd4fa965ad05d51c,1,d4e36c870d5a4ed6ad690c7001d5ed59,ecbf20832b9d4cb0,24.68,2.08
2a6b779107404255a4a0500584296a61,1,7b2050aabd2440e6a33bf6f84af68819,7ab648fb95b04f17,10.37,4.67
6e329c24a339486f976e3af5c53c1be6,1,fa76079dd9684e018232ba740d646ae4,5e3eb440628b4635,34.28,5.98
2a280f03efee4c45a2a2df746ff794e2,1,fd118e030f9a42f08a52d92336ae2f69,0f6dbd19fb844054,27.43,2.87
f0f64c8c7ffa4587ab8b680f2fc90496,1,41e94c1dfd904059af16fe47426880a8,0ce98dfc58a14c30,11.81,7.98
f0f64c8c7ffa4587ab8b680f2fc90496,2,039b047f330d4d758d5ca598063d6e70,8019b9eb73d849e0,18.23,7.13
f0f64c8c7ffa4587ab8b680f2fc90496,3,0ccf53431dc34303a2c982ebc98813dd,9f4044acde4d476e,17.19,4.14
8f57b053c4cd4dca9da7814239ca5e87,1,3d98b87a69e94bb2808487fa2256d88f,c9ba71be2cd24503,28.25,7.32
8f57b053c4cd4dca9da7814239ca5e87,2,711ea57f48b640c6b26c03d22ae93ff2,185ee70d96b3444f,30.09,7.64
3bbbe2f72bd4495c830753e22d4eda64,1,c97f6e33e44f4e8e810bf43a589485f8,a54db830618b40cd,4.45,5.5
3bbbe2f72bd4495c830753e22d4eda64,2,65cae31b2f6c47b08fbc00e73a2a1ba3,7cd01546ded44e63,2.62,7.97
3bbbe2f72bd4495c830753e22d4eda64,3,79080600098e40e5b07397beffb208ed,65c3cbec441641c6,27.43,6.41
f8b45a68302344ec9049d257d2b50a43,1,a8d34bd71a464759a295e5b43eb89bc6,b20519bbef0041a6,30.45,5.65
f8b45a68302344ec9049d257d2b50a43,2,d241994a7a884e32a6a926e2b0120010,be92ed4950ab4dc5,8.94,7.03
5637dff4863a46b4bf04289fcf1f9056,1,98f165c5dec644fe9106ba415800b982,1d0422baff094611,10.71,4.7
8ea3a6300be0467c8f6e41f622f8aea6,1,9ea8ee289e7c44269b3825d8bce17688,28c79827983c43fd,34.23,4.21
add694a6ac60421bb56cd22385230d30,1,1bac9468344e48d08fba9bfcf5b35908,269c4f7ecd6e486a,3.01,7.46
a9e1668d85ae4a29a4bcc631966691fd,1,d2a1275599914fffa7e5cb8b3699e752,4532ab4cbc624469,23.57,3.34
a9e1668d85ae4a29a4bcc631966691fd,2,8626e45eb30b437d9c279549606e7686,52924a7e165a4bee,34.12,7.63
a9e1668d85ae4a29a4bcc631966691fd,3,9c2db93530fa4651bbb28a86d4bddfa8,d6859ec2e42b4865,12.13,3.56
a9e1668d85ae4a29a4bcc631966691fd,4,fa07040243624758bf23f76323c82a3d,9dc283a9225c4f08,22.95,7.77
fde60af5d0244671a85b4bafa0340bc2,1,cad1e12a25b64ae1a51661966293a405,60fb3e786174471d,7.86,3.63
bf50273b222e49a4b8d4d38237c466af,1,a2f1eca5e5ba4a86bf979f60c57b0bbc,e8948c7b8f2f4352,34.72,6.54
6ac3d69636334a449dd40ebb67739fe7,1,ba1183e26a8a4900a10b6077d3c06502,c1fc19bb84484ba1,25.98,7.12
91d20146a9b145c09af0a7545d06a00a,1,c5e5a1440877498b82376ae548075c6e,544661ffa1e14ac1,25.89,5.41
91d20146a9b145c09af0a7545d06a00a,2,9ca57c1f8b2b436f825a0235ee79e0e3,d50f01496edd4e11,33.74,6.15
f50e6b52ca3e46ac8592dc336ac3845a,1,d9996dd24af44fc28db8fb53eec30591,29d7882c630946d9,9.37,3.04
f50e6b52ca3e46ac8592dc336ac3845a,2,9b5da6bdc67641789d4f9433f5fb21b3,0e55fbd038174654,2.4,5.64
f50e6b52ca3e46ac8592dc336ac3845a,3,9e62774c3cfe454391c254e0983accdb,961eccc94cc54d37,26.67,6.31
f50e6b52ca3e46ac8592dc336ac3845a,4,9eeed741838242e7899062f04660306f,9d377740ac494388,13.21,7.2
3452b2b26afa446f93ec14b89a6729a6,1,7ed944ec21cc4e48a035a0697d1bfb73,5f8d5c3a7ae44869,4.69,1.96
3452b2b26afa446f93ec14b89a6729a6,2,b109ede952fe445fb83a4a777b97a0af,5abfb753b8204fb2,1.85,6.45
f512617c88964affaa30a66ed75e0e35,1,99d04ace98db4f6f95dd07b0836b51ab,1741ae08a6db4cb2,30.78,7.83
f512617c88964affaa30a66ed75e0e35,2,026160eddc794b89805bb78e8e0156a3,b92fa41a7563456b,8.83,5.99
1fa6dfd5c0d24fc19ee631cf90c5661e,1,97131da6dde34f3a90f9bb4850a0df5a,c3cc926ac42244c7,12.53,1.46
1fa6dfd5c0d24fc19ee631cf90c5661e,2,6a0b390a179f4c5d9f4ec2e06042fb9a,59df479f021d48d0,27.3,5.47
1fa6dfd5c0d24fc19ee631cf90c5661e,3,9428de9eac34416daf7ef7f3de629b23,047fec10e4194a61,10.87,5.55
9337f20e0db747189f1a2ea9c16f6b56,1,ff9a859d035343d080f6bc5de95fa60e,1e1198056fe4498a,13.33,6.07
9337f20e0db747189f1a2ea9c16f6b56,2,61428a54a45344f2a3be76ac8a140b94,3f2654f989514371,13.9,6.87
9337f20e0db747189f1a2ea9c16f6b56,3,73ec96e55c7c4b6986444ab3ab0ee463,c0c4b6df5fb646f3,6.44,7.19
b7ca8a4c360c4162b078afeca6e895b9,1,2ddd396723fc46809914436ddf01d583,fe741a492e084af6,16.08,5.76
b7ca8a4c360c4162b078afeca6e895b9,2,6c7fdae081a24d3d856a2a6d895dfb9b,0de291447d264251,30.01,7.73
b7ca8a4c360c4162b078afeca6e895b9,3,2749e5a7fc734c22b55e70a0fcded26c,94d774df6cae47f7,34.73,2.33
3e7d5fef2a9e42a987b1a7c4a3f91c49,1,c97bdfe2f1194d3e893697e1eee758d6,65c66390937247fd,34.76,4.86
3e7d5fef2a9e42a987b1a7c4a3f91c49,2,0b6a028c50594568988b5d0cc7af991e,afbc72a217644a50,16.42,2.19
78f43f377e584ffdadeb24c18175ac99,1,98620e083b08489b93e58cc87f6d4a1a,a8ebafffce7a4900,8.08,2.3
dd8729c7c319413a84ec493ad9fc2120,1,075895f6abcb4bf981f931c8a43dd981,068732050e5d4766,7.75,6.48
582b774d3d5b4ea6a6049cd086abdfc0,1,a26729678be14ec0a02f3f70f29d7f2d,cee6e0f3706a4529,19.83,1.07
ac1a374108084578b3479b571ea12c18,1,14fe5777bad7460bbf5bf6b18c9966bc,086382a991634800,10.66,2.52
56954d5478484331ad5549da886b614e,1,11696844bf5447afa2df1bbdac0f6009,9863dc01c69e4515,14.67,7.51
7717a4528d3343059ac5151f1d3775c9,1,3d34b55c47f84f0790e4bd807f29861d,b6b20a9aa2de4160,18.25,6.08
7717a4528d3343059ac5151f1d3775c9,2,58fbc9dd171c432c99d533cb48afc504,59da11391ef842d4,28.34,6.9
7717a4528d3343059ac5151f1d3775c9,3,b33e46511402488abef55cd08e33cc2e,3fe43bc7110941e3,18.26,4.45
1f9727b2922d49c4adef06555ecd91c5,1,687a84de246c4f37985ec51d795e4181,000f35d733c94ef1,10.75,2.7
73bcffab9ffc4db3bd0de02bd32961c3,1,9f25374c2d54465ea75d8f214f618175,458b6df9a3b3461a,16.51,5.78
e619c3b262174015b8da8a125862dd30,1,0adb2667632440488549f528ab2c5e3b,806b626a484646bd,32.32,6.55
a1acf9271297488e93693260804879da,1,37e537ec9fb141029e989a49e482bb0a,8f786ed61db94e9d,9.53,6.77
bc1a80fded7f4f92bb9e14419377c772,1,9e01aee4253f4ee0bee2b8ae4ad3b60c,e681af6364904e19,31.98,2.02
bc1a80fded7f4f92bb9e14419377c772,2,6bcf1b9debaa490891c0aab707dec2ef,7ba4a3b774664bdd,20.01,2.05
bc1a80fded7f4f92bb9e14419377c772,3,221851307f64426697ff7d0c52bb9eb3,552b3f329b824b90,24.23,5.0
bc1a80fded7f4f92bb9e14419377c772,4,cbef474a900c446e9dbca73934b1ffd6,3c2437cd732145c7,11.8,4.9
ac68fd5410a1482a8529f09ed5968c96,1,4cf8c93ab8694a4a8359f20fd2ab7fe3,dc8cd4d2d3424051,26.53,7.73
ac68fd5410a1482a8529f09ed5968c96,2,e7f9a2453a4348ec954f610f6ed29ccc,80278b3cf82c4bb1,13.2,3.71
93acbbdad19a4fbe8e3dcad3db072aeb,1,1008484a9d284c71a83fb16ae63dae00,5e2eb14a23c14e9c,19.97,4.04
e4668032d8ec487ca6818b7caedd4af7,1,2ed546f95ece4f859648be3270658bdf,6c530a20dfd24f32,22.65,7.58
e4668032d8ec487ca6818b7caedd4af7,2,6d0483337a204b9cae8e0e3e586b3427,bec31f7f91834f09,24.24,5.05
e4668032d8ec487ca6818b7caedd4af7,3,4998e7997bf041c781f6722a9c758b7a,4c759ce737024f35,33.47,7.76
19c3f43703cb453299effc61314256b9,1,c1928ff1ac054549a8e604dec420164d,d5c82dccca16469d,1.6,6.6
19c3f43703cb453299effc61314256b9,2,4a3d2e0d76d347fc8da22b929bc93b47,7c247680bc774b5f,24.3,6.72
19c3f43703cb453299effc61314256b9,3,8fb6367f9a5a41239cfb8b5e26755949,b7e7766492a24886,4.62,3.95
159004abf19c478e8ccf0a8ffb691650,1,7e2a4ecb5b284b178feb6df8e0134722,78eb1ab3982c4a9d,27.22,5.54
12a8b74573bf4551884315bc99f6fb9c,1,b0d958d7bf1d4063a39b06a321601239,84529573a50c4d18,8.64,1.76
057f59c9fa404fca8ce3f2c7a14615e2,1,42aae5b49633487eab92b1ad04eaa4c0,2610cca677114bc0,30.01,6.21
4e24b6b3baca4b1a90838467967edfdf,1,347a632f27d74a71baf1a575e0b7f69e,bacfad7cc7cd4762,10.76,6.34
4e24b6b3baca4b1a90838467967edfdf,2,00c3fcc743ec41c180f9cc30c4e18e93,8f3568bbebcb45c7,14.45,3.01
4e24b6b3baca4b1a90838467967edfdf,3,3357cd989ad24f0baa3f70e81d742a73,c5d0776973b24a56,12.29,7.03
80b770f47854456c934e49e921a8ccc5,1,38aadf4a5f2c46c6a9fbf570a5df09e3,303f6bc0f68e40fb,14.34,5.65
80b770f47854456c934e49e921a8ccc5,2,ad64953052ec4d38bdf4cf371907cc63,d6718db074bd42a9,12.69,5.89
80b770f47854456c934e49e921a8ccc5,3,6c07bf11033c490b93f98223babfa7dc,e4672d74fc774593,1.88,5.65
98300cafe27749de95dcff5f6becc1fa,1,48dcc14822b549f681646a428433574e,f0c42e4bd5a5431c,23.18,2.96
a0ccfe87d33b4657a2fb6501160bb0a7,1,294a4a4016c043219c3e025694939e32,46e863a62b2948c4,4.16,7.32
a0ccfe87d33b4657a2fb6501160bb0a7,2,e71d1b6ba10c41ecbb8e1ceaab660bd9,1988349dabd34307,25.96,5.07
b5bb4bebcd06412f98cb00673438f74b,1,585ed88ec95f40f39b1f75ae4f20f2bb,dc9bca2aa8e24737,26.74,4.22
c078cd0d2ff940b0befcdd0dd28db22f,1,f79fc100a20942b193952757408477ad,70b1b8292818484f,25.17,6.85
a375b901516d4b958cc4db997ef027ed,1,8d7592922f5d41209c7d8ea8f6d23cb2,0149418753574371,28.48,6.38
a375b901516d4b958cc4db997ef027ed,2,f68e3ff915ec4f56a2af3cbe37bfe97f,fa20aac1780a47b1,11.86,5.37
a375b901516d4b958cc4db997ef027ed,3,c70a1b9a31d24ee48fc8e3edf9f6b5d5,558a617bb6dc437e,4.0,4.9
46fce385cdbb479a80822da4f820ff87,1,5f1ab3ab9c7941c0a993a2eff7f89435,c55b5a6665bf439e,7.06,3.24
46fce385cdbb479a80822da4f820ff87,2,33c4b668f4f448a1a8dd5bb00f354360,f5cca5f9b81c488e,10.79,5.46
bd3dc80dface4392b2045c0012d3bcf1,1,e0cda658f721471a96a37964c6860c7a,a7d8cd31f7b340c5,32.8,3.58
dc28d3f49f9b4541ac4953f3f966b5ff,1,7bb5b8fc5aed45649694f05cc49a91c4,932dea828ca4477b,13.27,5.33
dc28d3f49f9b4541ac4953f3f966b5ff,2,772eea5ef5c04b13b65abedf6d736197,91a364d77ca544f0,4.26,4.59
dc28d3f49f9b4541ac4953f3f966b5ff,3,4812485013364a62a3f2f83dcf643cb1,046950562b5d4287,11.79,5.17
9c06b339d3f3417489deed0873cf2a38,1,d7d17cc3538f4491a7bd0413f592475a,22ea5edadbee4a00,1.9,1.98
42196649d2694efd9a7c6138f83826ff,1,09ecf8cc87784a4a8787002efe2c7aca,0e7863f5d394464e,12.53,6.18
42196649d2694efd9a7c6138f83826ff,2,832c1a8a24864e94ba0f6e9e812d3bc4,a8e12c9bab69488a,26.25,5.64
2d32006c5145495c9d3c8119fcd9e08d,1,778e326d7fd64e49b4a40a5f056d305d,9af64e4c710742a2,16.19,3.63
2d32006c5145495c9d3c8119fcd9e08d,2,2b433516dfbc47cd8036a562170af9a2,2b1b55d7ebf14923,4.36,3.66
581a32325079494c857a26b6b167ef75,1,b929817eefc949f9aff81ebc324e2f29,59c5ae8f78594903,1.68,7.29
254e1c23e3014383913c6c0463553ca6,1,ecce54f0855c4aa7bd88df674156217e,a7d4aeca3c4049b2,5.28,5.17
254e1c23e3014383913c6c0463553ca6,2,ead7033c40604825a8f28c6d0491d311,78385d7230a34d3b,29.83,4.09
4bc285b42ae44a91bc8a63a220eadb06,1,b519553499784e6ab874da8bb57c2e16,bb5347e19df24a3f,5.44,3.6
4bc285b42ae44a91bc8a63a220eadb06,2,86a79997e15f4e61aa4e20c66dc45c02,8033c2c5dd984466,10.84,6.29
e32b022f8d1747668750cf38e44fc9fc,1,fda6ff9c78254a8fb0c156c70e289a35,d57de1d628774e74,11.62,4.53
083f6788cec145ca9b8e598c2758725e,1,453fd21839184a0d81028d623f17cd44,82fb4d6eb34c4af1,32.9,7.75
083f6788cec145ca9b8e598c2758725e,2,b00c4977702d44ee9624d2715288e5cb,37c6b08d13054d76,2.97,5.65
083f6788cec145ca9b8e598c2758725e,3,7e777a4b199c4273854efd49fcecafd2,02a6982572be4278,30.47,2.09
083f6788cec145ca9b8e598c2758725e,4,c1f9d834a9524710a0a11562269998d7,d71c90d864c64bba,28.94,6.1
17fdce0cdba649d793796704133ba668,1,e1c62881ad934680ba4ee611b723eb44,4bb563086e414989,10.04,1.11
a6b1256223de420985e61c0cc4b18e3e,1,7b9e0c9693024da4beda47d9205e1b1f,2a0faff763cd4d31,27.54,2.66
a6b1256223de420985e61c0cc4b18e3e,2,264791d89e4b418088f5d832d03b0784,9366465eb7c941ba,5.9,6.9
3b76489322774b3a96d556b35c7f963b,1,3a5e080e78a2400eb7f4c9f103def0de,80edb1f00ae44323,21.67,7.85
40e08eca7e6e4fc29592a765c1d11aa7,1,81ee36a85e994d27a39a25ccebc0cfd0,29cd6b51d5df4652,12.25,2.15
c11883e5f079498081876443af59e76c,1,aa509de809204d3ebd78289a8d2e48a3,83af69e3e00d4802,13.92,1.54
c11883e5f079498081876443af59e76c,2,d8b9ce0fbcce4cdca1b0d2155d35ade1,655c84afb7c448fd,15.1,6.84
6519bcfb72584f018dc9b907f67fb752,1,74a821783dbc4a3f8f6b696106101ad2,e73dfebabaf7425c,22.14,6.18
e8663f3ea28545fea3e7dc154538a95a,1,e0ee83bea9cc45d7a86db41070d4d416,a5dd7d9200b342ee,21.64,6.62
95b73eff5c864b18a4a4dc05724a8daa,1,6729265f1eef45c5a1c0f00031c56812,0a26c42d37b647db,32.77,6.88
95b73eff5c864b18a4a4dc05724a8daa,2,42f6d617b4314f67a73eef98ef9f34fd,96d23c3a0a3e482e,25.01,1.24
d94c866d6a614a1d95fbfd011ef914c1,1,28b591f7dd9547b5ad9724043f913604,4a3ddc268b834b84,4.68,1.4
7b2ddd9f961c44ec94b941e85a76c0ed,1,b33711e61f6f42aa9629059690959d41,c4429eedc33e4a33,15.38,2.61
80da03aae0004e048d1a562539325078,1,2654a3d987f24e89bdcc5b189d921a21,7b39b69590dc42bc,13.9,5.2
80da03aae0004e048d1a562539325078,2,322ee0261a6e4e3c86ce82c2933c80de,75ce7b2496bb46e7,27.13,4.36
80da03aae0004e048d1a562539325078,3,66e08df04af74a5fb88fb1494cbfc825,769f83782a6148fc,26.24,7.82
432fc1e67aa64b08a3c789f1ba41918d,1,c7df9583acf64afe994b24c1d34e2518,8fb350f51d974928,11.75,5.4
432fc1e67aa64b08a3c789f1ba41918d,2,093bc08d31714bccb5187e6bda769adf,2fb0bfe8d04d4002,31.93,4.56
432fc1e67aa64b08a3c789f1ba41918d,3,b65a3b0ee5fe4f799f24abcb459ec9c1,d86f097a201e477a,33.24,4.2
338a0faa87d4494a9f6b15cad86637f8,1,d9b5059c948c4b06b8391fcaa6d295d9,1fba41c8fc9047e2,13.93,5.61
338a0faa87d4494a9f6b15cad86637f8,2,d3a2565b82ee4bee94a3501601c6f154,42cbd2c4e8fa4b7f,30.12,3.25
338a0faa87d4494a9f6b15cad86637f8,3,ba5e983f122845e684a27776e5a7675b,74322fe40aed4de2,13.68,6.33
338a0faa87d4494a9f6b15cad86637f8,4,75a2ed8b2d5245acb74a9afeef54e521,b52ca779f385459b,20.78,3.52
f839540d862c4e6c81a73188a195cb31,1,82ea3e0bb1014db0aa12eabea068476e,b46c39e6ad8e4199,22.27,2.14
d842b9a44fca42d48db2c30ed9aa7784,1,f83e41f02e0640efbca0d9ce2ce48fca,64fab6eb8d9f45b5,34.53,4.73
d842b9a44fca42d48db2c30ed9aa7784,2,1b1a0c73157f421d9925ecef5c31a624,8a1d9a0c1aa6488e,27.31,7.61
ec9c548b99b34cac9abec1adcfcf3ccb,1,786106ace76d4f63ae9e061617c1cf18,64011db0de52403f,22.33,1.29
ec9c548b99b34cac9abec1adcfcf3ccb,2,89782309d6a74c518eaf93cd30f575c8,9985060ad3f54640,10.89,7.92
df72814186c3476d98a701f909406c5d,1,388fec3a8b2d4370ac17df006c0475b2,5e637acc6fd1483e,25.82,7.44
f5462384890240cfaea913dc2e822ae3,1,3e8755df855d40548461a8ff24a4978e,19e953ba0e724c34,4.22,6.86
f5462384890240cfaea913dc2e822ae3,2,6eccae8f226f43b7801840c269ca3075,1727c96993bd4a94,21.11,2.37
f5b9984caae34b40b62c02b43f97d8b8,1,c6d3cba638994134a14b711f275ea2ad,61e6b7c8eae0493b,13.74,7.29
f5b9984caae34b40b62c02b43f97d8b8,2,cb28e989d6af4569b939035fa8c3fdae,81ed0485aa674956,3.19,3.7
054a1d772d774a8291933322d6f3b468,1,82d306bc6e01468f93d37b75dc2dacda,e2aa7b7546d54a3b,24.22,1.01
054a1d772d774a8291933322d6f3b468,2,feda81bbafa74bf8928126c4b6359cd2,a0ab8ba394d742be,12.16,7.04
a5aeb57cc57743f294124a1f6385b712,1,ef9972e317eb42e1b1e607a0a7882a21,c417668aa1ca47dd,6.24,2.95
b62049bddff34fc6b3857a1f176dcb28,1,3a928607b82c4da889a804e10d7b7685,bee4e5d0e49b4bce,5.54,4.39
b6a55a2becc044d29d8e8973eff0117d,1,25d3d190ad5641fe9926f44888122ff1,47151542cb6e4e02,31.04,2.97
938d3502fa1f437980b3bae836e7f413,1,b329e8b03cb043cbb18768168ae1f831,37ca9352ed834122,26.04,2.83
d130c5e4d5424ef1be557d388425e342,1,1b5362f2c199465990de8527f915c3e1,98acd868edc74a5f,24.65,4.92
d130c5e4d5424ef1be557d388425e342,2,2c2ad54aa9ae4d89a1664a7ca983b31a,15c4312dfaa34c30,29.2,3.16
308edeec53eb4688aaa48cadef1500e4,1,bdc39362554742e59fa47c2029f9a179,855b63d1001b4c1a,16.33,1.47
58c01c9fd1a64cfea0c301a180e96858,1,0426c2807fba44e9ae8709f1f067eeed,02c1a6108f424099,11.63,6.59
58c01c9fd1a64cfea0c301a180e96858,2,5fa44556248549ff9e131bd940327177,3ea9c7cb98504175,9.13,6.08
58c01c9fd1a64cfea0c301a180e96858,3,704265b5d4b44c13aec7c06e6f7881df,74ce2c76c7334f7c,26.48,2.94
922475ce5aee461e8ef4dc55c7a3cd34,1,251f8d299a7348d08dda9fee41009039,1c9c8b2a36f74998,26.34,3.6
922475ce5aee461e8ef4dc55c7a3cd34,2,c0781f082c6443369f881f2ae8f18cff,e6ca3ee30adf4669,25.67,1.78
922475ce5aee461e8ef4dc55c7a3cd34,3,ec0cf2156a0a4a47864c50758428613e,280a5808194f473b,3.26,6.8
922475ce5aee461e8ef4dc55c7a3cd34,4,581ed54514254852afeee1cc73f1a658,5d53c2433dfd4f59,34.83,1.9
0b9e92dea11246a7b8570f91b8437b74,1,2e30c462f97544eca97e4af5b5d7596c,4d0ca8fc14d94a96,23.1,2.07
0b9e92dea11246a7b8570f91b8437b74,2,fbe496384cd249669a286decd5d43469,120834822dc44a85,5.3,1.72
5fcb02693f834a72bdfaa472019c11aa,1,018b8c5518484f3588a39c6feb645ccb,72a37f9d327441de,4.45,7.69
5aa9cdc091264a069edbcb0948824aea,1,8db4259a699f44788c93ae1db629fb87,1aa1cb3c3c1a49b6,32.63,7.36
5aa9cdc091264a069edbcb0948824aea,2,bae9b0106a074e2c84119fc72c3e3653,d01c3ed928ae4e2d,24.56,3.04
1c3dc6b638c14c20a26ced6428e30db1,1,714ee0beacc2417e98f3ad1ea6e14a95,c868c05d3dbd4b02,1.51,5.5
1c3dc6b638c14c20a26ced6428e30db1,2,e7b4f7a79187455fa8e42229c183b6ae,e3b6fbcfdeee4fc9,12.0,5.35
004e9ecda2a34e22bc788ff70605286a,1,bbf42f9a1f6048dfb89e10c19b7d0ebd,d82c1da3ec244358,2.55,1.74
004e9ecda2a34e22bc788ff70605286a,2,941f9243a5d2486eb0546d7a84d8f57c,81e65db69d6e4e79,19.65,3.28
004e9ecda2a34e22bc788ff70605286a,3,ad20399ab2e3487eac483d4d5aaa3334,178d483d4e85454b,6.98,1.6
004e9ecda2a34e22bc788ff70605286a,4,3436bf19aaae4e0a9b3c6ce406e53d97,b6fee8c73ff34448,6.18,6.44
a461d74e425c45c19d8fb2a25a064cc3,1,19f06e910084426a8322067e53936331,276c58832df64278,2.85,6.01
8d6b552f37a24e3f8c4918d1e078dae6,1,854469404c12409b906930621a0609b8,36b56a38a67d48cd,5.83,4.95
8d6b552f37a24e3f8c4918d1e078dae6,2,bb0d1f72c5b24cf7a81f50f56dbb88f4,188d9ac519314e5a,27.21,5.06
8d6b552f37a24e3f8c4918d1e078dae6,3,64adfb15af624e8a9a57138b87f2afcb,5a02c391e7f74cd2,31.26,7.5
6a2c55b1c0e0443d8696cf3c3329146a,1,4c1846641bcb4126ba2a85ab15945048,c86627c74ad34a07,7.61,1.77
a8437e9b83ed40edb920b7fdcd84c783,1,50f7138026eb45ac8a7a6dc0b5d675f1,5c95e1bc42264fed,31.78,6.45
a8437e9b83ed40edb920b7fdcd84c783,2,c8d888e304cc40579b3dd68f63523178,c30290a11b534096,28.05,1.08
a8437e9b83ed40edb920b7fdcd84c783,3,2beb6f945e9d496e96e080a3799636ca,bece3b10c18d43bf,18.77,7.65
5d07a151cc0e4e2999380aa9196e636c,1,bf73052827d34e2ea181bee6998f063d,19cdd077ad1b4386,29.42,2.03
5d07a151cc0e4e2999380aa9196e636c,2,136aef3b528c4e149b929063b1e8aadf,8b0f25a569dd434f,32.35,1.27
5d07a151cc0e4e2999380aa9196e636c,3,fe6fc5f08cdc4d98987c5b814266fc0b,d3e7302e2bc64dd1,1.79,6.16
5d07a151cc0e4e2999380aa9196e636c,4,72fd99ec749a4066a1ea961220607b1b,50c5e93bf2e94f81,13.71,7.24
7531a8018d894a98900d457bc0b0cb58,1,d717aa9c4439490195e813147017cf14,b80d6e58ee2a48d2,5.26,5.65
7531a8018d894a98900d457bc0b0cb58,2,2e0fb2bf288f43278aab647632a749cb,5eb6379264d5417d,20.06,5.5
7531a8018d894a98900d457bc0b0cb58,3,195ccdf60e18449081337f80a11f1096,ff4ff4cc41f3403a,30.93,2.48
7531a8018d894a98900d457bc0b0cb58,4,912ec9077f07488888c87a958474ad28,ee09f06c1f96492d,26.53,4.45
c791dea3d2b94d5b80e3078c8698269e,1,d58ae09cdeb7483ca1463c8f7ab85ce9,c400c1c9085f47ed,11.01,3.09
c791dea3d2b94d5b80e3078c8698269e,2,77bc06c407b54966827d3470c980e01b,ae4ff1e8f0914a59,18.44,5.14
c791dea3d2b94d5b80e3078c8698269e,3,ab233d3cb8c04e3495a757468cec9558,62ddc072c629457f,16.71,2.08
c791dea3d2b94d5b80e3078c8698269e,4,cfbab20a39d548c5a9758830cf259c65,697786389fa74ec4,24.93,5.67
f86e9dc70692469c95e55e227f07d246,1,2254b5210ce8445eb02ae729a9b19e3a,02bb9035b4da4b68,3.87,3.84
f86e9dc70692469c95e55e227f07d246,2,074a327f890549b7b2673fa2eb58b609,4dd36feda312433d,27.54,6.12
d0802b558028462ea7afb39ac6a98daf,1,8d0f700b9cee4710a63a26b044ab6a25,32894738b5084a0a,23.83,3.72
919b1355a566409bb5c39c74f7c6d941,1,4689b1cafef7435bbe3db42bb4f5a5f1,b660aac559d04c51,22.52,2.29
81599b09920f4b9297f572553ad6bb9f,1,c4d83552fb384d898f8731daa7d521fe,27189db4490e4b5a,23.83,6.15
4ada8727cd724a0d98c181f5eeb25d27,1,b3f0848dee3c4ab69ae6384a812010b0,da1598d22db14c91,6.04,7.76
4ada8727cd724a0d98c181f5eeb25d27,2,7596d5db8c5240a4a8a8e08659e331de,0c6ea5eb94d849bc,18.37,5.49
0c22cd75f4e84d808db7df5fbc420bd8,1,5ec2441bc7ad4038b6385da785d85f1e,866a0dddf9654381,14.3,5.89
0c22cd75f4e84d808db7df5fbc420bd8,2,dcf02305f6d440e795df13165dda3eb5,e8757290c7d7475c,6.51,3.59
4a28fbb516ab431ca7f92837cb59cb3e,1,f1ec19d2dc784abaae7ba1bb482c3755,356d135abba141f0,18.46,3.23
4a28fbb516ab431ca7f92837cb59cb3e,2,04e706b8e8bb44b89fafeb69cc9ddace,e7666fd44f6c4a4e,14.7,7.22
2839d4bad741491d8d3ecab85f13cc8a,1,e08c1a66ab564f1c8f8cc4bde25fdb8b,eff9fdfe57b24a64,15.77,3.4
2839d4bad741491d8d3ecab85f13cc8a,2,522485e6eee24f2aba875b91eff67f56,dc84eb334d00417b,27.74,3.07
2839d4bad741491d8d3ecab85f13cc8a,3,10fe376e700448429246f1603d726269,a55a03a5218f4629,18.59,3.05
6a3face7fbca4f1793ba0741283eb81d,1,dadcaf0bf6374d4e96cb301ef64c2845,aa063b625ed641e9,2.52,3.42
a05acbb70dba4fee9d9ba92f29ce3a38,1,3a4a91a46aad402da2116011fe42066e,39a28c3a58844346,5.27,7.91
c30bea9616904fcd8ccf64b6fe18fdc4,1,8ce299832fa04fd897e73070b6de194f,4dd99ad854894e74,8.18,7.13
d0d3a827b77743ee9ce4d09d8c60fe77,1,4d7b30def3bb4f67a015162163a02254,273631bca9a94945,23.93,6.38
16e7d776581c40b88a9a3a094dacfd35,1,9c34b69044844ac09895ba963e96ff4e,00cc8fcdc8564452,23.48,6.6
4285eb90ed6943f58e4cc1a882033e08,1,1164e5212a81472e9939f9b533150295,c72ec00db2e840a0,7.87,4.15
37ab3fdbadbf466e9f0f5a739bc516bb,1,95cd727826804ecd9243e8b86aed3ac4,0d2620640a7c493c,12.62,2.95
37ab3fdbadbf466e9f0f5a739bc516bb,2,eac94c49cfb8419ba561c64fae6545fc,a4d5797e1048498b,7.16,7.62
37ab3fdbadbf466e9f0f5a739bc516bb,3,c9911583797d4093b160f8701feb560f,4803c24e328642e7,31.95,1.65
a6dda5b50f9c43c8af86c4416fdaddc7,1,8dfbbea95e8d460c8ad89133aacf3b71,0dbd69cb10ac4a69,7.31,2.57
a6dda5b50f9c43c8af86c4416fdaddc7,2,12cc7ebe5afd4eb9b4039411134612b9,6b3d12272fe94496,34.8,7.71
a6dda5b50f9c43c8af86c4416fdaddc7,3,80266af65bd94935a3030a00afa6696a,07b31be32b124ff7,26.26,4.7
ced779514e4d49ee8283a4f9f1c95fcf,1,fa50df29bc1446bd9dc2b123bba36a26,4a79910f4a1a4e3e,2.48,6.23
ced779514e4d49ee8283a4f9f1c95fcf,2,e2998d5f30744653b5386d34cc898559,5fd0c6174c674ad5,21.92,1.11
7a679d2196ed412680a5ce1c184e7fd1,1,7bfc8697f44d4997b099f31cfa465c0d,896f3218b6dc40ea,6.52,7.53
06a067cf08664f7d84bbc73dad35b78a,1,69d34b1cb1be404bb32dade805aaf2de,d98e7f8e87614d0e,16.11,5.75
06a067cf08664f7d84bbc73dad35b78a,2,3774fb87a8a44bce9906a8e36744811a,d73f85359a394c19,9.7,5.55
06a067cf08664f7d84bbc73dad35b78a,3,d5c10b9e45294b0584c7fe5d5259af38,f88085ed13be4d5f,15.43,2.36
a439545cc3604817aaacf51f5803bb74,1,b033218da8294ae3885494a86b2e5b9b,98d327a9aa81414b,18.97,1.93
a439545cc3604817aaacf51f5803bb74,2,d6280a169c20483991036e3b4495d9f6,51dbe935b62b4a62,19.52,5.79
97bf9b9ba28e465cab94c05296455ee3,1,7cd869864cca4b239545a95f4edb2d3f,11bf8b5b22d349e1,34.62,7.08
477e8fee16f549098ed561336074d4d9,1,e09f029f59514721991e51b8f1a7c342,5105bfd8878946eb,24.83,1.67
9afacdf8164347308cd4467755fb25ae,1,e85895637e7b48b283ac7ab4c9d3fc26,49ab0a804a524969,5.19,6.19
fb54f8ced0a847a0ac828e2e263fc631,1,969ee71bc89747b891a4caeb49958b64,224664276c8246d7,17.67,5.23
794a408174bb4623b47e33a54cc5e614,1,09f206a223a340d1a5c57e321eb26a0c,8ceebff993374859,13.85,4.99
794a408174bb4623b47e33a54cc5e614,2,20907b904c624357b2e8f8be0cb3bc75,ae166ea896754262,15.05,5.42
0b535549ba4a4c218251fd6bd3e4a81b,1,75101648810d4c5cb6bd7db98100a728,04e57402b6364515,4.44,7.47
4929513111714a9a902c818273844c2e,1,8c2996c5e19c41b6b74d4b57df4f312c,9cfaa29736be46b8,19.97,1.12
4929513111714a9a902c818273844c2e,2,ef54ae481b794f45983d4cdad1f62dee,4fe6e0511704432c,7.11,1.79
4929513111714a9a902c818273844c2e,3,49f1360cd5da4bd99824fa4bf46fe5fb,07b0a3927ff44304,3.33,7.81
68dbec823da54c45b7db17d917d6c642,1,7a7cf07f7faa4e55a7ce22a03aa421a2,5a674eee5733456c,8.6,1.15
68dbec823da54c45b7db17d917d6c642,2,44b7b9aee7a449b8b43978efede0bd76,d447379cd6a94bb5,9.74,3.64
68dbec823da54c45b7db17d917d6c642,3,c61dc27c40c84e209223894aaf237b55,427b7ce007b240e1,28.36,1.86
68dbec823da54c45b7db17d917d6c642,4,a54fac4b3b054160977977714fd1e40f,0f8d14b8fe1d4262,18.23,6.64
cc98d8c38f0242eab8910ac0e13c9e96,1,09b7e399857b4b29ac8eb33f2ee6cbaa,11bde3de11c94080,4.27,4.96
423bd1871de444bdac33301b3959f69b,1,b91988c84f874cc08aba69b18f3f20f3,9f2b57f8caff4e54,22.48,5.34
423bd1871de444bdac33301b3959f69b,2,5b19058f6fc14a3e8c292bc8d8df8cb6,4c6433d0c95f4614,28.18,4.59
423bd1871de444bdac33301b3959f69b,3,e26856a46c084a0485dd6296e2e4f12d,ab5d3bbba802479a,7.8,1.01
9f4c3f6f2429417ab997273eabce8933,1,eed553d3e905490a8ebbe89c02c39518,1dbcb679e1e84d74,16.88,1.93
bf736cb75b494968948036283bb6f04a,1,8a5d9598301343b0b41424505e606602,963ea2ac584d4927,5.88,6.66
bf736cb75b494968948036283bb6f04a,2,2f1cc98084ef424f9a5f4e300de40850,a22fb76c7c5f494c,21.1,7.52
a798c072267c44aa86f6db393975a79a,1,516eb3637cd24e4cbeb668dc72c5e936,f184cfe19f3e4d94,3.39,4.01
a798c072267c44aa86f6db393975a79a,2,e10476d6388c4df8bc177141ae1f47b3,82274372106f47c9,1.54,4.58
210e5266b5074c68b9d803fd4dda1a6a,1,6a96de83bce041968bbd24ca4a2da3a1,2cb226c320854e3c,22.77,6.81
2d9681ba1e7b48679ede0362d74c4c47,1,3df6b99ecd6c477dbea4747c2e987603,9d0d0bd20e744922,14.03,2.34
4ef01dfa065c4028af67c19f3d588e22,1,22b67463403949c6a92833cbb6dba328,cc075738ecef4460,29.16,7.88
4ef01dfa065c4028af67c19f3d588e22,2,2b31a7d37edb4e5bba026c4c513a2248,afc83b0d50cd4dcb,4.52,5.54
a11fdbfd2cd244fda91fee5513757bca,1,d2bf818e49cb4dd899a2c497c22a2ffc,72296111c150426a,29.53,6.37
593d34b5f43f4e3a9eb0d99e59a4e2b5,1,d90740ae38314134ba31a44de8af8e5f,0427e30319754b53,10.6,7.97
87d2c77b10b64c69ae1bfded11820b96,1,6a90726630c541aa90df235378a88ae2,239e738a27a54151,9.22,1.58
87d2c77b10b64c69ae1bfded11820b96,2,83a2a36b561c436784945242a721d4e0,d53d501686fc44e3,13.03,6.7
c6c2707f6d6d40c48705a95ec88f5050,1,582b6a2bfe2740cba37879a3d4a9103e,1364373773b446cd,34.48,6.99
54ac143155704d77a9b5c0b8d9ded6aa,1,70fcf9977b364296990a0881274f92cf,c09018f56edb402d,21.34,3.67
f1ce07d722bf4b6c8896a3d9ab7c970e,1,63c8a62c1c4141d5b36ffd2ae7f761a0,a9952f963b6b4a2b,13.2,3.52
f1ce07d722bf4b6c8896a3d9ab7c970e,2,911b9b98a7d140789acbeb7d066ad975,654f3d831ff44f3b,11.68,5.16
c68745f971fb49839f62b4ae45341e1e,1,fba4b06f3a24416bb0d4bc5a2c1255b6,a0c7a97cc8634ef6,32.66,4.85
4ce1c3e87ae34463832cad78982cc027,1,225b3d0e9460437f99bfc081626a3c3c,b118bcc6bd2e40a6,20.07,7.38
4ce1c3e87ae34463832cad78982cc027,2,f2f54f6a9cf94b99854b411d989ad26c,abaa2aa2a04248d1,18.04,2.65
4ce1c3e87ae34463832cad78982cc027,3,74d41ebaa1cd40c49d866b4c69fe0d3d,91c24379fa154a51,5.65,5.94
067f3e9194f04a618829e68def38fed3,1,1bc9a55da56846009923735cf7b1efe6,a4f088b4e40f49f2,8.96,7.31
6bcacbb1003a4ba6acbab604e1aa4372,1,434553d2ad8c48f9b8390affe360ddc1,867e2b4089ae4b4d,23.19,5.89
ff6c3346c8704ae4a27bd19824dc32b8,1,97ee03e6ac85444fa40d3a66f133e70e,9a74fb03ea4c43fa,20.72,7.72
b5c17e39a0314268bd6ba18d900f1c2d,1,5dfabd050bf04e6ea0e03384945ada19,a5f570782cab4875,10.45,5.99
ea7c2a18f68e49148eb7883ba7507bfe,1,8ce545e6eedd4cbcab5b4cabf5c0449f,599ddb805f184db6,33.92,2.95
ea7c2a18f68e49148eb7883ba7507bfe,2,f056c2499cd54a5f81753fccfe3f28e0,366c7e6f284741e6,24.03,5.31
fa5424319a4e4feb8bda92636d3f8230,1,81e804f10ffe41798e76aa86a092dee4,b4fe8cada3eb497d,15.86,6.13
fa5424319a4e4feb8bda92636d3f8230,2,b9e26f5a2fa343868cc881d5ca5db252,caca56c61fb14dd7,25.13,4.32
fa5424319a4e4feb8bda92636d3f8230,3,c86c9fbaa7a543e1bc9d0ca3f42c9c7f,e8ee7e7e895b4116,31.12,6.29
ad0124564fc8413aa01e6b731639c3ce,1,76b7b669297044a0abf13c97c4cf8359,84168f11eaf34eb3,10.18,3.23
ad0124564fc8413aa01e6b731639c3ce,2,e60ba1604f784c279ab68d03c1ac171d,a9ac5e1b6a2b47b2,8.84,1.58
ad0124564fc8413aa01e6b731639c3ce,3,78c0e94dde3c4035a354c654492fbeea,77bb0ad9a26f4738,22.81,7.67
a214202564a34c58a76118024d535c54,1,f3b54ea70b1d4b0eb9c065b9b6d5de97,5878092bb3a14021,31.82,7.88
dd155a83c50145cba78ce920cc87c989,1,26c35d3a3ca34e509e88ac5ead1641c1,04188a5933f04ede,29.22,6.98
ee8538c798f346c3944c7f83fabf372e,1,a392629fb89d47b2b9048947dcd4c112,5e7fa4f2fa364fe1,16.84,4.6
ee8538c798f346c3944c7f83fabf372e,2,f10b7b1c84f8480e85a7a2b10207f5d7,4aa7d10fa71f401e,23.44,6.74
06e7c25a52474c60b87feb92bd4fcf85,1,2fbca233cd534e7eb63a5b364b2b2371,d0e58b5b252f4109,19.59,4.18
06e7c25a52474c60b87feb92bd4fcf85,2,54d01d23c96d4cd5a74457b776986c4a,eee37e0219724041,33.39,6.37
021ab53799014254ad40d81c5f255ff4,1,9ea721c384f44861bfb21ad8fabc79dd,4097d375f7d2455a,3.09,5.38
d67e90b488424c0cb512dff6043a3633,1,cbd6813915684eecb49ce8804f5de41f,5f26f7c03c76409b,7.23,2.46
62f7577c9dc24ca4b6ed0a1c831def5a,1,41354e2bc9794fc2a6f70aae0cfdb502,aa1897c7fd2649b3,18.69,6.23
62f7577c9dc24ca4b6ed0a1c831def5a,2,10ba0306affa4c42be06c24c82e79f01,3269efecbe064eae,9.23,3.95
62f7577c9dc24ca4b6ed0a1c831def5a,3,44c96bd0ced14427859b021347355af2,95eea1df24474f8e,12.17,5.32
de9f0517e96344778d710e3087dea4c6,1,06a56c874c47484a923359179b06df21,0f5e98b2697345d9,19.92,2.47
cb9464e3eed4461aa09a9e7d32ca680d,1,44baa682b48c4ee8b64909446e606177,5b6eb7214378468c,8.72,3.3
f57ef6afa2e847059012cffd1628afc4,1,bd563aad05ec454895ba93fa1f2d0f71,6751936079da4783,3.87,3.36
cf736d5e6afc42eb851b6a98f8b6881b,1,5c268ffbee6d41d1945c1304b2224fe4,69c62fda226c4d73,6.73,7.32
f4057d96c77d4a71a2f0dfd66cb2f547,1,45a89da413d241c48b1a98491046e298,a5bd0c7313914733,30.55,6.89
f4057d96c77d4a71a2f0dfd66cb2f547,2,d3ff62b903274e41af8ecb3121d82f9c,a4584a013cdf4723,32.92,3.37
3f5d7a821d804a0f8455913891921a8d,1,4ee57797cd4f4aa4b00a4aea346ac9cd,90a9ce8ef4d64e4b,23.69,1.56
3f5d7a821d804a0f8455913891921a8d,2,fb2cf4bbdc9e4294b90e3145ee550a15,41971491db7f4b66,2.68,5.88
f5dd12c02f764eb7a76bd72ae726e742,1,2fd864ba28454bc7a05435d4172a2c18,2af9b4909e674bc2,34.36,1.29
f5dd12c02f764eb7a76bd72ae726e742,2,82a8f576139c4d1dbcb9a61a5b95b8fb,c9cfa0ecce44450b,17.72,6.48
fef2c583741c4a91bd5db2823fe2698e,1,5539047bb09348b6b544444c004e4d55,cc707b09ce734e58,5.69,4.56
3442a24006024e6ea9abe13cc77b166f,1,9099f4c085664359b2e6972884887b18,a9c6ce1daacb4e3b,26.06,5.05
3fff17ccede84b08b8cc0119dd2a93db,1,fa7c6a2edeba40d1b9b51678358a2475,e13dc22689d642a1,18.41,1.06
3fff17ccede84b08b8cc0119dd2a93db,2,2ad45ad559164997abe8eaf25ece3944,63f594ea78a74bcb,18.82,4.91
f0f2c628c15642258e717436d52183b2,1,e82c75ac029d42a9b54cd8c99b7c37aa,55e03115ef384929,32.22,2.54
d6df4034ea864b2da9dee43e4c78cca1,1,2f690421492447e5bfec11e124fa8d2f,233726f4a50e4f92,22.62,1.7
d6df4034ea864b2da9dee43e4c78cca1,2,4fc3b8fc9cf340f5ad954f2236c5baa0,c6db3bedfade422f,26.43,2.55
dee425faf52047f09734d63a820edca4,1,80055062e8934bf79f5d347583c1444b,c555eaf96d5d487d,9.26,1.15
dee425faf52047f09734d63a820edca4,2,fef7b911a7ce48eaa2b7fa391599d85c,d6f21375beb84004,14.74,2.34
dee425faf52047f09734d63a820edca4,3,9980b78865584c26848a060794eb7937,a1ab4cbf925748bd,18.02,4.94
eadcefb4e57e4cf3a1eefc84161155cd,1,1a26419540804f9db1bab7f10636fd5c,34aa9e6db7164ac8,3.9,2.18
c1e45f3259ed467f867d687dfec3ebd5,1,42d158b39ada4852abe280f9d2d622ae,686ad231a49a4a72,1.56,1.93
c1e45f3259ed467f867d687dfec3ebd5,2,989d9f7559d8492bab6379f593d73443,b220ca4a28484c8c,25.78,1.42
7508b9abe0a94a3cb008c4da6ff6c152,1,8d1f605f6b414327a400647722f3cf08,59fee743b0f445df,9.85,3.01
bb8a7c9098c945a1a06d374664d1d575,1,df0d3499196445f195d5ff36afd9b3af,e40ace91b35447a5,28.79,5.24
c4d7af271c1a47c98aa7eb1c46c55464,1,54f19a32b3174760b9f8aebccf4ae35d,6d0e4e5ec80645bb,22.9,1.79
c4d7af271c1a47c98aa7eb1c46c55464,2,3d3d7fcdc0064683a21a17aa70701a85,200bf15acae442ec,6.74,1.56
a8c5af5202fe4875a68cf523a62da801,1,0d74fb50043d4550ad008226332cfec8,83e75ecf93664f28,16.33,6.12
a8c5af5202fe4875a68cf523a62da801,2,fd6c0b1550274d7c80cfe6505a89d009,ab5f2dfa01a84bd2,22.85,6.11
0b568a0a28b54bed8d7c8de75549a558,1,bccb86b952a34ad68e52b3437ab7eae2,39233ec2fa3248e6,28.84,2.89
0b568a0a28b54bed8d7c8de75549a558,2,6837d2b8f878465a9fcc19652cb9fae1,cfb8ba8b2893482e,30.22,1.01
1322ad904abb42d3ac5ce49e1d22a583,1,c4acb3536f62464691659a8849de4b30,f23b2b65d06c4135,20.77,1.57
11e63d77e9f447dabb7b62c5d18cd474,1,d4cf75b951dd4df5bbd0a9c115af1e3d,73df64aef66a43df,9.96,2.19
11e63d77e9f447dabb7b62c5d18cd474,2,721f3bd075ae4b408ad851828f4555ea,2f97af5e21454f3c,12.57,5.85
b6f663ec14814ef082efbd7f93935c2c,1,2a94b00f88ef4a699a570396c2250508,f17ae92b850a4ade,3.51,4.4
b6f663ec14814ef082efbd7f93935c2c,2,da18fab8823243059d9d6a0ae57a64f1,69bb38f39ff84c12,8.55,5.67
d370621388fc489e80c4c537956910a3,1,7bb0b2a94a21459c8c439a7a584510a9,ec13bf84de6b48c0,27.97,6.97
d370621388fc489e80c4c537956910a3,2,8fa8241cfac34a459b054b69e9611dd0,60a61ce800204fb5,20.85,4.97
d370621388fc489e80c4c537956910a3,3,651dacf40d1343378983e92132e38be5,9de7b0f052604595,19.24,1.24
d370621388fc489e80c4c537956910a3,4,af8d02d6e5774c7383101ba8915293f7,2ff571d8b0dc434c,12.32,1.33
6f61c9408cc74b45843873bc99ade4d8,1,796c5bb33e7d475d8051c566d25c4094,3a2a6f4a515b41a0,31.78,2.53
126702456daa4a71bd91198a20ae0618,1,a849437a6fda4b90b92961190cb583ca,26ade6a32cdb4a26,31.6,5.38
d7e9802afc9c481983cf7629f9a95a62,1,0c5973ca15fd4c5795701cc1f3f99b17,275e085078f74287,2.43,3.42
f9db3c3de8a246a0bd53d844e9d7453e,1,64fa693e6a8e4d0ab0e33a733d6087f2,89fb618061ae4ab1,24.48,1.4
403fcfd41b984a369f11d0fa60d17fc1,1,1447c8290a9b44619b2decbefe1d9077,fddb0c26970a46e8,33.16,2.38
5161e95f58584263abfef529c619c730,1,2c99e2c79ba6497aa259cad0e405d03e,82dfcc78fb7c43c4,33.67,5.78
5161e95f58584263abfef529c619c730,2,87ed1718c96348bfa3850f26813f9708,fe3a006a6bff4cd5,7.12,2.72
d1c3f42301fe4b3bb14aa505c14474e1,1,31c7f612c1754ba6b56a193252fcfade,15be24af0e1f4937,8.55,6.37
7e4188819c5e44489bf7bdc46e65d65a,1,f86b995e637d416ebfc760b18ec45fc2,2062334aea1348a6,19.34,5.25
dd5bb5cf1c084e7ca713ae86ca3244b9,1,26cb1e9831fd4a81b8a508c9899feaac,da54783420094905,19.92,3.69
280c52adedf34dc6b8327c7fd3255c03,1,b83f080db2e941e295155c379a46bf04,c22245f5dcd14010,7.65,4.97
280c52adedf34dc6b8327c7fd3255c03,2,f3d1a1c2514b40d296f845efcd5c222d,5151d8d9516f41e6,10.51,4.61
280c52adedf34dc6b8327c7fd3255c03,3,b40aef13e51f4facb38b1388c0b2e0a0,f3fe7d9b34bb4397,30.18,3.79
ab06c158fc17429dbeac403239e94ec9,1,ba76fdd056214bd2b26b82803874ced1,c0071ace3423470e,11.37,3.84
ab06c158fc17429dbeac403239e94ec9,2,4bd1d1c5b9b64aa5a178668a87f23352,c36e2f9fe33845b6,23.42,4.73
36fb68f9a7b24fc9b91a2185624ce264,1,e1f6161363b6469b8364ad414a617ad3,8c058e13067a46e5,16.25,2.56
276b40b106554558aeab5bb863993e71,1,0692362e31b34fa7aa2961f6d88c23ad,12efc1d0659440a1,19.97,4.98
276b40b106554558aeab5bb863993e71,2,e779ec2d669d437aa9829715a9e516d9,1448d2df5bc24fc9,23.23,1.59
7c620f3e74e749c7916ba9ad443abe99,1,f265fb12d14f44c2a3653d7f05d75918,d61400de11c94d0d,34.03,7.68
972f9c703a5246a7a3e2def65c2a2229,1,12740121f2544bb785376f0c56571a49,36a69344d676456e,6.26,2.26
972f9c703a5246a7a3e2def65c2a2229,2,fdb3f0f67348474eb55bad9d5e68e8b9,443dc2bac650438c,5.84,4.61
972f9c703a5246a7a3e2def65c2a2229,3,f0607d6cc56846beb05eff7153c3c3ef,25821561d4a1489c,4.17,6.78
e0369937224543e2a507e8c1d84d0c5a,1,45a1f49f2d9a4164b847bb0b252d78b6,fa48cc06a43b4a85,2.16,1.84
e0369937224543e2a507e8c1d84d0c5a,2,96088ff0fa9d4197bb10dd7f01859607,5111c2f711ec4f6f,19.31,6.77
e0369937224543e2a507e8c1d84d0c5a,3,172024cbcfdf435b838944f95022a995,d280b451f56049b2,33.65,2.01
af3785c8ab134980b58185a08917aa80,1,ef3d639eb34c4f238976df38fa7514db,3b2ffe63ac404992,31.47,1.78
af3785c8ab134980b58185a08917aa80,2,69acd728b2834ec5b24eee0c9223f575,9f5ac3e174d94131,10.85,7.48
ce1cf54ebce94fc1bdca66c6894e06a6,1,a07976115c0640acaf5eb3b7ce87c165,a9edd6db0b574244,8.51,1.23
ce1cf54ebce94fc1bdca66c6894e06a6,2,3b70d5c68ad7433098efe6f8e2d31a7e,96066e48e4634468,33.2,6.45
ce1cf54ebce94fc1bdca66c6894e06a6,3,8641271ce82842e89435a1fc2c9c5cc3,f46268b4604946ef,3.4,3.49
ce1cf54ebce94fc1bdca66c6894e06a6,4,4f7d7c0d687a40e796dee4c6d66b2c3f,d24050f3784641c6,26.19,6.9
fd658d8bc1b0419faca7e4a12fd45959,1,1ac979d251864bf582527a7b7136fce8,9a001ff81c464eee,29.09,7.06
bc87beac9d5e42869d22725e222c0994,1,c3819b6c66ad4436a8fe15e2d8b7bddd,9687a8e6a46d45ee,16.33,5.98
7b478cb5d91d4e058f58143b7abbaaa3,1,d923a74719244c92ade71b26be92be75,4fdb69dfbc6b47e3,22.28,7.45
a3dbef5dd7e7447396857c9e7a9f27ac,1,2c896af0f3dd49a19e88ac2eb3620817,7ae9639b266d4872,18.64,2.92
fce3302876254a349f77d1f71af13e51,1,51d87405a6d64f7aa0028ce4f6be8bf0,946d0233ddd741e7,1.77,7.75
fce3302876254a349f77d1f71af13e51,2,4a36c2cd6a0e42b7a832c028dade3672,7201d303d1a04328,6.24,4.73
fce3302876254a349f77d1f71af13e51,3,69077afcdab54c558948c01c2144cd0d,a6b48f3fffd54629,5.81,2.18
3a63a505f3cf49c383ae62b7a5d976dc,1,c947c8107d25466db0320c37d6896897,8011b23d4f9e4f5f,21.78,2.86
841708febc344844bdaaeb8609f4afb6,1,979809c2e73c483f9c91705ed615ae10,31d0e75873764dba,18.52,7.35
a0ffe89d9de442419d0e24be109b81ca,1,0a0b75ca80764b01a2de42ba4139b77e,2b7e2280dab94538,34.5,4.28
80a2d04cf9a0489ab20f9e7885de8405,1,d21a0f531bf1434c905aa702a35a26de,b063e15e563a4932,17.37,3.07
80a2d04cf9a0489ab20f9e7885de8405,2,2b100b35290a45d183777cfb8be541ef,72c9930a254c4800,15.27,6.06
b7bd2bab3e9147f496821dbd6033cb8e,1,9c31fc1435b74a24b000b82582c9eaf4,b3fe40998fc74e0f,34.02,2.42
b7bd2bab3e9147f496821dbd6033cb8e,2,3d6ee35efa4d4fe0bfb309714b165bfa,f728cfbc4a1f4dc2,13.45,6.77
682d9e8b0ae147af9a04b009a2922e8c,1,56c429209ad343829702acc126938f51,f5caa9bbad554dc5,7.3,4.26
6983ae31a3f949d9bdb7d0891a43e988,1,8527268c75154b7eba34f4958ffddc21,b9ffb4e560e74dcf,30.88,5.82
6aca338344c64cffb5da1bceeacc64eb,1,9d56138159404a24827dc02dd45e1960,ace2e84500a343c5,12.64,1.71
eb9ee4e426f4472bbf57462832ae44ca,1,5a3528a1116647868170cfcd7985c887,81f3502d97ee4415,27.41,6.23
eb9ee4e426f4472bbf57462832ae44ca,2,875f8d43b0484dcea07dfd9a95be94e0,fc5afeede6434573,17.19,7.4
eb9ee4e426f4472bbf57462832ae44ca,3,6171a900be67445593b47346cca90d39,4aee51f17a9040a4,6.58,1.48
ca05378eeb4b4d0e98e296cc76cdf0a1,1,3cef1ac79e90417fb953d5615878b063,8c0b5adc3996405e,27.04,6.34
16c8b79932c7440e945ee43c8b14c187,1,8d978f96726540c8abfa4522157683c4,d51ed51c3e2c477d,32.65,2.95
16c8b79932c7440e945ee43c8b14c187,2,0c9accdf2308429498ada57140619830,88a3b9f279cc4c19,29.25,1.61
b4a10b5feef441fe9688186dfed64e07,1,2e30f34e627d443b8c91b3389e5b93c7,3628394cdcb7490b,14.77,4.83
b4a10b5feef441fe9688186dfed64e07,2,12119661dea6477fa255c1852507a3a8,10688f6d4aa84e2a,22.46,6.88
b4a10b5feef441fe9688186dfed64e07,3,81d3fb130e36418e88404e53df9f5a9a,e3863eb960b8488d,7.75,4.31
29d94cc55b3345a5a282d3a3b0f0c7ba,1,2ef72d36785c4bf2a0c17599963469b2,25fd090277fe450e,30.18,6.09
29d94cc55b3345a5a282d3a3b0f0c7ba,2,5130fb99c8aa43a7911d81815efd3e45,b8ff833de5344203,30.02,7.84
35fb65cc5f9f4bc0a6955acccb4275e3,1,a344b864461b4df3a25b1f233abb573f,981b06b8a51641e7,17.33,2.86
f8376006744d4460a008f5fda1c1e69c,1,766b5c5749894be09490ec11b4b719da,b7e9dcddcbe34f07,28.25,2.93
f8376006744d4460a008f5fda1c1e69c,2,c339cb01e3fb4460a618e658402c2c69,e6515003ee5748fa,24.18,7.18
d12c4134e35f478eadd7ea75a0feff58,1,62bb17e840ef42a18b8da6dc4891a7e2,5ac0e6dc2cb448fc,30.06,1.56
d12c4134e35f478eadd7ea75a0feff58,2,9d698650e2a441a59028ecc444fc7687,1d5dc51e91dd404f,12.15,6.3
d12c4134e35f478eadd7ea75a0feff58,3,88689c02ce1b4e0ba15ac262fdb104b0,28cc94b7e54944e3,7.95,3.92
d7de7fb782114e40ab8eae81d13bd540,1,a85183db8906404294f37835a28c0dcd,5badde2aa3f94379,17.81,7.99
d7de7fb782114e40ab8eae81d13bd540,2,324b77acddd946f6bae69f31c829d510,f9a04898bd584166,28.6,1.73
d5e2e2539ccd45d5aac402fa2e8df382,1,af8e3c6bbe4149ff91bd19aea22e9153,5437d4a71c504e98,15.18,2.77
d5e2e2539ccd45d5aac402fa2e8df382,2,a32fefb857e04f3ab16c7cd35f91ef54,01d36be2ca654072,4.96,7.03
aea9b45eeaed4191b892eba33b437d1a,1,17235847b7df4f9b987fef3dad69ae87,ac91b9f38381498b,26.16,2.26
8ca154b66a5743bd8861cca28fd18cef,1,2e02213290264105ad52c5c2bc2ead91,d22740216f6a49eb,20.41,3.93
854551ead4664ded8643b5b13b1b9707,1,04c9d5023c844068b7d3fc1d70d37aed,83db2f89ff7947f8,11.44,4.49
9cb43156d42c4c02aaf0796043a78a89,1,3705078be0ca4aa59fa4a4a5e2737811,fa17a6a2261443f2,23.11,4.35
9cb43156d42c4c02aaf0796043a78a89,2,f910213781564311aa65c9c91790ad59,bb244d34b22d48c1,20.33,7.98
9cb43156d42c4c02aaf0796043a78a89,3,c33187d289b24d9e97d8f7b5e59c9252,7da2aeefbf554838,29.86,7.81
960f75779f16454ea6f718a443a17496,1,d7b6e39d332b4cedbc760cbb8cb0ec1b,d9dafb4bae484498,34.65,4.23
321ba3c264214f50bb878d71336108e2,1,d8133ef1d5994384a2f89bea13d0e68e,cb8accfbd0ae4659,26.2,1.16
321ba3c264214f50bb878d71336108e2,2,87263124f3244773b905de87871d4b7e,62cf4d23436a492b,33.77,7.48
d1ed89c91125424586bb0e7f0079c76f,1,e7e21cb5924d48218c3ec52a22f2c8e2,8be7bd4667dd4f61,25.93,3.57
b76e60262c1848d297db2750bff2a4af,1,1ae639f620634c048b44f49b0d38b942,da3168be746c42d6,14.01,5.3
b76e60262c1848d297db2750bff2a4af,2,635cff5c848d4077bd9dfd86733a91e9,c7a6940db0b44aa8,5.52,2.83
b76e60262c1848d297db2750bff2a4af,3,796e82b7d66b46499bc262ccc35150a3,f7f60b5b2f954ca1,6.59,7.55
b76e60262c1848d297db2750bff2a4af,4,4d501b53a7b24150a0843b82cb245213,6be14752399446fa,9.24,1.96
7b3a72a495ac400b90927f994172012a,1,1cf63f24beee472fab72f61108f9ba9d,1febada83e9a4322,3.5,4.06
7b3a72a495ac400b90927f994172012a,2,18bf58ced0b042dda8a6bacd4615a1eb,66d03863db1b46c9,18.34,7.95
f5d1536ff48c418c9fa02e65ae5462e3,1,4aac68939a6841868bff2da9099de563,765878cba6be4b4e,9.83,3.28
f5d1536ff48c418c9fa02e65ae5462e3,2,aefd5e85cc48474ea3f54c66a1540e87,e9955cb376dd49ed,9.21,2.94
f5d1536ff48c418c9fa02e65ae5462e3,3,b123fa0bfa3043ba8f60eceb7a045cc3,21f2ce1f8c124f7e,7.52,1.84
f5d1536ff48c418c9fa02e65ae5462e3,4,8af831e4bfb947978f58fbe69e73a5b8,3cb8923f37f24310,31.7,2.09
6eb60025bddc4707a1e3fd3f82605aad,1,da4c3aeba8f844e2bce01fe5cf0251cd,25d6f760f3ad4c56,32.41,4.45
6eb60025bddc4707a1e3fd3f82605aad,2,cd90cd5951a645e7939d2a1a29b7f731,159b8badde014d94,21.12,7.31
4a2659631d41485bb483349a1e7026d6,1,524da538e02640fc83884b53c629bf3d,59be0dbcc2e54c83,12.48,7.44
959227950c7f4900a872e79e6c770818,1,49eea52bb5684c0ea1bfe6a2e39dc845,61dbb12dc2624c7f,34.56,1.36
959227950c7f4900a872e79e6c770818,2,2525e60826a94a6ea8b4f54c942aa9bf,f005cd709dfe41e9,20.82,5.96
2d415457e94d49629e7c52d7fbc8334f,1,59181a281e1f4b7aadb383f5be97e4d0,54fb726db5a04463,27.52,2.97
3568cc5e7b2c4d498dbdac6cffd5539b,1,3728ef1e7f0a4910bf22a2777fdd983c,6e9606bbc3034a27,14.0,4.55
9a6888382e494120983dda45fff5caa0,1,c6e38fb5b0d14a838dd97532982c5565,cef60efbc50348e8,11.62,2.67
9a6888382e494120983dda45fff5caa0,2,5f9b4d3114b74d5c8a4b11a32af372b5,c20634d7e51b41fe,26.18,1.31
206b2fde768745e187f39b2c74b39f12,1,2fe4440c051c4fb0a575b4e66df0a6c0,603f60f424174c54,4.84,2.79
206b2fde768745e187f39b2c74b39f12,2,8c59fc0312bf49c185e400b1d96d6473,d82c1de8944b40bf,1.97,2.98
206b2fde768745e187f39b2c74b39f12,3,bf0c5e064081413a8f1a1aa8f88fd177,e76fc017d54e4e6b,3.97,4.18
16ae77d5481444d19c934f494809c017,1,80817b6002f846bd916723a3b9fee4aa,a76c19f5d0114dff,5.14,1.52
d8601c27293942c5a39117ecf15ba295,1,d20d845e6bed4eb8ac75aca3f11ef86f,5838164104ba4d5e,28.91,5.1
d8601c27293942c5a39117ecf15ba295,2,b1812bfb59624a14bcf082662e692edb,25023948a29b49fc,20.47,6.12
3145df07e03241f191f1f16ae2ddea96,1,35e6a948e5724106ae32e8f14f6aebc1,c818da02b4754cf0,9.87,7.51
b53ae26fee4e4e1aa74172c540648489,1,6a6fc3e4bd16406686259dd87167762e,e54c203210824b97,32.44,4.02
9244f0aed446432cbd628c39d6099c77,1,7fe98fb3a52d4e029ff1d420feffab20,35dface2f6aa4e0f,28.84,4.89
fb0ed39c7003413fae62d6dff81c0465,1,452c8db7d54549ee8fa0e084b10adf39,1535db5bed774be1,9.14,2.98
fb0ed39c7003413fae62d6dff81c0465,2,dd0838b83d694c04b1f16450927718f1,1104f45cc8cc4fe8,25.04,3.67
fb0ed39c7003413fae62d6dff81c0465,3,a77ba34b1cb24e8f849c92f26516e5cb,92cca959d9aa42d2,29.66,7.01
5874498441b241eeb00ec02c370a3e7d,1,d77694bc84cc4a85b94c7c6203cc3c9f,a8d89789c85b42dd,9.89,3.55
5874498441b241eeb00ec02c370a3e7d,2,328b71d7feb941328cfecfc38a209528,2eb71d4824fc4fcd,6.12,7.98
a04af8247568484f967010f3bdd2cb50,1,d304e8e5da0b4b21aee9e2094778adfe,c95277f392774018,17.71,2.03
15c2d67cebee41a1a81ab93a7fa0321d,1,59c2b3e72bac4ca4b2f1642de1834a90,7b62091950e94d6b,12.6,6.02
15c2d67cebee41a1a81ab93a7fa0321d,2,cb5341f849884c65af9653d1e02f889d,f7f12021b9304201,12.4,2.97
c547820bee70452db77f5de12081d463,1,1f97d0394f4747ae9625f6ef92ca5303,3d0e882ac6ed428a,21.52,4.57
b982197662744291b435463310bc806e,1,aeb8404d18e246e1abb2608f4a88d7fe,57f51f9af2334062,21.11,5.8
b982197662744291b435463310bc806e,2,89d541282ce34435a74269b2614fdfeb,fe4d90f5d4d844f4,8.78,6.15
b982197662744291b435463310bc806e,3,93a6c5493db147b28c48d29d286e4f2d,efe207c7f0614e96,32.49,7.11
b982197662744291b435463310bc806e,4,cb8cfce2a61247dab96f3e22c361aef1,ff6cd1d5cb6e42f2,10.92,3.87
cdafce1af2b94311a84b72258d727867,1,872df5f604f24fcf9583f183b2e1c226,61834e66595a40bf,30.29,7.36
f846a5aa2a0e407c893b821fc60619f6,1,a3d69ff23784403eb060111f7d9820de,95b1625b2bf644e0,13.62,2.15
f846a5aa2a0e407c893b821fc60619f6,2,2011a9ddf1cf46d8a417d551788ec9c0,912e800487564a5a,24.95,3.87
f846a5aa2a0e407c893b821fc60619f6,3,06a798d4be2f474997d848132fdf947d,08818f9c7cf04d6f,4.91,7.5
39a1d7177b37401b8d23c5d1ac971da3,1,90e6a87af3a446818d0bccbdec6760c3,2396ba12628244e5,11.56,1.78
0ac13dc695d549b39c1d92b1d82ec5a4,1,ed3c06e70b2644c88badbc970178b652,dd94c6cf398c48fc,2.23,2.13
0ac13dc695d549b39c1d92b1d82ec5a4,2,5ca9b7902e7e45aeafb7c1879b4be172,5e53b39e11e24273,14.73,5.97
0ac13dc695d549b39c1d92b1d82ec5a4,3,f2f05cec40934b988d715db77fed9391,1dd80334d5354668,33.48,7.85
079d34d6197c41dba2abea2adefd59ed,1,1ea999e43df54ba59276b777d4b20dcd,4df68eeb0cd8409e,22.26,1.56
079d34d6197c41dba2abea2adefd59ed,2,ac27938c7c4c4f40bb44d4ca5417018d,7ca9c0f5072a41e1,26.99,4.15
079d34d6197c41dba2abea2adefd59ed,3,e4924b4983e44c0eb4502e9ed05ff67a,76b670eb0b6748df,34.67,1.1
079d34d6197c41dba2abea2adefd59ed,4,870916d470d04e929d52f0ab4bf8cabe,71c8e0521e634419,15.98,2.6
ec9d44a619bd43898815c136850d08bd,1,893dcc5637e24392a401d74f7a14e559,5ad6717fa83a4aea,18.59,1.75
cfe9c4b6aded4b119873a3c8435e3432,1,cffb497aa38141a69b5d1d21240014c9,941c0a8b11014841,30.48,6.51
cfe9c4b6aded4b119873a3c8435e3432,2,0b625ba8fdb34ee4852ed39fe558ae59,8566962be9bc43b8,4.42,1.86
7aa973d8e3b441c7bdef7630ea086b51,1,db0a38fb739c4d6b8761541271d7c724,c457f4be2cf943d2,30.94,1.6
7aa973d8e3b441c7bdef7630ea086b51,2,175672ff226d4e60872d5c745b52b8dd,0679cff3465d40a7,11.99,4.74
4756885abd174e9d960167a47e13b904,1,b19d13d79be142f18d793e199735944a,0b247b2cfa4d46f1,31.72,4.66
abb30bdb519e4fe48f2136637152250d,1,5dc4e038ad034c0fa941fd505b39c27b,ac5c889c5160461d,24.58,7.31
b7496c1aba654280ac9f99c6cfb904ed,1,f0ccf9db44c04af7af11ddc4bdeb0d01,2b3cb5792f104752,34.5,5.29
782f23f2f3ac467392d250c58c92aec1,1,84a2d53977cd4b18b97811acb185e020,500c216d266541bf,12.2,6.95
782f23f2f3ac467392d250c58c92aec1,2,799de252daa04f8ca466eb9fadb8876f,c9d51fe9f1ae4879,9.45,4.33
d420c9c435cd44eb8c5b357e4ba582de,1,8db27eaa2dd24aa087c08ab544759e72,6a4f3ba9e1b049f4,15.09,6.59
00e35fd9259c4f06ac6e28403384ceb7,1,7429979dd01a4047b5a3f9bc8aa3cf9f,d724de64446847c1,6.51,4.54
00e35fd9259c4f06ac6e28403384ceb7,2,1f1f9bf664284892a0e475dd0f9fbe26,740697a130f64a80,28.79,6.11
b39bee02f6be4142a7ab9b1049c2f0cb,1,30f65c2444484bc2b0ad34c6f389edbd,8c9f22dba2914f77,6.09,4.28
5fccc184641748e39fcf9e9026cd05ad,1,6690bf9321334496afcb9adcec3a038c,56c680b3fb9b46bd,19.74,4.3
5fccc184641748e39fcf9e9026cd05ad,2,7398241feba1472d824de0a1f27e2d58,f6a9c07842424649,32.7,2.27
5fccc184641748e39fcf9e9026cd05ad,3,35cd65cd690c438da5b92746621f5488,bc8ce019899c44b2,10.41,4.06
3a216e3574a241a48e67efb677eb75bd,1,70a86c029ecd4fcd86b32f79de69fe50,c759b6eb719849d5,18.15,5.97
3a216e3574a241a48e67efb677eb75bd,2,75185a45fddf4e688c269ec22842775e,df9a27cb76864ff1,28.69,4.44
9fe5294a55cd46b88fc6a24e8358a0fc,1,4a4dff3d75df4013b9ffa6fb6961565a,23eb1e5ac58642a3,12.77,1.91
f464f9f7c1b842669c4fd4219652913a,1,ec6664c99d3645388a35a77561956ddf,32cd710b05e34297,4.53,6.76
f464f9f7c1b842669c4fd4219652913a,2,c16d375fba354fe4ba9b053da4898838,51257c67fb9a46a4,29.45,7.16
f464f9f7c1b842669c4fd4219652913a,3,685ff147ebfb445fa6f0ae5a5424f37e,f78af9962c444c85,15.42,2.87
d5e2dd8942574b7ca31e617ef6016d39,1,cc093b1bb67242ddaa967affe26264d2,fd81288a3ee846b7,24.88,4.98
d5e2dd8942574b7ca31e617ef6016d39,2,af72312064404478b111a55c3fa092b4,beb6bcb15aff4769,32.4,6.98
0ee97daa22124953a102cf513a65a7b1,1,39fc2c47a7334583b27fb1772c689121,2019e78215f44476,32.32,6.45
6e2dc871c13349999e00248865fa04bf,1,3b97a9265a58439e9fb857af666144fe,094c3bd256174048,11.35,7.87
6e2dc871c13349999e00248865fa04bf,2,6dc6b9c5b1a5439d8fee4559d6f2a911,bc08b763415a4686,28.83,7.65
1741e5ed2167408f8a9d6296d7711357,1,56208ec4471f468cae066f310a9c2387,9fcf12eb5ebb4c46,24.84,7.07
bf6d8d9d4d114027b1b3007ae9e87cfa,1,18559094005940e7a6e8114e57705444,6ade5d9056ac4e74,27.58,7.82
29dafa73da98416c9e7f5633543f61b2,1,a4d2f2aa44864d7da62802315f3ea209,3333e942eb7c4414,10.56,5.26
29dafa73da98416c9e7f5633543f61b2,2,3ae79d5be81b434b8a20ddc971e9ed54,c6a1226e101b4a17,10.73,5.42
29dafa73da98416c9e7f5633543f61b2,3,6f4c6e33eac14712b679ec46e03029b0,334c026fe913402b,25.09,6.34
7ee4eb3e45a346c7b14ab390029b4fac,1,c6bb71d92dd9497cb1d4e29b44895577,dd49da135877467f,5.27,1.07
7ee4eb3e45a346c7b14ab390029b4fac,2,67f7c6b9308344898c6473e9a2c4065f,5e8b29cb582b44b6,1.73,5.31
95448ada12354089a0112cd4b0fefd0c,1,b418c06fd2cc49828c866a376ca921cd,7b3e812d1b674c3b,17.05,5.51
95448ada12354089a0112cd4b0fefd0c,2,b0b1090c83514111a88b56e7bce72cf3,dad4747b82bf4ec6,14.09,5.78
7f6ef705e10f40b596e190546895f70b,1,e383ff97c6ba4c23ac672020cc6e14be,7bf2b4469e68438b,22.18,3.15
348cafb10346419abd91ce34398bca1a,1,29c84b689fc843f3b524ca8dae37ab50,88b18e38d0434288,18.03,5.14
38dcd68dbed24ea290a2280a52913270,1,862c5cf173364711b6481b18f65d81bb,5d6fea9fc7f949eb,29.14,3.68
38dcd68dbed24ea290a2280a52913270,2,4670816bde644778a97aa0968d0032c5,830fe6473aaa4161,33.94,3.62
38dcd68dbed24ea290a2280a52913270,3,1f01448b451a41d0bd55038463171e05,6fe73c20bbe548a5,33.61,7.0
b69132a4490e43299bd2b89c35647cb5,1,3b6e87855681496c94ce69f8f51e506c,adb8411489884fc0,3.88,4.71
b69132a4490e43299bd2b89c35647cb5,2,b543abc7a446474d974a7a851e95a9ac,8743885271d14150,27.17,6.02
8ccebfffb7f34448aa2d3dfff282ad69,1,7986ec31afab41cf9ee7e941d503e0df,73205af9df4040c0,10.47,6.17
c07c4918a2a84639ab2a26c05b6221a4,1,a29be4ee832746edb2c3a44ae14ac9dd,3c9eb4a3c7694c2c,27.46,2.3
c07c4918a2a84639ab2a26c05b6221a4,2,8715b444454846799bdce927c9a4f03f,6c737f148c9b405f,27.95,3.3
49bbaab61a5f486fb0fd6bbe23284779,1,8239dd167fab4a919e02ec42c0af2ed2,b669adecd7624bb6,34.52,1.32
9abfa2065dc84db18c489ba48db3e4b6,1,8b47da15f17b4ea68e2eb5ec3a0c8013,e2621113a44641f3,11.37,5.39
f5cfc8561a9b41d3bcfaba117294ad0d,1,92cd9472aa984553a12a85096bf779e9,5307aeaf343b4fa6,18.09,1.42
8410ffed5f374583b2396554a76b3b28,1,198fe619a8aa472d9f781454bca0789d,47fce3448bb44fb2,19.36,4.4
8410ffed5f374583b2396554a76b3b28,2,1312433a50fc42eaafc1af6911df5d4f,b35b487816404aaf,26.0,3.91
8410ffed5f374583b2396554a76b3b28,3,ce6641fb43aa450bab6c9606632ad1be,7695680d149146a0,2.5,4.17
3e7efc4e011a43eaa037006a2b53e40c,1,f39fb4b379c5400da489d36d8158e922,e9456bc7a8ac47e0,21.06,7.1
3e7efc4e011a43eaa037006a2b53e40c,2,99e850f1d32a4481862a1c44537e7cd7,9be22def3b7c4d0d,13.55,6.85
85dda76cc62441948f6d424cfb900d58,1,22b076dc907d4b62960fbd544982c6c3,086d7b888ffc4eec,17.45,4.92
85dda76cc62441948f6d424cfb900d58,2,60194f53409347a9b12401322bacf02a,b0348df86f034356,30.0,3.54
85dda76cc62441948f6d424cfb900d58,3,0e06d698fb5044058d67a0a0a1230f01,63939d5d3e42487d,24.5,1.73
bafe97075cd24805a70afefbed390dd3,1,bf972e59ec154cae9fb8b39218fa39e6,dfffe7d8d7bb4c35,22.57,2.16
bafe97075cd24805a70afefbed390dd3,2,7fd95bb4cd23445d850e7d642bd47f27,d6e134b23bdf4c63,34.19,1.34
bafe97075cd24805a70afefbed390dd3,3,e1ea3ee93a7c4698a165544e19da752e,b9cfc80982e14c4f,18.93,4.88
d39020c8c9614d86a018e899c4438999,1,d8b00094aee74aa39b4b0caaff37ac26,4fd0ff15594440a3,26.02,6.28
d39020c8c9614d86a018e899c4438999,2,30a75983411f411caa025fe7f172d9c3,01d14e54cd244186,16.3,6.33
baad3273bf7e4d5cb6404c0f71046ebf,1,95c5e5328e8b4a9b901bd80e91339758,263724da2b9048e4,2.77,3.18
baad3273bf7e4d5cb6404c0f71046ebf,2,058ecc7425e247cea92692441a9b199f,20eb9a56dbb949a7,28.64,1.32
baad3273bf7e4d5cb6404c0f71046ebf,3,11a0515c13c64e8f96a2bf59b58118d2,e4bbf521537c4da8,19.12,1.24
663f2cb55fc1443888338bc2183be2b8,1,3c15344e984f4036955a54aa2ace0742,bec9c4126a8c45b7,20.68,5.52
663f2cb55fc1443888338bc2183be2b8,2,6f78b54b85b44c9a886076863c75e5e7,4594ba3d870b426a,23.77,4.37
663f2cb55fc1443888338bc2183be2b8,3,20ca9e2293bd4923a55168df57189080,2aae290e8bb34638,7.89,1.12
663f2cb55fc1443888338bc2183be2b8,4,d3a8d87788014396aba48ac8005ae8ff,81353d6c5e63494a,6.54,5.87
d9ecb932d3af40b19b7bb3cc7a4fcba7,1,31e26f0d7074438cbdeee8c185665bdf,129a5cb60e0e484e,19.35,5.11
99e3ab32c0c4404a81995c0d32eb3fdc,1,e8442e2d586344bdba89be85710f2752,521f01db9a5341d2,30.95,2.0
99e3ab32c0c4404a81995c0d32eb3fdc,2,927ad0874f0441a1b9da5b30e4fa8182,a1d8fb28aae34dc9,1.85,1.32
99e3ab32c0c4404a81995c0d32eb3fdc,3,a6efd2923df2455d8ecc69ac648fde5e,97b1243a21934d7a,33.76,6.45
a1c8a981e061483f9894fc83543a687c,1,9446a4d15a054a2fa72cb69e21887b4f,c890fdc8334241ad,23.79,5.69
a1c8a981e061483f9894fc83543a687c,2,1fb2da480e274f6ba628051726109e10,bb3ec6b9c6ba44ee,14.55,5.18
56ee3f1b91ca4541a399aaeb6476698c,1,b1c21abdd5c044258027327c53576215,be6c066b7c064aed,28.77,4.42
56ee3f1b91ca4541a399aaeb6476698c,2,aab9da61234f4671be48ba5c09876f7b,69841664ea714ade,10.84,6.74
c4139dd29cd64b07971845e0f102a715,1,92f23f3e6002418980159edbac417bae,f2c5aa5447634a49,25.44,2.31
80782b7be390411eb082330f1db2432f,1,6801e81771fc4deb8e170cc4d83756b5,c396c8a7a8da4d34,30.31,1.06
639293d6223044f483e5578adc1c4304,1,1f849b7dccb144a687c592df304d4e6a,db000d0b95bd4a57,24.93,2.75
639293d6223044f483e5578adc1c4304,2,3f9b6e82d8054c45aaf60d4c7b4eca5f,342cb32268274106,27.51,4.1
639293d6223044f483e5578adc1c4304,3,763428b8a18344eb8d10c5f4e2fe6fde,08ddaa00fe574f73,21.09,3.99
639293d6223044f483e5578adc1c4304,4,39cae93fc4ea40fca2383fceeb5a51cd,cddac27dead24894,24.54,2.53
2e347a9684c644579580af43646ab2a1,1,c99ab849c7b7429c8ce42efe8aa6781c,cbf89ed5a5274aa1,30.48,1.91
2e347a9684c644579580af43646ab2a1,2,0fc0b97279984ec488b713d8b7fa26a7,8b0aab0ca93c4815,25.03,3.53
2e347a9684c644579580af43646ab2a1,3,ddef3e6034374626aaf815feb7ee03a1,c0f3b312aac54bc1,30.63,1.55
82e848b77ee14fbfa61afa120c797849,1,1760dd5d397c4adbb37b5e1424630450,e4096e88220f49f5,22.48,7.59
82e848b77ee14fbfa61afa120c797849,2,58ac30919f314168a728fa8c91962062,c9293dbe93f847cb,19.04,6.7
82e848b77ee14fbfa61afa120c797849,3,c6ad3cadebd74c7fbcf05805977ec698,d501bc77046f43d3,19.7,5.98
31b7b28993df41afac9d0cb8564e2651,1,33dcc20f14574ed58ecb8b5ccb4a2b5f,66381dd4656b45af,6.14,2.87
31b7b28993df41afac9d0cb8564e2651,2,9a310f8e1ca14af2a759affab80501bd,6e3f569f719f4b7c,28.29,6.12
5c1e8013c6694e99b1b010c461a907ad,1,f6ead14718ed4ebe8cefdf6edf98665f,a657b23436cd4541,32.44,5.13
5c1e8013c6694e99b1b010c461a907ad,2,c50cec1e5f6548e19995e59f8b36362a,cb3b678e6ff942d5,4.32,2.28
5c1e8013c6694e99b1b010c461a907ad,3,5fe04fd5ce3447dc8583832c178ebad6,33c2ee0dd81d4c05,31.28,4.39
9f689445cb0f4596817d4195bf561a86,1,fee97d3e97674fb2817cfc515151eb43,57e5223a6968487c,8.34,1.23
9cd08167bcd7412caf841703145236a2,1,8c4055a0f18741788b96c491efdfb3f8,7dbc2b1e0a7b465b,12.87,5.85
b1fd3ce0b96c4f88b515dd9c18648a91,1,8a2a73102fbd4ce6b91e2cf750625953,0ebc29eef56e4a4f,1.64,5.6
8158ff118e114f60b5955cd4e0699670,1,1afd3d46697f4a68b6d701e6dffb634c,5bf4b0ad04de437a,7.92,4.54
8158ff118e114f60b5955cd4e0699670,2,4f5e76985a5a47a3a878b0eababad9d0,7a90299533f34019,32.68,2.73
8158ff118e114f60b5955cd4e0699670,3,5029044fbb1647cdbd68d33d49a0c8f1,9b0644d11fec4ae7,26.56,7.04
006cf3bbc4704faaaf5eddbc47307e57,1,f26de2f87dae458caddebf709037433d,52b0046d94da44c6,11.42,7.03
c131809b821241b397f3e11c950dd6e9,1,1f1d5ff1e22940f1843cc323934391ab,b9992bb321a6403d,11.87,4.31
3cbf3705b83445c4b1a464a446db9257,1,bce2e7b4971a4967bcfe9222df51b8aa,690faa440aef465f,20.92,3.79
3cbf3705b83445c4b1a464a446db9257,2,eef75ce9bb174107b470afba34efea9f,f6dd2983ccbe4fa5,9.03,5.84
fe132344f48c4168961d06ac9854d2f5,1,e01ca8acc6374e26b1f56c4a3769b062,162250a73ad846be,29.65,1.32
fe132344f48c4168961d06ac9854d2f5,2,0f09f028b57148a6969936ae3aa624f6,8511fe3b5e774a25,21.47,4.37
04f8c6b692f74f14bb937f973074986e,1,97358bb69adc45dc85d714a8604091a2,2bd9d16229de4070,5.65,1.13
9b1d4a9c96d54d9e9435e94bbe11f2e4,1,c587f0c6aed24637a748050dbc4b85bc,3b1d3a494a574d8d,30.95,5.61
9b1d4a9c96d54d9e9435e94bbe11f2e4,2,636ffb50ff4b4ce7ac0ae62192e09e21,61400235628544a9,18.53,4.72
090fea88a9124c3398037e37b59798ac,1,7116108b1a70497fbfb20d6ff253c962,79f6ad860d934a42,24.75,6.07
078b8d030d4248bdb576b41a1497a51f,1,28f550ee7c5b40a1a1410322bd7f80f9,7f066ef692ad4d4a,2.55,3.92
bc0e86a70dae439f8b53a686feb3500f,1,3838811172f342a7b3cdc1c3f4e78fcf,dcb083aa3f204e4a,30.82,7.32
2d8ab4f800e447ddb6724d1e94a1c8d9,1,95863fbd4d694107a447cdcd294a9333,5960caf2b47042dc,4.19,1.87
01221110c56b49a290559350dfd224d4,1,a542b4d82d01460183842db398c1f3fe,7d1459bf2652437d,18.56,2.0
537d1a46584042c8be4315587eb30efb,1,d4657a6aed0b40cc82fd6576f44dbb98,27f8cbd41bd04ffe,33.8,1.84
537d1a46584042c8be4315587eb30efb,2,87918e2f62f948809dd866500b6ed58d,ae19431173134dd2,6.37,3.63
537d1a46584042c8be4315587eb30efb,3,00b00d5b710744759466eaf4353c4568,8ec9284adc7f4b92,3.85,1.88
c69f7d2f775241f6913e14ad9f19ba61,1,1aa15ed115f44e85bbe2eaf8a3ed1763,0d40830ed7554823,27.41,4.81
c69f7d2f775241f6913e14ad9f19ba61,2,ec252bd2e35b44c590b66df5a9210d61,219c8c1e9b1e4886,29.39,1.15
c69f7d2f775241f6913e14ad9f19ba61,3,c5f8f83440cf4443a80bef69013f881c,0e36be416d61406e,27.09,5.2
4a156d4b017148a3989c41e2860db068,1,532aca21975847c5a1e2ac8951e6f4e8,778f4a3a85584802,33.65,7.48
4a156d4b017148a3989c41e2860db068,2,de653a0b51734c3a9c6e8f693a9e521e,9d8a5b1dedac4f72,18.98,5.84
1d6241c9ea9b4cfdb894212f250549b0,1,ac5568aa528b44a0a7f494facfa739b6,add73782181e4c14,22.3,1.21
27838d9947e6462aa10ecd4630ffbdfe,1,5d14eeb35eb4483c81ac47353abddc58,408f03b5a6634415,15.33,1.2
b5c06fd44c964b878c043cbaf030b5ec,1,bcfcdb185b0444ee809fa89f6a14f3b2,0e255b5c44dd4de0,16.54,3.75
ca10a285b51d4eb7a40e208ef009614b,1,0d8cfc0add764ed08fa5b99e58596c54,48b044c92c3d40fb,33.85,1.42
1fed74b3a1f149a192ae8f45de40f2c2,1,6c04aeaa4d444e758a3af5e72a5422bc,0baab910731340f6,14.49,3.44
ab7c74e01dff4dc8b4559aa5c4c35f82,1,a4414c396ed74e9fa12121b7c763037b,9d77a45d83ec4f37,7.38,1.03
ab7c74e01dff4dc8b4559aa5c4c35f82,2,46d9dd4da4364c399a26b0439f73e248,84a8263d8ee24809,10.6,4.57
ab7c74e01dff4dc8b4559aa5c4c35f82,3,c7eeb90b8882450a967254d73bb9b235,da909113686a4539,11.03,5.49
13019caf0f66477e8766642f5ba5670e,1,c5df1e1dd9e8415b956d85732886086b,e2b42be7027b48de,25.93,1.39
409cf64ee4704e11ad04f006e7c8bc01,1,7024398008c4444082492807cfc1e466,27045888c51d4be5,6.48,2.52
409cf64ee4704e11ad04f006e7c8bc01,2,322d32cd173f478da8d6d3a8d26cb5fa,720ec3dd2ab44cad,18.31,6.35
b745c807ff08416f8710271750d09258,1,0997e0fb6a6b4430b86f9dcb7c9d1d5b,01dc0576a37e4f5a,17.23,1.88
90dafb828ebd45e58b26c0132a14492e,1,daec9da4eb8140758459cbe04e6971fa,dcf2bcc436374f8d,18.63,5.42
b02cb39f643d44fdb9136d47b0d25950,1,ad822718f8d4414880826607c8587306,26dcd1cea8304698,20.09,5.85
b02cb39f643d44fdb9136d47b0d25950,2,68dd9de7f6d04e42959071a0757b960e,b83e90b96ac24bbd,31.32,5.92
928e356bdbc74cc08fb96bbc4b101687,1,d1dc9cfeb6584207b01989f494ad6a44,6d6bbf59eeb24719,9.57,7.79
cb34be21442a49f5ac6451c6889c5efc,1,ff7abdb680cb4c049039b458f49bbd07,8f75f5c6d9c8495f,17.54,7.57
cb34be21442a49f5ac6451c6889c5efc,2,75cf7b7564264967945b61ea05d2109c,84dae75cfebe4034,24.46,2.81
9852d9e9bd8f47b8aedb61f9f6f917f9,1,740800485cf94cab9a55b7f4ec33bb01,854178b6d8394285,15.07,6.87
9852d9e9bd8f47b8aedb61f9f6f917f9,2,50832da1effd41328d51d2309a437a06,138335aa27f04556,19.54,4.84
eba5d36ce0534784b3e15fcbb8d4d365,1,01605c8068444a3dba14cb8e3b8a159d,2c3e4672b1824b51,10.92,1.5
0c1d5d7b9f684aa7a88effeb59140d57,1,ddc9d75b173443c58442c4a02fad3f9b,d2fe21bc553e4d5c,21.47,6.79
0c1d5d7b9f684aa7a88effeb59140d57,2,b0db11601efa459fa495f3fcee31239f,40818928fb094a1d,12.56,7.75
0c1d5d7b9f684aa7a88effeb59140d57,3,22d14f656ccd4988a24810d67a27c5de,0c7cd694eda64681,29.95,5.11
0c1d5d7b9f684aa7a88effeb59140d57,4,c1d11e37749b44799800bbd653de2fdb,98b7739d35384547,23.1,2.66
47a981a0995b475b97672688f4ece468,1,35ced91e88734e179958c7cd82ab8982,f079bffff90a49da,30.96,2.79
2befe12127734cf9af1e7941e27eb9ac,1,a428e986c5f247449447314ef417feff,ddaeb004fae94b9b,10.73,7.91
2befe12127734cf9af1e7941e27eb9ac,2,2b27e467c9814e2da94b852a45309c78,be8a5c5aef844653,22.56,6.97
a515df64bf9d4e65b05955e73eed9f11,1,f3af1e3775c14d37b3ca39c4eb45fd2a,93c17f66d66346b6,20.2,6.36
a515df64bf9d4e65b05955e73eed9f11,2,45c21f9002f6457eb46e9e9169f45afa,e76a5d0aeb354005,31.13,1.58
a515df64bf9d4e65b05955e73eed9f11,3,7d8dc54b0b164c8cb732f71944e1e6d6,faeb2fdaa5e84d3b,15.22,4.88
a515df64bf9d4e65b05955e73eed9f11,4,b9e4437cc93647aeb921302c9148b413,de8f211839a44ab5,17.84,6.37
9d60765e88c845d5a293c9b4b1388a8e,1,f70c78443c464f7b981a06640406b21f,43eabb57d831410f,30.72,1.55
7cd35294f32a4fab95a6558eb6a3494c,1,a3e0d1e76f13495e8a089bbac2648c5f,60d2d8b327f34efc,5.55,5.94
dfe3284bb02e4e9b82aee4078954e0c0,1,c727631327e346aeab106afa87b3b85f,f36412f0b26b497f,12.01,5.27
dfe3284bb02e4e9b82aee4078954e0c0,2,e7d73a9adc1242369e6be46fd9a9d6eb,e26f432ad82d4df5,27.26,4.75
81a1907088f2408f9a40950d23b93d78,1,e3ab3b0c63114dc38f3d50d47bdefd4c,9925a8b3637b47c7,5.12,1.95
81a1907088f2408f9a40950d23b93d78,2,189db4c037d94d398c8757e44ef3ca60,fd05291cfaa94420,11.14,3.75
81a1907088f2408f9a40950d23b93d78,3,3f8f29d71807420f95c11f02681e5e60,4ad35e4b26e640ab,23.51,7.66
33d159934f2141429f278da98e7f88f2,1,031629155fb541659d96d4b2f7e10b8a,9d48fb4412584a65,16.58,4.77
33d159934f2141429f278da98e7f88f2,2,7ac370cc1a484a15abfa363ce031a930,f258669c5cc74fac,19.5,5.37
e31974214db3462ebe8f7099a239c5cd,1,497521b4930e4090b341542ca6f8fb88,583b7086701a4fe4,28.1,4.45
e215aeb58bc24176b7fa38d6ba0f0831,1,af6ad7da909740f1a11ecf9632905b98,53c63e97a400443c,20.31,2.66
3dae94e10aeb432193998b403dc6a17a,1,1206995d041c49648769a61a1d97545a,b891c384757f4218,34.92,2.26
af6f3eb1ce614419babe407a988fa972,1,590838f4b1504cfd96e74a063103fc01,ea7268f80ef04854,22.78,7.77
dea3898dc09348549b827e49e65bafbd,1,6b95989554df45a1b51076f8a84eb097,f03556ce95824eaf,30.36,3.45
e9fa50deba9a453a8e57d9c30d253452,1,01f4c1e885cd4c8a9b2043de2c28805a,51c3b85e3c4242cf,10.52,6.78
b9a99b9cdfe14948af9d45c0a4a1db8c,1,75cd2fe29ac846c4a52b4f855b183928,cb047f40c91d46d5,5.59,5.97
7d1c2949a3a74848a0428d8042593dd0,1,9abbe71286fb42878cf034b0ba40661e,c038946fa2b64f6f,20.47,1.88
7d1c2949a3a74848a0428d8042593dd0,2,21ee2044f5bb448ebdefa9f44b82e6e2,f0f3a84e1d984f27,30.41,3.32
7d1c2949a3a74848a0428d8042593dd0,3,422437a1926d4bc9b840fc340859be33,40e52eff70d74a09,34.89,4.07
7d1c2949a3a74848a0428d8042593dd0,4,826e5e460f9f4db7874d03f9423769c2,241be052b36041fb,21.6,4.6
70d9b9759f0c491db289b2edff3102e5,1,b1d0cfe4f50b45b09c430c48e3c674f5,680220b8014048e7,11.76,5.16
d794376e58d742febef1ce56065f2a13,1,62299a4ce40c43b490e2fbd35cc0aaf2,5f31f6d86f2d4c47,18.17,1.91
8bb29b0193a44717a72b6b3a2bd9f631,1,d5bc7acf61b946f2bf53e0ab5096acd3,29116af14b5d4f01,1.92,4.36
d1229562478b41ae8b3c071d24c15c86,1,f0f392e2ef6845eb8ef48e2bff1e42c4,2b0684a6048f4674,29.32,5.05
d1229562478b41ae8b3c071d24c15c86,2,d4aa36e8e1c343798bc82ae7aba15b96,09196d9a34fc46fc,33.73,4.18
d1229562478b41ae8b3c071d24c15c86,3,dd9c80ce4dd4456780ec287868be9b81,9002c8efc48e454c,29.39,4.17
7d8adce6cd3f42f4a16f7302125dfc56,1,0d4767b2301f422097d668866ceb917a,6762af63fcc34ac8,19.23,2.85
7d8adce6cd3f42f4a16f7302125dfc56,2,4fd30ece1ac24daa9e3cd425c46adceb,316597bab8d84a5c,10.81,4.32
7d8adce6cd3f42f4a16f7302125dfc56,3,b5be886afd11402ea2976170d360e759,ddb5a05fe5a44555,25.63,7.93
469b97cb81d64fc9b32ee88a94261e31,1,f9d110478d664e2abb54449dcc06ec6a,870c8ae031814b40,17.12,7.69
f86f24d2b17045418661746b34bf38c2,1,d8c84ba3013f445f81015a15dbe358a5,390ab9398a714dbd,5.47,2.98
f86f24d2b17045418661746b34bf38c2,2,76ab1c351591403cab9dc43045cc25c1,ca6b366cb7474794,25.05,5.72
3613f2964bf240ce827517dc702f2d05,1,4ecd557ce6ff4469af6ceea93e9f2c0b,0d0d8aa155054abe,33.08,5.32
3613f2964bf240ce827517dc702f2d05,2,ea827d31894b40e98bd3b554d2ab20af,a4405f7fcccd45a7,27.93,2.3
72dc1df4c088457d836d80baa275548d,1,0e1025cb7d9e401da4b513a7137bf74b,410fafbde2f2484c,21.1,6.24
72dc1df4c088457d836d80baa275548d,2,4c3099a9ec754212872bc5d39a10a2d5,d9250108b1ef4496,27.6,4.74
6c8990ac3f26457393de725537ea6e3b,1,678ff50343fe4529b0d6d6a99dcf11bf,e327f776415d4a34,2.88,3.47
6c8990ac3f26457393de725537ea6e3b,2,8c703c9320cf40ec8e804f7e14abfe54,aebcf20f92aa43dc,32.16,4.0
6c8990ac3f26457393de725537ea6e3b,3,c9a8901c6b1d43d0ba12c0e4e41fa224,6e30dff092564b9b,5.35,6.82
2d15d596460f4640995a334303b1914f,1,12e758dbe4594d4da1ac461f1fe262dc,6bf55e0eb86a4353,8.54,4.73
2d15d596460f4640995a334303b1914f,2,ae263f60f075466d937c275716dc05bf,61387cfb660f4ece,12.44,4.62
77996b3a7b40401fbd3b76f29e247746,1,7ad48218819b4b4684fb0083b7fdcba4,e2ad0ca1defe4107,28.08,1.25
77996b3a7b40401fbd3b76f29e247746,2,93540a803c464b06b4447f3d1f0b0310,8e0e9df333ee4998,22.64,7.2
aaf4b59ea7514620b4035483d27e13e0,1,fda8abc7d5bb479cb9f00c0fe3470c32,0f308f6c6e70495c,21.54,6.43
aaf4b59ea7514620b4035483d27e13e0,2,6ad841d077ad4421857051c3bd44be09,85dba48da45140e4,10.32,5.73
aaf4b59ea7514620b4035483d27e13e0,3,4899313364ce491da3189d13419e569f,870b0235960a4689,22.25,7.85
1618e3bf673444d3a66d2bb28df5df4e,1,2799c1db43c24f99b754a2a1ceb8d666,8288e033c96443dc,31.17,4.45
ea5e5152adbd42ec905aaeda35f215d0,1,48ce086aa469409f838bd28e9b4e7486,fa88b2644b3b4134,15.2,3.77
c41ca3af10b549fab532d53b377c4e2a,1,13a17a1761c44c47a1a8088668cc03c2,ee2a65d96acb480c,15.43,5.79
31d12b29fbfb490f98be60522dda2c6e,1,d5ef5e7ed59f499ea57f97aad864a6b6,fbd26b88952b4e49,16.33,1.91
31d12b29fbfb490f98be60522dda2c6e,2,17ce0416ef404f7e82a3cbf6ad0a2938,a871d25bdf9d48b9,32.74,4.34
5d916f951c6441cb8f12270743b2a0d8,1,bb3de7f455ec4ba3a244a84e5237c748,76d7b59ec6ff451b,4.65,2.89
5d916f951c6441cb8f12270743b2a0d8,2,3de3f29a079b40719e75dcd42194d3b7,8634e50f625247ba,6.86,5.55
69045edb63d4403ea3d08bfa1af5cf7e,1,5fa0a31c045342d78713e7de12429cec,408a59626faa440d,34.13,6.78
69045edb63d4403ea3d08bfa1af5cf7e,2,b2ff090999b84d6098c5e7a54c2ca3af,e93a34d9e8594b3b,31.48,1.65
3ecc02a0bc5245fa9717208c7617d44c,1,853e70461a444738b4a2d9e21e44a8b5,08534a8d84984667,15.86,3.02
3ecc02a0bc5245fa9717208c7617d44c,2,404b260c03e74b829687118a3b3ad291,8aba156cfea247a6,14.49,7.27
2996ddd9acc7460194661bec3f7de9c1,1,a759a2fa99ca4c55bbfda7d9e34ecce2,eb9874cfde544633,2.83,1.76
2996ddd9acc7460194661bec3f7de9c1,2,66bf00ca51d54da79ff12b8ca03a0512,e0704f7ae2494d13,8.34,7.21
2996ddd9acc7460194661bec3f7de9c1,3,4e7f42d57269454ca3266e99c63287f7,735c7c67602e4b87,18.08,2.2
2996ddd9acc7460194661bec3f7de9c1,4,96918fd1f6e04aeaa5b71b377e68ba3e,6b10861d65cb4b48,14.59,1.96
eed308b942c54dd78783c4097a6d9ffd,1,3cbe8c2fd5c844429fd1bc0f6db48dea,a791ad42572a48d6,16.8,1.38
79b5004e0bcf4d6bacceeb5a0daa223d,1,27f20ca695d945b99b8b81feea043365,f233551fd9f54e8a,9.29,6.35
c496620758e64633a727da8e95d33e4e,1,9c31fd5f5de2433da97c37226e60c52d,1d8c3f67bda14699,24.47,7.28
c496620758e64633a727da8e95d33e4e,2,80165b6bc711461dbb1a35811bedcad8,5510c08b7888457d,24.75,1.98
c496620758e64633a727da8e95d33e4e,3,67ae3f28fc3f42069a1b8b397209f69c,6fc4a456013f479b,29.24,7.32
221dabc2fa574842984f537394cbf0bd,1,3fe9b7654f0c43bf97bcbbe70c30d7c1,a222760ad6c045aa,24.15,4.58
90c1219fbd344432838e85cb36e3ab09,1,06a7ba540d454d038d4d85f378baecb0,655e395ef56c4dde,25.51,4.22
373fcb351d3a4ad1b6dceb1e9d197832,1,c75a2b3ddfde477d8dd3e5da44b36022,89a63b49fe9b4d5d,24.75,3.62
373fcb351d3a4ad1b6dceb1e9d197832,2,7265f72f3e00404a8cc276b4f616fc7c,fcc40dbba1324361,21.1,5.22
027497680ee04d1ca5a8aa6b25d230c8,1,c190998bddf74ab78257021d837b14e9,014ed239b2a04c13,13.1,6.31
58747a50012b4d28852b998d0adfd4f7,1,67cd53d92cdf46b6bd9d725f58362636,4df6af0a42354c64,15.6,3.08
58747a50012b4d28852b998d0adfd4f7,2,56cbe5d6f1e0427f8db45e4afa54e5e6,6d39dcba88734211,17.05,4.82
ed6abb817b8b49edae377a60a5599958,1,d589183248604debad9a9e5fb46dc466,3acc0aedd1b546b7,12.31,3.59
ed6abb817b8b49edae377a60a5599958,2,7c45268f2d9a4ec9b55d1ce554a14c3d,fd56be1504844082,4.57,4.74
ed6abb817b8b49edae377a60a5599958,3,1aa57356ef664ffa9da7f48a52a0f987,733e4d2de5e84aab,20.41,5.57
ed6abb817b8b49edae377a60a5599958,4,9541c4ee667944f3a33117dafb517cac,e7198f87150a41de,9.22,6.76
237e1222476948c88ffef48d9ff63c6f,1,b70eccaa1c2b41c2b6bcce998744fcb4,90981881c747417f,8.3,3.42
a9bb213e977f4d04a25f00f42f0b3488,1,7808b75ea50f44f99c75f3c7061aa191,e300dbf5d3874322,30.96,6.18
380705b50290416fbe1fc7863ed936dd,1,f90596d268aa428ab84fe6199c8ef85c,1d75d76a5c1a4150,11.32,7.09
23e6e96c1ac543e8a8031287660da4ae,1,b6f8fb7bf90f4f8da0f58fa444e83157,22fd653214964648,25.44,1.41
62beecd5a30f4ae3a99bb14cdb34e848,1,a78121c2a7bf4bfcbfbbcc85b3eae574,610e6732dcef4298,13.12,6.02
62beecd5a30f4ae3a99bb14cdb34e848,2,f3379ca4679f4631ad077e23cb1019ae,60e9eefb840e4529,26.16,6.22
db350ca92ad0458088b751ad49cfaa3f,1,c59a3dfdc3fd4d65aaef0f308a9e6ffe,7b0134d945304339,7.23,7.65
38f63d1cad564f74a196831bf54d7f38,1,9ccb0a8e24de466da77f0ca3c1b198b1,23d88a0bb6b84ccd,10.74,2.72
a33ddd94c5884016899e6115ceb2555d,1,dbb20c5abe4a4e76ac30b50d10b3caee,a5753b511b9b42d5,15.36,7.37
76cdef221e4240b2a598d267549c69e8,1,6aeb1ddb8d85467d806082db0774f98f,c65a1c68c05d4114,26.09,5.22
76cdef221e4240b2a598d267549c69e8,2,98836815881743dcacf2dcfe07fd4cb8,b47d4362abcb4cc2,8.61,3.22
11263ab5e6884842b9250b899d688b7c,1,00fac0fbc1cf426b90714a4b15b98046,e45146f52ec14b37,15.32,6.02
11263ab5e6884842b9250b899d688b7c,2,97dad382474f4e0d8ba67370b99752d3,c7b4094fdfc447de,13.47,6.29
1dac81ccc02e48aeaf0f545865d2fd08,1,8b575eec95ed4b6386b790925dabddcd,6129c4b8a3ec4b03,9.07,3.83
1dac81ccc02e48aeaf0f545865d2fd08,2,d3301fbcd3fd4ed5a017b4d395c0257a,a3e20ed0abfa4df3,5.6,4.45
1dac81ccc02e48aeaf0f545865d2fd08,3,84ae273a7d704e61b94d04c508bcbc44,8a2bafb3f57e40ae,20.79,5.36
1dac81ccc02e48aeaf0f545865d2fd08,4,8bb00e58ae3042beb65d18d143f2d7e6,eae872dfa54f453b,28.57,2.83
7e104a37a7aa4079a4bae46edfb1705d,1,4227c313b6734e708af948bc28235804,86e263e9c1764627,29.91,3.77
1b8fa2f7ec164b428489e4e98cbbb10c,1,282e6f2754c44e1d9ced3aff442d54c0,b12e608429d044da,23.76,4.27
1b8fa2f7ec164b428489e4e98cbbb10c,2,dcf2f5c16cc2452ea964b929187ab170,74617511434b4072,1.63,4.14
964c076ba4424f7ba7f51f0691047bc1,1,6d318359b53048b3ac6f9825aa2de630,407f601c2263469a,10.4,1.67
964c076ba4424f7ba7f51f0691047bc1,2,be92db46d31d438eb38c661a76538190,c9f0ddd45a3c4ecc,1.59,2.33
964c076ba4424f7ba7f51f0691047bc1,3,35f3f3077b4d4802a2798e1577d752cc,7263fe3acf5e4667,13.82,4.59
964c076ba4424f7ba7f51f0691047bc1,4,21ada5fe3e6c436fb9d66f6e5f931b1c,59ee9b7b547e494b,14.25,2.36
8fac2a2ce779438c830b40db5627f3be,1,8b3798964bea4dff90f1753c59f177b2,059c115e69b545a5,4.16,6.38
4a3aa078e1ab4adfaae3a458674a3641,1,3b7ac9becf3848d2af3540b99510f69e,43b92686c78e4003,17.46,4.94
4a3aa078e1ab4adfaae3a458674a3641,2,617e177b60484d3c96f0153f149a169a,5188f253cdde4712,34.53,2.05
0ab1be7b06614dcdbb3a15b61975cb9e,1,cbc4920a99de485ca0267ef755eb4e6d,c8997f7307e94068,16.09,5.9
0ab1be7b06614dcdbb3a15b61975cb9e,2,21eb4a29bd104d368810d6325013d3a2,7263188215174c36,5.17,7.58
0ab1be7b06614dcdbb3a15b61975cb9e,3,b57f84f5c33643c69b402386f3a3e3d6,9bf785500cc3401c,8.78,1.95
067290fd5e374406bc77a7662766c830,1,b5c22972d9964b5e89e72ff116a31c82,132aec5b5b654639,21.74,1.67
63641632214d478cb6f4facff2777dca,1,45b940d74bdf424bba74293c6eb9d180,3bd02f49d1e247c4,2.31,7.45
63641632214d478cb6f4facff2777dca,2,a50292965cdc4ee79bb4fbd97f035baf,d31571de49ae4067,6.85,7.83
63641632214d478cb6f4facff2777dca,3,d7d174a4aebd476b9860af7d5cad7a9b,d8395efbe58d4209,3.87,3.47
5d5c7aeca44d4ce2b003c512a94358ed,1,7d3b6e7679dc43fa84b5a82f2c3862c5,beb4e247f07b47b6,33.33,2.53
7e70b8b2e7604568a6b984fd5e4efd40,1,19622559516d40d3b97216b5e16d6cb1,4ac0585a8682456e,2.84,4.8
89482662a41642d3bc645ac43a61b885,1,7399ef4d0c4f4b2996e2e255e7132a8b,349c4aea0f3444b4,7.88,3.94
89482662a41642d3bc645ac43a61b885,2,7906dd4bc5684e00b85372758a0debe0,a29053a42d404f33,18.18,6.8
89482662a41642d3bc645ac43a61b885,3,c154b82af80d4f13b1ad4fd889015f5c,b084205161394f28,17.64,3.09
69eca0db9a954d6e8716b80e1b36d0e7,1,d33c2684f56d430194cb29707cb6d07f,e458c3b9adec42cf,26.31,1.34
7f341bf06ec742339a6991dff55ee4e2,1,9f5a7447d2d54add9fc2f62e76d440fb,b7e1690a24be415e,22.37,7.42
3522fbe630ca4c668773ecaecca96e69,1,0a412660bc8c413d8b9fc7a3b925c776,3e71dd2dc02a4d8f,29.12,1.54
3522fbe630ca4c668773ecaecca96e69,2,31a7c11649de410788086657100254f0,080719ecb9fe4893,23.06,7.93
1ea2e23f287046799ee87ad9d89f2158,1,7a4f0147c4844c59a8a0d8eeec304183,6b71753a5c304240,16.78,7.58
1ea2e23f287046799ee87ad9d89f2158,2,aba7a644052047abb968a1874f6604cb,bdb0c7da40924c06,30.49,4.76
1ea2e23f287046799ee87ad9d89f2158,3,6d6c0dd08c3849a18403e67e076e1b31,bf2993ffcd8a4cd1,10.07,5.2
1ea2e23f287046799ee87ad9d89f2158,4,024ec16aac074a6588a781f4dd7787f2,4a6338f72bbc4bc9,5.94,5.43
2f1df12cccfc4968b7cbedea8b5c7680,1,9d90778a6ff147b0bcde7c8ba338a98b,aee3443b288c4706,22.56,6.86
db4ca2df66d74ef38ff9ce45ddab9f00,1,6efddd86e6ab4dd3a1aada053d189c3b,ce95f3ce17ce4763,24.37,4.29
db4ca2df66d74ef38ff9ce45ddab9f00,2,a65e93dd2dd84e2cbd6d182a677d0533,d2bce14432f1457e,10.32,3.62
b99271948196431d8facbd76801124e3,1,1cacfa4765cb4fc892301d684cca855e,b3582029b3434310,27.59,1.67
b99271948196431d8facbd76801124e3,2,d19a0273c35f4b2490ba86c0b605d43c,37a3025966684f2c,11.52,3.62
b99271948196431d8facbd76801124e3,3,dbf2313bf887470e9402a951431389f4,d6030955e9d14b2f,11.85,4.62
55cac8c47f9740058170d20a9467784d,1,1611428e0f1648598d1649080bf43f6a,519d0ea9ef034c60,2.33,3.66
55cac8c47f9740058170d20a9467784d,2,dbf018e4c7644e5d9b1122434bf9ae99,1703a038ae9a449b,34.78,7.59
c4d0bca4785d475b8687c85bfe6d68a2,1,536cab53089f43e5b7f36b17d47d75ef,0c5ab647cc424698,9.72,2.67
802f1bf00e174bc2906b2576320cf1b9,1,8d5c376aa0014424af1f7a3a262ba270,45138a3df2494bd3,15.72,2.99
591f5c59a0964f8cb7fa8160704f0e9a,1,513fa10fc9fa436993e2cdb28c829c88,434efc989b774c2d,28.56,7.34
bd524ac23d964907a67491e08211a319,1,1d9249b818ed47c6a6264b7822827ee0,ab4c1fcde5d24c0c,22.0,3.47
31be951896ea496bb2bb6c55139c49fb,1,30b8195e68c849869c0e9529553fb585,dabf72b3aa394bff,17.03,3.48
31be951896ea496bb2bb6c55139c49fb,2,a9078d1f5cba458f90d6d1bd06a3a790,f17adb6573734464,9.75,6.72
31be951896ea496bb2bb6c55139c49fb,3,491ea6aae058445b82b09a19fbfeb55c,ed106e95a2204214,15.71,5.79
3cfdb3b7775448c3aefc771506258645,1,3c499078f744424aa61064fe044a2101,a3e600bae17e403e,24.44,3.2
3cfdb3b7775448c3aefc771506258645,2,8421f11ed513444187721da541214fff,7558cb744bdf4767,1.68,3.39
3cfdb3b7775448c3aefc771506258645,3,cacd54e7e3654ad5b5827d3345402954,b3fb958da9984cf9,21.16,2.24
60f5bd0465954d21bf1f764a2e0da160,1,e87c135d1a4948b3bc0240805412d54d,90100a03bc054b2d,34.64,6.15
6455d0a5c4a845bf820439c2e5233127,1,a4f7c8ebd8874b18a6665f18a9548f0e,816b2bdf55464507,15.56,6.34
01697896d00c4154bb391030859b7bc4,1,3e0c774045b24fd3842a81a3b7f28dc4,0c5e696ee2dc49f7,9.12,5.41
f6dd1ed951704ead8e5e5ff23deb0c81,1,43b140e676e84a41a367a34b03fbd21f,210949a382174709,15.44,7.85
f6dd1ed951704ead8e5e5ff23deb0c81,2,0429997723a04ff493643d1163a05394,c2d75eddb9914e20,9.06,6.03
f6dd1ed951704ead8e5e5ff23deb0c81,3,1740b82e667c4fd2afef9e91d4bceeb8,abb9a24143904e1f,22.68,5.16
8b20d5caf9ba491c9988aa231d6f40f9,1,3fef5ea8e2bb4e9eb3d440ef4b11c50c,008d5697a3304ea9,12.97,2.67
8b20d5caf9ba491c9988aa231d6f40f9,2,f54409a09e7e4511b132e2f6d42982aa,7c3087904e754f84,28.83,2.35
8b20d5caf9ba491c9988aa231d6f40f9,3,89f688113c2a4532a20cb8a19a6e28ad,76e087b60fb942ce,12.5,1.26
6895ac7260fc4382924f39f7c0cfb65c,1,151fdeba0d354b90806bf5881b52d121,ba4ad56795384d84,30.35,4.25
6895ac7260fc4382924f39f7c0cfb65c,2,4ae19e6ac14844ddb13b26f272f8aab9,db38cb2afc2e488e,13.44,3.23
035acb0f3b334dd48a1a6e51d65e60fe,1,f08f4fe3d0984a2da7b2f606c08ea6a6,d5862fd96e594e9f,28.08,5.92
035acb0f3b334dd48a1a6e51d65e60fe,2,64ead14a49b942768e4dc3d810c37677,b89901dd84934bbc,27.17,6.13
035acb0f3b334dd48a1a6e51d65e60fe,3,186a558919b6436a8a6394eb02bd15e7,ab6b6389cc8842b0,7.59,7.08
18cceecfe2c64c6aac7e199528e2a928,1,b7e6c495492a4f3eb032d2b408075141,f6429a37bc164011,33.01,1.1
18cceecfe2c64c6aac7e199528e2a928,2,dd03494aed9f444ea9a40f6811f8a20a,02aee4931d384dee,17.22,6.4
18cceecfe2c64c6aac7e199528e2a928,3,c11684f881f149edbef2e871b0c5f435,51c84228905d4ef9,3.77,6.16
9ce08524ead345599b6e4ac0f2fedf10,1,ec1202e87c7d4b209b9682d9f1c73671,531d695d67c642fd,31.64,1.66
9ce08524ead345599b6e4ac0f2fedf10,2,7a46b54704ec4f3da9894ff184c7ecf0,9513bfcde39a4fa1,5.18,1.79
b5683aecf2a541dca59dc617b253f2d3,1,8be5958a894246fba71e7bf616e7e20f,1bf647a2a252475a,24.74,7.74
b5683aecf2a541dca59dc617b253f2d3,2,3d31c1b3678a4a86b1439135a9147ba9,7d42fc2812a84593,28.0,5.24
a622651e989a4bd58efa808fe385dcb3,1,edcaae3831f841a394df56654a0552a2,238307ce6f0d4b58,3.55,5.53
a622651e989a4bd58efa808fe385dcb3,2,13f692822b1c458dbf0f350f380d390a,07850c1c0f5f4082,18.3,4.44
0ffa589996f04502a5978d88d5d39c0d,1,032b27bb41cd4509a088cbe10ab9f709,dff6b350c8b64e54,13.79,5.27
447244e279ca4bfa8922f2758407af28,1,024b1835ce5742328eb6ea9e4ec69618,024a73996c804c38,14.38,5.96
447244e279ca4bfa8922f2758407af28,2,45de10084e4b465aaf2e832ad024c56d,be729c99cb774f83,19.89,7.84
447244e279ca4bfa8922f2758407af28,3,72ae7789dfa74f56b2e524c89ebedcbe,660718e0edcb40a5,26.52,6.89
4c7d767df4b040a5a01b1d06ac3b0d27,1,e94d8e1db44b4630b012aa63ba37942a,a7a5dcb63e954ddc,31.16,5.7
4c7d767df4b040a5a01b1d06ac3b0d27,2,5030a27e012b4602b12140a80f47db18,36c645e7da414236,19.84,4.67
bb6e1be0e45a494a9cf8352d55de778d,1,08fdca4b6e744a7baf727bca04635fd8,64de0ade8e77465f,26.99,3.22
a6061c9771b64508836ef766afebf890,1,81f7e0f89a9f4bda8fa25d6f6bdcd46b,65814af9630a4f12,28.02,7.4
f37d485a95804e1b8117b06498152192,1,7c4b0309afa44ff2a1327bd6c8502fff,3c7d2bbcd0694027,15.95,2.66
f37d485a95804e1b8117b06498152192,2,b69a8ea20d404bf4ad4f30956e12e964,21d0aa48e55d4e22,2.98,7.63
bdbe726281794197921c50c785a7cff3,1,356ff786994045439d455ac5e7821101,324f3b63b9ea4649,8.45,5.16
bdbe726281794197921c50c785a7cff3,2,0afc6f8dcbdf427aa3db40b7a2357c21,ba63fc2d83a44633,21.17,3.27
bdbe726281794197921c50c785a7cff3,3,d8d4dc4298c84e999c3848454c7d52a8,84696c46522b4c24,32.37,6.9
2338b4f8ed3345ba9bdd894ad32e85a9,1,511988ef3af8475cb11c31251a5f7b48,690023693ce24b44,30.65,6.03
75a5066cf34d45019a1626d328554672,1,0a78c75800174309a4bc0666fa7f3145,ae28599d1de14665,34.05,6.77
a6d2462d3d444643ac90cb6c044a7ebe,1,0d4a81f3c50e456f8c86fa50f17486a8,064c83fb05c748d5,23.02,7.16
f1ab3822793240708b882575820bdd48,1,ea26518361014ede991714e78b3b3ccb,b7fb5f6951664dbf,6.29,6.0
28b343204c3e49cfb33ff8472956a362,1,7885241cc0104bc0b99e1b6a7a46292e,39bd07ccb9394685,10.23,1.63
4b399583439a4dfcbd0f98bcee48fb9b,1,e90d536fdc984532b52a1f9b410fddfb,2570b89723c94868,10.65,1.92
044f599e21f345318c2e86991099fbb5,1,5b29222881ba4ed3a8b960a480631f44,00c002ee1d57469f,4.58,5.52
044f599e21f345318c2e86991099fbb5,2,cd9b78dc6dfc4f5f8d0cc9753b1a41b1,b458fb09b6554079,4.44,6.23
e90a0895f7f14cc28b42fb5e8a63f5f6,1,689730517e9e4158a8f3f5ec49e79bb7,40690df78b8f449c,8.93,5.07
3146f70699ac4cb5a54dc3eac56477c9,1,1081e278f6134022a5c3b8c7d1459838,ae117b23985f45bd,2.88,6.42
3146f70699ac4cb5a54dc3eac56477c9,2,d512e364aa184c0ca4e4cb7e440de7fe,d7cbb03d37474dc3,13.16,5.38
e5502406dbef41e3a67cb45cc334f798,1,2ca992d8ff364b1f99b4d8474d44a15f,611e45dc7e1a4dbf,23.06,3.01
e5502406dbef41e3a67cb45cc334f798,2,bda895ef03154ce9afdd4d5c4dc4bda7,d00973fc40d4487b,8.34,2.21
e5502406dbef41e3a67cb45cc334f798,3,9e4006ea56fa44e9b4cd81f72cb28387,4cab3f600b2844da,30.28,6.61
e5502406dbef41e3a67cb45cc334f798,4,1c302c28bedd4453b3d5eaeda38ed5cc,c2430e2b4d464787,7.8,5.66
7f0911dc9a814dad922147cd574add28,1,e7a508c544ad45919aa3eeb4956642e8,f3452492958d4bca,11.86,7.24
2e6d3b3f783240bc86b8a0a3557fa35f,1,f822ef1385d74bb48eecd4ad0399c2b0,9eac898544b44f11,21.76,1.62
8f82990ef490441cadafe84999f6de83,1,c237af609e9a429eb448ab38d48b3a8e,c6bd422c476a4286,11.9,6.34
8f82990ef490441cadafe84999f6de83,2,ba009f6598d34c96b790691532a89549,564b945134014569,20.29,1.37
e5a24df09214446a995fbff82e04afa8,1,92792a0c3f1a4be99ac3e013c174d057,4bc96372abeb4b68,10.56,3.85
e5a24df09214446a995fbff82e04afa8,2,dac15db8414e4179999bcb11a313aac0,6b6cec8c37a24edb,8.25,4.23
c4006fcd50b84d1ca398a0adcb42c63c,1,bc6a06f3e85d4af7bf71af35dc4d87ad,7258ab54965849de,23.7,4.03
3b3cd02fbe754f4a9659a976b841b27e,1,c84ab94e77ac47df8cad9b643476c7cb,e8f20e0c006f4377,34.94,5.98
3b3cd02fbe754f4a9659a976b841b27e,2,bc176e618f774c11b0ad6472968cb06b,7b765edbc29941f2,26.23,5.24
5afce23587b449b39b6be8712963cc09,1,795fbc8e96bd4ff7b8a32397c0a13715,5e75dd9e7e994e5c,6.94,2.9
5afce23587b449b39b6be8712963cc09,2,2ad26f885923463daf03c63554cac72a,87340d71b3424a43,16.01,4.65
323a614c04664636826c60a25dc3b8b9,1,5e976e57e41443849a02c9c62583eb5a,72a1a4eb2bcc4bcb,14.14,4.09
c72879935bd34361849db26da9583847,1,697880be88f542069cab811294f68ce7,5ab2c8effb9f4999,21.79,4.17
b3f6c7f983b246be85976ec9b841f828,1,3e94665a87de438280e061db96147c72,e2e8d94e92914848,23.95,6.71
3a26afc9ee934ed1abb7dc2099cfd6a7,1,ed00aa0442ba404b893cb1a029ee4c79,a4063a0a53074249,2.57,1.76
c78a445ae9ed4aeeb89a6d785ed0bf14,1,4e40b831610843fc8aaf76dbb17a5a0c,3ebfd20876ca4d96,3.82,2.59
c78a445ae9ed4aeeb89a6d785ed0bf14,2,4aca30eacc44456d8fdd75b3a4b9ec62,d28335dd1bba4ae6,2.78,1.28
16ade2bc7dae4f248bfff025172be99e,1,bdd6bcf5a6524434a8dd8214b44f2fe4,525579b9446f4c94,19.99,5.11
16ade2bc7dae4f248bfff025172be99e,2,e11d42c81f9d4f7681a4db8d36f6a722,88100647b8a84501,21.57,1.79
55a3b9cf94384b75856124c8e10cea5c,1,166e9b76cc954914b5e95b3d6d29e7c9,11f0b352f41e4525,10.0,2.79
55a3b9cf94384b75856124c8e10cea5c,2,4d42aa389dea47429e24ba9ac0670938,195006cb19e04883,8.88,6.3
55a3b9cf94384b75856124c8e10cea5c,3,ace7ed9d16494282b47f87cf2bfd64d8,1045b109689a499c,22.95,7.71
0256d41bc01b4a6b85d5bf645dcef785,1,a56c0168324041d697d8e6cff4880f2a,4ac14cf1c9b64e87,23.71,1.47
d5a7561c1eea455da14e728982032976,1,9c70474309dc4fc3a139d966d5359838,f1e40d723ccf4b53,14.47,2.35
53230e712d1d4ea3be3c3e9dca87ce87,1,100ddd04a5204795b12c3af999667cb3,9ab4f5803f114459,11.83,3.69
875a0f0c3f444867831f0e7472a14687,1,438f7d1b41a94a93aa0fc0d67c69562b,25fd9a97a2584467,2.04,2.37
0def69908fc34ca9a41d0a6d129363eb,1,df8a4c97ebbe4d1a8ed6510921a17fe7,33c36bc029414254,12.77,3.2
0def69908fc34ca9a41d0a6d129363eb,2,1cb9262b84d347d2aac5a858a9e86cb0,b6470f62c8ae4399,15.53,6.84
32a633eff465468d8e2301e727ff5a04,1,187e0b3ad6a9490b958c91165d1cd931,eaed5f90f92a4c9c,3.92,1.65
32a633eff465468d8e2301e727ff5a04,2,92a86acce743467587e6b840109550c7,64c9fd76a933495c,7.27,5.25
32a633eff465468d8e2301e727ff5a04,3,99fba91ff244449e9658b9b8e3f67e35,0c4ec86fa09e4d1d,23.21,5.99
1ad1fc59630d4a8585d775e38d4de74f,1,f64cee07e37545a784daf6ddfa24cb01,60b8822642764f6e,26.57,1.5
527f2f995514459795eace33cbd7d3ef,1,0b593a594d974cc0bca4e43b72fda02d,c4d6bf27564142ed,33.63,3.14
4c7539f0cad34c048c994320e0a30883,1,4bd865b2219748afb86acb379d569a3d,8cea60b94247422e,33.65,7.07
2c71a95edcf64d7685e348d090434f11,1,9c6bd8b66c4f4db493a48839b1a85c57,d35b067563c641bf,13.33,2.06
2c71a95edcf64d7685e348d090434f11,2,600b01c1b9264b22879961403d5b59d3,7ea8c931512f47a8,20.14,5.72
2c71a95edcf64d7685e348d090434f11,3,1a5dba2e92a64d878da0d1bcc304618c,8930a1a10396433f,8.13,4.88
26dc0f7feb9742e3bbc038af6a84106f,1,7ed29e4ccf124fdf81bca88d4d253c99,7603aa0a73974d95,13.21,5.32
488e9f94739442329fed312383641f68,1,92435be11131420bbed18307b2e46d73,d9942de618304a34,13.36,2.26
488e9f94739442329fed312383641f68,2,fb73443e21384176b7acff288585be2f,17b93add03594d83,17.19,4.08
488e9f94739442329fed312383641f68,3,32368b958c1f4c5886dd8bdd1e7ca7b5,937f85bb50f94f9b,34.03,5.66
488e9f94739442329fed312383641f68,4,2c7f4bb74de74f6aa8c391ec262142d7,75ca682234e140f4,20.03,7.87
d4fa511b5ef240748e8bb8ed757b0071,1,c84aa47af8114a97ac8f77970c7f6ece,77ebb5718e754f45,22.88,7.08
2153857ccac947429e55224bdf7b2d26,1,679c24801b164afeaf797a3304a60a93,d9dc1a6b44704ce6,16.67,2.43
2153857ccac947429e55224bdf7b2d26,2,952f03e22339471ab46d6fd9a06d73b1,615d69ea3b7b4196,25.16,2.04
962b0c6c42d14073bf6d1ead3d886c49,1,4c581c55a396452e9dbf48b90b697fa3,e977d539d68f4de8,15.97,4.69
387ca4b15cb943a198e2b4e8ef8c95f3,1,932cf6c6545f48c2b17073e72b0feccd,1fb768cf3c4d43a3,30.42,1.43
cc5ca78c2e394dc6842bf9ef9662ade5,1,72acb1a43f3141b2ba9e9530eb8eb4ef,c970b426517e4566,28.42,6.43
99a4245bd08f45a2bd0997fe73513eb3,1,366a357512754c63b4f4458b65224450,b53cb3b63aa04128,33.74,1.45
cc6d4f0787a1418fb1317c9a81708fd6,1,fa04bde654cb46b4b39cd3f1cd48f2e5,6933d0324efd4117,33.22,4.79
8577b0b42c514eb28d9f22a1e0f0170d,1,25939be50d6d4d0e89580b7898a31562,f43b6b240b284b6c,16.23,2.53
8577b0b42c514eb28d9f22a1e0f0170d,2,73cdaef8cb2144caad92f71bba0ae109,224c46d2b5eb4518,28.35,7.27
70d493caeab64d299107a0288aafc32e,1,593fbbcfeb134131a2092b7f1bf9f50d,c74710cda5ba43b0,7.78,3.14
1d421682b7414a56bf586c43d790d15a,1,1a200afc1c284169b9f14be8f6ea3fa9,069b0e1c531549ce,6.0,5.32
c2739496f44a4a06bcfd62af97b26d8e,1,651128f48c1d4d4087d77dac1c54595b,11e0964578504798,21.55,4.66
c2739496f44a4a06bcfd62af97b26d8e,2,6a52f7906a384ac3b66ac19dd362fce1,1a16d0ee06624ad4,8.86,6.85
03f1c8c5fcfb484fb491e0abc9e908b3,1,74d55d6d382241568ee8af2d6101da3b,5a1cdbd4318e44ed,10.08,4.58
3a6602e20ab14a628cbd807df0dc1d7b,1,4c3bd33617e24851815f3a17674ea36d,7344e543743c4c0f,11.32,6.17
64f7b822d22f426b96e8ebdb67833320,1,a8a91b2dbecb42e583aa64fc4eca1238,dabb50e60f1e489d,24.31,7.35
ef6467b4ac5043e19aaa3c416cea44e8,1,9da179a2b77248bc9f09f95dd4fb0dc8,4f0ec4f4e44f49f5,34.34,7.67
564cf5ed7d7a44e99e2e9bb171e194d9,1,76567a17246740468611bacaa1176d57,bea55f0d9a77444b,6.76,3.37
f0414b2a988445f6b0618a13b43a118c,1,78a34cf034d54f8f815de8203056f385,c12d62988efd42e2,32.79,6.61
f0414b2a988445f6b0618a13b43a118c,2,4596668857474741b1cc7343b6ea33d1,d5737017866c4ae3,17.22,2.07
b80abad67dd9453e8d82546777030672,1,ebb6e39c20d740ef91995c425d4f0642,a71a78ac8a3b4b22,11.04,4.83
b80abad67dd9453e8d82546777030672,2,0ee1ed6d86684b088b15b727864e423e,3c7c5ea16b374cbd,34.79,2.88
b80abad67dd9453e8d82546777030672,3,a074553d8cb3444586c481f7f57248df,4732b087fbdd44d6,10.13,1.42
6c00403ee8884c39ae325f1ccab346fa,1,aa56e5d8c433400bab2b6f5167d9b051,82977cf7812e4237,8.13,6.82
7adeef9114214559915c7450ee75f516,1,d8b0afc3bab74559901e07bf217b677a,b2cff1c8e7fd4533,22.69,4.77
7adeef9114214559915c7450ee75f516,2,3f708cebe6884571b204b5ccc68e62a4,9fa6842ce16d4987,3.37,3.36
7adeef9114214559915c7450ee75f516,3,41374edba99549a6a9abb8ed6b71fd9f,4064da92aa4a4b50,28.18,4.7
9c30f46e49864fa7806032fdfe3d3e0b,1,65b16533e48a4372a0a3c976202b64f1,22a2ba7b1a024770,17.19,2.26
9264907662f24014a3d9ee7d75f61196,1,5e55c04c151d4be59bb3fa6b4d29f7d1,d407580b82aa42b2,6.64,5.02
7a1f0ff1fd6a4b19a08b883dfb321516,1,0cca8ab2e0d149f494d0c0eb86369d34,a9f8b29eba994697,11.76,2.61
7a1f0ff1fd6a4b19a08b883dfb321516,2,e307cf93940b4561a19800fafac170d3,6f22141346024921,33.34,5.91
7a1f0ff1fd6a4b19a08b883dfb321516,3,2e83bf28991d46c4ab5a67f6478d82b0,0f9ea3fad1d440cc,18.89,2.13
24d6b383dfbc482d974b0f527368c1d7,1,debe1089a06c4463b2c1fe3125a40b2c,5fd56c37a4e342f0,29.5,6.55
2d7cf1f9781f4aeb82316c5b88316768,1,2233cd6026664fcdace0f90ed7a9fd8b,164d7672b0044e6d,4.44,2.44
c05930529dcf45c9a4db8ce542a120e5,1,8bd5c155f3264cc9b48eee0be58c8f57,bcd1b11889ad4988,18.85,7.08
c05930529dcf45c9a4db8ce542a120e5,2,39dc8f0dcb464328b8c079e9cddeb428,f7a877557a874e9e,27.48,2.51
90d14bef016a4bf59e5bfe0533073589,1,384fe5c5ad33425fbeb4eda387bffae7,9898e04d26ce40b1,3.13,4.54
6cc3116be6524f73b0b7b6a8e2d0029c,1,dd90977965f6401b917aeedb8f6991c6,ed612e29793545e6,34.45,6.28
6cc3116be6524f73b0b7b6a8e2d0029c,2,05c8f7856b9c4beb9d7e102373528fa9,1a9046c64f9c4284,14.07,3.77
cdb6814aac0d4c05942c9bff60be8a6a,1,10da786b80d045d4994f8fcc8c515029,a0cdf540e89a4ab9,34.81,1.38
12e5f37bcd874dcea058b218fc22a915,1,4c1d6b222165473a90eba9d0984e30ae,7ba9380990864b91,16.83,4.09
12e5f37bcd874dcea058b218fc22a915,2,cdc6dd253e584062bb42d4d7982987fe,314932be4abb4902,23.31,7.63
65d53b6194854e91a8a18bafee47512a,1,a45ba694254f481f9d898ac0109245f7,4a478c3245a040b3,28.08,4.88
49605f83d8d248fd93cf039064e5596d,1,f8eee3cab7764863b2bc1feeee5d4f84,04a4a1472a254fbf,22.75,1.43
c142de43711c474c9476f533a0a9506b,1,5af25690a691429aa2473a3543244171,3d671ea8d6a3422e,29.03,2.17
f5238c48546a4b859b3d14d160469327,1,d856f095d4ad45ecb043567290848f85,181a0fbef0a54338,22.25,1.06
3139b2ee11ee4ca3a0a800a2da1de1fd,1,c67fb4dc1bc34db5a70902277525e551,2145a2258c6c4c44,3.27,6.24
3139b2ee11ee4ca3a0a800a2da1de1fd,2,4f864ff54a2e4ee7a8afff7ff22b6b52,34c790d1cc224fb9,9.17,5.65
3139b2ee11ee4ca3a0a800a2da1de1fd,3,256fe329787148339e850aa0de49b614,28939cdb819347da,28.11,5.32
72b0f302a1434b41822055c9a50acbb6,1,6817d2e1b52843e0a49228d1e9ecdbeb,3f8bd3eb02ad48f8,25.6,3.58
72b0f302a1434b41822055c9a50acbb6,2,28a9388a74e94f239995af60e41f665b,110dbe8101c14615,13.83,3.67
72b0f302a1434b41822055c9a50acbb6,3,942b8d22977742e180c6111d212e41fb,cfe1644ece8c482f,9.05,3.43
72b0f302a1434b41822055c9a50acbb6,4,1441184cf3724f5d964b831b3d7732dd,0e408138f508425f,25.75,6.5
3d12eb6816d94ae1a652e7fb0a9cead1,1,a6e3f8071632466ebd07fe35f5c55807,f8257529609f4349,9.4,7.64
3d12eb6816d94ae1a652e7fb0a9cead1,2,4c6bda74766941498e41c92426ddc2d2,cbf64511dfdf4152,33.28,4.89
6b3090cd879f496daeebad2b3f67691b,1,4e5a8460087d44958754c336d41d171a,cad2effba7f848d8,16.6,1.9
6b3090cd879f496daeebad2b3f67691b,2,95e4822e09774ec7b1bd8bd2844d461e,b62adfb1195d4301,34.08,1.03
bb26fa562d804676a2a03c32dee17c88,1,8116be9f46ec445a92777b4ab7a0ab60,16d7819fe4e94a2a,7.82,3.64
e69485640ce84759803913c9fb00093b,1,ba4eca0dcc8f48b794cd190bd0b5917c,b8ac33bc3b1a4d62,15.67,3.41
e69485640ce84759803913c9fb00093b,2,f04ea8e4909248afb4f3b64c855baa5e,bac937e0af3a4291,20.41,5.15
bd9e32b685f444919b6a82fc8c5dba26,1,6d3cf9a28b444512927bd1076dfcdb4d,600e519912f14626,14.33,5.47
6302f7f212594c49bf8eda30584d576a,1,095a1a4823c14ba3966b7881335d8c3b,e6519a835d4749f7,8.89,1.71
8fa3765e393a4842805e2e48db134595,1,e1ae914e6640401a83a229ac2a0b5e32,0a231f4f167c415a,12.58,7.16
b3490c0d26e74e3e8bdd703e07fa17f3,1,bb23337d484945ffb528a7c6d8f9bb4d,08608459aa1c4069,12.24,3.31
5406d337fc7f43198c7f3a017c813976,1,0cee6dfbe2584420af852e444c8175fd,8d152807014f4bb2,16.05,7.73
5406d337fc7f43198c7f3a017c813976,2,1629537a910f497e969be8b892d5605c,66d067da0a7d43f9,7.45,7.65
5406d337fc7f43198c7f3a017c813976,3,70f92235c49544f980358327dde0507b,6cb4b569a54f4dd9,15.17,1.92
b793799e74ed4d4287850ec6307c7302,1,d6a6217bb7754eeab1f7c214af7eaa9c,b824dbc0fdc2433f,28.07,7.67
c3db5b7301d5420f8d2b494b904c2633,1,968f15ada95d4d6fb607305dfe0a3087,255cf909b43d4626,15.5,6.14
c3db5b7301d5420f8d2b494b904c2633,2,d646cf6ea25f4150915eeab2d110dd49,ddf4afe7cd674347,17.41,2.35
afa1b1219974401aae45d0ae804e7572,1,7bc666580cd24dd9a9f19c5efb9fd3ca,2282664695524cb1,4.34,1.76
66e4ebc6c24446f98f9cf466f5fda50a,1,03538a41fba5418fb439e8dcbdc9cb6a,38d79a72526e418c,24.97,5.93
66e4ebc6c24446f98f9cf466f5fda50a,2,80dc081c3fd4482e9965cef182dbfda8,e72592f846dc4550,26.93,7.72
091de2ff1fdf45b2a0d4ca6066704a06,1,4a46df91af784d75850d6a1cac178c38,37138c808eb84581,34.87,2.27
091de2ff1fdf45b2a0d4ca6066704a06,2,3d1f2c3f48d448e7996947830306c7d3,6a74a5f40fcc4db5,29.9,7.96
091de2ff1fdf45b2a0d4ca6066704a06,3,c1e04b953d7f42ea9973875d09a6545f,64e95bcce5944f9d,28.19,1.5
e907f27681084beca8a50250895b1440,1,d09490560d784341911c23fe6e890a98,9ad75ae68a644d61,18.89,7.55
692ce2053c7845e7811cde46860d87aa,1,0c1cbf0d6e1e42d9aed18260cc5e1f9a,07b7f2b4c5ca4643,18.72,4.68
692ce2053c7845e7811cde46860d87aa,2,630be9cac55044e6b050b80401814560,0c264000223d47cf,29.25,4.5
b06b8a92415b4951987a49a506fda70c,1,7800f9072d824c29a3600b8f53f060f5,0bd4f794b4674833,3.97,1.21
8bdad8ba801b4f498eb48ddfcddf33fe,1,38936b99ced44f01bc565b1e4a2c6e60,27a899ec406c4eae,3.0,5.1
8bdad8ba801b4f498eb48ddfcddf33fe,2,4d5f9726bb4447c2a8d807110f7cd5cd,504c1e8b45684127,33.37,5.57
c6698ed1774f4ab2b2cc1203467bac33,1,1f0d543b6e9345c2a271475349733004,d453368ab529470c,1.86,7.48
c6698ed1774f4ab2b2cc1203467bac33,2,3c2487b6652a4759967436e5f252ad49,2fdd3a90121e4281,22.51,7.96
2c6b9a9a427d4a828910d125987330cd,1,c83876f2536b44f5b8b588eb2c92272f,36b4035e8da442c2,17.63,1.61
f3ec03a44cd14d16af80077b7592a4f4,1,2be3552e2a3240b0b79223a0ab214607,181a3254485941ed,15.9,7.15
f3ec03a44cd14d16af80077b7592a4f4,2,d03bb584caf04f7396c55cf318eae41f,3cd8fa55be274116,20.05,4.94
2fd5a222365e45efb8296fdcf2ebb809,1,facf41810bdb44bb84e07566656632d0,8170e8136dcb4224,31.71,7.96
2fd5a222365e45efb8296fdcf2ebb809,2,11ac5816713f4bdaa67c75b9170013fc,ba46b4ccd9674e58,3.82,4.81
9b366cf8deec4bb8ae072baf24a63478,1,79dbaac8197b4957823e75eff7af1359,18f81d79770b4c5d,2.39,1.64
c9b644225d3742ea847f59ba02fc1032,1,d827bae2022d42f8841ee810b0e1d412,467d38d0a0124c43,9.39,7.62
c9b644225d3742ea847f59ba02fc1032,2,2abb66193435408a9e20083d8623f13d,809da2b0b1a64998,15.97,6.56
c9b644225d3742ea847f59ba02fc1032,3,3b46d77529b243d3b9bab132b86ce44e,4b29e2b37c1542d8,33.3,1.28
0195cf8ce7924741bb22f129f1fc2d10,1,ed704d544ab04e859482590fbb2dc39b,41473e0bc3bb44a8,32.75,2.61
0195cf8ce7924741bb22f129f1fc2d10,2,2792b1456e9440448b82b57d78eed092,496f4390009e4069,17.9,5.17
87f6993873a348b39e43dacd233e5a74,1,990b0e8382bd4ac180b2fc77bdacacfa,597b82d425b0448f,16.59,5.79
87f6993873a348b39e43dacd233e5a74,2,4bd00436f83945b0a08f3209d3351fe3,96e5a293771848f2,22.93,5.32
1b0f6733e1f94523b04885cbc7f9136e,1,275cae7492ec43ebaf38ed3d660aaa2d,66d5087b01204881,3.86,3.43
1b0f6733e1f94523b04885cbc7f9136e,2,27d1a3787fa24bfdac90098b0737fa83,d5af46e8adf74eb6,18.94,5.31
bfc1249222304ebc840a44f5c4a2397c,1,623c8ed8acfb4b1fa2b9fb3d421565f3,80c5e18df1654706,12.37,2.99
3bcb915873dc4c78a38b2eb3f68e048a,1,79d5d3b88bbc49d484771d10447ec2e9,b4734ec1d50c49a2,18.68,4.65
3bcb915873dc4c78a38b2eb3f68e048a,2,051334800ac745588d3cf8ffb1990635,b694947f80ea4b85,19.62,4.3
173c5fd40e7c4f959795c5f20595215e,1,0866cc2d9d424f11a6c95e1785986be6,70f69c5dac994b08,7.7,4.33
8234c3fbbb8f4a46854166c69d18eaf0,1,81c5bf82893145bca90b5d85dd85c3c4,20e29f7ea1df44ec,9.21,4.76
8234c3fbbb8f4a46854166c69d18eaf0,2,d3b009445427470eb75852de36be5237,fa89d2c8ef0d4973,17.17,7.08
8234c3fbbb8f4a46854166c69d18eaf0,3,3cf31f31c40548839b256266d9521b65,35e900d0ac2e43a8,33.65,2.33
e10a537c4148450786675b79a0eead80,1,291702a5832a4fb5ae574b6dfea6bd47,889763dd87204772,26.91,2.03
e10a537c4148450786675b79a0eead80,2,a13c837e998a4e03ae955bdff7c624dc,22378825d98d483f,8.73,7.86
29f7b05eaa0e4cca882efadaebd0fd97,1,faa5ccdab65946fa9e07a3cb0c3bfa6d,bc33b126b89f4861,32.53,1.76
29f7b05eaa0e4cca882efadaebd0fd97,2,366c05f7615d41dea7cfe6d4bbb406d4,fe57f30275d647ba,20.67,3.95
74cac87d815c4b74867ae40db78864e2,1,d16c45d2ec5b44d8bbbf72c8a9cc0ee2,55a0650d8a714207,30.3,4.51
74cac87d815c4b74867ae40db78864e2,2,f4b44e633f6240cf967c7c41d0d29f35,cb9e86bdd7f44c62,25.44,2.31
c1dc76790c4646c082b14208aa72fdf3,1,137783e3a85044dda1d5f8fe6b1aa0fa,0c9c7b59a2964c40,30.36,2.67
9b55ac93ead048f1a4f4a54a5134a815,1,5216c4d493e24b2ba73cb1b0b8e1fa05,c2ac75ae88c04e8f,15.85,4.5
188b6461dda74bd8976a0dc27a54176b,1,0f1ff7227d3e4d7e909b80fcc24694a1,d495740bcb2a498e,7.36,3.64
fe53741a5799407fad99b55a1c31d746,1,d8a40aa16e3f4369940c74b504b27ac4,68fef62378254071,17.1,2.17
fe53741a5799407fad99b55a1c31d746,2,906ba2e303a7420cbd5320eb04586a14,608f5400346f4bcf,20.32,2.07
d3a4ecb7063e41289a46dc6d5aa82282,1,a8305edee3c54ebe9e54a785c3ce13b2,420f452a10524c9c,18.7,3.78
d3a4ecb7063e41289a46dc6d5aa82282,2,4de7a5e6ef634f6dbe6ec9a5e8ae6377,ef373cb1b82c441e,24.44,5.53
b22fd8cab6274bf1a786bad11c384b16,1,f535df4865614448a102fb834c980543,9625c5a2505449e6,20.96,1.14
b22fd8cab6274bf1a786bad11c384b16,2,c978be00b3bb445a879245d551102a23,41a44a58366044d5,3.99,6.19
bb13de476afc44f7b44e82bee60c9506,1,a97caad8b06c4a75b1e40d946b83335d,d50c7f9b73754a27,9.05,4.67
bb13de476afc44f7b44e82bee60c9506,2,977a59f8d61b4e409fc7c1529d7200e4,713d9d56bb7d4100,1.97,2.26
bb13de476afc44f7b44e82bee60c9506,3,8e7c4951b5b44ec8baf840834882b0e5,9984acd00c204f15,33.6,4.94
5e22ade857dc4d4cac7f5cf6ed5af39b,1,6168d05e59c64673ba7117ba6ab9b70f,e78cbc592c464d97,22.68,3.03
5e22ade857dc4d4cac7f5cf6ed5af39b,2,17d6079864f74d0593f91521b100d113,8d0b053e95f44cc7,26.57,2.39
5e22ade857dc4d4cac7f5cf6ed5af39b,3,1e30412824864874894318ceb4e8113e,3bcb93a849ca48cc,7.18,4.12
878628f618364ed986d34d68413ac038,1,8a1afb2f61104fca9d5abbabe949b69d,748847d16c50417f,28.11,3.39
878628f618364ed986d34d68413ac038,2,24d614758c604f249fed6dd49ea1af2a,2a028bececa84022,20.79,5.92
878628f618364ed986d34d68413ac038,3,48aee54de1b54c4f989414c5791bc063,8fa22e4257774661,28.13,6.24
b958167918a244b8a8ef29f2a4505e8e,1,f02b5aaa72c142b88be52c87214f520f,61bf94a157d74dc6,8.23,6.6
39108f4fbe1f4548b1c1a3ffb7bf94df,1,d6ef5b5b702b45459a7ace060511de89,22dee62630a34537,3.92,2.06
89344e58144544d89b88933ac2c0a0de,1,a05741ff29014f1cbc9cb95d7f8ec4d3,5b4b02cc89304816,21.86,5.72
92e1e36c7f2143059a20111b6b1110bf,1,d84d7f9bee2e4bdb9f88fcf96f35eaea,96f06fa38a2f4208,2.91,5.89
92e1e36c7f2143059a20111b6b1110bf,2,b63241955a494025a7d3e3c1198a3640,6ac8e75ba863466d,28.12,4.72
92e1e36c7f2143059a20111b6b1110bf,3,3d02917685d141549710f215c2a5fd95,3ea67c686bad4463,28.83,7.85
52c507df00544508a146798057b4c109,1,14b9d8d1117d4052a6de9cb6a09d9a2b,4a641ff1e50a4492,4.56,3.7
52c507df00544508a146798057b4c109,2,9fda44e3cd8d4765ad590de4153f041f,362110ef5e9841f1,20.63,3.56
c1250763601d40b5b463512b2e0dac2f,1,2a5f186679534b8e948d25989c6bdfc7,5b622613cd5746c4,34.24,2.63
c1250763601d40b5b463512b2e0dac2f,2,4bd09f3777e84237b0438bd6b9da3656,ad60213545ca4fe6,21.7,6.79
c1250763601d40b5b463512b2e0dac2f,3,8000b3464e4d48509e7d8f71c5a4caf9,2a23801c99504c26,6.15,1.3
40d52fa0c6da4e8491bb0bcaaa084822,1,0f9d91df15b04f6eb50ab6a7b0b05053,31fb035a2adf496e,7.85,6.39
40d52fa0c6da4e8491bb0bcaaa084822,2,5f1c6fba0e924efe9aff2cfaba2eb625,fec1d4a5332b4f83,23.4,2.43
40d52fa0c6da4e8491bb0bcaaa084822,3,49e5071c02cd47ba9367b00aebc478f8,78c5f128903643b9,33.17,2.05
40d52fa0c6da4e8491bb0bcaaa084822,4,d940b07118714d4f81c05b118cceee05,526a420b9e9d46f7,19.68,5.03
d8e93f45f7d6442f91387c73afdde1eb,1,176257a471804345ab0a6ad0560822a7,5252f711019f4a52,4.67,5.63
d8e93f45f7d6442f91387c73afdde1eb,2,f46029a5d3d941eeab4206a4a9d72c14,abfae2c872e741b6,6.97,3.03
f59936463ceb41a9a98353625143bd95,1,f0dbea57e2c142838dd8c58b9db2bafa,a55c88c949274143,32.56,7.75
f549d8410d6f425f90bf65cfc3883f0a,1,3cd5a5dff2b54074ac9d979c2f7bf0cc,683252ea5d4443c3,25.29,3.0
1b827e572ea442a4b8ffb7199aa79ffa,1,dc868967541c42d685a838b257839da7,1db1bc90e1084461,15.21,5.67
1b827e572ea442a4b8ffb7199aa79ffa,2,be839455402842aea24673b9d5bb5495,9f5f97331df34666,28.1,6.37
517ebf3c485f485b894c5fd743a5a42d,1,d8dc44c7261543b48fabb3b6115a8f70,6ada2d5f10a2479a,13.58,5.15
517ebf3c485f485b894c5fd743a5a42d,2,63e0a53bc07d4f0699fd9eb9255eac74,d6a92c2b7d014c90,25.41,2.5
d6ac8374836b4b65b9bcfd1796bef34c,1,de921c0aa0a34850bb84ccb0171603f3,4b35e6d7e3c04079,30.02,2.96
a60e1a301cd441d08401d093fbc49bf3,1,069b04040636406482aec9d3f80516f8,717b7fa7d78f4674,22.85,4.35
8484f9f33f6747d4861d275b21574491,1,9d139c793b7f4770a21a5605f3cef560,20300ea96e84425b,17.19,4.36
7e651e84fbfd42b5a301f8d0644ead3e,1,9fa272df39cc472fbd44f9665c61fbb7,ded51554e7ff4bfe,22.8,2.08
5f98aa71ae004eb8ae71d2306bf00f06,1,a3ac983575764a559481d90f4ef2cdc1,6a4e616960654f50,6.67,5.09
3aea95ef90e246c398fd0fa355027f2c,1,f43cb09fec1a4ce78cb15ea95e1cf992,e73190840a20414a,14.2,2.94
3aea95ef90e246c398fd0fa355027f2c,2,252b7b0392a64b529f604e2bae999870,a070680e5f6d439c,9.55,1.42
ff36c1d89202430a89f6c7b139f82c54,1,789bcff6323142e3a155628649f313ae,5919ba2677f64a24,28.12,2.08
7d3b6c26825e451f9287449dd0964967,1,1472290f442b4b0e97ca78d6d973ad88,4750e907e5f2486a,16.74,1.06
7d3b6c26825e451f9287449dd0964967,2,957a05213d65422b91d1b1e6bbc51e9b,369639f123fd48b1,27.03,4.32
7d3b6c26825e451f9287449dd0964967,3,efe1a82ba55c4c68b783baf4638ad7bc,cfd4de65a75b43df,15.6,3.45
7d3b6c26825e451f9287449dd0964967,4,d2e7f216ec6b4379842474c97d83eb66,97edd9d37c234235,33.2,4.91
c278013d63474440a6e36d577ac14710,1,2f9bdad3423f4b7bb58b4d3a64a759f7,239033b8ed9c46b9,27.36,7.55
4d4cc0f9fdb04811bd904972d520e821,1,c6f4b721599b422789361b9bf4009897,12357277916f4414,5.1,6.64
6b76deaed1754287957918f35d4d5625,1,0bdc7625a5d24c86ac34e506b53927e9,07fdfc1f338c44e5,2.97,6.84
a08b92ac83a9442da4de2585edf1ad21,1,50ae89cd867042c786aaf76015183d69,6efc23fb759046e2,6.95,3.88
b8fcb12643e846fd9a66971e82fcac84,1,da91777590c1473c9b8abc51fe410b94,9c5fbfbbbac043ee,32.78,5.81
b8fcb12643e846fd9a66971e82fcac84,2,6bbb0f7679e74a30b8e9c32d8c063239,adb8366ac4224538,5.24,3.93
6648b6df00ab42eb9248d8f9f0749019,1,fe05f119b4124b86b297eb44655eb062,83d22e12000041fc,23.43,6.2
a5e78b89d3124e1f9a30d7802e368aeb,1,2d6e17169c9344d4bf02f0256a259699,37ab0586be3c4f97,34.83,7.95
43bbf04f0c104fed811648ddc9f0d9b6,1,b836c67f3c6441dbad3c540288b07d71,895b317f52ad40ce,3.94,4.22
ac26e91cb5634f71a3c01c57719404e9,1,e7b502b64b27419a906917893411c9b8,a343848c85c646b1,17.94,7.85
ac26e91cb5634f71a3c01c57719404e9,2,3481d412b7eb499e924211abba6c2d89,3bfef85d2a364794,33.27,1.93
ac26e91cb5634f71a3c01c57719404e9,3,687c822d23404de8ae81417b7db9ff41,115e13de99c345e7,5.44,5.9
88d50e6413c24234b5c5eb9fcd065806,1,f0e36b40f7de4d9abc67c9297af24b45,0e486cf100094637,12.87,4.52
35dd96a0f1cd48fe82996d3f61e9a0ce,1,b98a0eaf250d4000bc3ac1018cfd3f23,57bc0a8a847e47ee,16.4,1.47
26ec585fbeb446c98af06e2adc4462e9,1,c34d77dcffeb48fd856ca5b7a2e6bcae,b9e3d82766f54641,31.02,4.34
bfc94042727c45a78c56e64111094a35,1,209c09aabb3846abb51a50d8491b6db8,17d925a70a644de4,30.27,4.18
bfc94042727c45a78c56e64111094a35,2,7b7d1a4aff1e40cdb0be73a04354a038,dc6e610471d1413f,29.5,7.18
607ea16df96d47fe8f3cdfda7e0b2d0b,1,0f40f653b08f4f5d91ad00290169307d,9f01fe57cea74d68,23.74,6.47
3aa3f15d58234bd08aa439d9769e0f2b,1,3342897b8c1e49e8a089aaacc4002eb8,161de77bee374369,2.93,6.21
3aa3f15d58234bd08aa439d9769e0f2b,2,4277132ea9674ddb8d8fec94a1ed53fd,99c5a62158bf49dc,30.21,5.31
9e365ecef7ec4b9ab7fe002850d45752,1,fbabfcd0d97d43dda2598e4e7dcc2f9b,2f683a57cb9b4541,13.26,3.36
9e365ecef7ec4b9ab7fe002850d45752,2,9cd41b176a0546ad96092d57d739da0e,44d1ccb51902407c,11.07,2.73
e806b318a57245e2a64392a3cb8ca4b6,1,4bf988158e834785b8d56472fa4f6d63,3872d77a62394517,19.96,2.04
e806b318a57245e2a64392a3cb8ca4b6,2,fb1daa9f7bf047acb433c349fd8b754f,0493f4caca8f4e2e,16.06,3.04
e806b318a57245e2a64392a3cb8ca4b6,3,63297bdfe248424c8cd9cadcd7eb7b97,f31b901b84b34f00,12.64,6.55
a2b30583edc54770b371dea638eab197,1,c8a62c65ba014f7d8abd18ced8ddfabb,997a75b884c347dd,28.35,4.92
a2b30583edc54770b371dea638eab197,2,01c58a7eb5d1452392f613475114deba,0ccbfcf5959b401b,33.56,2.14
a2b30583edc54770b371dea638eab197,3,5770140036fb4ab0961d1dbe248c7a70,315bff0c14e642d4,33.01,3.15
1f916134cc4f48aaa183fde1583cf916,1,8bacc333d125478991cfa8e49602aad2,30d0d55f978b44ea,11.14,3.57
c75a43de05f043ddb9c5b42dd92d38b1,1,259b52171baf45b3957d4c7b7d26da13,5fab100c120549a6,30.14,7.04
537ec7a73a744e1f859c6d70d5d8ad36,1,74c0a79569674cc38818882d7d3a87ef,bd07cd7f95854cf1,17.8,3.4
537ec7a73a744e1f859c6d70d5d8ad36,2,4e28e35d10c34ee49a2affc7cf124c59,ad8650af427242e4,27.61,3.58
537ec7a73a744e1f859c6d70d5d8ad36,3,a8e7f4ed465e470f89d6e8e8bcda4365,0bb77da9865742e7,8.76,5.01
ea3d630cffa943a987ede3bf95443d20,1,5099c11caaf94205a093c26e03dac79e,0515b7649bb14767,6.58,7.79
ea3d630cffa943a987ede3bf95443d20,2,59831c102bd9429988044744eb3decc9,cff260b86fe646db,16.25,5.15
ea3d630cffa943a987ede3bf95443d20,3,c8c607504aaa4c94a4d26227a65f4a09,e565202738844e9c,13.59,3.95
af2da667139040d2b6d00371d3cfc609,1,611d836210e1417d8de90df304a23df7,11770f3e2b5a4cb4,6.13,5.25
da3cdfe204634d56abcf7b878b68d2ef,1,35ad432406c44a61b33d4f983be8d1e8,049da17c689b46aa,16.22,2.5
da3cdfe204634d56abcf7b878b68d2ef,2,903a2962220f419d9cc62741ebed76bc,9f89f7ff5c444898,1.61,3.29
da3cdfe204634d56abcf7b878b68d2ef,3,8ffcec13fdef4e45ae7c36ba00ae8556,7c6229a2f731493e,10.74,7.76
da3cdfe204634d56abcf7b878b68d2ef,4,7f086c8780424936a89017e5bb82c746,06dfc5dfbd02405e,8.88,3.88
94667fafb7544176a05900a4d604c507,1,aded1e7569144232be032b00cc74d7b3,de19d9cb379a42c8,33.83,5.08
94667fafb7544176a05900a4d604c507,2,1b3e1dafece149d6b61977c0a510a3b0,5b28dec96d194ecd,17.48,7.89
0eb7af2ed4944f8fa6102398116e468f,1,42071f688232467dba2ee4e81f8e9063,d5cfdc5a87ac4853,17.72,1.09
0eb7af2ed4944f8fa6102398116e468f,2,1b11f381e8aa45dc85a23b58d5fb27fe,1fb0b7acff96495e,20.15,7.24
7b2545ad9d574f8d81fafac265167b46,1,d12a4281bae645dc906c7a82e9fe761d,ab036aaec6a44426,32.69,7.88
7b2545ad9d574f8d81fafac265167b46,2,f3037556f5cd4d469e275f4c2e13e63f,9611233430e2481f,15.89,4.84
784a005e8e4144dca4ae26d567502414,1,01564e30a33a41dbb8ef2fc83fc456db,adadf50066b64322,26.88,5.7
501a671af7494a778000100bc38b633b,1,5263923e0cf1429a91f3fb4b7b5146da,467384d968e644fe,10.56,5.07
501a671af7494a778000100bc38b633b,2,671453de6fef4027bf6ec10ac461693a,31a59166c27b4056,15.87,4.4
ad74bc19ed52406c8c0208dcecffda4c,1,ddbfb5a71578475bac04f369118644fb,e13d2ffaae954b31,16.16,6.94
ad74bc19ed52406c8c0208dcecffda4c,2,6f9b1ec1a35446a2874f463965101e99,670ecaab7a0f4e96,26.46,6.85
bda2d9213fe54693a93f9b78069fa86f,1,f7d5ad72412c45d68499944c23e6247b,722d2ac63dd440cc,34.82,3.12
bda2d9213fe54693a93f9b78069fa86f,2,24391790847e4122a1edb4e2a1033630,4c1b18b9ec644dac,2.49,6.3
bda2d9213fe54693a93f9b78069fa86f,3,fab17d285049423094c5753057ebfbfb,a179768a95b145a9,25.52,3.36
5a5af37549af4f9a8f0e9b69e29570c7,1,54343efaf6e94205b9d7efb53480c106,5a0902d0ae684551,24.49,6.62
5a5af37549af4f9a8f0e9b69e29570c7,2,9da6cffb563f438eb5daccf85420c60d,21fc554362c84b77,27.52,3.95
5a5af37549af4f9a8f0e9b69e29570c7,3,e2310e23364e4c8a9fe126ee37d1d46e,b435f35858ea4607,25.43,6.49
5a5af37549af4f9a8f0e9b69e29570c7,4,89f01639ae724543aa085a4aa012f69d,c4d6d174deb140e8,17.19,4.43
41fc2cdfa03842b9bf203d88bf8bc0dc,1,b3de32706db24c96b22231872ff4fd57,adce523a66944674,19.89,5.02
41fc2cdfa03842b9bf203d88bf8bc0dc,2,b6564ac2a6c2484b8dcb6b78dd00f2b5,51dc99c17ac84db1,8.37,6.82
e0de89f87ad642c2a3fa17e5829bfc09,1,f5bd3836888140758dab3f406b4e79f7,9a5a2ca0f47f48ed,16.76,3.93
0aed48ef7c844c1298a64637d60d2d19,1,9bda1709df5b441785e90e1db29eeec1,12e50b3e27af458c,7.33,5.4
52a30bab891c4e198c9e21218f67cf98,1,da4e98cb047e44fca2d05660d2c10f63,42ea2021366c4d9f,9.11,6.99
95a6cbc6168d4707a6b87d3c5930067e,1,58ca0da67da54e0cbe02022ad4bff497,376ab60f6d2a42bf,9.4,1.32
ba46475514bd4208b30663b85d286b48,1,d662be336e1846a6bda6c1a23e623245,42e7586f30dc403b,33.37,6.57
ae52c6f500794dce877c9283e5a283af,1,818013fcc4f44f92ae0d1332cbc5a166,9b74b6d002024567,12.1,1.54
ae52c6f500794dce877c9283e5a283af,2,feb9f46451d641b888cad81704f56cd1,350cdd1ffd614e95,26.96,1.95
ae52c6f500794dce877c9283e5a283af,3,3b1481be9746458eae302e34241aa4dc,f4c3a5e125c54bb1,32.22,6.94
9775895e6c9c43d9b6f30c9204c1379a,1,43f1d0c82b3a4b18adc5641f8df472b3,0a318485706a4c58,34.54,1.19
1e66a5aa8c964419b46a08abcdd4d9df,1,bc8b209b1944411a9c396e1cb3818bc0,b0db433f53ae409b,17.17,7.14
d951ad7a49f0494fb189bccc797af1b6,1,29bef7c6972b49ab95568d3534099711,8819ec76c7444836,6.9,2.05
1c04c2644e634f508c2a779ac7daeb1c,1,1881be13f91144bb8f6e3909b5a03b69,aa96e62652b445a7,3.29,3.8
1194c7731d9740f7a422c4fbe039bbe4,1,f6e69948c2f24aeeb359d5ca389262ae,2cb88fc008c44be3,33.14,5.61
1194c7731d9740f7a422c4fbe039bbe4,2,d8dfcc275abd43078ae10afcdd60649c,36eb5ade94724950,2.16,5.52
e68ec5d8391f464fb69a4f47cef2211c,1,1a5a0e6330fa461880f9e81406aa2d87,aa72f06695d14de7,6.28,2.41
503f20d37b374bf292ed6941e026e3c8,1,c69acd66886541b1b4943b56a63d0015,1fef0c9ca73a4db0,14.85,4.98
1c4acd393b2c4ceaa076ea00b2d22474,1,1794bbbbd74745f38d0eb1630e23a339,88463b7c2e644d3a,18.34,3.75
e8b27a3f1a3944de9d7ec454f4d9afe9,1,feca0fc67ffc47afad0f8ce2abf3f7dc,5ec550ffad5d4e24,12.57,3.36
e8b27a3f1a3944de9d7ec454f4d9afe9,2,9defd234e9204a60a436ccbaa6efb696,5f944c4f23bb4dc7,14.32,6.78
330dea17abf549879eb2ee752a2948dc,1,0e5b26d74b9647ed8d42ebec63ebcc19,d42a376541a9493d,1.55,6.98
011e253a2e234a7a8064f03608ae3101,1,a342c2a2629146159b9546c25786647f,06f5344d18674ffb,32.73,4.13
011e253a2e234a7a8064f03608ae3101,2,908c8747b0da436c8e98f55038fd45e7,35030457a3d14ddb,13.93,5.21
9a213f8827e14b1ab84313b0b094ee8f,1,9482e5c2f65c40a0a4905d998bf77397,651ac484f76f45b8,33.81,6.76
9a213f8827e14b1ab84313b0b094ee8f,2,e61a21d16ce4423c9f69d7e67ae12b1f,24d5eef863fc479e,28.47,7.65
b6f7bc11bc754f7f85e73d1f58e74736,1,3e6535a72b0c46eda70f7ed173666f2b,22b47d1330df4066,2.91,7.04
29b554b2239540fe976b56f0f55d410b,1,a242a05c8944455bbbbb5aadac7886b6,25c3c117a4744b9f,16.82,6.13
f149dac5c8cd40a99b8d79b358f6c061,1,6ad26d8207544720b4953f1c33427989,aeacaa1c19224547,27.19,1.31
bca8cd2971db45caad925f28c0eabdbc,1,3f472792340f4ca594c0a65f209d6ff4,9dd135fc86534847,13.99,2.98
0a8244c21ac345b7ae4692046c666f51,1,7ac7eda03abf47629876d2e06320b8dd,99362d65c1994f18,18.49,7.25
0a8244c21ac345b7ae4692046c666f51,2,6b7f4e4f18654e7db4058f78f84ebc2d,8abb48e3bde04e49,18.47,7.12
0a8244c21ac345b7ae4692046c666f51,3,69464433c12846a2a827609b1294847a,fe74870c2ae14f7e,3.81,2.29
035cd8f45d684554a337773feecebe27,1,7632968c633b45f39c0fc077bce74989,e37a478c903a4d55,26.79,5.62
035cd8f45d684554a337773feecebe27,2,992658db840a4e648034e481f9e325c8,be3fb9b39abd44af,7.75,4.27
182a84725f9443e58032d61458ff05a6,1,3ed8c46c971b4dc2939cfbfd24af9a01,2954c46005604fe0,26.63,7.34
4a3fa95a06354698be37d1498af57d91,1,4e096a8ff2a24f51b19d426b7d8ef3c6,dea2dadbfddb4ec8,10.76,4.01
4a3fa95a06354698be37d1498af57d91,2,f60a3098f7fa4412a49b86df0dc742db,dd5b472217084129,20.47,1.26
269cfee1658b417ba4784e10c90a6a36,1,4f032fafe48e44d6818fb5cff3396789,4cba888c30ce4e11,13.22,4.1
269cfee1658b417ba4784e10c90a6a36,2,9107c170f55b4be1a00fcc65067920cc,d2fee25d5ab54a89,7.85,1.75
269cfee1658b417ba4784e10c90a6a36,3,15c6f22803904874a33487ec21be18c8,a99b2166d09c4767,7.32,3.38
269cfee1658b417ba4784e10c90a6a36,4,38b65d9505254a9083791078f5a85cba,9eee2879225742f0,12.52,1.97
68b54a1e6b8f4f2594bb601dc2095ef0,1,510358cb35fa486ca876940ef23cef1d,1ec946b6c0c54b11,22.47,4.64
f9025b7f3aa54c67b24a62f5ab59376f,1,681e742ad5e54b0b9800d76499b55bdc,af6e37e3e75743cb,17.18,5.51
29f2a738d2d4413488b017a42b84fe62,1,c03fcff332374fe6a28cf4558650e1c5,f4c99f9401f64879,7.32,7.83
29f2a738d2d4413488b017a42b84fe62,2,bbd7559401ea4ef98fc1d05cde5d0495,5986e6098ffa419a,29.88,5.94
29f2a738d2d4413488b017a42b84fe62,3,ed7371fe5ec14e56bfa9a48174461cfa,b349e486a49f40fb,20.28,4.87
93d0f916dd744bddb968825eaa1e65b9,1,18657c105b0c4def80ceaba993277669,71400c19936646ea,19.27,6.48
93d0f916dd744bddb968825eaa1e65b9,2,8fc30aa6fe2e4b0c8cc990f29d0ae318,1f017e5d1b1e44e5,19.83,7.63
277c18e04127418f9a1b7697139ff99a,1,edececdccca64f99a2a74740685cf064,e81413b591204b59,16.91,4.48
277c18e04127418f9a1b7697139ff99a,2,4e7708a86604410591ca3ae09e16150b,09c7063415354e9f,21.02,4.44
277c18e04127418f9a1b7697139ff99a,3,13c1d3b2b5cd439a9d6e625b8015b47b,dca4440c4a614922,31.88,3.4
915fed261a8a46a080d0458493e98a62,1,b1912f2fc98b462c8933550244d19289,26169f1275b14080,21.38,6.13
915fed261a8a46a080d0458493e98a62,2,1195bbaf71514078b20a1871b5de0224,e24857a579d54128,17.03,5.48
915fed261a8a46a080d0458493e98a62,3,de2c2b68aa2542a1b7497efe1eb5ade4,cec9ece7b34f41cd,19.56,2.61
b6039da76b06465c87a34f46b91f2fc3,1,674b5c67ae9a4e38bbaa4314215aacbd,0d49b9697d6743ad,18.16,6.01
b6039da76b06465c87a34f46b91f2fc3,2,ebf47eb37c6e477796f94a018775f8d0,6b9411ea32b84358,21.27,6.69
7ab4e1e1d7a841f9b2dcd1ffa2b30e41,1,8daf9c94ae7e46d5b0dea41387c0b2b8,df4f8adfa1be47f2,28.16,2.32
7ab4e1e1d7a841f9b2dcd1ffa2b30e41,2,a3379aa470f44df18a2106f4bbd0ba66,01f3572ecdb64baf,5.14,3.01
f48e26211a0a4f49be9164ac408bf3f7,1,ace59a60b4014970b8d2eb48b1733519,deb012bfddcf42b8,23.5,6.71
b6d0d53dcb7941c58f52354cb3c9f650,1,7d203d51d581471f81050bcf81167cb9,daebe9c4dc024875,34.79,7.0
b6d0d53dcb7941c58f52354cb3c9f650,2,d8484dd27ca14ed1bfad69787ce45482,414ac64051614311,28.63,5.7
b6d0d53dcb7941c58f52354cb3c9f650,3,f57fb25465b446749473965712c01156,561b2138fe4b4689,23.36,2.72
dec5f2863b3d483b89a946de6fb73ccb,1,882788d246194cf1b23973d16b6703f8,5ebd91c1c7894662,21.49,3.27
5d6630dce8214d7b86e9991aa054a623,1,53c6d9aea2184928a0736a6cce4ca97e,09db7acfd2ac46cb,5.4,4.61
8ec3e70f0c534cd59051df99beb18aa7,1,9e3b96001a024b24ad51679c70bab415,dc9cefceea984fcb,15.7,1.88
70b8506bb394431cb4c93d17937a0201,1,a3ffce78c7414a7eb47a9ff96adc942b,66a3ae096f1a499a,29.47,7.12
10f84db728c346228d44d78397a0615d,1,8ae8778aa5df4c028bdddf5c5d1c57d5,3282c1b4a3274f48,24.53,1.86
1a614fae0e0b41b0b94a70832a866c9e,1,c3a2dc4c89364eedbeba689783f01d4f,40a1201317f94017,9.63,3.14
1a614fae0e0b41b0b94a70832a866c9e,2,1fd8f36e23904f85a9cd22288e3b6720,4428dd4732ae4b4d,24.35,1.55
1a614fae0e0b41b0b94a70832a866c9e,3,9451fc5f5f7f42ad9ed5e32f678767c5,b8cf3d0b6f7a4d3a,1.82,5.67
50a302c4ed334ec8b0d1a3e359b5dfb0,1,b6a868659043433aba100503c0df9440,2641e1aac7864d1b,12.2,4.96
50a302c4ed334ec8b0d1a3e359b5dfb0,2,be91a364fc534e618373e99daeff850e,06f22bc7ad3a48af,14.71,4.12
50a302c4ed334ec8b0d1a3e359b5dfb0,3,f2cc950960344d91b2d5a4f29148ed17,0c6cdfb4c5674dbf,27.73,3.92
83ddadc89b2c4dbeb3f181aff3bb72fb,1,48a445cf9f8546cfb8b53eda32bbae52,9a539c3395db494f,19.68,1.6
2af04f8b8bec4690ac231c308fddaf13,1,f931582eff4d4de389011bdaf049cdb5,730876a232474d14,12.23,5.99
5fda9b06d4ef48048ddf492235f82917,1,4f135006c5984cc2a24d0881103e55cb,c995242255a84d28,32.35,7.63
5fda9b06d4ef48048ddf492235f82917,2,34c26c6df0144484b5fa04dcab9f9f06,5c6651a5d64e435d,30.62,4.86
5fda9b06d4ef48048ddf492235f82917,3,00fd8d7d62b449e2822b7aac527258d8,85ac4b59aaf3452a,24.63,6.29
f2e6f07e5e2d483c9181482d94702f34,1,2c7e44344e48443bb5d9bbd491605a67,f806595e2b1745ef,10.52,2.66
f2e6f07e5e2d483c9181482d94702f34,2,0c4f61395eca42ffaa2e1ccb61b54179,2ce6ef0e23584028,27.93,1.61
f2e6f07e5e2d483c9181482d94702f34,3,80988752059e4ed881422687b4629e24,5a68e6eb0c664bc9,3.25,5.95
f2e6f07e5e2d483c9181482d94702f34,4,1366e85a1a1945009effee36aa6deb47,f54b497dd961486a,30.47,5.38
65d8daba8b434784b753d13103d265fd,1,4bf6b88100524960b34a76239b264681,46aa2592d4984f25,34.06,2.49
97c4670b7adc4933bbea0b03a42d6a1e,1,74eb93a4c9ba4bb8a4c71100970454dc,eb08bbb581824a0e,4.24,5.78
97c4670b7adc4933bbea0b03a42d6a1e,2,4893ea295752426cb418720b85d80fad,b35fc1fa41a14da6,16.6,1.26
97c4670b7adc4933bbea0b03a42d6a1e,3,eea45876ec5c4ce3a6d7337e6020966d,69b8aebab1294924,22.22,3.05
7a4f62e572c343f6a3500047a99ecb11,1,9fa653cf7af34930956705fe138534d0,b9152d91c5dc4a5f,13.68,2.95
7a4f62e572c343f6a3500047a99ecb11,2,b97b139b193a4e2aaf4e450ad8046c40,24e49bbf885e440e,9.27,4.79
4bc15c28a09348ef8fa37de385ba5404,1,a99464c5a80048abbe971b32cdd2c84b,ccf3d8fc64a34734,4.36,7.21
4bc15c28a09348ef8fa37de385ba5404,2,3b20032406954a0990050b38e5db9257,30daae0ad6424dcb,13.92,7.83
4bc15c28a09348ef8fa37de385ba5404,3,1cf40860c5e941c996dc49b6967d3ad2,1e8e04180c984849,11.88,2.63
ce4d1f2f0a1b45aeb16a6be0da3fbaac,1,2438f5a6e23d4fa19760eb081c3bfe81,5120af5312a14177,34.88,6.9
5eb60633c4f24fc5a19536f06481839e,1,32eb95fb673c4d3892687bf245534083,f375a2230e3641da,12.48,5.12
5eb60633c4f24fc5a19536f06481839e,2,2655bfb51fc940ce9d7838b170881c2d,a32e0aa1382040ba,6.6,2.93
d2112eef20d1492ebacdccf68dfba95f,1,167709061dc043509864b06e112026bd,4199406dea954670,18.82,7.78
5c11214543f446f7bf4c9bf79705732b,1,c02dbb357a2c4954bb60b33bc828c2e4,7b7a06c8628941ad,21.6,7.53
5c11214543f446f7bf4c9bf79705732b,2,f632daedb79d4b1daac9048699240439,ff03d71ef09e4d0e,33.54,7.37
5826a27938a348748d9b9fad7a387080,1,19cc9f35e0ee4cfd9f4ba2dc0dce287e,7b0416a6543146f0,15.58,7.28
5826a27938a348748d9b9fad7a387080,2,ecf12745bc6d4f64a25c7a74c7494201,3234597a56854e1c,11.09,7.17
cd06ef6cd59d466aadd34e410940436c,1,4f31060718b042ebaa8e4e000c2987bb,18af1ebf68a74ed4,18.51,5.96
61476899f90a46a0bf551e55d558f9c8,1,b738ca27aec04e0187e579a4960e2ffa,ef28bb4bbfaf4e18,6.09,6.8
61476899f90a46a0bf551e55d558f9c8,2,7c9e3f4928904d63b6e1e3969f99c9f4,7d72b119e6eb423a,19.72,2.16
61476899f90a46a0bf551e55d558f9c8,3,9bffa9d6d34843bb9bf02125d2e48094,11063b3422ff4635,18.72,3.05
e5b393994c6c480eb7fd21875d7da460,1,9d96dc098151461bbbc520afe866ff24,c680b3a1ea9f4b6b,7.85,2.57
e5b393994c6c480eb7fd21875d7da460,2,19afe37b10914d0a838becbdf1fea527,e90399adb3e448be,30.78,7.6
19beb1fc4fe84d409faae16237a16d64,1,9ce86e316d9f440180a6593e9e5cf6ad,43afbcc65c3247f3,23.06,3.19
19beb1fc4fe84d409faae16237a16d64,2,fd418406442649b081f53e65a8900138,cc47d368b15c411f,22.4,5.51
8cebf69ff2b84743846d2f27b9219a99,1,43e90553acd2401ba83977ce524acf98,89c5abf5605c4c4d,33.45,2.93
bad6a20616954903ac8289972b5af204,1,72d21dba1dc24a9db0b235a1c06a50dd,7aebdff8a52a44b6,2.57,4.66
bad6a20616954903ac8289972b5af204,2,567df07d3f2e4f98b78c95a1e798984e,76d90922e14641e1,33.1,7.12
bad6a20616954903ac8289972b5af204,3,f7c0556c48294c06a628de8d3380fec2,b494e7d8b03942ca,26.7,1.37
c42ca9ae50da4081bb67d314602aec24,1,4bcc0b89f8744b6d864774b368d01544,fad8b038b7f14191,1.66,4.32
c42ca9ae50da4081bb67d314602aec24,2,f039b99137ad4b3084678779d0ea68f5,d7d77cd8bd4047c7,11.04,5.88
42decd68f3ba4ed1897d4744a00731c8,1,1e969dd5daaf4106b4afc5c58a5512c9,f4616f26ee47490d,20.69,1.49
42decd68f3ba4ed1897d4744a00731c8,2,4935852cfad54b32bb6442b1bdd55a94,f2fa4b7adf844745,34.05,1.25
42decd68f3ba4ed1897d4744a00731c8,3,5015b634e9ab48c4a3d3a871c54fff88,56a864bf72ed433f,23.74,1.76
afc2547837bf41edaaceae371f1b1e29,1,7c3bbb57d7d545049e0f99504d2d0cac,495caf69b0e84842,30.02,5.8
afc2547837bf41edaaceae371f1b1e29,2,2303aacac76c4ee59476f4a58b10d286,29cae2521a144af4,26.39,2.02
6fd13cc2cfc4476fb3bd1768916a76a4,1,63f8d7bbca2d4a7b89f5f4351e07ea31,e6f4e48c909844d7,30.67,1.33
6fd13cc2cfc4476fb3bd1768916a76a4,2,1296b0102f2f4babaf030db2375e4764,d53938d1deed4b75,13.16,6.17
0ce2992b4c5c4615a2affe1db508b450,1,c56790f713d24a2ebcffdb96765866ab,ebddaa5167834da9,30.8,5.95
b8d0ccf43e56470e821eeaa8d448f3b3,1,45f2c55a34ed4f678b4c94bc078227aa,9496febdff7f4d4d,23.34,6.16
b8d0ccf43e56470e821eeaa8d448f3b3,2,044e35cc7b5d44c68a34ae8a9f01b318,8d86777a3eab4f97,21.0,5.59
311b73f44f864520b05e34c00bea1abf,1,b733b88845754f568a7c5f77734c09cd,4b0856c9868a44c2,24.18,1.07
311b73f44f864520b05e34c00bea1abf,2,145080142ec2410bb8990c3fa478a8bc,1b1d62aae42e4d70,26.46,5.3
311b73f44f864520b05e34c00bea1abf,3,b080aea3fc834656b44c8b8d29736a25,2f3c8f8cf8de4f40,26.45,6.66
102b60cf8b4640fdb5c7734d4555a8a4,1,9733226916834e939b9459171a1ad991,8875d5ea30ef4f95,11.52,1.99
97eb5ef972a143a0849ef32e9a57426f,1,376110f19eae45eda299d835b2713e80,4a5db7bdc4fb4260,30.07,7.51
29616fc2913a4531b1b08509803f8d00,1,bdfe49826b58497fa826c572edb46120,7bed0e0a032e44b1,3.73,2.13
a39c069058df4233828959935bf142f2,1,60b98abce1e040098e9c4a9f1ff65e6c,0620efc96b57487f,22.79,5.05
a39c069058df4233828959935bf142f2,2,efce3d605df9491dbd2a41ea641f8c82,06dd028ca0164399,24.75,7.41
22b7196e1fb54c79b945c32ab9def9a1,1,54fc5a279cba4837916e572cbe187e97,f09ea3682a9c4c15,9.9,5.7
2eeed064647b4f77a4d6976e90f75d36,1,21157cb33d384fb9a4b21ae7221e56f7,f7dd147d63d04a45,19.61,3.55
0b06ab1fff554f498bdb9558a0715e21,1,f1ca3592db9b4266a0ef5a97a748566a,d964042fcf3647e0,21.34,6.91
0b06ab1fff554f498bdb9558a0715e21,2,ac2aae8b968844d29eb0b1c3aac79c08,d1c0b60605a94f10,10.62,1.89
0b06ab1fff554f498bdb9558a0715e21,3,034dee0110284159a0531dd6ec48698a,14a3874c42cc490b,13.98,7.39
af83f6510b544c00ae876dc9240f5bbc,1,0fc1e9bfcbdc48fca08cc9a5b2ade220,a31107eaba3b4aa2,5.55,1.93
af83f6510b544c00ae876dc9240f5bbc,2,76f93827c2834a1c80f49fe8a6705f5c,7e42497c6f5f4307,19.94,3.85
6406dfcb4e6145588676eaf8b386df76,1,21f0757223e4425ea68a6015c046b7f8,20c2288fd7fd4578,24.96,3.24
6406dfcb4e6145588676eaf8b386df76,2,9d1bca6501c2453c8c23f64d3f17f411,b254bc728c2f4674,21.0,1.1
962b54c9ab1140fb80cae78aec881040,1,b93de88d617346318a5909100f15b8f6,7f44724adcf34acb,22.15,2.48
bbe867b8780e41998dfb10119ac12d3f,1,dec1198b5b4045a0b908ed5687a21250,56a4f4e63f274145,33.2,3.12
f54f0f35ff29466eb4c2f125435689d4,1,d9097cfa8c51483b832eeb6f20fcd0de,9701f960dcfe47fe,8.65,2.94
6d0c364a0cfa40dea0a665367941780e,1,a846730c9789475b91cd8753e5f8f776,e8d1945dbded4984,5.08,2.61
112f61c2c3b844aeb6330cccbb3e3425,1,e93f30c45a2c41be8248064d20932d54,106b9ccf208849cc,4.75,5.86
53a22400f22f4588a23d0f2be4adc7c1,1,5afe40d2e20e4df19fa6b98ec97ed020,30cc3210f11b4231,11.8,1.23
53a22400f22f4588a23d0f2be4adc7c1,2,0e81643bbe594b4a807e89eb0a57c45b,fc220245e1c94d2d,15.75,7.74
d36ad1d05dfd4f4d97f7ed85498ac664,1,f61b77a44720464cb0a2579e276c4eab,d100e53568594b66,7.75,5.54
96b76718f63d4f2aa8681534d09f336e,1,6454825ce6aa43d28450f6fc1ec8be40,48b2d5d52a894646,16.85,5.19
96b76718f63d4f2aa8681534d09f336e,2,2baca79e180d40b9af54e11533daf8fb,5f2bdf00179c496e,4.94,3.98
d285c4a3c7164d86b95c0a513c33e9dc,1,4ed76ee6d4984a45820aa001b5cb9ca7,15df38f005ec4171,32.68,6.8
8f6d37eb352e49e885fed50310f67f40,1,bc3162d4643f4d00ac989b050c6c3c47,7c92e4e772b3407d,24.57,2.65
ffc50517924e4acd9596f7bae8cdaeef,1,8d31265fb6ae475f9fe6e221f7e47fb1,e117db3fbbfa4a0c,12.33,3.96
ffc50517924e4acd9596f7bae8cdaeef,2,013281e33eed427ebbcf308838981783,d9bae96540584288,34.28,4.22
ffc50517924e4acd9596f7bae8cdaeef,3,691a9ac7d50a4f0aa6d5d9179a3c4245,12c10f5630de4585,32.57,3.62
24ba26e2df11462a84a23d4c0848147a,1,4e83712b32894e87843b1bb72d79c745,0df349837a2e4ea1,21.15,1.23
9c9653430fad4008b2b3670021295cf7,1,b39b0ddb73d444a09b3909d9612b74a5,5080991d608e48d8,6.07,5.18
9c9653430fad4008b2b3670021295cf7,2,eec533acc3a84735a4120f329da55c92,1e560776bad14f82,3.74,5.2
9c9653430fad4008b2b3670021295cf7,3,3228f2c190744fe1bb91e9332103b866,703ae3cef12d491f,15.91,7.27
46a9e0aed5ac4ae986cb14e4dfb11e8b,1,47a99d9a34fa44a690a6c40909aabaee,71b77fd46ad24a85,6.26,2.61
46a9e0aed5ac4ae986cb14e4dfb11e8b,2,bd224408727a42289f88a63a0dbc08f8,a282fa1bb5d649db,16.83,7.66
8bf2b50e830d48b6ab9054511af7e8b1,1,ab8b3cfd476d4770a06dcbd2ba3c33ef,7608d682792e4378,1.73,2.35
8bf2b50e830d48b6ab9054511af7e8b1,2,84f46c38514341a8af884265c0e9bc55,2a5204fe2d9f49d9,11.42,6.42
8bf2b50e830d48b6ab9054511af7e8b1,3,56b970e2eda34377a6a59b1cce72460b,d0c308dc3ef5453f,3.08,6.94
30a98a6427ea43aea3f572d6d31d6aef,1,9a3d41b7afe241a5b7ba8bfdc6871319,9f60e662aeb14e6a,16.52,3.01
23be46acfe144283b1521f2784feded3,1,097ba34c64ea48359a662fcf630f3d63,8acd5ae0f0c74f57,30.34,4.92
55447778ad8d45e0b27019e80cb87c82,1,11a9bfd6e0e14cbdaec44dbb70b56253,f5c5a3b6898f4c19,14.09,2.35
b36012d10dd44fdda7a6529c14b8fc63,1,282a0e0938cb43059f0c108ed2d54e11,e41d3e9337644b38,30.3,2.77
53431ad4322a48ae98daa97c32be56df,1,2913095c0928490da6c91f0e2cbf1e6c,ca161725b2fb4065,33.14,7.77
eff39c5835de46dcb84ed4e7a5cf434e,1,5ce8b14695ab4572af519f5d9c05ebf1,df04937dfcc54390,32.78,3.42
eff39c5835de46dcb84ed4e7a5cf434e,2,7ccbce03a5994894888d465330ba5faa,c5d7bf89c7724dc5,18.46,6.61
eff39c5835de46dcb84ed4e7a5cf434e,3,af9c8f9191bf42268ec2f4da97633c06,00806f867a904359,15.96,4.54
8ba75881c3af46a6a479f7265a9588f1,1,968a758f69dc4f8a8685ed20994abf67,3b7d6a259f7f4652,9.08,7.78
7638412a5f8e4eff9feb973cadcf26bf,1,f7a310a503d544b6a8ea728ec2d55c99,3ea1379140774c0f,16.35,7.0
4830e21ba95d4d7988714f511d3dc8b8,1,0eff26a3b0e1445392f27753d9181acb,c2fc52d34ce048d9,7.61,3.32
f40bfef5ba694e2e835f39ace1e6fe3b,1,526f2cd79eaf4fbcbde6d5ce25bd61f9,283cb6214d1e4ee1,17.99,4.62
f40bfef5ba694e2e835f39ace1e6fe3b,2,e1e4bf8e9cc14b1a9e652af9f88268cb,1b843c538eb2446b,15.8,6.51
e47a8c8828884685887cf13e1edd5e02,1,2c0ba177440340b095dfafcf7032ccf2,0efa404970e94f8f,3.48,6.87
3bd9bc7208cf452da45e457706c5c216,1,8a78641be19849deab48093e3346584d,94b7f6bc88a14418,14.17,1.98
3eeb2ad8ddb24cdb95d9e4524b3deeb7,1,3a253c89479f4a7689db64fb5ab93ffb,90d1b65845434ee7,14.52,4.66
a605f4e400c34283899c7ba02466d5a3,1,1645a241d5f54847b4c754704163799c,ee0c685687654615,33.52,2.33
a605f4e400c34283899c7ba02466d5a3,2,f24864df9bc04029a340ac2324444074,a727d676604b4cbb,8.57,1.57
a605f4e400c34283899c7ba02466d5a3,3,efeed8090f9c4c3488c14020a72d6dd6,e3f7f105b48a445d,34.77,6.73
a605f4e400c34283899c7ba02466d5a3,4,e6c75500146546c79b2452573efe9524,e791ca3cd83c452b,28.27,7.91
6d2c936525504e95aa406ba0c09d3359,1,862d0a64ee2a4d3dab5be4f759028d02,be5125c6256642fb,32.05,5.56
4344173cbfc14c53a5c2565484feb9ea,1,9a7ce232376d47d89ce8d8ffb62133f7,4e26aa0108f44d7a,25.19,6.46
4344173cbfc14c53a5c2565484feb9ea,2,36454dd58a134d6082443ffbd5cb9413,52af58d44e8c43ba,31.67,1.97
4344173cbfc14c53a5c2565484feb9ea,3,3102d12d7bdd493a865b6eb55117113b,51b18a638f104fef,18.09,7.8
cb79ec1f531e479383f8b5e57065a339,1,f6c3cb23aa9d4b3ca8f23496572a8588,a24ca2dd652d48ac,27.23,6.61
cb79ec1f531e479383f8b5e57065a339,2,58519049bc954d0bb758a560eaac3bcf,373b30bb025e4c99,27.1,2.22
cb79ec1f531e479383f8b5e57065a339,3,d576d0a9c16546518357b798e610e476,b62f9b3ab60c4df4,25.22,2.7
1389f1c9e62741cda7a92e8154dc93fe,1,d62c96dd7774476b873142035130cfec,69a4bb69748d44f7,7.9,7.91
820acd16b0f9497c9c16db3b6fefa84e,1,022355e6868c46e7bd0360654118e1f5,ef17544943ed4a17,31.9,7.13
820acd16b0f9497c9c16db3b6fefa84e,2,618ae5dda640415b94444504efa3f651,8ad41c0611184c75,21.97,6.56
820acd16b0f9497c9c16db3b6fefa84e,3,6354d94add2b4b31a19c4e72777b74e9,145c61499999481d,6.11,1.43
21f05c1c2b7c4f2181be8ad2f295a21a,1,db0502bb999e4d9a87738bf7795d63cf,ccc0c536676947b6,25.46,7.03
21f05c1c2b7c4f2181be8ad2f295a21a,2,335dbf41bc4a4dc68ef6ac5810586fec,315f7127272b4551,8.12,1.74
bbe5fdbb8d954f47a24037626ac24ff8,1,d83a03f00f54469f834a5c41b9e28431,8722b546a82f4cfa,11.53,3.64
bbe5fdbb8d954f47a24037626ac24ff8,2,ed0c80258f05460ab425cb689c2e7d75,6d67dc204cde44f3,11.38,3.73
bbe5fdbb8d954f47a24037626ac24ff8,3,6c33410b23344fd7afc811aa58e4013e,74a9026a2d5449d0,11.86,4.01
a4f1e4e541dc452281090b84aac19c0e,1,9c4b4603d8ff478898e0ab400c713e6f,24797d1bd4f94daf,21.7,4.19
43b4aa2acf894583992a8a9cd44d5f8c,1,41af3051abb14b5e9df941c90cd24943,39f3e8ba8b6e4743,32.74,2.59
bf0a30637467403690ffaed77565409f,1,e22373d15bf24774a267b58229fd65fc,b76dcfd87e814d16,30.98,3.61
bf0a30637467403690ffaed77565409f,2,cf376b7adff44f3e9d82b1ee6bfafa89,fb1f375aaba94349,23.59,7.22
0a55cec459814c709dd350d78fe7db7d,1,283d1a2d7a6c4ef088ed2e7d5dffef94,bf1af647751642c5,32.6,2.18
f714b2890cc64ac294b850391599e873,1,10c00e3ef38e4c20affe433c19afad58,240f6b529aa14c52,12.09,5.04
f714b2890cc64ac294b850391599e873,2,4ff7c99741ce41abbb69e625ed7ae547,9bb832379a7345f7,16.82,2.02
b0a90eea9c6f4e679dfbf8ea6df95f22,1,9c4723fd1bba43cea2b19e5d1e2166c6,d2c1a1af4def4530,3.61,2.59
43d634cdc30f483f8d62f83c53b3c4de,1,c6c1a1c96ab7409f81effebfba5feabf,121a74ebf94e4d2c,8.25,1.69
43d634cdc30f483f8d62f83c53b3c4de,2,7cbc471def3d44919b0520653fe2458a,1c9c05fb023145a6,33.38,3.03
76924cd4fcbb40c1aa12b033de724974,1,1975a32cbb9c419db8940a688c97a810,1256b92d5e6f4484,31.81,4.73
e23a81609ab3416aa182ebef8beb3193,1,85ee9fc037c44caa9ef03d95eae8460d,7165267bbcb543c3,18.07,5.53
e23a81609ab3416aa182ebef8beb3193,2,bf23d0138b77441eb19678db084fddec,8de6015d3a7f41e8,4.63,2.31
e23a81609ab3416aa182ebef8beb3193,3,62078cee17894b3ea541a042ab9d847d,212055f1081748e0,13.98,4.36
a4251c437e5a48b185df4552aeef36f1,1,03a1ed7a9b4c4898ac91c2682eb09d83,529701908d914997,1.98,2.43
aba9d2d512584f5bbffbe4f6a8bccbc3,1,43ee646887964272be43e12a89ada3f9,0a7ce2de3ad0487f,33.86,3.67
1ba3eec6b7ef4189a64ccaa2152ffe41,1,9bc025127766400aaeebbb7b0a7d4a08,88016185d63a4b5b,27.34,2.17
a233c91784a74be48d3912519b04b735,1,ebb1417c20b64435a5f250cf98b981ed,472104c07b7e4ea8,17.64,5.23
b9df69f376d940498e9ec54ab5b2ce35,1,0c3eb367360a49f1bf54418ffe72d21c,471fdfd147c14b99,4.06,2.95
b9df69f376d940498e9ec54ab5b2ce35,2,8b9ee7bebebe48f8a8625da73ee46a90,1153437ece2a4f92,17.47,3.55
b9df69f376d940498e9ec54ab5b2ce35,3,c8d1c8b5cfdd4cb792f51034343c3a02,bdb4ab55fb5d4f68,34.03,6.81
927315199bbf438fa0beaf901660742d,1,97e70231b8854f4a854d8100e13250e4,05073230c9644776,13.78,1.38
572906cad16c401ba899fc5a5bb8c47a,1,c2f6106fdc0d471ebd72e79a956aa4fa,a74e593340cc41eb,18.18,1.2
572906cad16c401ba899fc5a5bb8c47a,2,3291e05f5f1f4d1484996ab103ee56eb,d97c1145daf14656,25.83,7.0
572906cad16c401ba899fc5a5bb8c47a,3,3dff881b884148de8922a471426cbfa8,7e5decf4c6194f8e,27.63,3.88
9fa826547d1b47e9a338b4a90f9ad2ff,1,dcc639f11b4448d78a25d00ea100b860,0d04e5f5aaa2414d,10.15,2.58
73b3a8e0060448d490fdd76a20c795f8,1,bd03078861dc45059111927f205135e2,b4303de818e94c90,23.52,2.91
73b3a8e0060448d490fdd76a20c795f8,2,a181ba1a7dbe46d2be60f32965aa321e,63783e9e213c4142,33.34,3.31
59758206ae6547aa9568c40a300dc8df,1,54be287ea00545d18265664aeaa4380d,71a03994ebbe4e1c,21.02,6.3
f5d80e5567dd49e5a424dedbaec3b146,1,59d7962f4c624f47b6427c000edc4d37,bd95536bceb848a4,21.66,6.81
f5d80e5567dd49e5a424dedbaec3b146,2,7b1a5f7264dd46789367735c86766603,ce1abf76597141ad,21.16,1.92
e0a39c1b1088408299bb909f365f5d80,1,e8abe6ff824d4024b907d53a8fa6fc9d,707eeb061e224792,15.13,7.96
308f311cd7ea48f9a9611b311da87f6d,1,4496c98625854d54ab199328f8aca587,74e7c6b948b1477b,4.08,2.28
23567d359cab4192a2b794d0fdda1414,1,692b728a201a4b9c9eb5dd54d504dfcc,f40eab1c2c3c42fe,32.09,6.57
23567d359cab4192a2b794d0fdda1414,2,ea37632eb6dd4215990a4dc491865979,34dcce3f2bbd468a,31.16,1.76
23567d359cab4192a2b794d0fdda1414,3,c91c1d0942ad4d8dae1ce13aa55084f1,3ffa8aa1e3124a5c,19.74,3.72
d9d0190273ba4590aa3679b799e6c893,1,5199d77bf5294a70a459e972621efa7f,4977fdebd4264b4e,2.0,4.94
d9d0190273ba4590aa3679b799e6c893,2,0b62e395e031470f886ff46956b03260,834eeae3f530493d,3.17,5.72
d9d0190273ba4590aa3679b799e6c893,3,20351ad83ebf49b7a5bbad2745372308,d35810423d794b04,30.92,4.04
d9d0190273ba4590aa3679b799e6c893,4,7fa869a9ed334f5aa69548b9ed96f10d,2ed31a56120243ef,4.33,1.67
05ad80bd338f4afc9617c7b4e1dc2af0,1,d361e355140242208a18411b40f33299,c499e9af958c43f8,5.81,5.07
863d3ec3d45749cea45aa7a06a9e99f0,1,a9fbcba2d2574afb8ac589f4218435d1,63fbe15e0927442b,16.84,2.78
863d3ec3d45749cea45aa7a06a9e99f0,2,bc976e49de5c47998fbb6e079e034218,c1f1364633fa442e,22.85,6.94
b77f7564eef14197bd9ea91b955f886b,1,acba76b5b5bd4256abd0dc8c5dcb6e97,4d73501f39264dad,4.92,3.66
a1a7b4ad51e74db396a16f9a47e502bc,1,f4cf3f1e225a482ca1e68bd355bfa033,65d0ee55e79b4eef,26.76,2.33
5667da78e16f4887858456004eb563a1,1,807e60253e394387bb8eb45557ec7290,1efe5942155242ab,15.81,1.81
5667da78e16f4887858456004eb563a1,2,33c3f126568f44e7814817a0f6d95c8e,59c8a9b9ae9b4ceb,20.76,3.75
5667da78e16f4887858456004eb563a1,3,f67c7d72d2774a9096b5202dc9edd5f3,eb4ee306b0a6430d,8.39,6.31
d1865c48ae3140599992085df050643b,1,29944f3d40764220ab6a440234fe145f,7e60921d6b6046d8,2.8,4.03
c821043ca4a54aadb806c08b1851f6ce,1,675548a8d40a4aaab00f4767a73cf40f,1fa1b52c7db64d3a,34.05,5.53
c821043ca4a54aadb806c08b1851f6ce,2,a5bad1f839d04afba45406160d1d2827,b1fc7a52f55b4fc2,6.59,2.61
2e87a78fc8bd463b8a1b047d9a35efb3,1,4c75294342234498b4a198299b5ffd9f,858c8482eb944f63,1.72,6.61
2e87a78fc8bd463b8a1b047d9a35efb3,2,50ef7ffa3fe445cf8d2702f31cf2f92d,3f75e757d3604b64,14.43,3.12
3994679cedae4c7bad42c4deb2c09f06,1,c44c2b13503f41a1bbbd0f774cb1dc98,bbc8852e69d24135,20.04,7.61
3994679cedae4c7bad42c4deb2c09f06,2,1c2da2133c464904bd3438ecf04bd25b,6567947bec394f04,13.52,5.07
67e5f5ee75124b4ebbecc0f029ec9c82,1,24e4be2fc0ad4e67ac9d1c7ac4c032dd,0c8d85ec7fc843ce,32.68,1.61
67e5f5ee75124b4ebbecc0f029ec9c82,2,a7b37bf0f3ba4075b98290b44c447131,a4cb24d9193b40db,16.14,6.88
e137b1c4b994411bbe065bdb0a180c34,1,cc6e1dae3c1349abaa8817692442c0cb,5f3c67755ce74061,21.28,1.57
e137b1c4b994411bbe065bdb0a180c34,2,5eb4fdedd5364bd88e350467254d9133,3b073e97a3d448b4,25.91,4.99
ac386a2028e748fcbec3d202a82b1da0,1,91cf926c40754acb9076131a5c2fe336,0677d7589d7549a6,20.05,5.36
ac386a2028e748fcbec3d202a82b1da0,2,a29f84e0bc8f47d080c0d69414d6f327,2175b60f69d349d8,32.99,1.89
e08fbec8d5a24b4eae33675abd858b31,1,cfc3aa6ff62a41fda755a8ff46a2f80b,c404c746d0664bbd,2.41,6.2
163b647119524be1a7756527b1306e7d,1,8d13a10b68cb46e0b5c4a6ddf5768892,457d896d939549b0,25.11,5.8
f908914817e64e98a23f1cce5bcd1a53,1,b3e360fcc88a4af0a46be8afc9d5b376,910e3e9db0b943c2,34.0,6.72
61a0533b3f9d481e937dcb26b17793a3,1,5bf3938775d148618825776a80f9ee3b,bbbc7e6514a64239,34.72,3.37
32a8cbe4a5e146939445d66a2e4e0d7c,1,8ac7acc53ac64f15822b8d8dabb6cb23,9ae985461fe94a75,14.03,5.11
b9e87e8c73f34842a0590752344627fd,1,73f90a001ed64f089fee2a02f51423e7,b4637efd218842af,10.12,1.22
cb9aa0a4238149049f0d348fca78e958,1,7055cab1615e4f5abf05403e79c7f066,8fc9b9a0cfe04c4e,12.46,6.8
cb9aa0a4238149049f0d348fca78e958,2,b83dd4b012624736854135450a0e8431,f06a8f9bab0b4dd6,6.65,4.15
cb9aa0a4238149049f0d348fca78e958,3,42dd7619afcc4e74948f3cfb1a596b30,2c37a5e52e7642b2,31.25,1.05
0918279493be44598dad6638263484c9,1,5db9a5410f774ca5a7f60b2c670e244d,ef5a5942436c4db3,11.13,7.76
0918279493be44598dad6638263484c9,2,9bbf950b0ea947329dd7dc54d6bbb646,f799bd97405c40c0,28.16,7.23
b9ea53708802466aa81290a0c58dc9fe,1,3053af6d294a45b0a58f48af957cca23,a69177c1c1264b95,5.24,3.92
915b390c2e5b4f3cb29754aa9bede38a,1,f9131140c6b94dcd92bff91aecdd3009,0370f237512d46eb,21.74,7.41
33cacf6ebab94786aa40c97e5ffa63ba,1,6a9182c23897450a93f1b11328364d26,bf92d2a796234720,31.23,4.52
33cacf6ebab94786aa40c97e5ffa63ba,2,d2fa5c4bc50c4b9db3663f12c9296967,750eacf871df4530,28.31,6.4
33cacf6ebab94786aa40c97e5ffa63ba,3,ee5501873f684e59bca6906a02402058,4281c4161dd5483b,31.29,3.13
4c3cff12dc254c28a75518e473a16612,1,0c6a0762152943c48a14aa5202f452be,69f5bff71ec04f3a,3.91,7.95
4c3cff12dc254c28a75518e473a16612,2,fad9f21686e7493bafb1e3361718290a,60484451dfb442b3,13.48,6.95
4c3cff12dc254c28a75518e473a16612,3,f51965a0bac54d8f80756dc49aad2670,624c372e36614b7f,33.06,5.14
4c3cff12dc254c28a75518e473a16612,4,67bf4a29afa44a6d87d1f3e2867e26d3,10f7f5cb68fa4186,31.22,3.03
9ec09b90d51e402b866be87bdb26c2fb,1,f226fe4c4a8a4d6ba0182fa039bbb5c6,7dec00d394194726,29.73,3.66
a6a9878a1e6a4be7b2f391b77520058a,1,5b500580b3dc404c817abeddeee0b545,34e12e2d0e474f67,13.38,4.09
b3ee3b44767d4c379773e95a0f104d39,1,ef088c13f6f04a188dd40a4f5371b31b,dfcc862cdb3c4e69,10.7,4.96
b3ee3b44767d4c379773e95a0f104d39,2,59f46050f2b944558a8b893c53adfc1b,35002c40be394ab2,18.59,6.45
8d85c779d3cd4b379845b49831e94a14,1,77d7d1a4281e4a5caff1ca8df2e6c05c,5b467f8a44434e0e,2.87,2.45
1e768bdbf3a5458bb27be4ec3aa9120a,1,46b046a3e4fc4f2da5f01bf456cbd4ee,4274d40a4da34b99,10.22,6.71
1e768bdbf3a5458bb27be4ec3aa9120a,2,43fdccf108dc43848f25c2ec801842a3,b5fc4c29f2664b0e,20.95,7.9
5bbc2fda1dd64d3ea192ac388aa31ac3,1,aca704f64e294ed1917cb5a2673e0e5f,bc2cfb16738c4ae2,1.78,6.82
5bbc2fda1dd64d3ea192ac388aa31ac3,2,4ae993cf382f45489a5260fd7aae4b3c,cd1a81643b844e2a,32.74,7.07
5bbc2fda1dd64d3ea192ac388aa31ac3,3,a4481ee333704f128b0cf35275921ac3,18369abfe817462e,10.08,2.14
c7b28d81ae0d4e1ba1fe9e7e3870ade3,1,2f1e28f4cfdc474187f82b9364b974e7,1deb74559d344e60,28.44,2.38
c7b28d81ae0d4e1ba1fe9e7e3870ade3,2,6e8814d9297f4289ad88fed35d0ccca5,c8591d740e8e4c3e,34.56,7.47
c7b28d81ae0d4e1ba1fe9e7e3870ade3,3,9499346cd1bc44228728f7cadcd83079,9214d04d8ecd4e13,8.56,7.57
c7b28d81ae0d4e1ba1fe9e7e3870ade3,4,077c963f4bb94054916d86c5eab4b5d4,3ae2982a09784241,1.64,2.93
628e20b52ede4302862cc82fd817b6d1,1,5426060b38e34b339b4c1479f4c3d328,7e4f8bbec90f441a,17.02,6.94
628e20b52ede4302862cc82fd817b6d1,2,2b2711a1911841c6a9a5631503f74b7e,e888fb754db045f0,28.09,2.31
628e20b52ede4302862cc82fd817b6d1,3,7524d511d6394a708ba02a39a98f3068,f712d8eeccd44044,28.06,6.99
628e20b52ede4302862cc82fd817b6d1,4,391e161f21e74ae787e57cfa83f7de9b,35d65803dc4c4fc6,1.73,1.39
b7ccf741b8ac43638689879d4014d2aa,1,f55f115888dc487e8d5501c2921cc888,2cc9e6c5cc6f4afb,17.07,3.03
b7ccf741b8ac43638689879d4014d2aa,2,1d3c5c66a6ee4e71b20699ef97cba1be,0cceaffada134f50,22.59,1.33
69f296882a244b86b2aec6b9538c2619,1,dbc5aa67e580408c8c489b5e600cfa8b,186b3a39b05b47c6,13.98,4.45
69f296882a244b86b2aec6b9538c2619,2,9596e2a57110419685dda2404b03d73b,4f93518e3e55438a,24.8,3.62
5d5030871edb48f8808a20dca7875a15,1,c6c19180c4744ed58a2521103dcb0850,7f921945d1684ba7,6.96,6.66
c9400ea9201f4aef98edd8f115c895d3,1,ddfac78599334b239831698f44428e1e,cece63d0cf3d4ba3,14.71,4.11
e6e75c65adee47c2bfab3a1191b694cc,1,1125454533cd4ec2885f8253357e9c1f,ec14a4331361402b,11.38,7.35
c6a2c3c54793494eb363e89e6663a0da,1,2d728d5498c7430e8c945334add1d64a,0045f96935ae4a25,5.15,3.18
eb64b62dbbbd4055988aefde68cfda95,1,61d3ef8dd4c745d6a945fbd0ee38e748,45777dff34844d3f,34.65,4.38
eb64b62dbbbd4055988aefde68cfda95,2,113a7127d2944d0583063e1bfb700879,c081d11fa87b48cc,7.66,5.54
924c6a2a6afd40a886374326ae2e2f2c,1,7d9b4d235f2c49729ec7351dc734f26b,c0c731e374a84c2c,3.98,4.59
4b04b360c35e46f0a45783f292ffec20,1,1781f80a991e4f6ab3f6121b2f4f1711,9b75ad9f32c04739,6.75,2.57
4e88584251b44bd884a29566f4c3a33d,1,c0834dcad07646fe8bc98f8d0663d431,a32f7c08fb97404a,33.44,7.46
4e88584251b44bd884a29566f4c3a33d,2,db489ea704ab43e2985a230250b72b5d,bc270255ba8a4d15,24.43,4.62
6e7b7e66f992441ab456fe5bb19dd76c,1,728552584d4c4b9ab3c0bd334efa50b6,e48ae1648f814493,18.77,7.99
6e7b7e66f992441ab456fe5bb19dd76c,2,449f3de4ef2141948593ea4129a5dcd6,f74f2fd88afd4be6,16.06,3.5
0579c2ca9ba2437182802fe35a0e0944,1,ca6e3b55ac49499aaa04a41b46ea8f1e,682ce54931e640b8,18.8,7.94
7eeeb6541e7d4808b253238d19d068d9,1,c9941d9743d7436b93a7edfe5850f82a,f962d87dcb034aa3,2.57,2.98
7eeeb6541e7d4808b253238d19d068d9,2,e3ff156ca79642a3b4106e4f626c8967,917d2fe88ec34ff9,19.96,3.99
7eeeb6541e7d4808b253238d19d068d9,3,926d1fba9fa045d2b7d23a7dc94c278f,6b3b30fe46084c09,24.57,2.45
7eeeb6541e7d4808b253238d19d068d9,4,2483e5ed83964e69a181ae5e2305b1f6,39cb33cb8b844062,9.98,7.23
837474b0cd074de9bbfcbd23f9d4eb6a,1,5e4a642da38e4dc9af4077dccc8a9829,ff7eedde48074e80,1.75,5.37
837474b0cd074de9bbfcbd23f9d4eb6a,2,5c4b005f58d8496dab654b5e8dead598,9d874741aae949bd,8.58,3.44
837474b0cd074de9bbfcbd23f9d4eb6a,3,e9d3c452c7004a7289ba7767231885d9,baa235e8e3e94290,23.15,4.29
4933134a64ef4d22a757d0c38edb55f1,1,f43225f624d940ce82aa6628270a82e5,0c5cec2a06ec4402,21.74,2.28
a0298bca7d5040e3b2543b8d17dfb18f,1,d9550d0775d3428ab5276e3aa53142ec,b2c895e66a984041,29.93,3.7
a0298bca7d5040e3b2543b8d17dfb18f,2,9fb01d1165dc407793b72ed56dde3cbb,4347f67096a04fa7,34.97,7.66
16d0a6b8325e4848b2c5fcead548723b,1,4a07784f759e4126b91f087948adebba,a7f26ce62d234c98,33.98,4.79
16d0a6b8325e4848b2c5fcead548723b,2,ee153a28a4f34106be2a3fb40b8215e7,c1a831c93e9942e3,10.6,3.18
0ab8e72e3bbf4519b73083587e6f9d15,1,e8789282e51549abb10cae0483244580,69579a38a1f448f5,23.27,3.94
be766b5f5dd746739a0bba8d8f336af9,1,939502eed9de48358e290673a87c4b89,43ab30c31f814a97,31.92,6.97
be766b5f5dd746739a0bba8d8f336af9,2,0aeab6387baa478f97796da6cc8bd0e1,424222fe96434bb4,21.68,6.03
be766b5f5dd746739a0bba8d8f336af9,3,c6cbb297ebd1465ba8588855a676f2e8,049efff598ef4d42,18.64,4.36
07bb204f772149d4a58c552568a8c17e,1,c20cf181d57c457d91f0f0657ca5d0d7,7a728150011b40de,32.5,4.46
07bb204f772149d4a58c552568a8c17e,2,a92a341f493d4cd09232683188a3424d,0cd941e71788455e,34.53,2.39
07bb204f772149d4a58c552568a8c17e,3,36e777b985874b81a2014092d77578c6,9bdacea4fc0f4d4d,14.01,6.95
07bb204f772149d4a58c552568a8c17e,4,6c6b089a5fd54039b93b02a90c0c6820,2e39223e39f04914,27.77,3.04
f265007d9e564db297315015b4edd5da,1,d8070d72eb0e4348bf1ef9c7c62e962c,e09a53cc68a0477b,34.13,2.22
f265007d9e564db297315015b4edd5da,2,0c7ea0435fe243c79eac23946372c75a,eeadda02f5584a7e,23.89,7.5
f265007d9e564db297315015b4edd5da,3,87dfe2b8a5e34713bf6d6f0eb78007d9,12c5c5ef7d48476b,13.26,3.16
67fa657a3d6743f29a3befd24279422e,1,8771b595f3f64b73a03be877991c44dc,8174b51259dd4731,6.73,1.34
67fa657a3d6743f29a3befd24279422e,2,fd91f0df93db437090fc787bd66edaa1,03b90b217ece4dac,15.77,3.85
5949c5b3085143bc96edb6748b3f973a,1,b24fc3a284394d43bbf0ddd6887f1ce1,c8c14dd602b94433,9.09,6.0
a0871a20f5484190baaff7aa5e32fc7c,1,3a023d5438bb4f549599db62bcfa61b4,11e5287488d4430f,12.34,2.08
a0871a20f5484190baaff7aa5e32fc7c,2,cdc11a80e5d34be1afe44492a2517ccc,32fd90893e544c66,20.43,1.32
c5d1b8f01d1b41fba019d2acbb93b94f,1,f918622bd53b4408bc342330a2a3dd5a,77f5518a8fa64bff,4.17,4.49
84c8f81140c2454c8e08a4d87a75c6b5,1,fcdff50bb28443a8b1d3fcc46a0393fb,3a34790a714443c1,28.4,3.73
276d96677d3d4535a19718d7bc89f353,1,e1a545a4936a407fa361d57bc458c957,b1961ec29c584825,30.33,5.41
276d96677d3d4535a19718d7bc89f353,2,b3370f00af6441edaba6e0c3ba813e2c,d1f7efb25e9e4b62,25.26,1.87
276d96677d3d4535a19718d7bc89f353,3,1ee53feb28194f4f851ccd4198e024f4,ff6e7ab72cc842af,15.22,5.41
4847d39f062d4b899994bec745b9b81e,1,871438c516ef4d6aaba878ac98b3f4fe,3bdb724477c84562,22.73,4.07
4847d39f062d4b899994bec745b9b81e,2,5c89544d98ef425fa00717da82f6844d,7f4e39df168647b1,26.24,5.01
4847d39f062d4b899994bec745b9b81e,3,d3e4fd08bc224c8094044fd32864aeb6,4b02807e54694d64,12.94,4.15
c717b5529a2c4f4da035379ed9d08bdb,1,81afdb50062a4e1e941b37b8c5155ede,b0980b74ca944843,17.18,7.43
c717b5529a2c4f4da035379ed9d08bdb,2,2b21ecd21d94427aae720f23fe9d4204,50f188ef87014621,14.25,4.93
1807405df2034209995dee11b6c6689f,1,e496b84566624043bfc50310459c3941,5776a7f8158a47e9,28.17,6.25
1807405df2034209995dee11b6c6689f,2,52948c0e66a54d5b806cb537dc4d1836,25154d0ebdad47c7,32.99,1.13
8125752255ba4a0794397a47f4fd30d7,1,311813f8bd4c44f1a34c4d5b0fdf6f87,f8b8f136583a4044,27.33,7.17
63102bc1630e41da923c576279c2c1a4,1,5cc83b6eddf04d769933518499991d65,2b44291dfaf84aa8,6.12,3.94
dc88fbdd948e4a5b96197e64e15fc560,1,806fb3de82974740b588fed9ebdee6d1,99aa69f7214b483e,3.86,1.94
aca58d2a3d5046a286f3cdc1119c6aca,1,aec12acee5f94b408a0831996b7b4b75,76eb1adccf364552,20.29,4.28
04dec73e64fd4c908e5b7f10b1424d01,1,d763446e502444a5bc6f538651133a16,88e8e13d717c4f0b,30.92,7.4
04dec73e64fd4c908e5b7f10b1424d01,2,c9487bc559e94093a350184309b4fa3f,1602b2e405d94cf2,9.75,7.66
dc665c478c2646c38836b9a52dcd9615,1,ae19bbca02c34f1ea640a3f0a516ba7e,27069cedc6284ba9,29.11,1.59
33767b0e1dcc4f37b8e14fd065be268a,1,38ade4b0825d48fd893e2b3c52ed9421,6d5c1d1a34184910,32.6,1.42
33767b0e1dcc4f37b8e14fd065be268a,2,7d99b6cc809d412eb48227e11d1c045c,22e2ea75de434cce,11.09,7.19
b1def3d413fb49c9a7790354a948d68a,1,62c3098acc114eeca920e66f45ad95f0,6f8de486e28c4ed9,27.96,4.07
56c4580c49a3490cb14ba000c5b3274a,1,742f87f8b3b14e4cb413ffb060d819e7,ab2a79cecc6944bf,11.04,6.9
56c4580c49a3490cb14ba000c5b3274a,2,187ca58561cb4869827264339625dfd9,79d48ff1773e4a37,23.6,4.26
a8c9fe252a224b31bd89078a65c96782,1,c2394e508c874c29ac480486db9b25fb,af7db84b539c451f,6.94,6.51
a8c9fe252a224b31bd89078a65c96782,2,543ed46562484a858549ba7e7aac1236,b9147baf785946a2,29.05,1.31
a8c9fe252a224b31bd89078a65c96782,3,217871901acd4f72a66b3e3c6339b16a,7c981b50e52243e9,13.2,2.5
f1ae6e9ac82746d7bdb913a835c44318,1,058fd766ad1448c79514fa654daca34a,8b68d615e5ac486f,7.34,7.06
f1ae6e9ac82746d7bdb913a835c44318,2,8617b5486a88445289c9d70f4f79eb98,93aec7266ae847cb,14.14,6.29
3d16fb79c3844f0591e270190327a8b5,1,44de9b5bcb06448997246e6c75c63e87,9b27c2c1e1e740af,31.74,1.74
3d16fb79c3844f0591e270190327a8b5,2,83f01e49f04348cf9f4d0642d14f61ad,7047dbe9e9f448ab,26.29,5.83
05e14f4acdaf426b8d8cfcb705cef9c0,1,3716b0a9c1aa4e2285fae0d0ab387af0,b6d38e0166834698,17.56,6.18
05e14f4acdaf426b8d8cfcb705cef9c0,2,7c95ceedf75f43beab3f080b384f3e87,ea7b59b6e9d94b0b,17.01,6.52
c22c89a614e44bc59e182786f41e20b8,1,d1ee9ff4f24e434abf3fc38f156a786d,8e4ccb5fd34a4c37,14.72,5.03
c22c89a614e44bc59e182786f41e20b8,2,e6be69c619a94a21a791ec83ea88ef85,33b6ee21b5f145b0,30.45,4.14
f711087a25c24ccf919fe8d1df5a72c1,1,4307ae43f89544a29ea945d3bcdfee60,149ca63cfcaf4886,19.96,6.18
f54659c149c741ada7323bfdb9ff7799,1,08e5380694c74ab1bf2f2f9af03b15de,a5f3292853344e5b,8.1,1.98
1ee374f2ca2f4e5e858c290988ca7845,1,52f8dcabd460482b9d7e640e8f4f36e6,3777342bf85d4ca1,29.41,1.72
eb8cd3e424b7414bb4f3f6c81340535f,1,d860595018f44690a794de99843ca778,02beccc285084695,20.98,3.49
5e5fe410b62b46919262745a31eb15f7,1,23d7d1dd35d64829b63aefbdf9ea2ca7,f51f556eb44b4ad7,26.81,4.03
1987fa0ad321463e9ff8930b97e9a835,1,5991de7cd33d4682929f6d5c0603eaae,a9208e335f034870,1.51,2.37
1987fa0ad321463e9ff8930b97e9a835,2,67ff0072bd4f45c1b8f0356037d91695,6cace79a0b8744e1,22.73,3.18
1987fa0ad321463e9ff8930b97e9a835,3,f78a72dc647648c29f12cfd0072e7099,719a2d93b4ab4a94,4.73,5.1
40d8f9cfa7f046a79170f7f216906ebf,1,002ff6d8836e4b18b2e54372d005672e,d38a984acce64767,28.5,5.72
40d8f9cfa7f046a79170f7f216906ebf,2,6a3b778426bd433e8b50c8dc255a3c42,264fe12e514f4bdb,4.92,7.23
40d8f9cfa7f046a79170f7f216906ebf,3,13f6f4eaba234695ad583cd3b7327cba,aaf93a8a602d441c,15.38,7.68
22cd466d62fb4d29bc6d40f986e7387d,1,be254d575be24ad789d2660dad838cfe,afa3285304b94a1b,4.02,4.37
e9b1e028197c4a8c94aea070b8e368c9,1,d225ca32eb2940d581d3aeb2cc75d403,a4929d59aa874000,4.93,5.75
e9b1e028197c4a8c94aea070b8e368c9,2,588f9564124a493f863834418445f05b,f358e839840147a5,30.2,1.85
e9b1e028197c4a8c94aea070b8e368c9,3,c03d3e5892a244a6aadf39e339311313,9ccfb674a5a54f9f,2.27,4.11
e9b1e028197c4a8c94aea070b8e368c9,4,a0dc0f3f9be640889d32e30b5764221f,b2766d8c8d1f468d,29.87,3.43
14383a058a8249108dab4eda41bbb6e5,1,dd0fed32eb9c49aba6fea8b6bce1531f,dace88500d1349c9,18.02,2.79
f618c4dfa7344c6cb53e653a5aca468c,1,e26ee826578140acb110ae759ccf20b1,b503dc5b0e01429f,6.3,6.12
f618c4dfa7344c6cb53e653a5aca468c,2,1bb4ba59d7fd40df8b818311c474707a,51c22693e2144259,3.62,3.59
8387f5f196eb4555ac3ef0df4fef2cda,1,195f291b41bb4854a0019faa56ffbe15,94733cc1e6164392,8.83,4.5
8387f5f196eb4555ac3ef0df4fef2cda,2,1fdfbf58cbff46d9b79863ecf4a930c3,f8683b5097eb4b3b,19.44,3.16
2b81cbc2643b4767b4ea05a669dd56b3,1,8e7e1382391442deb66356a3b8754ca2,18a6b576b9224a33,19.69,7.76
2b81cbc2643b4767b4ea05a669dd56b3,2,6decb1dd7ed44c19b85b23b13b88361c,58cad9ae724c4fd9,17.06,5.55
a3d3d22120e94ff2be211624ea4db148,1,836c677ac64f450c9aa03819d6f8e6d6,c5212de591694d59,10.6,3.43
a3d3d22120e94ff2be211624ea4db148,2,d0f692fb044342d5909db9b083da40cf,1ae3517ab9314f0a,26.76,4.33
b795af67da65479bbdd7bcee1435043c,1,f5aae69f9d1c42a08191033f65978a04,fdeec04624854abc,25.6,4.62
2875ec74ca0948deb842462c9d739b02,1,9ade7b86d46245f2b33cf203827516ae,cf4042e01e484f1b,19.87,4.26
2875ec74ca0948deb842462c9d739b02,2,4117253d8948494abe506a48cf1c2f22,cd5b714a833e4fce,5.71,5.87
0fc7620a5eb94d37b1e292fa749fd6d1,1,479dbee79f554a199df00426953e4028,485928c079c64fd6,14.96,2.16
0fc7620a5eb94d37b1e292fa749fd6d1,2,ca79cc07d22448dda061eea174a3fbd5,4c343919e9264e71,27.53,2.38
21cc115f43314411ab018f2b5accbfd6,1,cd8e5827675746e79c74bb8b86b6e09b,16c2552915c54da8,30.34,1.51
21cc115f43314411ab018f2b5accbfd6,2,fd0a94666de140edad00034b58fa704f,aadf9475769c4175,17.18,4.99
21cc115f43314411ab018f2b5accbfd6,3,828babe5005d42afb327bd8d7e1a371d,305ff09c838a4e68,30.86,4.34
21cc115f43314411ab018f2b5accbfd6,4,36246a21a2754983aa57c890748f0ed2,977316c4b3e848dd,3.37,5.75
2e21b8346d584e9d812f72e14768caf4,1,9bfbaf5585844367a3a41c932be55ed4,6933f3d2b8de4890,8.4,4.74
7e66056b6fac4fe7b4f7ba136e2ef8bf,1,2395e8bc372d4082871811bdfa8faa63,c71ef928680346fa,32.72,4.8
0e0f6a9e6bc04c19bd7d63331b44496f,1,9dedee93e84c4d7c86afb1b53278ab9c,51d6b81a318446bf,16.67,4.3
0e0f6a9e6bc04c19bd7d63331b44496f,2,8cec824fbff54f738953bc057ec27b28,6f946697d5634cee,16.83,5.0
a5e081d4654e4614bc7018111d5e8628,1,9f7dd5fa3adb4f169d4857a392cc0946,5d24350061394d40,15.0,2.76
a5e081d4654e4614bc7018111d5e8628,2,147eb513e80948bdb12353b36afa8108,ce0fec49524b481e,17.8,4.77
a859409ff4d64e9abff06587f97fe1fe,1,36e04b9d727a45bb83b521b98f6f1bfc,c45fc35af0d54fae,20.15,2.89
a859409ff4d64e9abff06587f97fe1fe,2,25c1a8a796b74b2a9ed8ae93866ccfa2,0e125ecaa9da4fff,21.48,4.12
56270eb53d42405ab5e5499dc6643fe7,1,0a54296118ae48eeab6d2246eec5ec20,a7bd43a16cce49e7,19.38,6.36
56270eb53d42405ab5e5499dc6643fe7,2,2a09eca4a968443a99e65cf5f3cd0e77,f1af4e8ed72b450f,3.73,7.59
acf4a5d2303c4ecb8a44c533fbf7eb59,1,43e7693819da4303bab485dc1c0b11ab,0ec4cf4926e14acc,17.74,5.76
3bdd1617b91b476aa43bc4ca15c54e7a,1,1d1b5d94c88e4ecfb1a3666f6d879af5,be2fdb54b7c04bae,12.55,6.86
7601d251f497461b9e7709fda6b3fa79,1,9bf753f2a0ca495cb41b79ad305fb82d,53651ae7be704f85,29.29,1.6
7601d251f497461b9e7709fda6b3fa79,2,e32294c07ca2495fba4d416d19a5a371,49da63a7d9004435,21.85,1.01
cf6f00dcbbad49c2bf5f4812ca536330,1,19bae70b6e714d23b3af9ebb76341d0d,7170f5bdacd7461c,34.78,5.48
cf6f00dcbbad49c2bf5f4812ca536330,2,c2448c05117c4e18911d0f1c8e320e99,2cb91e2935414ecb,26.3,1.98
cf6f00dcbbad49c2bf5f4812ca536330,3,bbaafa54f764464f98ac39fd9b81de6e,297222ebdb9e4192,29.28,1.74
9b699a24043148ebbb06920bd83fe9de,1,8f0a7e11e72f40599b28d15ad951eaea,b17cb531f51c44f9,5.45,3.71
1a42d6db532342498cc564a6f6c2a9ad,1,547cd9f69c12496abed5132651cb7719,fb5c4b3b15614ebf,31.58,3.01
1a42d6db532342498cc564a6f6c2a9ad,2,56ddb73e46384892af5114ef1d5224a8,1a57817bd0f84b6f,4.37,2.13
0ce9541e40db4db588445834b91a413b,1,2c905a359b6049689452c68bb0b4a0ee,59a0d9c150514e47,24.84,4.95
0ce9541e40db4db588445834b91a413b,2,1e14f38d01a144c5bab69c18a05e1e68,a69f84642a1f4845,3.99,6.32
ce6601932c984f138d18f6f1230f9af7,1,6b1a1599c4454650ac90079ff9b86278,18d21d83b330407b,31.47,5.19
ce6601932c984f138d18f6f1230f9af7,2,2c33362199c74dbfb52b4957c50c37ea,bd330913ed3a4420,29.89,6.23
b833434c67ef40cf9b4fb73eff326bcc,1,ee0ff58c1bb342a0b0dbef3932921dbb,f77f189b7fba43bd,29.24,1.71
b833434c67ef40cf9b4fb73eff326bcc,2,34e8f29d81124170a5a63c72f0aa6bc0,fb89b2daedd34b89,5.49,7.41
ee2d21c1e8ab4ac1ba19fcd8f9399f2a,1,f83dc4c59c0b4cd5ba004160e65dc76a,6b1faf74c26a49cb,23.78,4.13
b34cec187c544556b876c1f985dd6033,1,f21b2a63c5ea42e6b338041f84af002e,6a223872b39948a6,33.73,6.19
b34cec187c544556b876c1f985dd6033,2,5783b466293d4b2aab6acf40cadfe6e9,897cc9e829c84c53,11.19,7.68
b34cec187c544556b876c1f985dd6033,3,270d1e3c63b346d7a2eca8532d6ce9d1,e17678c5a1804b1e,3.29,6.01
e739ba7552304b40bc161a93e4c83365,1,a9478f8df9c140e9a1d7268cfa3308d4,e1c4091abd2b4002,30.42,1.46
ce017bdbf8514dedb261a20e96085330,1,128d5e7fb212450cbe88967a172e623e,f466c4ab9acc4e59,5.36,2.65
ce017bdbf8514dedb261a20e96085330,2,cebf2783e5324b82ba169842be252eda,51e2ebda5af34c7a,19.06,5.28
ce017bdbf8514dedb261a20e96085330,3,e90e0fb74add4560a0087be39d669f11,d0ebf305bdb343b8,33.41,5.95
b9998a7c5d3948d1a33078c5e9e1aae8,1,724c2b7627d746389080979ef3121707,f747a853a2ac44e0,33.82,4.49
b9998a7c5d3948d1a33078c5e9e1aae8,2,0a7c7acca7b04f5a93ccdcf57849f1c5,c4e19de474494605,14.58,4.72
1141dc3c53af46a8a57d293c9bfdae4e,1,3f71a6cfaeb94280bf13afbd868420bf,5b454b66106f411e,21.8,6.48
1141dc3c53af46a8a57d293c9bfdae4e,2,6a3901187b2840c491ce4c8708ccc704,3b0e9771caa3418d,27.88,2.38
50c0f45404614205adcdace01d7cff73,1,0518629bb07244b2851a3ff0c72572d5,849d929966074e48,11.88,5.47
77c4e3f6855e46f088e1cdf75f9ad92a,1,cae0f77fca5b432bb5408b78cd48e5f6,abb5af7731e246ff,8.59,6.19
77c4e3f6855e46f088e1cdf75f9ad92a,2,ca9ed7cbfd71423e86d110908a0900ce,97ecbc9cfbb440a3,32.16,1.89
cd14067a7f94478595c7c3d2b9b6c03c,1,7964dc97992b4d959368f76970ad14ba,74e83b77522d4760,13.8,6.6
cd14067a7f94478595c7c3d2b9b6c03c,2,024131846f5049b4b60464bbe40c4dd4,2bd9c8267a704ea5,9.6,4.27
92c0d5230adb4757af999b12e9895424,1,7dc31251c70f452abbaf6d0c00ff6118,4c8060ba2b044144,22.75,7.54
5dbce0b951a7481ea87edb142f1c7e8b,1,31a641558c574e9b93b9724c52258c96,af16816a92794dbb,32.35,4.1
5dbce0b951a7481ea87edb142f1c7e8b,2,1a49850447ee423c82be68b152dce1bf,6e876874794c44fd,8.3,3.39
6f2355f2caec4cc2b23b7081abad4db1,1,bdb72222968a4751be16a42bf57a8d26,8be65c2c86a34912,4.01,2.36
171a0c4d052c45c7af1ef69934a583d5,1,fac6c3a6401d4e7d864b2266daf9337b,612431b54e78460c,1.81,3.34
171a0c4d052c45c7af1ef69934a583d5,2,ae0e91a2e30e4dae900e36ff036d8b4d,f1c82c1a877242f9,11.26,1.54
171a0c4d052c45c7af1ef69934a583d5,3,381e57e91d2a48e693c03d4adac5a52d,a8fe89ec4ffe48ac,14.03,2.6
97783dc9861a45e090217e0bdbf456be,1,bd0760fbef4b41b7acd12c639c51b64b,c9e8352ae64e4d6e,3.0,6.22
97783dc9861a45e090217e0bdbf456be,2,79ba93d65657418a919c62c70e34cf90,1b5252191f844510,31.13,4.19
97783dc9861a45e090217e0bdbf456be,3,4197a76d3cd9404eb209efade4f965d7,214c63a9ef514376,27.32,6.76
97783dc9861a45e090217e0bdbf456be,4,b7386da9fb774e0d87dfef83647e087b,0086a9aae4d54561,5.5,4.27
8a39183a26024133bae2db09b00261c8,1,94da3cd6b2f04802a87e00a0c30a586f,fa5094365ae2494e,8.07,3.19
440d1631e9f54b7aa9e56fa313a10ac6,1,4420eba37e2d4002ba308bbe1e5b523c,708480c2571444c1,23.16,4.41
440d1631e9f54b7aa9e56fa313a10ac6,2,d60a2087881f444ea4e72083ebdbbc7a,78814c1052f541b9,32.38,4.59
440d1631e9f54b7aa9e56fa313a10ac6,3,92bd3eaa51604345a60d2394441b95d1,d923299d4e0f4a01,18.7,4.98
8bda76a3093d4eeea8f6741b4f07bdd1,1,5d730a3763fd4d56afd6d343597784bc,a13a0b3cf83c485e,26.65,3.03
8bda76a3093d4eeea8f6741b4f07bdd1,2,97f2d5b398814f06983a3cc7f0177d21,4204d8ad00984ab8,8.72,2.63
8bda76a3093d4eeea8f6741b4f07bdd1,3,964f63cd930a4db5b82f790999566bfd,8bd51f5d917140c0,28.64,1.91
3d7ad47f18af4c75a88f601e4cf90120,1,91097e255e3b49b9b8d30ff695ae1834,ba5be89450784980,10.21,5.43
3d7ad47f18af4c75a88f601e4cf90120,2,2fdaae1b599e433fbe6b9a04de77a120,e5d0022e6a364edb,7.12,7.31
37b11dfb59c24d7ea80719e4ddec85c5,1,1e15e86d8e4a4a649e0de2f8b771ad33,04f34f07b8d34081,30.8,6.84
37b11dfb59c24d7ea80719e4ddec85c5,2,43bb015d87114f3abb10fe970e3a0f5d,3f19b231f7cb4528,9.07,6.46
78a0adad44b24ea09a0eaaea353bf22b,1,47350169fe564e89ac1ba35d1dd39d94,8b2034e26043454a,5.91,7.82
78a0adad44b24ea09a0eaaea353bf22b,2,b0335ac846d34fe582fd19b7dd44bb39,551c8896ed3f4eae,34.97,7.47
78a0adad44b24ea09a0eaaea353bf22b,3,c0781257b10a480a80b505fe5eb5a885,e432972c08ae480e,29.58,6.87
8e9ab916f4c14c12a02a187b43c07714,1,e79b605e56924eeb90b98545cb2c826f,5db830356733445b,9.02,2.69
5944cca7e3154793adf9d95f6db5c526,1,7f35358be96843a39618fb68bc8f7a45,8c30d05bd76443cb,8.89,1.57
5944cca7e3154793adf9d95f6db5c526,2,977b3c356b9d42cdb57970440ed35f1a,e1d689c8f5a4434c,21.24,4.14
5944cca7e3154793adf9d95f6db5c526,3,72ebe5322b374a4386c252241edb7633,da864ee3e86f4cdb,21.83,5.52
eb46a4624f3d471eaa95d5332461c752,1,a752c6ee373647e2a20487515959b4a1,45e247c0d6ce4079,12.87,4.4
eb46a4624f3d471eaa95d5332461c752,2,d8e0b7366aff4c0f93d43c33aa9517e4,e836754e2ceb4fdc,34.14,7.73
eb46a4624f3d471eaa95d5332461c752,3,e0b733a3b730414ab6d8ab569aad6aaf,6233330267c6439e,23.85,3.89
93912f0be436415cb875daf0488ee6d9,1,04d90a669225471282d9fd7a78a5d44a,fe4c0732d39b4496,7.65,7.53
06ec2755f7d1458fa116ee332a4070a8,1,c0cb8b33b74442a0b716e19c8f37a4c9,be5634ef0b8146fa,7.4,4.42
71c141a0ccf8430b95890bb7a7a669b6,1,c1b18a097e0749898c2e3918a2349ee6,0d23f9bcfe38407a,16.54,4.8
3e49ef16a35f4cca9dcaf603c90d8aa3,1,9d3dbcad8e3e4897b18c061d399bdb6b,49980726e5264b1a,8.96,6.73
4c9ea1c02b5f402bae58d5f22eae5f91,1,e74879b1d812479fa20899abaf70acfd,61da0546f12b47ec,17.71,1.99
a8c41022f382407c9af992d944bc12ee,1,b09bc1df40c648cfae1086bfa0a01e9a,aacdf918f3554adc,17.85,3.87
507e26580d66422d889a481c60fe9e0d,1,1856e5b2c7d4446ead41a1a5730b6e29,c6886d9c8f904c46,30.89,6.82
507e26580d66422d889a481c60fe9e0d,2,818c9a1643b84bbea6f4b64017f068bb,0c122c0563d3489a,8.22,2.34
4345ae75a0504ef2b321857de109b4fd,1,7861b1fde4d645d799623565cb229a44,a703423672584b19,26.37,6.46
4345ae75a0504ef2b321857de109b4fd,2,617cfcc9f0a14e66b54cfb61762948d0,f86af5eeb9cb4fc3,10.28,5.66
fcfcd5523f064ae4a78409872ac2088b,1,f23faf03493a40ea8237352a586c8115,3b2e05c5402b4e57,25.0,4.8
fcfcd5523f064ae4a78409872ac2088b,2,ea770713db3345d4a9a277dbd6346756,09df4099d77143fc,16.37,5.42
a4ef4461b69d4ade942a84efd6009911,1,772eda55d7a6429cae91082cddef72f4,388301cc76734594,19.91,5.68
3bc6b1a0e63549efaa648b69cf4496b9,1,a4a4d67ed9aa41cdacbe0f8e93b6b08e,65f06ec22e554b39,14.82,2.94
ceb73131dffd48518b6032cf83d96aae,1,5779931dc14d4eefb412a5b255933c52,f2c27a2d5222405f,17.45,5.87
ceb73131dffd48518b6032cf83d96aae,2,53fed47260804272aa30a871f71c5fc7,b49e8294b99b409c,2.41,6.18
59b56f74fcab4fbeadd80136beb595f1,1,c59d4ce483c24f70bb26f2461e1b84d7,deb47994ab594088,30.99,7.23
59b56f74fcab4fbeadd80136beb595f1,2,6560f09c3dc8408a81ec595f11c2a845,0330fce21c354dcf,25.9,4.03
3fec0197522b4125a5d7bcf21b2d354c,1,afa948ceaaf84f56a2466490cedd56a8,837ce47b4e944a37,6.47,1.89
3fec0197522b4125a5d7bcf21b2d354c,2,51426fa837bd45e28c373c1bcd34162f,a0232bef2a414804,23.23,3.44
3fec0197522b4125a5d7bcf21b2d354c,3,65fda8c9addf44088feb87a044c1cea6,e20be80361a2467a,3.52,2.88
44a62999ca7b4143a66b637d1298fbdb,1,ee11c3d33bc74b5081c7b56b7a4f5212,3ee151c57c634b73,31.3,6.96
ee457e02800547dcad620d1f90c23c6c,1,824d7fd67a0f4e49b4cd43d806bc2546,e76603dbc7e2471e,14.1,1.99
ee457e02800547dcad620d1f90c23c6c,2,73ea682becf94155b35b1787bfe93122,6cfb8faaa1d24692,28.53,5.88
9151d7b002004230966954fd9fd827c3,1,6bc67d72b59242f291c100728520f1d0,101aa95a70d94a7f,30.53,5.99
f2454d95c4d740389031b63e7dfaa82b,1,059af125891e40349feddf49cfb9ca03,d21f2fdfec6c4eba,13.75,7.68
f2454d95c4d740389031b63e7dfaa82b,2,723352c4fbce4e489e75997fd71bd403,dda274e2be1f48cf,5.86,1.45
090c4ac9fa5c47df93d997b9b1ddc28f,1,9fb493e0ce2947b2864bde4df17e6009,21a544acb873439c,11.17,2.0
e0b3d594726d41d1b2ebc2a0c683cdfe,1,907a44771f9648e6b91197cd96a5b57a,807f49f638f54261,5.34,1.15
8f769ec72399455eba72420a95c6a4c7,1,a4a61513b9f745fdb9f1b2859a426ae7,bb8c8f656f224ec3,29.58,2.75
8f769ec72399455eba72420a95c6a4c7,2,47968e11fe9945cca420dba4b14fef30,bfadf58f983b4c88,30.21,1.33
f896fca8417e417bb76e438158a03b45,1,103dbfcaedd849d3ae8ef7404b8cb2d5,3e37a05bac0d4336,9.37,2.59
f896fca8417e417bb76e438158a03b45,2,512dd58920d84c5fba5d29f798ba4f0c,16e7b898f40143bc,5.11,6.47
774ea64a70e443538def4e13cf1bbfe2,1,a9283d5e62d64aa1a6ca37f8f01272a8,c4a5c1bb51f84f00,12.74,7.71
774ea64a70e443538def4e13cf1bbfe2,2,4ea93241b8d2425bb9ad7af55f0fb2a8,302f76f4c34f4817,27.51,5.92
1ae4d935a55b43b39932f106e8314d43,1,c72185cdddd345aeabf0ce1f5a0ae8b0,52046d6cbd7445d4,14.38,5.59
c819c569d4e9498ca42cac0358312ccd,1,94278f67a79c4745a493231eb5bf6270,31d78e27511e46b5,21.77,3.91
b43c2cd4b4e2434899f5442a2ef89252,1,5918f8b6843d48d6af942b6eeb0aba31,0d3ee1c8124e4172,31.78,3.61
8bebf8219cf740048bd35b9eb6a95d50,1,fa81099d54004d30a6234952de80ab1a,9d42a5b442864531,13.19,4.29
8bebf8219cf740048bd35b9eb6a95d50,2,9eb56b6536464c998f583f3a74d4ef3f,f53c6e67a2c8403e,4.18,6.03
0d23c706799f4dc3af13de3240fe8ffd,1,ee7ea3a71eab40a0a55b372447646493,b282065b8d7f486d,7.06,4.57
0d23c706799f4dc3af13de3240fe8ffd,2,60611a1d485d4da2b87b8682118bfafe,80ff56ae892e4a36,13.33,7.89
17176669380d4edca2ba62d6f5222674,1,f132b82e8eba4e1c98da6432143c0567,b913244b38164502,31.27,4.7
17176669380d4edca2ba62d6f5222674,2,fe348b02e898435892553fa0a80d60ba,a29834dbbaff46dd,25.87,2.83
b75da12c3b644a769b204e35fd70ed36,1,40f9ad92ab664ff1b8b5a38b8f60fc88,9d09cfd745f146a7,24.74,4.48
b75da12c3b644a769b204e35fd70ed36,2,191e9dc570ba48dc958b13e7ef74c136,fab6edcd090e432b,34.81,4.02
efef81d4195140a385d055c7752d1294,1,c0f4b2d9e9d24058a5d98d8e69923b3c,0703751cd4af4827,21.63,4.74
4a35b22f7ff142e6bbc0e5bd3929fc8f,1,bb83f593d8e54a86a4bcaaab3b87825b,5b1ef206342d4da9,1.65,4.91
063c0844441546839f7e9221d2372a94,1,f21255e39cd84c14a1ccf4b919407729,694bed30dcf84972,2.06,5.6
063c0844441546839f7e9221d2372a94,2,5d1a34d189d84302aa6727f71eee8d3f,4533de7098844795,21.04,7.16
e98db80798384804b7d6424814458b96,1,47e38c3003d34c939c6e04d9301586d4,a214528fc0f24c57,24.12,7.76
0a48948955664593810b6b36317cf646,1,74d069bc5b2d4f21974ed37927e8c9f0,ceb0bee3e31f4317,20.53,5.57
fe9c7986354c459eaaa52ed7494db6ac,1,0a3e41a26de5464ea0dc0c86b08ae72c,a24f657397db4c2b,14.12,5.25
e6bd0d11dc1246a3a7728f40cda5293a,1,9414b5e1bc054be1b48db4c30822a7ca,27c8da3a862d4f93,1.64,1.67
e6bd0d11dc1246a3a7728f40cda5293a,2,711e440c19ea44e2b39565cb08bfb67f,5a4fabf140f148be,33.87,5.21
e6bd0d11dc1246a3a7728f40cda5293a,3,ed6d8f4d31054392a071e5a2c0898414,3c60e8f3bbd74830,22.65,2.29
e6bd0d11dc1246a3a7728f40cda5293a,4,d26817b52c814140a039b05c3356ec55,148a8877d57b4b7a,19.21,2.14
15374ccf50de4a819beec8ce96ad4709,1,54f754552739421fa3e0eb5f23e27374,c5afbaeaecc443d5,13.4,4.92
a9ec3e83171144ebae02ad9fa7b35ab2,1,dd4776ac4f1c4a7fb837621fa9f46003,ebfc84c92a034baf,26.46,1.18
ede58f940f1c449eb8956b4013aaf331,1,3322ddf41430456a9c3137d74fd2509a,3aa32a170ed444cb,27.67,7.58
ede58f940f1c449eb8956b4013aaf331,2,f973bea2fbfa425f863a614c834cac01,dedb53665be74616,3.98,2.52
bb447cf502b54d3fa330c43ff9f6550f,1,9ae0480ab1f34484bdfd29c72f196139,13a8192cea4843a6,20.02,2.75
bb447cf502b54d3fa330c43ff9f6550f,2,1990e3d7876a4c30b2f4a672c9c384df,6a4782f45dd44d6c,18.88,1.95
bb447cf502b54d3fa330c43ff9f6550f,3,cb676f7f0b3e421b8d83538634036786,931e13795f664290,26.11,3.23
bb447cf502b54d3fa330c43ff9f6550f,4,738f23985d924916a3697c8d05c377c6,5ab269ca606e4499,25.06,7.99
8d6ed59ccf894b81b63c4dc4f3550095,1,d74abd15bf9b4836b48bc521b4eabbab,2b5ee8e2ac104337,20.31,3.94
8d6ed59ccf894b81b63c4dc4f3550095,2,d9e24b46db2143ff9e6199740e0260e5,e2ddff4553c34307,22.16,5.98
8d6ed59ccf894b81b63c4dc4f3550095,3,bb734b900e784352a48eec6b73790b00,c784ba6bae5f48c1,25.94,2.12
8d6ed59ccf894b81b63c4dc4f3550095,4,7fd8cd27c31c448a9fc4d73bacd41cc4,d0ff4217931348df,9.22,6.62
13d3ad2306e54a76a27ecc935187a18b,1,7b6b3f9c1e7d49e586d25ef8dc3cd03e,4969d75b9f554777,32.21,5.75
13d3ad2306e54a76a27ecc935187a18b,2,601bf74ac2d4415089284cbb7359e9b9,4e1e224365144f74,14.81,1.4
fad72830ac074f17a609b486e2264dab,1,b5789767239a40ad90738e88f3fcbb58,22f44a9c9a3b4324,10.88,3.76
f8200f5074b44e2e9fc1197496a0f164,1,569cb454e2db4318aa90aa03d8c5f33b,88f072e210ae4895,13.53,2.01
f8200f5074b44e2e9fc1197496a0f164,2,379fe6f12ec24b2083de1417fa81d14a,44abba30ba02469f,11.68,6.51
0be5c42fd6184240ba5028a1ae24f4c6,1,5cfa5146488946f6ba076394f119689a,5f191b2237f9457f,3.34,3.93
0be5c42fd6184240ba5028a1ae24f4c6,2,c575e2b0afce4bbb9f53edf9622414c7,1878553a0d404539,6.82,7.51
8b342c00202d4b1c9f4a55a3c544b9d5,1,b84f8130fcf24560bf88e58058460b17,621d1ea6ea574369,30.19,6.18
8b342c00202d4b1c9f4a55a3c544b9d5,2,a52d9ccf2eee420198a4c499062ed7b0,1b16ed1577f74ea1,12.1,1.32
8b342c00202d4b1c9f4a55a3c544b9d5,3,f833a7a304034a9184e093988a54dd7f,48b356ba32b647e7,5.25,1.71
5a2f01ad73b64f00acbb56dec80d23be,1,901f064fb5ca4bbfa1a0c53fdd6a9154,884f972bcfe749af,20.38,5.19
ea72462efe934bc0b5c4f09acee03434,1,f576a700049f4f1db28276b525d69465,b1cfcca2f456460b,3.31,6.84
ea72462efe934bc0b5c4f09acee03434,2,9e348641fedd4093bcab22a7721f5907,8ba356425d184154,13.16,7.63
ea72462efe934bc0b5c4f09acee03434,3,2cc0c16054444c44836d42bfc4992faa,11f092acec284a33,13.24,4.14
843f2705afde4472bc6fa734ec7d8bf1,1,a9d963c7a93d4a058260611491c30d80,a5e769621f1e4c0c,4.66,2.07
843f2705afde4472bc6fa734ec7d8bf1,2,c5f19aa7799c49b9b13cab3a2489419f,ac89aee3c6a94e84,17.71,1.01
843f2705afde4472bc6fa734ec7d8bf1,3,940edc9a078346139fa2017add8608a6,c7ec621eb4ba4eda,5.33,7.54
8535694fc4f84968a4dd3381388d51d8,1,7677f1bc3d0a4f3fab2dfd5068d28a75,fce28c73b35f4731,15.73,6.39
8535694fc4f84968a4dd3381388d51d8,2,23d60d43229f448ead57c83947bea967,ba22a46470d24ef2,34.79,3.92
8535694fc4f84968a4dd3381388d51d8,3,7e1438761b414c1a8a5b15683d801f7c,a226d87368a24534,6.0,5.19
56bc41fcb188432ca04e782db86a8ca8,1,ab6326c875a34652abace84fe30c6ec8,040e793373704870,11.57,4.44
56bc41fcb188432ca04e782db86a8ca8,2,7b82788395f94f45ac5aefcc4edbe49c,658b7a3520514cff,18.01,5.09
56fc6431234e41a99c6e633898da9309,1,413b32ca06514e0fa94917353499d297,72bf32241a76494c,6.1,3.1
56fc6431234e41a99c6e633898da9309,2,95fb5d36d054477d80836ec529da5d45,6b2a487f114e4a27,19.61,7.34
56fc6431234e41a99c6e633898da9309,3,b3030d38c0c8468386726b69fe905053,a6aa47603ff14369,7.05,6.12
4892150a84fc4652a677a0a4f3c48b84,1,9021d324b2ed48c9b859916a765b27d2,61f6a0a01a424985,6.17,4.82
d376c766c1db41d687e5e2f5adae6c2c,1,49550ad81a3248b0abddea5dcea6c35c,3fc59c587f164850,29.9,3.83
d376c766c1db41d687e5e2f5adae6c2c,2,45037730000b499784bf7436f2587b39,6a496e06cb2d4dfd,24.3,5.11
e5fb81da8ba843368649432a1c8af4ab,1,151dc28f742e4970b718e12c300cbe80,5e56c73c45c44904,17.51,4.01
33c7566c7dad4644a7ca83d96f68d264,1,46f73c302d354ef5a06e08790e6ee15b,d42492e9dea546b2,34.46,2.57
46fdbcc3366a4c229513cbba04288793,1,c2ceeb32e3c346dcbf5b0c57d4a39198,18f1a72ba644490e,14.77,2.03
e6c6feb602244f68b99b43879fbd0ce4,1,613c04b469bc45eaac590d24198a1fec,f1d04e532eb84320,5.36,1.96
e6c6feb602244f68b99b43879fbd0ce4,2,fd0ed84c38354b9387147039c8d6fae5,8fc6791e1dd64fd4,29.66,7.61
f05794fc17064f5c9562f7c6eca34fb3,1,d40c478d4c114764b3f0ad9ff194d0f9,cead4693fdf74ab6,6.61,6.76
f05794fc17064f5c9562f7c6eca34fb3,2,54176a936fde493ea9d5ee56747d382e,f49c2baf94e043d4,4.52,5.82
f05794fc17064f5c9562f7c6eca34fb3,3,d8739a951ff14c2dae2bbdcb49bcdacf,4835e7fffbb546ee,19.0,2.09
f05794fc17064f5c9562f7c6eca34fb3,4,59fb13ee195d423a91eb51e4d3fe1fa9,b56e5a1a05ad4e59,27.01,5.37
90e1d80cff444497acd13d2fad2c07c7,1,7fa38663e43445dc92bd6e63247c6de8,c2f5a23f3b9a4f56,26.3,6.23
bdaa7907f19b45499f3b8b5cd3fb2aa2,1,f0b9f3ffd3e2464982c2565fe43718ec,41d838f30e8d4580,16.73,6.31
ee5acd60b3ea4c3cb295edd56a7fa8f6,1,4f7da392c6e047d6a0881727f14067d6,ceed46bcc3604dc0,5.76,3.03
bf307db0fc6546c6ba4434e1add955ef,1,022682898bc2400f9c3815caf246b71b,459cee57e8b34f0e,19.31,2.31
21599174324f48bf8e62739b4b1d9579,1,1faf3d20321d4708aaf344e980341662,48d093aaba144b32,33.44,6.9
21599174324f48bf8e62739b4b1d9579,2,cd0687e2dd734ed787610391378083d0,bb3862a565de43ed,18.77,2.68
21599174324f48bf8e62739b4b1d9579,3,5d0e1ad648c94d5baaf66ccb5b4fa4c0,915108ffbd38408d,13.19,6.07
18c8bddf8ff74ca58608dbd96d2e1602,1,539c7a3d71fa4b46b4750dd3e4b35a5b,21d3792628ad42db,4.21,4.8
18c8bddf8ff74ca58608dbd96d2e1602,2,b42346f694db4740b6c1ef216efa83ce,f5927183cb1545f8,27.51,4.33
18c8bddf8ff74ca58608dbd96d2e1602,3,d57d2b00c9c34f90892e434c11910546,127df1a816ce442b,1.79,2.79
9f1b26931aea4a8aa2bc556c1d63a1b8,1,8689ad4b324440c29a2b36460e6cb3cb,a0ce67b544e643a7,26.36,3.53
9f1b26931aea4a8aa2bc556c1d63a1b8,2,bd755aee2f8440bb943ed9280406b4f7,4c4a19a938f14202,18.99,4.94
9f1b26931aea4a8aa2bc556c1d63a1b8,3,8b43334b27b64f65aac4d71a63f34f20,a9f7504016174014,7.36,3.02
f1e00af628404ecdb90a1215e745c745,1,2d98cf0e868a4364addc32f11cb144ec,fae50a3246724894,9.16,7.44
25627add0bf54af3a0401cb6ddca9b04,1,a0efd25756e247cd8ced04e5c8a710c9,feda54d8f6264114,4.01,5.32
43a0dd1e738748c598ae4f3557c13986,1,683ecb6203ef4f4985230adbd6e20ff4,8d36718bdb8c414a,2.61,7.1
06df05a1fcbb49dd9169280e7b733c62,1,5620a8f315924a04bfe8522b27868c85,a3d0235d32a749d1,30.62,5.6
e9be3939d1e14b88b8aa38b22f4303f9,1,3080841cd43348e8ba5ebd543e48dab5,ff3de14287b149bf,20.55,2.56
9020ccbefaa54a4c80e302d9b4c67e07,1,038af34400e548a1aecab73e09ff7e77,367739109b704a71,4.35,7.25
9020ccbefaa54a4c80e302d9b4c67e07,2,ce07d47a75a74c25b3c4e26c67f39d38,f45251444cac48bf,23.34,7.34
ae98830b052448ea9a049df064290139,1,3e1e65bf08984fd0b17641a07b9385d8,62f6dad0c0c94b75,24.76,5.86
ae98830b052448ea9a049df064290139,2,c1c5eb0aa5904837bf923ab86e83775f,86e707368ba54ec1,2.91,5.43
4f9184cc0a3344c5a662cae757a0cf59,1,098699d1ae9f4acfb66581cac6180a16,4b97f689cc1c4eb9,17.97,4.54
e2bc42a2b4914acebc92f1accff3d88a,1,9531242be8714d6580d6645af2ea1997,00cdeedca4e4431e,16.95,2.2
340ad0e5be23466a9852d67d75370018,1,d8cd3b7cf085442c91ac8df354466dd1,054728b03c5a4ed5,22.75,1.53
340ad0e5be23466a9852d67d75370018,2,5ad2e4edb9d14188b594f91e5cb620ed,63e6131cadc54ba7,18.18,3.15
bfc2fa6702fb4f9f986bd94fd5a1925a,1,bc92d4eb61cb46c6a79998cbc1c2ce54,ea05e446a0714ee6,9.05,1.24
bfc2fa6702fb4f9f986bd94fd5a1925a,2,4bc7290824e943e6aa5b5fb6614d5213,f0c1b6aefeab4b8c,33.85,6.28
3631816b25fe4fc59d4f651eb204756a,1,c50ef5c6070546e3b0bd508e8278e463,3066e6720791470a,29.39,3.83
3631816b25fe4fc59d4f651eb204756a,2,be91ad720eb8412bb0658419ad2f5270,15d2dda8646044de,7.2,4.06
3631816b25fe4fc59d4f651eb204756a,3,a6a00dc861ba49d7ac4f6d92f66147f6,b7873982f3644401,31.84,5.11
3631816b25fe4fc59d4f651eb204756a,4,7a5eb078ffff484e971f6ca844132a94,b8a59dce871441ba,33.51,7.8
f9d20d286d4546c2afbe07ea69882995,1,a80674dcb7384eeb980285f995560698,c4198670f8584042,18.7,7.49
f9d20d286d4546c2afbe07ea69882995,2,99e925fa594946a3ab8e1d9964e10acb,540d4e81543b481a,18.92,3.63
ef518883e89f45dfbd0b7301b2ab7329,1,eb02060fe6ea4df4a682526403b2e31f,4c4b905dd6344e80,15.3,1.87
ef518883e89f45dfbd0b7301b2ab7329,2,273430d235e14e0ead8ceb1829e78167,6ad00fa15b2d4b03,14.52,2.74
901ea5aee1c94cd58a5b361418a16064,1,71f40fd83c8b41408089afa9587043c4,e6870d9fe3e04bf9,15.3,5.51
5b5a4fc6eefa4e50900400996860db6b,1,9264f2bcda0b4f35820bfcb110573745,7c294894c8794fb0,30.88,4.67
5b5a4fc6eefa4e50900400996860db6b,2,2fd7816f1c34429a80e3b0e043ca069b,c3e9a668e4224636,9.34,1.45
d1763db6655f4ef091d87002c1772479,1,f2c438219e9349ab8ff0b30dc82dae82,06339f76a98e49ee,30.47,4.02
8f0d394a1f5b4323b814dfadfb7c9172,1,d898b673a4084b0ab7cd3fca5490f1c2,4d56be807e4b43ee,21.28,7.54
7d9f7c48bf8b4c30a8b061a736290c49,1,8207a162e39047cd8213f7706f2d3dc0,f1ce217eee72451f,8.54,5.92
7d9f7c48bf8b4c30a8b061a736290c49,2,95dda49cf89d466196bfb452d32e6de8,417fb67f53634e58,10.21,4.85
7d9f7c48bf8b4c30a8b061a736290c49,3,792921279a3844ca84e357b9f77b3d73,1be5f9313652461b,17.35,6.05
7d9f7c48bf8b4c30a8b061a736290c49,4,3129dc6db4074438adeae75e10b78d3d,5518a926904a4d36,29.15,6.91
6ae60a8389c9473f8d0257fdfef4a029,1,affd28aaf6c84fa0bc14b77a39071fa0,02bb0e1f130344b1,22.35,4.89
5e84266a4f5a4cdfa5378d63c7deb674,1,fdafdce58c8842e08d46c7eac70e9332,57d61610e18f442d,3.08,3.64
5e84266a4f5a4cdfa5378d63c7deb674,2,5bad7cfa2b4442778abf611b8d3e4959,47e898e141fe4d46,23.43,3.65
a9903d56be0f4bff9b61d43e6b2cedab,1,8d7a5a2f311949708afe4713c2714a99,29e183e956954397,29.97,5.56
b0798f04a64c4467a5544ec9144ba743,1,5bca06fafe1f4b04a2fb135e1d3a6c86,23cd121997194e60,13.36,6.84
b0798f04a64c4467a5544ec9144ba743,2,e9cd6d1dcda34b3099d4a1d442da8de1,2c2b6016ebb34114,17.71,3.72
0784ce68e5fc423489874ac14bf10b82,1,c01a017ac9314deca38d64b81f263108,8993f5cca2a64f39,8.53,3.74
0784ce68e5fc423489874ac14bf10b82,2,f7f827ea3aca4d46b71d5fb87bf5cde5,af525b681130479a,7.34,2.37
0784ce68e5fc423489874ac14bf10b82,3,2fdcf3d265c1400ca79d01f9ac0ba86e,4814914b44af45d2,20.01,1.53
024a388cc7fe47e8bf86dcc07abf498f,1,452a8034ecbc4872af5dc2cf54926a95,94f594d7ea704173,3.02,7.73
024a388cc7fe47e8bf86dcc07abf498f,2,b28f10bb4b744ecbb54cbc92132e11a7,3ff809a216e94fbe,34.89,5.0
024a388cc7fe47e8bf86dcc07abf498f,3,1a22748bb5594187953a795d95588695,5cb8ac766a0d4310,13.16,6.83
e779020dee9f462b8e0ec3dd2a4a84cb,1,dd8ab29772954144bed9080e234f0767,75d9e0111bf24a77,10.67,7.26
e779020dee9f462b8e0ec3dd2a4a84cb,2,e2e8643f348c4c54811fab82cb7511c3,71123cc65b874a87,13.89,5.67
e779020dee9f462b8e0ec3dd2a4a84cb,3,6e130603a1b6488283ed92ee8beddeae,8cce74334db24d08,3.28,3.21
f5b99411e0a84c579a4b1a14f8851507,1,9a3dfddbe5a04d438bd4d66be072c2b7,c69c4a6aa6c24611,31.3,5.76
f5b99411e0a84c579a4b1a14f8851507,2,a6dac51785134beba3010c5223b9bb92,a9c9dbc4d14c4ef8,2.34,3.37
2984173a06724e89a587cf66e9a56bb5,1,65b7762f68934295a0d9dd04a57c6686,609b7791fe954d78,17.61,4.86
8af82cb5901c40e08c430c8341563ea1,1,d25ac7705a154f969ed2b2ebb798ef3e,f420a4c1014f4d2e,11.08,3.83
d4265085aa9440b599ed3d055e4d3024,1,dfeda62da7be44b6acfcdfde86d41138,c9e69ede6b1e4667,21.95,1.82
06d00a977289461fa7ca38293fbbeb0c,1,b1757e7db475447ca45c3126f5bc1c2a,46cc519131e34891,15.23,3.17
c6f6bda8b1414371856a47c59066ebff,1,1a17a89690934d3083bfb1cd80d9698d,f0b7517373c2477a,23.35,7.85
c6f6bda8b1414371856a47c59066ebff,2,b41de910e0874d11a29ffe56c81bbe16,5adbacf324c84162,17.12,7.65
c6f6bda8b1414371856a47c59066ebff,3,055c24b9c2574b64830a05601c9c830d,e60468676d6242bc,14.96,5.73
1c3459aec531404988355607bf1f44a5,1,01244f3dc65748b8be13529c1844c49d,af0d57418a7c45c3,32.27,7.97
924b7f8724d447cdb6a932b067558b5a,1,6887460e92ba4021aa9c135e6c0ecbe1,223d21cd4fa644a0,10.25,5.54
8e605f248592486cb1294324e35be23f,1,0013cd3139134292868138a36ec0241a,058400eff393478a,26.29,6.31
b597d1af642a4b80a86f28b629589bff,1,d1098c8a6f13474c8973d470939d51af,97b14b809e324a4e,4.53,7.1
b597d1af642a4b80a86f28b629589bff,2,c6e502b072cd4f47b86c298e699a589a,3571f6536f3c4152,23.3,2.9
84dc2cb456094a18a812e55738ec60ab,1,4b96d51a96e9457893d2a8194d9ac73c,7b63d1122b604951,19.27,5.24
5a4b892917174a4287edd2f2c955e8e9,1,1dd5deab50b844cfb3e7090fdfdd9a13,196f49e5fd2c45a5,27.78,2.61
c58a325e58244db092ba51ab81abc5a1,1,621e6a60f71f405997b9cf4969af5fef,f820ccd0c22d4d70,27.89,7.16
f9fc8d4e6d2c46439fb62961cc306f16,1,bf64f23f515b4e0f923468a1f907ad69,d464f8fa731d430f,26.85,7.9
3cb9e75de523435da87a2f1f826dcf5a,1,89391dd1c19a43ec8bffe198ae82b1de,0643dc95885a45dc,31.87,6.75
3cb9e75de523435da87a2f1f826dcf5a,2,1a63b6af13984c0596312f8102374599,64dc62289ffb4f40,29.66,4.82
31cb9d9d5b1548faa6fabc22532c9b8b,1,98abdb62a9a0407e9a9e49291be8d322,8afe921f0d7b4bff,18.87,3.61
bd72bf339e234145918e6d0181cd46f4,1,0ab45199d6f84fcaa076ffedbd438b64,4326d6085d0a48bf,5.01,4.93
bd72bf339e234145918e6d0181cd46f4,2,bb0865e775d14bb09ff2beeba5a6865e,66218c7bd12e47e0,20.89,3.98
bd72bf339e234145918e6d0181cd46f4,3,fda7becef9c64b3e99c984e99481604a,127aa49401b348a9,9.99,7.2
bd72bf339e234145918e6d0181cd46f4,4,b29e6f9fd5574e0fb6e554ca3b17716a,8d0d91953ad14611,29.39,1.16
c8482de68b3b450997009a84546114a6,1,d23d666edca3476f9e4e4196b6606416,bb7229355cb344e7,26.12,6.75
c8482de68b3b450997009a84546114a6,2,b313ea8e63be480d98dcbed3ce222948,3d04bad1e2294626,19.09,2.25
b7ede43e990748b7a9a2963cad787816,1,beda27abc4d941f58c4c058982105edc,083168c8c7e44690,21.28,6.63
f901f5647cfb4051a2b4fd2d3f16aee6,1,668c5c045fde4c858c5115ed24b7b701,d12a60a0e8594857,7.01,7.2
f901f5647cfb4051a2b4fd2d3f16aee6,2,7259261f0af048c6a978c24da6000c06,c7314dcacca04074,19.33,2.44
bced1cb6bcc14dc596d16c52db5e01cd,1,a443e58de7d84c3fb91b7cecf4a2a0af,d44a307c78454de0,27.75,5.99
b92b82fea6eb4754ab0b684dce382f95,1,74257e3a98e743c1935625c0a946227d,6c69ade3d6e04372,4.29,7.59
b92b82fea6eb4754ab0b684dce382f95,2,d99e5ebf8f9a4f3a837f03eb1463dbcb,48e9fe852cd44238,7.37,2.27
b92b82fea6eb4754ab0b684dce382f95,3,fde0afd21a464e4993b2d39232f8df5b,1e16ba28b7c64cfb,22.02,7.32
b92b82fea6eb4754ab0b684dce382f95,4,3c114557d81f46d0a6d684da3b0ce0b1,21752a25a33e4761,8.27,6.3
7d4778a24ada4592889e71a26a5ce011,1,e15554b738b5454e93d5de0f03bb8f59,90219b9b8bbb457d,21.1,5.17
7d4778a24ada4592889e71a26a5ce011,2,429bfb4379c948c98ecd067c087fa3bb,480768bcdab84bb3,25.37,7.52
7d4778a24ada4592889e71a26a5ce011,3,3fcbbb4e47bc49cea41e8bc931b97acf,8966f8979d7c4cea,3.59,7.22
7d4778a24ada4592889e71a26a5ce011,4,4bde56ef1c6b4d81acb03d23f2ee1bce,5bec60794fba4af8,13.29,6.26
c7eceac2c6d54140b884ea7f2103834e,1,810c1be66e7d4a06ac3c0ab6abf12503,55f7f458c3c54ce3,6.93,4.48
c7eceac2c6d54140b884ea7f2103834e,2,17de0fc217df49c39605d5f123054306,f928de6e3bca437f,17.13,1.23
c7eceac2c6d54140b884ea7f2103834e,3,bf36281f9fc649bbb814e6bcd2207450,932bd2ac27eb48b1,13.97,6.65
7916f8be10c54f6482544ba63522aa83,1,14bb3ad6e2ce4787aeb9905f6cfb7bf5,42ee93a082db4628,32.42,7.44
7916f8be10c54f6482544ba63522aa83,2,1aa03b9ff2464f9498758d9eb4351f9d,b9cff8c8f98d4255,4.55,4.75
7916f8be10c54f6482544ba63522aa83,3,344fd881807e4ff5ac9f5d90ef933052,19616a17eeff43f1,27.45,5.41
c7f68ddd52fe44e387f263a6a45af141,1,15264a9881734138aadb68d3187d1552,2f927a623f5d4fc4,6.28,7.27
c7f68ddd52fe44e387f263a6a45af141,2,4a9fbd5207d5495487ad94210a6dd1f4,68320e118bf34c3d,17.34,3.86
0afa464aaae049cc934c1f604e1e134a,1,b55dbc02553849c9a7671e4dc5f51745,6d21b5e54a364683,21.26,3.37
1475a47355e5451b877dfa1fa2d850ab,1,c004ad3a007f417c95920ecb5e409079,400e25137bd041ba,8.21,6.32
1475a47355e5451b877dfa1fa2d850ab,2,3c34ddb1b65446649778b30f9a30f50e,8636c4e57c104ce4,23.3,3.49
1475a47355e5451b877dfa1fa2d850ab,3,28f656c907b54de7abb1936fc5379731,3225d1b86d1545b0,16.2,3.04
3f1248541d4b45fcb95f2c97d8a0e257,1,f3d8fa71483041a2be2a21b82fc7ad56,72e8a00d573b4e6a,5.11,5.72
0e8cb31aa7404b0e9de2aff92ebb321e,1,39e417d4f47d4f5bbbb63dd794ea4822,1b5010522fde4b83,9.92,3.53
0e8cb31aa7404b0e9de2aff92ebb321e,2,ab47be76494e44589cd8b6507c0825b0,ee539d8e47534e27,9.92,7.52
1f06ac41e77145ca99307a04c83937d5,1,53ad53eb792f4778b98d8582a9bb986a,d66fc71b80c841e2,8.67,6.82
d4937f4c18524aceb26049ef1fdc54d1,1,64511e686f774a23b478d2b9c3720dd0,ee23a495141343e6,4.79,5.84
759204da628b4b758444d0f66bd0ae33,1,01fdc9f6156645be8b82d3c110fe00b7,2064e56b343547bf,34.56,1.73
759204da628b4b758444d0f66bd0ae33,2,1036a67fa91e4b9387d465312855af53,516d740b892d4580,18.9,3.69
ac2d98ca26a94578b13002591393f890,1,43ff20f1778c4bac932038d786a6731c,749f23b3b79547aa,13.05,4.29
e3826a996bab4e858542cee52378f206,1,b4a7245d1c114f86998f1d8bf76ec341,ef0af207afcd4307,18.19,7.57
9a64dee772ab444eb3f4b4cd436a054a,1,b045e30047bd4135a6fb83a8dc424751,3ed8a4c6caa54cf7,17.3,2.25
9a64dee772ab444eb3f4b4cd436a054a,2,d90dd6b091bf4154ab00b01ef311acc5,4a21684a9ef644b0,32.46,1.39
e583e4717997478d85f7086a7f609e7f,1,d4cb621448c34d7ab675fafb92b5f8ab,c824e78f8c964470,5.98,2.8
e583e4717997478d85f7086a7f609e7f,2,d9d21a2caded46fea869efa4bfd36ce5,7c7d42b620054228,31.42,5.77
e583e4717997478d85f7086a7f609e7f,3,0d00e58281034d64afb7cda2c385574e,891cbf0221744604,16.06,6.25
e583e4717997478d85f7086a7f609e7f,4,a76e56cca1d747bd8570c6351652fce8,119fa8a47db84ab5,7.26,1.61
3bcc8492323144f8b253f2d3d0319a51,1,050453a857124839b2eaeb3ce12882c2,36ab0d706bb44487,11.83,2.48
d47ab06818064e1598648a93a5926bfb,1,7248fe267aa24fb1905494b898e8809e,6b93613bab964372,4.84,4.17
d47ab06818064e1598648a93a5926bfb,2,950e77788a2a4b18aadcc9f7b56e703d,06a00b1796c54dab,31.42,2.12
0e2cba48e2cf403cb8ef78e957d63eb1,1,65491b0d3a1b4c4fb5be522677e3df57,f4356bf18ac34875,22.06,1.47
5c20c81f5d904bdab1920ed2e09e7efa,1,e4261b92731349eeae5d0adda05135b8,7b4679e7fa5445a9,22.98,7.36
93d79fdb9f7a4e20826c46290b837bfe,1,067f97344e89432487cd9cca053dd3b0,a87a809d4e7a4c67,34.59,3.44
9e695946ec844fc4ade9799336ddcac1,1,48356fddea3d43d0b23ace38956ddcff,28f743cd36ff4716,4.6,6.22
9e695946ec844fc4ade9799336ddcac1,2,04cf71c7e1444608a1896de36b43f33a,851e538108ae4a23,17.32,2.74
32de7d79a49c44aca634a8200b2ef846,1,5a9be293d8504dd5b0bf95609f15243f,84325d00ceb14ac0,9.3,4.55
68910f0b06b84e3d9c853ab8cfb7533e,1,2020d2edfb7449c6a64c2a470c5db13a,d2c7e1f9d4864ece,22.0,3.34
421bf08c5510429ca209966e6a0aa234,1,4132e86476b5459ab082217788840279,ee4e6b70237f4683,9.96,3.66
bbfc341a1dde4917a0ab3b8689618de4,1,37cb926ccb0c4d0caf32c6dd952dce93,8491183a86924746,28.1,2.39
bbfc341a1dde4917a0ab3b8689618de4,2,308aebdfbe004d35a81533dfc7793271,e3dbb30e557147fa,25.15,5.9
bbfc341a1dde4917a0ab3b8689618de4,3,3ebc0f328753467a92c52bcb320152c7,756c554ee9594370,27.9,4.69
95ad561c9ac247278ce60152d06b3dcc,1,ddc0b0fa44a94e49bf9dd4519be90523,62689b16e57d4f51,33.53,5.52
5839a036b74848809f618e601b1806e0,1,34f8721f2b3a437ba5e6a6500acdd4b0,7b5c6f255f0e4f9d,12.05,5.28
5839a036b74848809f618e601b1806e0,2,047b33c0060b470ea75423e5bf46dde9,263ef5e2e9524323,8.15,7.36
6dc9b43d974c4824bfd10e101fe92efa,1,4e51af3471bb48d2959ed39255918aad,d8c83543213e468d,20.53,1.82
6dc9b43d974c4824bfd10e101fe92efa,2,5844d457ca8242808ae57f2acc06f3cc,ac9df62eee624fef,30.37,1.45
0efea0d59b7a41febbdfc6da16e06c94,1,1aa970ac840643cf846b119aa035076a,99fed051ea1e47cf,18.47,1.01
0efea0d59b7a41febbdfc6da16e06c94,2,9ce4eb02ff804867b48b53060cdb8450,0cb48ce91b7645c1,18.31,2.78
0efea0d59b7a41febbdfc6da16e06c94,3,fc8420b7be43438fbe85bd952229a84f,f716679898954bea,24.47,6.63
0efea0d59b7a41febbdfc6da16e06c94,4,c6bc5109ef7444dda4e3bbca30c793a1,0e935027c9b54b00,21.26,2.93
0e3edcb5cf2e4ac68daa758ec7de2f60,1,a2f641bedf1147fd8c65c34f2d5f19d9,92f21d0ce1cb4b77,14.34,2.13
05734c216a7d42048d843dd932e4dc4e,1,a01c77dad5eb4f47a43feb536c2f28d3,30a2ec52ce804a19,17.1,2.83
4942b2196c95490b9a818070214f1471,1,7dfe51997f20450fb69f2f8b0f40589d,f39d6207dd694a3e,7.88,5.67
4942b2196c95490b9a818070214f1471,2,1f5333cc98e64a8b89134057d0d6d8e3,a8ea37041e174881,21.23,2.27
14b8f9a04cb44eef97372fa03f411879,1,a0dd2a9a9cf64a4c90e3eb22b6fd98c3,9b20350c26484846,15.19,7.29
14b8f9a04cb44eef97372fa03f411879,2,2aaf6346b8d1488e9aaf474a51a0fb53,4e2a6e2e922b41e0,34.58,2.59
14b8f9a04cb44eef97372fa03f411879,3,da0b7accc6994c38a2db657c14d9e7d3,223278491d364c71,18.03,5.65
02c78a62191f49eb80ae4a50e0b46b96,1,c5f1fc242bfd49a5b78347a91cc61dc4,dedc29d2b9d64673,30.15,3.84
02c78a62191f49eb80ae4a50e0b46b96,2,1358b312f5864aee85b9d538eb90c347,620826c61c51407c,4.26,2.42
58df7cce48fd49dbaa2a686edc5c0197,1,1f9c08c013c34224be28e2915f77d5d9,efe495335e744542,33.59,6.22
58df7cce48fd49dbaa2a686edc5c0197,2,64ffec77e2db4ceda12f8bbff27cd7fe,689cb1120cc74f5e,13.93,4.28
58df7cce48fd49dbaa2a686edc5c0197,3,78df56a9ef1e469ba36252400141645c,e29ba85ffeb5407f,15.64,4.78
ac454ec073a2478bbfcb9447d69a9073,1,5328c0e3c255471680bc667b8d90aa56,3a37038c0d6543cc,6.66,1.38
ac454ec073a2478bbfcb9447d69a9073,2,99f756f594c34b89b7ef5e5b00d4b3f0,2fa1d1a06be14767,26.29,1.62
ac454ec073a2478bbfcb9447d69a9073,3,3b5f2a280204452c9eb9ccea0519f6d8,0ba6fa3035c441a0,29.64,2.86
040bc633d2444993873de1a8246b89b1,1,79a5e44e7e194d2b8a47d1f3bedddf4a,70a72294257f47da,34.58,7.02
040bc633d2444993873de1a8246b89b1,2,7047b8adf4bb44a7ac353fa36c686d85,0eb70e4429364502,21.0,6.2
75c79243135149239798747a70ae16d3,1,5aa91e28be014f25be87f7d6c290b920,1b41716a32024717,2.19,2.8
75c79243135149239798747a70ae16d3,2,df3021da0c5144db882e8275df5d5f48,4fa06db330db411e,19.96,6.75
75c79243135149239798747a70ae16d3,3,248ce88550e44e97bb04c0955ea13f1c,8ac8c9e696954346,21.87,2.35
75c79243135149239798747a70ae16d3,4,3871dfdc835b409e85b5a9f0e9d7ddaa,64ff28d29efe4171,27.9,1.61
92ce19d239ff445ca5d4644d995731ac,1,92f57c7e68c04c1f9bbb86568e762c33,f54e3435df3e40e1,14.91,3.16
92ce19d239ff445ca5d4644d995731ac,2,7f79dfa857624c8bb8d9ea47f590d73e,ce49b2cd0cab47a9,29.42,7.63
92ce19d239ff445ca5d4644d995731ac,3,590c5316b2f044fc97d89f0ba52241fb,f5e66b5b7a384609,7.03,6.28
cffa60edae9e4e0bb0ed3219851422e6,1,add09170f8cd4550936b3c69c92fe64c,b210a021081e4204,34.63,2.13
cffa60edae9e4e0bb0ed3219851422e6,2,fb33452468004b839d443f36cf9a91aa,963eb4fadef44eac,4.48,2.76
cffa60edae9e4e0bb0ed3219851422e6,3,b571147779cb460f95f906087ab569d8,49a24760d83c41df,11.07,2.85
0016c507040a4218ac4d1d14561e3bff,1,169b8ffca48240209e35b744b81bd8b7,7d70b833c177412a,18.53,6.72
0016c507040a4218ac4d1d14561e3bff,2,30a726bec9f84a2d885a851803812916,4272f7671d62483d,17.68,6.95
e70331884c21464e968cd57599b81e89,1,6cf75d6f63804626bbe5fd612ef11de4,2415124398824240,4.75,1.98
245258da75dc4408afc2a11b43f4653b,1,2c8c19085d8e4ed8bbd47f3e9db91f80,9e80bbbca264433a,3.75,4.26
245258da75dc4408afc2a11b43f4653b,2,09ce973b40ad4124878b46490d2789a2,01c39bf1696c4d46,26.42,7.46
33c037e14776426e903fdc5ab80d5239,1,322cfa79ce11444998b3a7680b649f85,f504fcb9709f426b,3.92,1.96
d6572fae14cc434aa7c1d2e83cb294ba,1,23358212006042aabb1ecdf9307aede3,a01cb4babb0a46ef,5.17,1.96
58329f7b19924fc3945451c03e5d3e62,1,0555b09410c146e7ac870f0504404e81,b86747c601e047a7,22.22,1.1
58329f7b19924fc3945451c03e5d3e62,2,fb36bb63f648422dbd3fcc487b595823,2097e20a1ab944f0,27.73,2.85
58329f7b19924fc3945451c03e5d3e62,3,0c0f1f87c184414c974fc12d5f08b69d,a0445e7093af4ec6,26.57,3.41
58329f7b19924fc3945451c03e5d3e62,4,c27ea51d5cb6437ca21bb11acb34cad4,1b24fc36bad7460a,33.74,3.56
8ae468ffbbec47beb883776d2bd61cfc,1,a968dd3ffe584d39854692e3500eec9f,f94d29ff8a5648fc,26.85,2.88
8ae468ffbbec47beb883776d2bd61cfc,2,577b74eaf8124f108ba0d2376ba6167b,34d126f35849425c,29.18,5.97
8ae468ffbbec47beb883776d2bd61cfc,3,de12e544bf7f4c77881a6c4a8a93fd74,238e141a1a6940cd,32.73,1.88
8ae468ffbbec47beb883776d2bd61cfc,4,9dcd1f05c686417b958282fbe8ed5277,7559980e4e3946f2,18.0,2.96
8d0c76964b104b3c8d6f5bb256510757,1,5825e08f86f549018369fa9d2b452d6b,a3c32968c254483f,18.08,6.62
6ec19cef3bb5451bb7314d2674826c63,1,e9f60a1324614b688b219f60ccecc7c8,434ea68547ae4d3e,26.92,3.99
6ec19cef3bb5451bb7314d2674826c63,2,ed64f947b87b4ba4ba2857d82219e0f2,d816bfa117364f23,11.76,1.31
d9eb821d32c840e19c8370e551714c72,1,ce4ceb86193740ec813513a1563387ba,9e09f8b487e24bb5,15.99,7.68
a105e6836dab480c92db77e19a031bac,1,56828972c36349c8929730c68e220d45,a337156d1bd04172,27.12,1.77
a105e6836dab480c92db77e19a031bac,2,43136c27ebf24c4694ee65b8979aa8f5,6eaaa658ac4c4610,4.78,6.45
a105e6836dab480c92db77e19a031bac,3,78d7d87fe6834507a7ec429638b3d49c,0b227f73d3b2454d,14.24,6.1
a105e6836dab480c92db77e19a031bac,4,5ed79291e4ca4bb2b66d600d299283ae,04c24beb72984c1f,14.19,2.48
54be4c791e284232a254cb4b8a14ee76,1,3cf8a82cbea842cabb6363a444a86b1c,b1336596adf747d5,2.49,4.89
1b88137af5284386a71552971180a1dd,1,a300e694831a48179922bcee698d7f04,afc92dc5af1b43ce,21.46,7.3
1b88137af5284386a71552971180a1dd,2,4e2de13f9ebe41c9bf6327cfb811ab45,3334e8e3ffce416b,19.73,5.83
c382f67b78da4ef1a5198230ef0a21e2,1,690055f172da4979a7d7ea68c9fd2495,5850423016a645af,16.7,6.11
c382f67b78da4ef1a5198230ef0a21e2,2,c8a8d34ae6b744048f82f2201e3d390d,f85b6507f19f4b3c,20.51,2.08
eb0d3671a496490299c60c19d9c94efc,1,4b8d7e6ab6074d1aacb3c376ec2d5171,2e8c5c92098c4bef,15.22,3.1
49adec014fe742f9b13a7bd59e3b0be3,1,ce15129a62e148af87202f9d316635fd,d64eaaa7f5e04d6f,25.42,6.38
c37421260db04fc0a482e91167cd0c60,1,436077dbf65848b7aff423b0961cd6db,f9d89e88e81e48a9,10.26,2.77
0e16bc56523a41198571805fab022ebc,1,c72ac16192d14af2be6d39eda0a68112,b02ef962a3254bfc,29.14,6.78
9a9a42e77b724803936b6c891dc6205a,1,98d1ff9ca6884f9db3ef952c2b35505e,49c216c471a54c0f,9.13,4.1
a49b9f4a93ad4f2aae30f9bf0936fe7f,1,06b6c6134b69449f98a0d92efd14fc2c,baa55df3ae1440c4,21.06,6.62
a49b9f4a93ad4f2aae30f9bf0936fe7f,2,83ad773d0ff4418faec341a9a771303d,d1f4c9bbc9f64a48,25.48,7.46
a49b9f4a93ad4f2aae30f9bf0936fe7f,3,b440878d6d654460a9b7eb1bc6135778,33dee68da2f64b12,5.61,5.62
4534e8be5aa14d6097c0f7ebc39ecab9,1,66b2d5d123e9400785462edc4dc081e9,0938cccdf52e40d4,12.13,6.57
bfbf11dda3bd4e8aaf92ad6962b308f5,1,de10ffba52744956b397743cb5cb3fad,838fda18e1ce486b,22.54,7.72
bfbf11dda3bd4e8aaf92ad6962b308f5,2,47614668adea41239a6eb497998b75d9,f60f030556ce441e,3.39,4.03
b1f034e332a84b2e9838b490f56846be,1,d55c8ffcbfc048d0bd0643c49a37ae63,d8e03ce4b09349fd,12.63,3.42
b1f034e332a84b2e9838b490f56846be,2,599de5f76b074b2685d053e63d7aeffb,b531bf79005143ed,21.78,4.05
b84738c25b6542a2b4375446a716f2c8,1,d7b3f7251f614b95a7db5c2a1a188693,4c6b653fa6354842,10.21,4.28
b84738c25b6542a2b4375446a716f2c8,2,3f506c2e9b3c4bb180fe31b045f7e54a,2b97360813b54d89,5.27,4.31
49d0e10e6cea4f8d9f580ba6b7d496bf,1,aca7304c0b2441d1a15c271bad9a7677,6125d0a312ff4d1e,25.17,6.44
49d0e10e6cea4f8d9f580ba6b7d496bf,2,a40ea877ce9149baac4e778194d9bb59,877be5f60f7b47bc,28.85,7.19
8a0de460b15d43b8a4368c309d87e4ca,1,0377c9b7361b45f0bfe708103c58dbee,4fb29c74794e46b5,12.72,1.83
287ff3dbbed94d83990fb3c1e0b79caa,1,7da2bd5216cf4863b75000cd7fef1460,a9000ac1d4d1445d,12.51,2.78
750369053dda4d98b52c43caf2627477,1,11ce8645ea8a4c4091da65725e74142e,a08650d9b9444b27,16.73,1.05
750369053dda4d98b52c43caf2627477,2,919185ea52584b4d844cb4b44a65c35c,4a02e45753a84259,18.03,4.91
35142cd70d204ef5817f5224915b07b5,1,522aae331d754e0c9cf135c40e857ee6,4075724da48a4fb3,23.64,2.02
5c79d082f0ed4e3892f82ec7d33ad20d,1,9188e7c2db30451fbc4e63bc07333f33,b8abf0979f8e45e5,16.77,1.91
92c54ec494a946409246864101686d62,1,012899c35d674f24acda6b2a75f52e04,88d6d7f55d4b49fb,23.68,4.99
92c54ec494a946409246864101686d62,2,718da701f6fa4f5994ecc2a6bcade673,6882444fc8a14337,21.19,5.81
47b4661d3eb141bf905f4886649934ee,1,4498a822e397482194d21450e22e0cdf,815e867037d54a06,2.02,7.24
0687e9523957433f9245735c544413a5,1,ba01a07fbac64a18bdde7432d5778955,18e28e831cdb47e5,2.96,7.1
0687e9523957433f9245735c544413a5,2,24f4230eee0c4ee88a1db8d5db5d70f9,167272f0ac0b4f21,26.92,4.59
ce039ed3431043409ef9c41d8f60546d,1,d90f8674d99a4b8aacfbee66a970fb90,1ee118ae3385477b,33.2,4.11
ce039ed3431043409ef9c41d8f60546d,2,c68a63574fb94a868f9f73e74b7f33db,9080fdee6c204ca3,20.67,2.25
c0c03554651d4811a14d77130d6ea75d,1,141ba1ad95cc4833b7f72ecccdebb7e7,b5175909d6f8403b,12.03,5.11
c0c03554651d4811a14d77130d6ea75d,2,536830cd440a4545a0902a2774ad2512,3f3723b389c54e5e,18.71,5.39
c0c03554651d4811a14d77130d6ea75d,3,7565ddd304c148aeb09d9ce9578ea007,aaaeea86ecbe4818,23.96,5.48
c0c03554651d4811a14d77130d6ea75d,4,f25cf517d8964f34bba8c8b10bae99b7,9e7b3959c16c42e5,18.64,6.61
78057566315e4b62ae4ea1c822751a94,1,3173755008664b3d93e4944ee94da3d1,45075ab3516f44b3,12.23,4.81
78057566315e4b62ae4ea1c822751a94,2,53ed9ec8f1d94ef796cfb65e44495337,6c04e6c9c67045b4,23.39,5.97
99f31eef48fa48138c96d5cd18756a29,1,8634744375a54b0daadf07f5dc279942,8ae233cc94f34c0a,18.85,5.11
99f31eef48fa48138c96d5cd18756a29,2,f369c3d677ea47d2a839a86eaa38ef16,a7a3a871bf114d7d,14.35,7.27
6744f8f65a5f4b1184460804598230ad,1,d5546f615cea436eb2044b4e3fb6f35e,eeb143aac00a4698,16.21,4.61
37ddfd8c6a5940abba6dcc15fd17be69,1,d5c04ec4805047f59ae7cd78267688db,e729b06c08054b80,28.65,5.66
37ddfd8c6a5940abba6dcc15fd17be69,2,9475720c54c4481895beb94e037518af,95db8e58a2fa4eb5,31.97,5.93
37ddfd8c6a5940abba6dcc15fd17be69,3,41ed9e9db0fa4f539de12c670821f680,204d2481edba46e8,11.92,2.74
3f476b2b832b48039498c9794874b783,1,d90f29a6cd204d4cb0725d7e66ade15d,6704c81f9765440f,26.81,1.39
f1fd517871d547daabedbce606c3dbe6,1,eb6a89a1861c4d6097635713bb580033,52a7646ee1ee4cef,13.69,4.34
f1fd517871d547daabedbce606c3dbe6,2,47055f04e0ef4eb291e61d782c277db5,58ed71f4a6084cf6,4.06,2.44
f1fd517871d547daabedbce606c3dbe6,3,9255634ba401466ba5202971a7e1fa47,dd295114af9c49ec,23.15,7.62
68c348c33afb44e6b5e07cfc9cc4d7d9,1,2a2ec14a8c76412eb4900fab55787156,96249130c5a64a19,32.24,2.15
68c348c33afb44e6b5e07cfc9cc4d7d9,2,6f39c86678e34999a6a0ada947685229,b72272f76169420e,19.08,1.52
c4c3f498184641b5866bd7d14ee3d264,1,6c2cddd939b24490b0aadf0dbb80c8f1,a98b8a0d2b38457c,10.47,2.46
d7507d6854854979b8f4cb6c1863d9c2,1,8e017760f4be4f7ba61c109b5c16413e,d7e1dd26bfe44251,31.63,1.67
ea974e99825e42c2b101d40ca3aad2bd,1,907ef9fdc39c438fb0bc41abfdb7df0a,e77b5a439b9744bc,3.2,5.79
ea974e99825e42c2b101d40ca3aad2bd,2,e1332b7ea9a84962860d05f3385d984b,5a1b440a2e0b470f,8.03,4.69
2e14e1c1d8b94b3093533fb2dfdbd1be,1,5081f5ba73a94ba684dce8d6b731668a,05e885cbf18644dc,3.03,7.05
745826b2c7b94307be36bf98ccce5e81,1,62928131a0a74018a7e7b75f5b8a3090,63a82305b02e4ee4,27.35,3.65
4766c796af46420fab64db41a0683a62,1,bf0033a44796417284c98771c2fe9d04,f4b5ee5eccfb47e8,23.38,6.6
4766c796af46420fab64db41a0683a62,2,979b5374fdb54311bef9f3503e7b2a51,b48092f2c6ac454f,12.88,4.88
b1597491d6014e0bab110af4bd0461a1,1,03d4b826f5a04be6a85c6ac6c666f803,dbb3d82168934ea1,28.6,2.41
064635ba8bec4fa1978973c39fb37452,1,a93834f2b9d44d7684e7c854aaeaf972,15100e77538941ce,29.44,3.15
064635ba8bec4fa1978973c39fb37452,2,06618d8e2846461082b89f27d3b50817,1890b716a16646e7,2.27,3.82
848b1c514a46442c92d4d5a79ed6af57,1,fecd74806fa6426abb36a90d1d1c9b0b,c42731a6ac0c48c9,9.61,6.28
848b1c514a46442c92d4d5a79ed6af57,2,b59bf02510654a688c681f001fb36fc7,37f17d96a135491f,6.12,3.57
848b1c514a46442c92d4d5a79ed6af57,3,515d263dbebe494db910e35f598ace4f,4ae6dc55226f4070,5.17,4.05
063b416215b740c884c02d7a65e0a39c,1,98dfc8a9dbc0489797307f2c956df7d8,f979b11a05f54eea,5.81,2.05
063b416215b740c884c02d7a65e0a39c,2,e7e24b5332764bfe80a8d72c1d1d7ee7,1a23b4c77aff4b79,30.37,5.98
d2301dc98e11474abffbf8efd7b95005,1,edfc9e5db9ce4060a9e51a6733c79683,62358f1938214f6c,20.99,3.47
d2301dc98e11474abffbf8efd7b95005,2,6ff4da7519564cefa986ee884164fcfb,06754f8a12c145d1,3.44,3.54
ca5faa028a764df682b78ce77e29a709,1,0a5dbc9a19224294926cbd0855128685,f2c6e6cddcfc4670,24.73,7.28
af917d1ae5fb4717a9f5875aeb6c2cd1,1,ca60c2e6df3645d29defbf3c6847abe5,f849b8f4bedd457d,25.13,1.92
3a11eaceb7ca4ee190031a07da136b82,1,77bc3dc9f667423b9fdfa840ab96abab,0a3f19ec3bfd4c1a,26.41,5.01
3a11eaceb7ca4ee190031a07da136b82,2,b63ad07a37e14b38b12e95be42195ea2,267f31f64f0942f5,30.82,3.72
5767a2d5260e41ed8d2aab61a8befbcf,1,a678d3d9aa8743b381c1611c09927ca5,e96b7eb6ddd84390,22.2,3.18
00bf8efce3414239ab22bfbddc4929ca,1,19d5da766d6e4a7ea221c834498ff410,70d70b19b9744f10,13.61,4.54
e6061160b1724cd0be47a23b58c8d2b3,1,84902f9d20aa41548ac4e97815356816,3275a26505934307,31.67,6.5
e6061160b1724cd0be47a23b58c8d2b3,2,0ad2da3154614c12879c0ee4a087c6c4,98f3da8f6c514997,17.23,6.59
e6061160b1724cd0be47a23b58c8d2b3,3,f2029d95233f4bacaf79c192b4d93041,7f09d8d75f3f4224,31.13,6.75
e6061160b1724cd0be47a23b58c8d2b3,4,5b53c13eb7ed4729a4c85039c6c4516d,582676dc74c443af,9.28,5.5
7b4b24b9958e424d93c30c3489090d6e,1,d45c7058a93c4c66aaf7960a7dcac75a,8430ea8785f846fd,24.1,7.7
7b4b24b9958e424d93c30c3489090d6e,2,6302ff0f53b24220a51a62a843b98e55,37f6e87a9d194bb5,6.59,6.73
774623d2574f450cbd21d83c5ebf08f0,1,1d620634305e41c4ace2c6a19ea5c8b9,d956c9b87fbc48f4,33.18,4.96
60ea5c5960e04b11977d8424de549546,1,3620c078b6014bb29d28f0209259b476,f96813daeaca435b,31.92,1.44
aef38d3b52904a8d85ef133399e7c718,1,68acae3e6fdb481e9349a2dc4b403995,8d2d8b79b4b9489e,6.51,6.89
a9ba6a2176684601aeb37ac1685ef6b7,1,8723d17e560f42b3b7038d7bff7c258f,6024c780853148cc,5.55,6.63
e987c43dae1749cab0d082915baf82a1,1,60cb64080ace41c9b6c3560cb74b395f,7ae006c999614e80,27.45,7.69
e987c43dae1749cab0d082915baf82a1,2,5974fea74af3425293ade667173a2524,ef08135be1d54379,12.27,6.42
05ca68dfbbde46a58084efb176749031,1,ea498f8cb15f4d0fae6440bfa4def62a,d2bc7ecd3c5e49fe,23.29,4.0
05ca68dfbbde46a58084efb176749031,2,f74bb74c61b34efb8a4eaf69f733f9e7,17f346c2ab6c47ea,33.95,7.86
05ca68dfbbde46a58084efb176749031,3,1f2763ad88914a66aefd15b8f34b6ad2,20c72f8f1aad4907,29.77,3.22
4d335e1cddcf43bc8a5150d92715b446,1,93b9e0a12ac0483683a43ad47f57e353,e1619acfc7d24f1a,28.46,5.12
87dadea3137a4157976e2484e17f5114,1,b2a71c01a77a4a62873962f10a36fc7f,756b99aa8e0d418b,23.5,4.23
516364f02b3e4f85b53e718632a97978,1,2a681f35dca5439fa4e82f20d0b23c4a,f5098a99c63c45c6,12.71,5.4
516364f02b3e4f85b53e718632a97978,2,ffc0608f6fb04d77b95f23ffb277c72a,c4d630d56fa24a77,5.54,7.97
516364f02b3e4f85b53e718632a97978,3,e19596d41d6a4b6fba273799f63ccab8,99d8e5dbf58f4c8e,9.24,2.16
bf64c23a1b4f4911a88358065f172b9f,1,73861775d0bd480f80ca8524d648af77,e57e1c3ffbe04e5a,34.73,2.17
2e14fb38882e47a298db2aaa9d3fea49,1,86ef1615240c44ee9256e70cfd768839,25da2b4eaba946bc,32.09,7.44
0a49e1864e7747179ceee84aebe078e4,1,3a63f8a3d75e41b8930ea6cf16d38d44,8dbe0eb7efb64b11,12.42,4.91
7750b33ae9bb4fa08c91e3f8c3046c73,1,9b222c7152fb4832b7203ba36c544641,10b5bbc5f1dc40d5,3.78,7.62
0c6934470e4e4a32bdb4cf24364557b2,1,49c5ea36b2f140b18a5459d7eac4bb4e,562dfa3c13124617,11.11,3.44
7ef04375368a4516a8aba42d88886722,1,7f06612d867a408ab622f19322619247,373cd77f86934d74,12.42,2.09
7ef04375368a4516a8aba42d88886722,2,82907ac90d01431abee06dfc4c4470a5,737d31a63bc84043,27.37,2.37
7ef04375368a4516a8aba42d88886722,3,b9748b12c4664bc7b55688ebab8f51e6,8ae46e424dff499a,7.24,3.56
7ef04375368a4516a8aba42d88886722,4,69c68c9d79f647908a9afab4270c2de4,f0cb66f636ea4e61,27.3,6.15
0953e357a44046f9a6e1153efc2dd73a,1,17ce5177a2604044b8d85b01d1bd7d48,7407e88d740644dd,5.04,5.89
0953e357a44046f9a6e1153efc2dd73a,2,8e649d7b4909436f83a4e654453251ea,9b7f91f7142c49dd,20.82,2.96
0953e357a44046f9a6e1153efc2dd73a,3,8943d17b75ac44539da31f447eaba4dd,84720df7989e4a01,7.32,1.22
0953e357a44046f9a6e1153efc2dd73a,4,774a983e70b941b598cf8c1954063e42,463ee41200264985,17.97,2.25
c5a560b61267425cba4319e2ffc60f51,1,dd2ffc5ac7d1467ca2d3f79939ac3e05,426e446a2fc64a3e,17.28,7.91
c5a560b61267425cba4319e2ffc60f51,2,d55da8ebd36c46ccb078a6c1c4859023,3529ebed07474736,22.34,1.4
c5a560b61267425cba4319e2ffc60f51,3,c41b97636cfd48139981c6cd847b8ace,d5e92ffde6a541f3,15.85,5.56
1042cb9873d54c86b549ac76d7c99ddc,1,7e48526d5681427eb815f245559b38d4,e18f664f737c44e7,6.25,7.83
b317cb8154f742ada7865d3c1d152773,1,ee78122fbc8f48b6aa07ade987c6ba02,28fa46da995949eb,6.16,6.79
b317cb8154f742ada7865d3c1d152773,2,34dd1efc16864ef5a177beb4fa49c6e0,cc2110b566664014,24.11,5.28
bf97b54a5b864e09b69d510d9b95504c,1,1dbfd2d78a824fd4906140826f0d9ac5,2fddb11d962545ee,31.8,3.47
fd82e49eb1ee4d8faf23780b945d41cc,1,191fa7b658b34be19887b93bc9d89c96,7a99baaafae34e28,12.75,6.28
fd82e49eb1ee4d8faf23780b945d41cc,2,2aac360a75de45e7947930505a206050,ac73700777db4f05,13.68,5.27
fd82e49eb1ee4d8faf23780b945d41cc,3,0574c4dc1af24cf291204751007ba3e2,93e8eb8b88384cb0,22.93,6.8
b363c7fd44ad4abab7405dec0f9a10c7,1,229ff29b7398418096e5b83fd376b5ba,f2c7ca3eab8a4fec,18.05,2.44
db93751fc2ee491cace0e83e0aad9fb4,1,9818be4473b54c2eb8b9b802e1fd3c27,c5454d8be3154f83,6.99,2.23
db93751fc2ee491cace0e83e0aad9fb4,2,c9b74add763647a7b7d9759937b74d0a,3735c293311b4978,7.86,1.0
666d1ce773f64f96afeeaccd342945b6,1,3d7ac0b6e52045d19596f5548a74d484,3f4bc8a585cd4e1d,19.62,3.38
b409ebfa4a1d4bd6b186537c6438fe2e,1,53356e31982e427e84f5929c0e4848e9,93e4ba7e57a1422f,34.15,1.56
61beb93f0dbc4ab0815fe2c3ea8d97f8,1,51db9fa8acb144f892d193d4289bbc0e,483fef86160a4539,18.78,4.63
5c34a1731f264967af47de975f08565f,1,57c3b4b73df543ffa8356e4ba2b44b94,7c10d8d91c994a3d,5.82,7.03
5c34a1731f264967af47de975f08565f,2,388872f1a2034333bbf1fd2e688c065e,39eedc09a13d40f9,16.04,5.27
79d91797e38048b38ea54469cd64ff31,1,4d93bc204164418a9d141e9f5ad1cecc,0e84ee319b5d402d,2.15,7.09
79d91797e38048b38ea54469cd64ff31,2,785b24198b994c25bb88f30f70c02e8c,c171e27984914a22,16.41,4.66
77a727ab2fe7454fb87e3c4d99088215,1,d4035e8f0cf94ef7bc8c806f597c32ab,521dd583b34b4d9d,8.89,3.27
77a727ab2fe7454fb87e3c4d99088215,2,781c57db9bc64a3f89a62403b282fafd,08beeae46c15410e,11.96,4.75
ef5a3260938248179a7349db36a1594b,1,fba0ae7bd1184536be1d9cd573be810c,3d87f53aba994bc3,13.13,2.42
ef5a3260938248179a7349db36a1594b,2,c55471d7d9bd4d53b96aad4a2f6bb49b,9244fc0fcb8a4f09,4.93,7.18
ef5a3260938248179a7349db36a1594b,3,dce380f0f7254b71884f24e4d4e044f5,f265ea7c7d164b9e,15.8,1.92
5d025c2302a54f92adb66048958f5847,1,305d5c2bca91444e8bac4b75d49ade44,025c110588ac40aa,4.22,5.52
5d025c2302a54f92adb66048958f5847,2,3965f5aa1bb84b8e8dee62ae18610b12,32f6dc9cf6364516,31.53,5.87
5d025c2302a54f92adb66048958f5847,3,eefa98e8544d4f0c9b164c9bde8b067e,d8e21f1f5a234af7,15.21,7.92
86b20937edc04274b75801cf746cd994,1,a8cb30054ed04edeb46b465ee825c1d3,e4ac1903339247f1,33.59,7.5
aa8244d9aec64402a3407f74ff73b25d,1,4983afd2ee9f4234a93df7da58e94e08,503c4748693b4435,10.22,6.92
460e2d1f68a54f7c825988f9d81116d9,1,79ff858cf4e249c7831dd14d51af13cd,f2953b0a0015468f,5.32,1.45
460e2d1f68a54f7c825988f9d81116d9,2,8289202ef6c845e8a0a2c0f7f3d132cc,e7b93686526c4ac8,23.33,3.01
460e2d1f68a54f7c825988f9d81116d9,3,e35d5faa1c0d47e49028b4ab74075d46,a35a02993e124f14,32.04,6.31
117fcc5df2514340b34bbba6dd348b97,1,54a9319ddc744f2a938436305850f0c9,f51ccf4ecc584f09,21.13,1.46
6da36291816b400da7fbf6df70373206,1,0728ce88318448b2af5034e9b7136626,5335a752e0a34a24,17.88,4.82
6da36291816b400da7fbf6df70373206,2,952ec08c13834397adc07b66fcd2ba7c,5c94cdd5ed4b403b,3.75,2.09
4e8ae2eb0ed54d2592754eea766b59b0,1,465b91d1c47d40348bd5d024e08f5490,7f0e05e63e7248f4,21.44,7.69
a5110019dcfd4810ac9cdb6a507db23c,1,6a3fd451a822495385ee1483240837fb,49563926fa914cdd,23.13,6.61
34c14e23c00c4774b8ea54f054172c19,1,dab1cc7e8b2145e5b805a0abb8f6543e,230cb2a295d54f49,6.17,5.13
aee997155ea04cf4ba8b8b50a670f99e,1,aee64ad2e8484592b55d2dbca3bce637,dffd86617577471f,34.98,5.04
6517086fccb14c8fb62e36414cd71ef5,1,245cc7f593c749378fb9cb5c059d65b0,302db141ad70404a,5.56,2.35
6517086fccb14c8fb62e36414cd71ef5,2,4707f11135764ad7aef25ca0d03a624a,4e4b6bc2ec0a47dc,33.01,1.1
6517086fccb14c8fb62e36414cd71ef5,3,88bf375ba9e241ffa77eb20cc90abfe8,0a367a2c032c48b0,19.03,2.5
4391fee34c9a4a278fbe6886b0fc892e,1,3d8dd40ab81f4115abef7340cd584b66,2b73c35b387440f9,10.28,7.94
4391fee34c9a4a278fbe6886b0fc892e,2,8847fe8ace42447b8ec3023f78213f66,98cc196af8ec4f71,19.29,4.61
4391fee34c9a4a278fbe6886b0fc892e,3,ea2230e8e75441d5abed1d69b07d0da9,419372324b0340f8,10.29,2.25
6006de866ba549a0a9d2c9c1519c9213,1,f092e2f7a2734ffca05969836a199e35,3374ae781acd4593,14.8,3.01
6006de866ba549a0a9d2c9c1519c9213,2,b236bf562ac44324909c539337869aa7,a8a496eb4d874f34,33.01,5.59
bbb37ae162aa4d8d8449f398ae87e039,1,9bfa34bff1a64a30a97f0d8e4ccfcbce,8c918623324443de,8.38,1.03
2bb52b122cec4d448f2735a4076a70b9,1,15479f71012341fcae5cf71b23d6436a,d3a657f5785546ce,11.52,4.26
2bb52b122cec4d448f2735a4076a70b9,2,61ac9cfae664461cb124e99618f46e20,1fbe0f28d286483e,2.31,4.92
383366a9645b444dabfc231f07c9d733,1,b84a18bad6c348f2b6aaf93b7c70c98b,2edc11038c5a48c6,4.13,3.55
171947c9d4014c8981d554c5e27a99a0,1,7079082794f8472882804794c5356c69,d433615591944d09,22.78,2.19
84211a434eb744859b7fcd999c4a794e,1,d1263da26b7440e684f5782025355516,f3f682bdcb4b4150,15.08,6.07
3107918b888945428c01696693d9a788,1,cc1e34233aaa43588149ae53c1282cbf,8d2abad0790a4d9e,9.28,7.64
3107918b888945428c01696693d9a788,2,758db692e750406b8bb18065ee7fc87c,24183784026d49a6,34.75,1.23
f770216d9f5d4941a402c7420465b2ca,1,8a9d1b1545a046afb7cf6b1ca6f6d250,e416c6d44a704b97,5.69,3.88
6dbbfadb3bce4065a8d5efad0e66a5ee,1,4785c7c9b45b471a83a3e04c46edd2d5,0bf86a9b0ab14edf,12.99,6.84
01a96db6ec534887a7d11e9a859915b6,1,e71e481e527548489f9e6d018b8fbe45,f3fa2dcb5d8a4e36,11.37,3.2
01a96db6ec534887a7d11e9a859915b6,2,f1675fcebf4f4f81993ec0df192f7f9f,36b807e475674fdf,13.64,3.38
01a96db6ec534887a7d11e9a859915b6,3,500f95e7b5524bb48f9364ebb762b17c,a85cdfeafc804437,6.17,3.97
01a96db6ec534887a7d11e9a859915b6,4,5be505f1eeec4520b5f5439bfe465e0a,ca9ef53a860e4271,4.23,2.7
2b43ed08839d4af6b57afbaa40fcb6c7,1,46c30a397da3411a9b41d0a8447fe1ba,ca470d6c98b24502,12.03,4.36
3ff7c49fce574644a24348eb12a78ac4,1,651b738e36dd4f8ebe9a81f946fc001b,de028ee74d4d41ac,25.97,1.05
3ff7c49fce574644a24348eb12a78ac4,2,2c88cf68d880440eb62b8d923d169f78,1a44d10d55ee44dd,31.61,5.05
3ff7c49fce574644a24348eb12a78ac4,3,aeaa58cc1fc64194a345ff50a87cdfb8,96fb1999eced4a22,6.83,1.58
f1bd2a84a2f349de8a211e2ce0cfed30,1,1b350f86765d425ca37e8a5b3f5db70f,2581a97920a44778,18.67,2.37
42a75a4035fe476384aafe6738572573,1,65d4beed6fb34b259772d27aa4c40766,c021328565c04a71,19.26,7.89
42a75a4035fe476384aafe6738572573,2,3e87f63e31454a659c3efcc44f4f6229,1b24050fff274f46,24.37,7.36
58dba15f996f4a85946a904ca3d69c53,1,5a44863527424e4a982250387c79265f,5af8f1144daf4ec2,10.31,1.46
58dba15f996f4a85946a904ca3d69c53,2,e4635fdb8391493680ff58a1566930e0,ed654df43f334f96,26.95,3.87
11f522160f114d5ea46ecd6687168499,1,aa8e0bbc6c7c46e8a2ac671fc0dab52c,70d977de3c064d19,8.23,7.83
4593f3a2f24b4bfeae94fe622f332f5d,1,8179b458a977477e93ca6ef2523889fc,742fcb8a6c8245cf,29.73,3.1
4593f3a2f24b4bfeae94fe622f332f5d,2,d18ee7bce0b44038ad5185a2d685b112,ea354fad83b04f35,23.81,4.64
4593f3a2f24b4bfeae94fe622f332f5d,3,d64368589bcc48b7be5c95642dca6b0f,b2da9fb91ac44af1,3.4,1.17
88596d999d3844f491e06c71266b1c62,1,cbc98b721a0949c7b908c4a217b584f6,4c990f06fd2646c3,6.19,6.1
e90ecd94bbbd412aafec5a605d540602,1,9ed184927d3145b2859f0291e056b891,90ed2cf269764dfc,33.46,3.39
e90ecd94bbbd412aafec5a605d540602,2,88133c211eab47b1b9e3b5fecb8efd6c,9e466f131b704257,33.67,2.31
35d8277f08004c3cad554308e46d6b98,1,1dee54e3bacf427880a0dc31bb416207,c41ed250ed4745e0,5.19,3.49
35d8277f08004c3cad554308e46d6b98,2,625e1d65471143c795a1cb7689c37799,ec3a42ed29724be6,26.88,6.6
35d8277f08004c3cad554308e46d6b98,3,1680349be28a49e6b93b3f9cb0aa56c4,a9d26544e92a497e,8.05,3.91
cc08b5115c184623a242204b6cfdd868,1,8cbc91918d34482dac222c1fb7a1259f,df0f4ca8ce4f4aa5,1.51,6.0
cc08b5115c184623a242204b6cfdd868,2,d1d97faf63c14e4cbf285a38cc6c7282,9752123a69484152,33.6,7.66
e905d2a056db4c5ba4ec413b973a0db1,1,9db31b94e33c4940b3dafb0ab876aa75,52152a72914f406e,4.35,6.88
e905d2a056db4c5ba4ec413b973a0db1,2,fed730bbc13248c5bceecf4bb8e235e9,ef9c544ff9324b46,31.72,5.15
7367d7b6c5ee483090d6b18fb3c7def3,1,dd5daa01ab3f4f28842c8bcc292ca90c,af6a43008f4d4e55,10.71,6.68
8862cc3be27744b88739255afee1b32a,1,14d6a1978eed4d08b44bb46dead23613,e97b5261f232419d,31.0,6.24
46e6da10a1ea451cbb84c1d40a2afc01,1,ac12fae6f4644860879ac529de66e8c4,e67ba296cadc40aa,9.17,2.68
efc3171530544232ba8d03df53532673,1,d927262dfdb74a01952a2608acccf86f,2eed3e83688e4340,1.87,7.85
efc3171530544232ba8d03df53532673,2,1512f3ae2e8c4fd8aeeafa1fd9a0b3ab,3552706da4e4435a,2.58,2.22
25779f2a47ea4e0f98a6c84a5ba1c2fe,1,25699d9b38b940f08c753fe81cea33c0,40764a35df6b4574,16.23,3.26
0ebcd780188048828fbb748f1f326527,1,74727aa1a06f4ef0bf31d4a73d66e4b7,f5e6afac91bf4d90,20.47,6.35
df5c078038b945078e4ed0601f250f01,1,2a2d5df1324042199c3387e51ad8e588,bd3cda0e7c83477c,23.92,3.49
df5c078038b945078e4ed0601f250f01,2,f79cfa19c1514423984e7f4f36191434,2e617a4b5a454642,17.12,3.16
df5c078038b945078e4ed0601f250f01,3,3ec7bb53e6c04123b215b1acaeccca05,709f81433b394251,29.95,5.64
07345d45e52d4e59b53ce421860ec06f,1,a69cc088504e4366ba99a3046b565603,da4a136cd34a40b5,15.0,2.46
07345d45e52d4e59b53ce421860ec06f,2,da51c65c0eeb4510bccd6b393660b1a4,dab0f7a5f357444f,31.9,2.26
9a5a463f16794a799af5aba443ec017a,1,533d1e7641c54ff586b4472f79a9ecd2,64d4e0ba6a974c18,2.23,2.01
2a2a77ce9ca0499d9df53468b3b09e5a,1,d3cc1fe9d8ea41d28163f04dc70e08c1,d73f18f9d3b446bc,33.51,4.17
2a2a77ce9ca0499d9df53468b3b09e5a,2,d01f6522c8a34347a3e7a3c2986c5671,2651356c99744f07,18.67,5.98
2a2a77ce9ca0499d9df53468b3b09e5a,3,e4223f2438c94caf935e3939b6d961d8,c83b6a4bc79c4abb,18.25,5.6
e611ac6ffe214b9092c478ddfd4a4435,1,9a470f368bbc430f91a1d301fbba33e2,04d80d308c43479f,25.18,1.88
e611ac6ffe214b9092c478ddfd4a4435,2,aca553b4924f4090af6004dde2ba3afe,fa52233889374627,14.82,4.34
71d74fdc84794a979c0130484fbfbdf5,1,9b1a3cf3bf2041efb142e462ed6689de,78004b1088184693,11.41,4.61
71d74fdc84794a979c0130484fbfbdf5,2,4c2b8d9c627f45e999f3b136c649d42e,22ba278c16884828,8.47,3.07
71d74fdc84794a979c0130484fbfbdf5,3,4f2d62d9b1bc45cfb5ece8e040727b4d,a70ea9b916d3410a,29.96,4.46
71d74fdc84794a979c0130484fbfbdf5,4,dd6f0f27258d4905a981601344bda565,3d0466eaf82d490e,16.76,4.61
9317c588af014e77b750a43651e72a4e,1,aca1b946d38b4e0283f783baae4074df,efdc8e5886be4b02,12.04,4.23
840754f8b0864b5bb1473b36b3b00dc1,1,d38035fd868b4f9bbeb9f5a425a3afb5,35512cdcacc442c2,27.76,2.59
840754f8b0864b5bb1473b36b3b00dc1,2,d0eeefe03b1f48cc9f6103feb2aebbe9,2ac900d17a634e6f,27.45,1.24
c6f997ec312444b9a624c5ceedbd41e5,1,091692d931904caf9a6fefb19fbf5e2f,af7e27b842764b4b,29.7,5.71
06e1b8fc63224dca80b92bd0371561bd,1,f707eec725a14ff19e3a4838c0a0319b,2fd4ab113053490c,30.82,2.3
bfdee2844e55407eb3998dc2cf21e7eb,1,ba2c5f2e15a24253967313fa95dddf75,0f86b714dd204b11,26.69,1.49
b06f8bcb4c684cedae6c26c496cb2693,1,3fa3f275da574e49aa9e66e1bafd16d0,1e8c4070190c487d,27.07,5.53
31626cc44a4744259d64e3dd1d90a082,1,171e5fa20f4545b48da47eff5e45bacc,338241751fb640a1,31.23,6.38
ac935247b6fb4082a9b708d4bfcb5213,1,56e9b012aca740efbd2ad9d898fb1e52,40ea05eb8e4d46fe,26.47,7.02
e8739a3f845448ae897bfc18dbea43e8,1,bd7fb862644e470ba5ac0518aefc7b09,564c595652624699,14.89,2.38
e8739a3f845448ae897bfc18dbea43e8,2,c2a4abaed5fc43719db6efbea69ea812,2f8c93c46fce41a3,27.68,7.07
f5e71e764dd542c8b3ab17b140e025bd,1,e891f8184e9f483089c1093b2955b3d4,8723682b3cd44987,18.75,1.02
1b2053b07dd6461ea3ccd688507aec64,1,8e252022208941c398ea9ea8d2abe426,7f3b32ada3cc404d,29.72,2.7
d6c0893e4c6742079de3ddbd4ec4afad,1,138099512ae34bd3a6d34a7b4d88ae29,27c8ecf2232240cc,32.2,6.61
d6c0893e4c6742079de3ddbd4ec4afad,2,9e0f12fb43a34fceafe25386a19b8baf,80ef8270c68649f0,16.09,5.06
5c2487dc94454a2da6fc0eeb02cb05e0,1,74f4f3244f334262ba093746b2891849,9d94d5439631415c,25.73,4.86
5c2487dc94454a2da6fc0eeb02cb05e0,2,23d5cf46ad844e4b8186a6a073904c74,60e26a1a41cc4c64,26.36,1.12
95be6d713d2b43058c9d0f6b1b9fab22,1,1a6997865e0d4853a97dd53472929f0d,c7652e4519094e6e,25.99,3.33
95be6d713d2b43058c9d0f6b1b9fab22,2,746cf56c60ff4c16b6600c588a12993b,b9118fa4ab844f5d,19.52,4.72
95be6d713d2b43058c9d0f6b1b9fab22,3,15d1c3bc6ccc4ea5b2cb91546d93cb1a,877a86d665284c6b,5.92,7.42
121ae4dd24404a649a1b6a85350cc9b2,1,6abbfb1b40694235b88a8255c562c5fc,ae71ee109df64918,30.24,1.0
121ae4dd24404a649a1b6a85350cc9b2,2,6aeefc65aa2f4e9eb703be2638206ae7,3076ef46b8ef4575,18.55,2.02
0486a24b6ee64a2fb462cde95e5be66f,1,19456ebc8e5644b6880f2b67597dc81f,03d6f289bf404c24,33.05,2.74
ab5d17e65cc34453a44e0d5527f76e69,1,e82d76663ac44ffbbf83ee3e17472dcd,edb0352326a9434a,33.35,5.01
2a0bf9454c8a433d8e06126bf729afe5,1,031e9d01c3f54b358e9a7607bfa489a6,94dd5fddf6b74bc1,3.9,1.51
810fe525e4fc4e868b2b7ce4090790a1,1,a76e4f2b2c73485f9574c64b772e6295,1b9ced6feaba43d1,33.17,5.41
f56a0ca55fb94ab38e0626f50cdaae18,1,e44a1ded607d43c2b2283b418b57ff95,81b820bc347142bb,34.85,3.24
32234eecba1e4bf2b06e42af241c9cc2,1,e566b1ad7498447693780d00861da382,ae617732f4734360,3.86,5.79
15f0a221c4fe466794a8e3a9b6ce1366,1,feaa48e3f4a74233a29ce5affa8dffb3,a27dd7c70dc440c5,11.77,3.92
b9e32137645846e7b0b849d99c07deff,1,4bafde0ee18843ab923d34e5500b6118,49a9d81301fc4ef7,28.66,5.22
b9e32137645846e7b0b849d99c07deff,2,f1a71aeb1ef5419d80739edf2d8ce889,15d7ea615c494b54,29.5,5.44
b38b03f84d5f449fb9534a768de477f5,1,bae195153f4f4f11889e044eab2d40cc,2862ac83ddb04ed9,24.7,5.87
b38b03f84d5f449fb9534a768de477f5,2,f6bab640523c46608f7fc9d73c0f5d71,f250ccad6388427e,14.75,2.82
8c70d32035374a8eafbd12b98700f770,1,353663b8871a4a939dd0c20cf63297b2,ab94ce28d48b4d05,31.48,2.17
f5373cc7ede64ff09e75a8179f20d595,1,3810f724c6dc4b6d9fd157a0b29a4626,b4767ad5c9cb49ee,19.25,6.41
49648045de0c474ba3637914c13f38e3,1,864c226ad73346d08135c63becc796a8,61334ab2363f4dd4,25.41,3.2
19274daeed8540b6bde6fe6af33dcfbd,1,a95feaf977694f3abf8c659230dde926,776baaa9b54144e6,11.4,2.86
19274daeed8540b6bde6fe6af33dcfbd,2,54e6bfc7646248529285327e945044ff,5c31478e4e054408,16.04,3.09
21997074034440f48d7fce819fdf923f,1,9a976e1e43db4c448b0477fe79ebcfa8,8686b77db3d649af,18.67,2.27
ded286e8a5384bc5885d58bcc9a33788,1,0bd9825cd2114de08f116dd435004dcb,7082b907d90e4a97,28.4,3.75
eea5dcc412bd45ef83d356cdd6e1fb0d,1,f3fa949df1e24ae8a0d3017cee04d4ae,0b50deb34740432a,19.33,1.75
481fa5f35a2a42a1998c21642e044839,1,6b7e6107cb5e4abd9ebc30baba08bb32,87ecc3123a474c25,3.1,5.3
481fa5f35a2a42a1998c21642e044839,2,a88ff1911f6e4befa71c5b9cbfd30594,4da0babd504b4ed8,18.29,6.73
481fa5f35a2a42a1998c21642e044839,3,290c6a15d9854dbf870ecb174ec50534,486c75128d3e42d4,30.45,2.23
783732a87d4d4ab1964c615c72029c65,1,447d0d3fd82e4bc4a9fd1bb018da42d3,dfd4bcbbc8b64f69,24.81,3.9
783732a87d4d4ab1964c615c72029c65,2,08ebce2b8d054a92a54d58a217bf547f,6eb67061dbe240d8,21.74,5.92
783732a87d4d4ab1964c615c72029c65,3,315d5322486a44be9515a5e0d645ba45,48b8ee21b9f14b04,19.64,6.8
783732a87d4d4ab1964c615c72029c65,4,b5ff4829507d45a985e5d7bcff22bbfa,6e865e8640384c3c,1.83,2.84
3a4bb05b49fb4d919adbc3a029f94766,1,445e36a30b384b31921cbb56645880cb,5163a2b2897d475f,32.2,2.87
3a4bb05b49fb4d919adbc3a029f94766,2,5d1738be38dd4bdead4889ed1f73b131,b2867c2358c94ce7,10.68,6.19
3a4bb05b49fb4d919adbc3a029f94766,3,5e2de78980c94b93844e832b14a7ae0c,faf3d8b3cf8445b6,30.31,1.88
55339d7af7a64a278319c3f9e0646b46,1,1f8fc8445edb41369f18b43628a90725,e8750f38ab7047c8,32.7,6.05
52451999be654c728082ef80e1341f9a,1,f0b005a0a1954feba459b25e43350ba5,e5bb5028797c431d,18.65,7.16
52451999be654c728082ef80e1341f9a,2,85b2bf53cf3843b69079e2a889195bd7,a66bee8e671a4f09,27.66,6.69
aa6bac68fc494a969d4955b452efcc0f,1,e19e1a6ff4bd4b7191a6ea78c0dac74f,06288258c9394824,11.27,3.45
aa6bac68fc494a969d4955b452efcc0f,2,e901af20d7544b5d8156af61d359c25e,6fde0ac842f4449a,21.59,3.78
4364de1774cf44e29e1e9385b81964fc,1,7535597bd20d43ef89ebc4e310b138e0,100de293fe0a4fa2,4.25,3.56
4364de1774cf44e29e1e9385b81964fc,2,fb99f4e7b2af40bb98449d7c86d645fe,331c2a66437e4a8d,7.17,2.96
92b2226a76354683b6a2eccc4b55cdf2,1,87e46f4c8dfe441386bd12b6461a0a95,e6221bc1ef314125,10.85,2.56
92b2226a76354683b6a2eccc4b55cdf2,2,a3c6c7ecaeb2450a8c2a6120f574402b,6d66bb70e9d0421a,31.86,1.92
f2b78138b1fc47d1bd5fc096cb9195bb,1,f59eb351e618415b91139a2336afc14c,104e44b3025047a7,16.55,2.38
f2b78138b1fc47d1bd5fc096cb9195bb,2,3b8cc2713b4946f3adf5bdf0de012d61,158b7f10016b451d,16.15,4.86
f46af69d7663471f91ef43055b7987fe,1,0c8ac3d76b644695ac43364d54d79311,663caf15b2f34f33,25.43,1.48
c09f07c5855f43cea7cf5ec3265e4d4a,1,3bea4b941d924f8a90fcfc79a84ab3c9,781a366fcbd14d58,2.86,1.4
c09f07c5855f43cea7cf5ec3265e4d4a,2,084fa98061f9426eb3f199d4c0b03828,aac099ea202a4859,9.35,3.15
02253ff23a8f4884b9b752ddcf45f7e2,1,ca557aa96f254a5f88b783fdbe0cfe11,e9f99a03f675430f,19.86,6.95
02253ff23a8f4884b9b752ddcf45f7e2,2,407bcec24c49495a92a94ac8f34c694b,323014783cc3414f,17.21,2.14
87186de92b4143c297fc6f201346429c,1,ceeb630bc2d4462abab80354e2c5ad86,8e8f2be058f44baa,23.02,4.43
1ec60982d35b4c379275371508f53c2a,1,6e89af72ab7141898cd2161da1be113d,344309bb9b104e57,20.51,7.47
381aac1db44e4f07b5d19a0fd7c0c855,1,3e8e9914679e433796cdcddb64a1446c,cd4771c173d2419d,32.82,4.59
381aac1db44e4f07b5d19a0fd7c0c855,2,9b72bed1a00b4ab9a854257538f007c4,2a65aec8eb3c49ae,28.78,4.85
309b3854a98e40ffbc4bc3ebed62458e,1,da37580b414148d4ad2e9a652e16fa18,c1e6ec73c55d4b7d,12.32,7.65
309b3854a98e40ffbc4bc3ebed62458e,2,9a23c5c114ce4ebe86acaabfe1e8d7b7,3fffcd614ca34f40,13.64,6.0
309b3854a98e40ffbc4bc3ebed62458e,3,74d7b58ad8174bb682acd97d39baa29d,d71d3469a7b84e47,30.39,4.11
a2212effde9840f3ace15454c5f50484,1,54ed1192bf124762a9814d24e5fb17a6,d6a70371188a4c94,6.66,7.61
4f889a3e721c48ceab4353f8d4993762,1,300a7326cf3147b4a049be0005185f96,a99a651e451b40e4,33.6,5.99
4f889a3e721c48ceab4353f8d4993762,2,901d88dc70c5441983a1e1316548f28a,e013b178c2294c77,21.57,3.89
0364a586b6164fc9b3c5ac9dde55d75d,1,fca2e2e7e53e4a0488e4683f356b8c02,8d874fa7377a46d9,21.84,2.09
0364a586b6164fc9b3c5ac9dde55d75d,2,94b3668f3af044e3b494c0c3887e9100,f0ae617274b34364,1.7,7.66
2a5dfa6d951b408189d9e66e99e45e3d,1,559b964fbbe8456fb3563e51fe22d150,b14b98dc5b99481b,23.72,4.21
4bb5597c52664fcc8912a975bbf9dac4,1,b416786f038745e2b8022b434517f67a,99913ba7ca594fbf,4.58,4.71
4bb5597c52664fcc8912a975bbf9dac4,2,90ef39cfdda449fb8649e3d57884f7a0,8f9dfaeb7d374f34,19.7,5.82
b6c1989ce94b415cb5b2f283ad2769a8,1,d04bdfaf8f8a4552b28a727961000dc5,e96ae070d6ef426e,33.74,5.11
4b42775b778544e2b811cb3f169c08e1,1,feb9cff86edb45e282e8461f924f1629,ca272f36f3a2459b,14.84,7.77
67f139239c0a452b8315ec6031aa5227,1,49bc5bd42ed9448d9a9037d35718d901,3387004a0ccc478b,4.63,3.32
591c815947fc4280b3f22626c3350b14,1,0159c762d8964e098629662d33a8a918,31fec4d79b574051,10.29,6.12
683bd3982f64428c85b78465d312fdef,1,8d2d90c7cc2642c49e6a2cc068ab2d43,9584eb10817b43e0,32.82,5.29
76dd87f2b5b9476594d23f25ca7c9a19,1,8af326d2de7d4d53bb6f75597ed4f90d,519efe2ac5fc4ece,9.18,5.25
76dd87f2b5b9476594d23f25ca7c9a19,2,a21b5db510084d3ea9b10b2231801c02,b6569dccbd764645,22.67,1.67
50acd95e8c2a44a38f74ceb96afd1a74,1,304fda871fad44f4a8f6011dbc1631a5,8799263023c6445e,32.99,7.0
9162d7cef67c4b0aabbd5d07237d60ab,1,42a94f94617e400fb69b6fadb064befa,0a70e41fcc754459,4.59,1.14
9162d7cef67c4b0aabbd5d07237d60ab,2,de5da067312148e5be89025d7bb5ade6,c91493ebcf37415b,20.27,1.22
9162d7cef67c4b0aabbd5d07237d60ab,3,3ef5bacab08b4ef89ea03e5fef14c05d,634a6b4e11cd4a90,4.4,6.94
e5f083c9ac044df2b1afdd32df47ce28,1,cec429323bff4c08a6e5fb3b357e1fb0,b380f3915a264a5b,22.99,1.29
e5f083c9ac044df2b1afdd32df47ce28,2,247ab29c828841b8aae554c929537047,061c80a3b8504f09,23.02,1.11
3fe838a2a3e0485c852bed071288ee98,1,929b9dfe31c849cc94e266dfbcbcc5b7,6c0954b0c6274ec3,18.09,5.62
e84facc53ea74024881bcd92953d7354,1,77ef34973519466da8078362e6934fdd,4f3c93277f644dd6,11.34,1.22
0e039473738f435cb4a43569426c2401,1,e38ffd44dc5644f1922a12862444dfd9,f885f7ef1bd240b7,34.46,4.94
0e039473738f435cb4a43569426c2401,2,a49d28d23edb460b8621a8b995febf4e,4594ff60ca3b4b42,7.47,1.62
0e039473738f435cb4a43569426c2401,3,b363f6fb0d0b411bbef716fe01f24081,65396b4c587b4893,29.45,4.12
c3ddb70e54b9455ea92a3d40aec1ccef,1,34306c9cf681432f935852723f239049,38b9a7c52ec443f1,10.96,3.1
00afe500ddf247889da97db3011da14f,1,8df2d89dc5f14467959dc846d6c36882,97be1cc1e42b4ede,23.47,7.72
3cef7d2f294246b8a1101865e90d35bc,1,d0244cb1e5a9489eb486739cc1853e0a,149824ce56684b71,23.45,2.73
4ecad76d8ca64094852825fe2f8183b6,1,42ba3f9353c549238a3a77939f996603,4b5f7651bd4943f9,17.33,2.16
252a84f701864a90aad79ac1ccd0fb74,1,462c0af57ee14b09bd2eb74467893eb2,19994a85079241e1,26.6,4.12
91688573c3534b8fa1f04cbc87a3f980,1,cab57a07362d454cbd64ac9ce4455506,15ba2aa7f3874000,33.26,5.89
01abdcc274fe43b497ef4945c0a361fb,1,00e10000a6264bfcbbc6d729b7300cf2,2f2523c8f1c541fa,29.2,6.6
01abdcc274fe43b497ef4945c0a361fb,2,8b626b56da4244dab742dc912afa1dcd,1d346f926ed94d4b,31.62,5.59
0786906edf194d91b31130caf9647b1b,1,1c509c860d4d4e6f86488b187deb0d2d,e500d548e2944c52,27.02,1.06
0786906edf194d91b31130caf9647b1b,2,857f689152bb42d69cdf4a3313013ab7,35d56f3f92e74378,31.28,4.7
97e4b4bdb61a41ae9d79168bd7d44618,1,8324013d19884e77996c918598d5c66d,017bdc9444714bd0,21.84,4.69
97e4b4bdb61a41ae9d79168bd7d44618,2,7bf58605a4aa482a8b631eb684916706,7a27afacbc464229,18.18,7.98
a1bec2459db848f6a6df4e725766c9b9,1,07dd94e3c2304197b135302ebf3919fa,d82eeac96eed4af4,33.03,6.59
fd75eae1c0594515bbddb00c43504b86,1,9a07f391ecbc4c8fb925b769c836c298,cb7465bb5d13450f,29.97,4.03
293033fa41cd438388cce28e9d730cef,1,6be269dc00f24efca5b15dcb579d3f74,d5e4109be89f487d,17.72,7.91
293033fa41cd438388cce28e9d730cef,2,6d9953d849e24acabbcf49b0a6f75cb6,f16c4bea18f54779,25.63,4.7
b55c747f094644e48bfbaa9c3601836c,1,4aa942c679c84df68dc452d51ec5646a,6fca0676b9744522,18.12,3.41
948e632af0a84f6b980de610a0d3fe09,1,e31c6c638d8c402c87cab94fb7f85cb1,c01d73b6f6944d92,29.55,6.1
948e632af0a84f6b980de610a0d3fe09,2,4a6835c7be7b438fa3400fe54eed5fe8,9385247974144165,4.37,3.06
948e632af0a84f6b980de610a0d3fe09,3,935ee17512544dc78da9c2b82ab3927b,c9fc97a4c02f4227,28.01,3.77
948e632af0a84f6b980de610a0d3fe09,4,a942cc9d1e5942b39db1776df0b07cbf,bcaa4d50fdcc4560,21.35,5.59
55dbfe316b544a3e9697d48cb364b1a4,1,d7369d304c0e4ead909a8a5242ade89b,9bd27bf0314f4dfe,9.94,4.14
55dbfe316b544a3e9697d48cb364b1a4,2,96318298a0214bc38bc6c1e332143740,0d0e4e01d2e74c8f,21.95,3.84
bd5826536fb24741a623f5349427b3a2,1,eb09fdabccb240df8fc6a68c60a79543,73e480368c764482,28.28,6.4
466a32068d4b493db39d960405d13179,1,48986975670646858a606a0b07dffbe6,43f5192b199d4eb8,24.95,4.07
773257224f2e49b18ad0328fc86c3f8d,1,e24632fb304649fcbbe312c1c64a4ac5,c28fad6ad0934f66,33.01,2.72
773257224f2e49b18ad0328fc86c3f8d,2,8685f583b7954526abd853a05f4a1505,53b052c01bdc45a6,26.98,5.13
773257224f2e49b18ad0328fc86c3f8d,3,ec659b9b613e4708852c64745cca396c,2fdee72f4d964f67,3.18,6.34
773257224f2e49b18ad0328fc86c3f8d,4,22fffa6891e046198403b352cbec9994,470353b5784e43f4,29.92,6.44
24baf09e9856469d978b14d23f795504,1,590167d862084a0e9755da4b1b5f6e79,98f5e39147774189,25.97,3.06
993eb0e3c1ef4378bba55f224e2e9a7a,1,7b65fc7c76a54ddb84ab91975789c169,0fdab303ad6d4ef0,31.92,5.12
cea151f055cb4688aaa7db4790b4988a,1,c6cc2e4c60904fdc98ba460ea8727097,f32520f2b9c3485f,23.69,6.1
568f5a4f99be46e8b1dd5687e740c39d,1,8a3fa3e67b5346779e20fadc57e4ab25,e1a4577de4054f7d,33.13,4.39
5d80fe7bba8b484eac89a80018b8dab0,1,91da5d29404748bc8a61c65b73c63110,d5471ee104c04591,17.92,3.63
aa32c8e723f544359c412fd87218c68d,1,bdfdfdba296e4becaae342b6a46a0d7e,493465a1364f4bc6,28.55,2.02
1eee0dfa585747a2b284ab252456970a,1,f9237061365c446bb65e8191157808ac,e0ec41bb49ee4d57,19.42,3.64
1eee0dfa585747a2b284ab252456970a,2,852e72312d134bf0968d107a6c21e4b7,5ad8d9ba80414d7e,28.46,3.41
1eee0dfa585747a2b284ab252456970a,3,09258358dd8b464bb71fc6c2d6fec898,9838bbb3d4204e8b,29.02,4.08
18ac3adf21c442c88e72cc3460fea35a,1,a083dd855cae46069b54cfd73d4df5e0,b107f3f5c7cc4c52,5.3,4.59
4b6f27702ce341b782395c4933f7efcb,1,5c90e587ee6342228629217aa900de3f,5908aa28ac61430b,10.48,7.69
14eea47ccc834a6eb9be237a151b1789,1,a635dc4e1dff4f41a074d7ff601dbdcf,2d61b1b912c046e2,6.82,1.0
a395b3341fe64ccd837c4ad81a2d774e,1,4c80e1ea6eb04e8ab130ad673f92c39e,d0011da9f0b44a55,34.1,5.41
a395b3341fe64ccd837c4ad81a2d774e,2,fa7b50f402854334bd71ca4720cc96e0,1ac0738ffe044d77,14.78,3.01
93af354281364865b86770638245575a,1,1c17bfd4e0c143d9b9e59b0cbef43595,6710afdeedfb4b66,8.52,5.89
93af354281364865b86770638245575a,2,bf2d60069cb44ca0b651ba3d401eb61f,cd37d0120a2b47da,22.21,3.28
93af354281364865b86770638245575a,3,f4165ada0192469ba844737f890ee535,75c3e4fd6d3b40b5,19.0,4.59
25fe1c8a909d4496bd648a48117721d4,1,9fb40d7003dd48b1800ca07be2ef3b75,5c191e369ea8477e,1.93,4.64
7f5c88de6f80458ba681602cbd3d0a11,1,3526e719f0f84d4c9334dbfde239c9ed,fa09ffaba7be4dda,20.31,5.56
7f5c88de6f80458ba681602cbd3d0a11,2,f7d182d3f24f40e199b346c0a33e725f,75446edd925548e6,24.69,7.78
2ca376708c6d447796582134c354a22f,1,88dcc1406daf4a7f8b2ebf461ed31cb4,709b3c8df2324454,24.34,3.34
2ca376708c6d447796582134c354a22f,2,4a5f87d91d9543b897df344f0d9295b8,c00c74048c5d4545,27.47,6.67
36693065af044c36a63a93a41fe0c00b,1,29e60f554495461191e12214616db735,7fc39fa1c4be4a19,7.66,2.91
0cd1d8d1271d44b18eee3bd89686c0f0,1,ae0f877c4dae4653a7372b042fc067b2,a4155a33398843cf,2.87,1.47
0cd1d8d1271d44b18eee3bd89686c0f0,2,eaf49da42ac74c30a97d83300a71f7bd,ed491a7912ee4b95,17.62,6.5
0cd1d8d1271d44b18eee3bd89686c0f0,3,d82a0602804c4e16905f9584a72c746a,cbde7cdf572543f4,3.44,3.32
0cd1d8d1271d44b18eee3bd89686c0f0,4,9e68d7e44e2f448f8a48d2b98d3ce975,642e2af998f74216,30.96,4.82
8547646e5c6b4500b964d05b96e6ce7c,1,71dd4ba1740d4791a04e8c6bd83d7494,d70d41b5aa9f4c54,9.52,3.99
8547646e5c6b4500b964d05b96e6ce7c,2,07f75a37de2441358dda8dd6845aace0,99cbf7f79fda4f42,31.29,7.49
70847e2b0cf442fe9f1cbfa53518c76a,1,b5c8d889d0ec4d07bfdb3c0a70f5d87b,5f0315bcdb9e4424,27.44,5.15
70847e2b0cf442fe9f1cbfa53518c76a,2,b7b4c83c44f249be9d05e50bcc23ab73,847524dc36d94638,29.9,1.12
24cb89863d504aea8214eecaa4b38cf0,1,bf87127e128e455897d7b08bfae3cd1b,a64c274f6b884a64,7.55,7.76
24cb89863d504aea8214eecaa4b38cf0,2,459d28d801304f7995d8057230234876,6be0cbcc1e0648a0,33.1,6.96
1b361a9683854144974a7f641b9f4be6,1,66a59d8ce4ca4fc4b209b997b674bbe2,3a4f0ec309764cc3,21.67,5.01
507f74aef75040bda4f1f362f18480f8,1,36c43c83861a47088784fcdd890ea850,7eb6f4e7bb9a4e59,25.86,7.07
507f74aef75040bda4f1f362f18480f8,2,c6fb96b45db9414c974d9823cc9a04a8,4f7d08c2df7a4956,13.68,4.3
15aa1239a44f4d179cf52d35df6f2be9,1,9c0d1c6ff9ec416d8f3578641a00014f,71d15c15c7c5406a,5.01,3.59
a8de5f33079642eeb2da67379e2ea833,1,aa5eec754be04244bb619807c11c334d,0d086a75aa964bb3,27.91,2.19
a8de5f33079642eeb2da67379e2ea833,2,0397a81b9e4249ad8753f472737f3f74,9f8bb7afc6ab416e,7.91,3.09
a8de5f33079642eeb2da67379e2ea833,3,992090cb7480407f8c71c9c56f4ba019,94a3dc32d05b4982,1.82,4.79
a8de5f33079642eeb2da67379e2ea833,4,847f5e5bea9d4c9291224b0a8348894e,0f6aa1c259a74167,33.64,5.63
198be3121b2a4d4b854c61d0937e24d1,1,d76b94fbd8d3413f88953c82cf2c4521,da277fd59f8f4372,21.3,1.97
b0bb2c61649244d091c950e1cead38b9,1,e0ba20cf8a7d48a8bd65abfe20ca2088,7afe1372f26349a0,5.13,4.44
b0bb2c61649244d091c950e1cead38b9,2,2c44ea879d02498ca4c62e840f5c6655,69784488bbfe4220,16.21,2.69
852a02fd68b248d093057682bf98114a,1,b72a7ad040494aea95a667842eebf100,85d3f55b8800418b,13.28,5.29
a8159394ec50480696a64317d1a7134e,1,da6d346040f746f1a7527e2c29a8803a,2ae192281194452c,30.92,6.55
be237b269d704eeea18894ad7e975bfd,1,1ac4f89aaeae459aaccd6b025ccbb4b3,50c0b7cfdaf7460c,14.21,3.41
e7439f11427244c4a7fc845372d37225,1,8223829dde2649e4a4cf95d427e44995,6d1f2f5d56b24b00,15.68,2.87
e7439f11427244c4a7fc845372d37225,2,7ab94cb27211499c95cafd7c485d5a8b,353bb6d4999040d0,33.78,2.35
e7439f11427244c4a7fc845372d37225,3,164de723fc9a4681a1de27d5d71ed487,a9a2ed69e2cc45d5,5.49,6.71
e7439f11427244c4a7fc845372d37225,4,aabf243ba2604495a59f974f11f23207,553cabdc461345ff,28.02,5.23
83f0b81eea014856ba4824f58cb28363,1,23bb42fb47dc439481efd490054b5468,53fbf75c5afe40cc,24.75,5.94
36ca4f1ab09149a6aa4b3ff46cc35063,1,b51a42cf669e470bb2f299ccdef21f4d,9021003756534037,34.04,7.07
0dfadbedf426474ea5c3d1ff9d80fe0e,1,3361e5f41a0144f39c1956cce9dc4aaf,98456a7ecd2a43ac,19.17,2.38
f55813771a544e66b1f67bb30ba316c8,1,b22488a239b844288ed1e516e885c37f,efa14531098245a0,23.48,1.04
edf94e7e2ad54491842c3c4f1485f649,1,1e98aa0c0c6044009eff7908e8d84197,29976cfdd7834ef5,4.76,1.2
26d04b80db814375aa43ab8883d00ab1,1,d9e26fd066994c05b53469b398b7e684,f70a603f896d4ce4,11.92,1.64
26d04b80db814375aa43ab8883d00ab1,2,1b624854536d4058aa77e8dd977f1efe,76c2b33dc2244014,28.92,7.95
1ec58407a9f24baa92b35451405126f7,1,c44105e499944065aaaef5a22cc2bacf,8d2233d6333d47b4,33.14,2.33
1ec58407a9f24baa92b35451405126f7,2,894dc1f2f705403ea469101d9cdefb2d,152d4a72619a412d,26.28,4.78
4b6054ca101b44e5a782ae999420f607,1,e4ce5e7c3f66497191784b2835d4da0e,5a001092ea264f13,15.68,5.92
e7af469fa4f142f4b5e7b53e253bef0d,1,16637e5abb3c4ca8859dbb9e31380348,a9723960adc844ca,19.45,1.92
e656979337e14fb4ae683295022e033e,1,8bb2ea58c99c4fecbfeb00d16e8eb649,2425b4d0bd0e43af,19.18,1.4
e656979337e14fb4ae683295022e033e,2,23c7c8d0dd35475e8e4f01909215f66d,463f034080244261,14.51,4.46
e656979337e14fb4ae683295022e033e,3,9bccaf90b9d54348bba697740b36f4f0,299c445a9f3046b8,25.05,4.99
e656979337e14fb4ae683295022e033e,4,ec0285a4494247d6839a30a2b2c23cd8,30a7a5c91fbf4cb6,11.29,7.41
412ae50aafc84baa8cffd3d1a8d53c5b,1,4e77bd091e0f4e6799e18a2340a3c058,b92446f68bb34c0a,31.39,2.24
b0232a26b8c64d1ba9c8876130ab7b6f,1,b80defd684d84a90a3600123e1fdfc2a,28bc2492b113466e,14.95,6.74
0e34bd3e2da141fb86af54b46cd33eeb,1,0b840b511f1944d1ab405d3c04f80be9,1052870cb19444ab,1.56,3.98
0e34bd3e2da141fb86af54b46cd33eeb,2,b8ff9424ff384edfb024398e6eec0846,4525d974b7aa4a63,26.4,2.4
0e34bd3e2da141fb86af54b46cd33eeb,3,1e1b7b96d18443f0b1e1e9524c983b4a,62daf8bb3e064778,34.59,2.22
ee826b0677c44c92a866747890c337e4,1,5baf9b6d9efe442986b4f6072e571fe9,62e3ef05ee7b47bc,9.48,3.72
ee826b0677c44c92a866747890c337e4,2,81e30b08817647c195b9062c566c44fd,73b3e1c205b04433,26.55,7.57
e0c2a56e62094d609159d42cb22cb1ec,1,b82bb338389646ba955bc578833e1c40,4027e724e4444c3a,32.71,2.05
e0c2a56e62094d609159d42cb22cb1ec,2,7254f1fae8184df28fe7a3b132b1c546,fbed5341e0c24e75,11.03,3.7
bbcd393a4aaf4b69ac80dd53c118aba5,1,13c31d187abd4a4f81f32f6a699cf5b5,61d9546cbc4a4694,8.53,4.63
bbcd393a4aaf4b69ac80dd53c118aba5,2,74369274df254e069a01f8e3170f87f3,f6af1515f5fd49cc,9.26,3.0
046b15d288fb4b2da7fdc996ad47a9a8,1,f2e4259647fb437d9003f2fad2f68320,d6826af4a4614e24,15.7,1.75
598f63c59ae0476a944ffd5be7febd70,1,4d826d8e013246afb29f7dcb8efede56,d701e82e7950407f,22.38,3.53
0a6034c059bf4418ba7c749844154c58,1,267ab3f40338415fa503b7b8e96dfd88,339f29f95c47436e,16.3,4.23
0a6034c059bf4418ba7c749844154c58,2,b8db0446d3d849a5a77c971870e8708a,8f32a92a7d784dd5,19.02,7.8
ef05831ece96431ebd8c982e048e29ee,1,608e74b9e3e64c849cfc5b9d48f07073,d2ee8e0f8f484daa,22.62,3.12
ef05831ece96431ebd8c982e048e29ee,2,7561a07e5ee74596a25b0b72dbb12d51,09bcc1c284924290,8.44,1.62
d3b57187d9ee4a98956231bca2ddf838,1,2f7306877f2b45c2b23ac7cee921c5c4,b3ec47f5b2f44c48,10.74,5.72
6c49ea317dbd479e8d80725c824d1fd9,1,a3863b6b12904d5ea7ad80586a22d633,91e8f76f8ed74c67,19.98,1.15
67317193c87f4a76988c4d9719f30385,1,6ecc370575254d8baa8b7c216a9dca03,99df2f6af8e74945,24.29,3.77
67317193c87f4a76988c4d9719f30385,2,1263a47fbcaf42478b90cb6d546f371e,b45cc563941b453e,7.56,1.86
339de03729e8412083606bb74b4c5172,1,61f816f0d69040aa92f9d2bb8a19a207,71f4f19315284f00,3.93,4.77
339de03729e8412083606bb74b4c5172,2,323bc1b291474a3bae8ead4ae05ad90a,b52370e7020c4f9c,5.02,1.38
339de03729e8412083606bb74b4c5172,3,a321208ea9ea4a85997b76afd1f1217d,4ed84b477a7c436b,31.74,3.2
40fc37729e7b4948afa8297571bf0335,1,96140419358a432c960b0936bdd4b430,99d74666d3214bd0,19.44,3.24
3b7df1a274bb42a6ac25acab126b479d,1,b4835262242a445fad24576f81504426,f745caed02224ee9,25.38,6.44
8969bba079fd4003810830f03fa2db0e,1,4451d15f7557406382c029d5d67afe9f,fb768a382bd74c53,1.66,6.64
0d54799a7fd34ba896b74c99b778914a,1,eecdd1da128d409ab09f2527eb03c489,9b376b4e76724aed,1.93,4.34
ae867516d6e24b5083d85aec1721824f,1,b8cfa455ce4c4283bfde47e6533f1931,b60632262a4848fe,6.63,2.41
ae867516d6e24b5083d85aec1721824f,2,25bd823b5e31432c981f5406ec2e2c04,05d9f14ce71343bb,19.85,1.92
540acd7432b5468bbdd256e50e320574,1,bba693ffbd024d8dbe6f5bbba563433b,eef63bba6d7a446c,5.02,3.91
3ddf2f0857a94277b157f98274583bcc,1,19746a5910cc4610b5e73f8ee9638e12,4ca6e0f7cfe64330,17.87,4.29
97f22db6a80d41e0b4f3ee9288dda064,1,5dcdbdc6b2ba43baadbb0d014eeaa0e3,48680526647f4bf0,19.14,4.86
585a39cc31204497b0ba78e7df398f85,1,0efc3feb948d406d90f70667d649c59b,cd994a8dd7504922,19.96,6.94
70d2d439af2f418b9551dbfbfc12c41b,1,facfdf354c4549f988682f7a2bbb3d99,f01d1ca73f5e4f47,24.58,5.51
f475fed91a5542c6aa860d78004f8f26,1,d25706e67c974e6eaffdb9425296833c,ef7f65a6a7a84bd2,23.09,5.94
f475fed91a5542c6aa860d78004f8f26,2,bff3f391b7724431b370a2dd38134fa1,21cbd5c803ae4cf8,27.48,2.37
8d0f01939435466dabf47ad9b301fc41,1,f17e2c4bcb1648e49dfcada1e354f854,55cb6c52f1ab46c8,6.73,2.87
d8613cc1e1e9418a9aa0b33c592d1964,1,afc976950a254b5c99095519c37dc0ee,977bbf0eeacf4ab4,31.58,7.01
13b253b96b3f4b249808c2b0518a914f,1,9ce136ee6f9b4cfbb1657b4b4489d71d,9a7be32052ff44b8,2.65,6.7
13b253b96b3f4b249808c2b0518a914f,2,4083a1dcc39b43559bdb07ec0623d77f,8f55763f8f8b43dc,10.65,1.67
13b253b96b3f4b249808c2b0518a914f,3,d5cafcb9e0824941ad55c9aaf40b87a1,9a20a2ed8eb94aa2,5.76,3.16
e2550661f3b04a039422e66b028168af,1,787ac63582ce4b66bc8e69115ae67996,98eef792140e4299,2.24,3.57
e2550661f3b04a039422e66b028168af,2,7cd833d7a3ef4e5996798dae4780aef1,7ff3b463f7704091,23.66,6.37
3299037c0cb3487088e287cf27b29f73,1,1ef018fd4d1f43d6ade29f16d2553347,9b5efef267664ff1,15.76,7.62
da668d84add14b49b807fabf2793e2e4,1,6a5d1847d4344b85943bdb3b6534593c,143d1cead9204841,10.45,5.11
46e7932d46844e38833fcee738866338,1,e53adcdb7cdf42118ce050d670787e73,dffcf60841114e7b,24.94,1.81
46e7932d46844e38833fcee738866338,2,b1526c3e65ad4e80b0d50e908c00b480,4c0a164259f34d80,8.83,5.78
46e7932d46844e38833fcee738866338,3,25067380f8f347bbb8f1d3aa9d51c4ed,c17e54c0ed554bb3,32.85,4.39
e2603a310ec84f3f9671df6470fd25b1,1,aa2d3a82df8543e8b230eb53b96140dd,4c6fba989a7140c6,31.66,7.45
e2603a310ec84f3f9671df6470fd25b1,2,1fd308e05f7b4b55a8e85431b923fad9,16dc78511c3a41d0,6.89,1.43
e2603a310ec84f3f9671df6470fd25b1,3,1e1873ee098542ef98da3a73ecbd9d10,ccb21852e44d4b51,15.78,6.86
bb136d6c090d4687912da9bc2a3abb21,1,c55dace3f01b4884b70a81a99118dd1e,b441830f2d334256,16.2,7.41
bb136d6c090d4687912da9bc2a3abb21,2,33eefb72190a419f82a4e66d8ef03aaf,e54cefafad3343b6,11.8,7.1
bb136d6c090d4687912da9bc2a3abb21,3,654b5ec4bee14635a374836d39116f7e,cde9a399c6214d96,24.61,5.39
bb136d6c090d4687912da9bc2a3abb21,4,8bb7b9e7929846e49d07186a4961845f,36fbd8a57b48473a,3.56,2.34
7410ec91f0e0449c82b03cf2223f8f62,1,e3d86224b914472fbb9199e488f4565f,e68ae61de8d644f1,18.62,6.37
c0bc7e6769dc4407b51bd5f5d70cf3e2,1,a526958bd10f496abfeb7846f0c9b184,7d76911d17164089,24.51,6.23
c0bc7e6769dc4407b51bd5f5d70cf3e2,2,e50b13dcfe3b49f383d4d921854f2cca,f5eaeca42933409e,5.59,7.5
c0bc7e6769dc4407b51bd5f5d70cf3e2,3,537afb52144d4c1bae294efcc8197438,e87b6b3e429040d4,26.07,6.97
bf72f0864d3e4c7fa1e96c14e39cdec6,1,27a0541b34984fd0b3847aa1abcd275e,616191446f04456e,7.58,4.59
bf72f0864d3e4c7fa1e96c14e39cdec6,2,e3a6dec6c83a4a04979dc868f32390f5,80d0f123b527480a,30.61,6.01
bf72f0864d3e4c7fa1e96c14e39cdec6,3,065f84d881294e69a9e930f150f3ac3b,0bce7b65cf8d4005,15.8,6.92
bf72f0864d3e4c7fa1e96c14e39cdec6,4,01582bbb8004401eae83d10b1718a09f,caf208598bc94fde,7.71,7.19
9325636ef5d24c0795ce7d985aa5c92e,1,38320bb8a4ac4e5384eb22a62c97f860,8114d067f90c4218,33.6,7.77
9325636ef5d24c0795ce7d985aa5c92e,2,f8526af842bf4fd79a687d80d512ad80,08b11676c9444010,34.26,5.69
9325636ef5d24c0795ce7d985aa5c92e,3,c09b98fbeb364d1988af253036eab90b,508d5d2ae1ea4b3a,33.67,1.34
b6400ec00c944e06a218de0ab6f796b4,1,dc2ece8b94fa4693b83eb3826d23c2ae,c229d4139ebf46ca,16.94,4.87
b6400ec00c944e06a218de0ab6f796b4,2,598b54a49a8940698a120242338e24dc,00a2f3e582474373,10.44,6.76
b6400ec00c944e06a218de0ab6f796b4,3,f4bf7a9f82184661a25e47c2549f7504,a393169bb7c1498d,23.05,5.14
8a2d657c644f44c18591ad5b1bc5a5ad,1,9eeb5e334f5e4b0a9db74951759bfe12,e69f23ace9c0434a,27.5,2.87
4d0ffd5736204232abc6bb3718f8c85b,1,60d2b861fb5c4b1083efcaa3b66a6630,01ee125fcd434f72,19.0,4.97
4d0ffd5736204232abc6bb3718f8c85b,2,01384481747c45689c509c9a9143f3b6,2f8aa088948249a9,3.23,6.17
175d39970c814e84a66f4b88937bdfae,1,4e631732f00e42b89797acf04da492a5,3437a579123c4dc7,15.59,4.6
66bfae4cf45540158cdf01a71dee6ee8,1,7ea182976edf45758a23d83359c91fe9,b8a6e3c359554d30,15.39,5.18
66bfae4cf45540158cdf01a71dee6ee8,2,6ea67483b37d471fbf32d65cdc22369d,68f2eabb397b40e4,5.18,4.61
66bfae4cf45540158cdf01a71dee6ee8,3,f584cb36316246758218914c0f2f9e69,a158f8c316ae46be,24.84,5.84
23be28457059403992635fdc0ce1544c,1,b4086c86e6a14976af43eece3642e6d8,5a5acdf311d2461c,25.15,4.28
23be28457059403992635fdc0ce1544c,2,f020226af3ff49df8e6103ec6e3e5bf6,77c6cfc79e6a479d,14.22,1.96
35e884b7d0c94866b8749609c7517dc6,1,5848262569794065b02fcfc6331e2342,07d615d9094a4a75,10.21,7.21
4825e315d623455a8349689a718db19f,1,adef2385953b460697936e45f016023e,8feca3c0ef3041ee,4.14,6.16
1c07ca7a6974441689cd684bc7ac93ec,1,6a895a2876a346e695730d293bd0c0a7,f1fb0bca51fe4930,5.83,6.52
1c07ca7a6974441689cd684bc7ac93ec,2,9d7312542a844d658f46aa1894e1b6b5,68d4a05135c4479a,13.16,2.41
7d3ca9a533fc4e119fb43034b003785a,1,a6e634a7edbf47c8afa234e6cf5a367e,546f976d53cf41fd,16.24,4.17
5d0eb1f3a6304884ad1220488275e6a2,1,869e4871889c4afb994b944d0cb579ec,52e020375e5741d9,30.8,3.26
493982ee49fd45bea60947dd239ca490,1,d45c227f591747889424cfcb7663fee9,8904e0fe6498472e,17.45,3.32
441665135f8340f6980786e86affbe63,1,fc9794e3cca147949bfa567a27436856,b638e70dcf604638,18.8,1.96
441665135f8340f6980786e86affbe63,2,e4b6ccc49a63429fa2927063d981fbe5,0613cea46bf14ef8,12.49,7.46
441665135f8340f6980786e86affbe63,3,5b589df9f05947e296f221245baf1c59,df58f52912d14399,6.77,5.7
441665135f8340f6980786e86affbe63,4,5dda41bd056d4ce7be36c099527ffd06,809612e04e584812,17.73,7.44
7b3894f5bbc84e7c8cf5d0b5586d0b95,1,06e10f07e11646baa8d3c2a69fd3819f,6b246e4819d145fa,20.34,3.34
7b3894f5bbc84e7c8cf5d0b5586d0b95,2,c38f6eecbf9d42a89ced5e222b9ce5ca,e18234c9c0044f96,11.99,4.02
7b3894f5bbc84e7c8cf5d0b5586d0b95,3,7a1d831766614d759ceaf85416a1758c,60f09a48836f49fc,23.98,8.0
2ba5645ca41149ee943d5e15cf24cccc,1,2b1795b1c1c84e6f886f1bc774430f43,44b86ff3d5074e0d,3.63,4.9
2e231bc1bed7488b96a5a8963869dbb2,1,2082e9f6fba341bcb563f29c2af2b36b,8522272c778f48e8,13.48,3.05
2e231bc1bed7488b96a5a8963869dbb2,2,829bcac322f548f3b83c221dc89fa3cb,faebc20425184eea,22.46,4.61
bc312cd989e340a49bee1e2f546ddea4,1,0fcd1096a9524163884e09ce46a0b2da,3799a857c8fc41c4,13.87,4.06
eabbaaeb9b824d10b3b46a1d10700c66,1,7cb118ec88ea43deb2985da1016bc707,6e89ab9b86cd436d,3.98,3.92
a2e072a8b165492c87f97aa2f3ef58ae,1,fb4453321dd5409fb6c4d95ae5efd5f4,f27989d8676541b8,12.12,4.45
a2e072a8b165492c87f97aa2f3ef58ae,2,43b3003f11a146819978d1e116a07377,074410dadf394dad,11.91,2.14
a2e072a8b165492c87f97aa2f3ef58ae,3,ad95552244fb4ef498440ad9c2335938,7eda48d2d1d74f60,7.54,7.55
3a05da0752064d97952f41a30dfd0064,1,f200a85e2297482bac564f5affc20a17,7253d8ce3d154719,14.61,7.35
3a05da0752064d97952f41a30dfd0064,2,6f3c1196255940838058411affb53cf6,d3cd9db3a9054af5,34.24,4.71
3a05da0752064d97952f41a30dfd0064,3,fe1f4cfd482e4a339aadbd8c44f081f1,f04c9472c2304f18,33.81,6.38
3a05da0752064d97952f41a30dfd0064,4,f7bf5e6481dc4b1a97c9d67754a56f62,453b280713ad4a0a,5.58,7.33
1c4721d7cb1c40d5ac1a03ffe0cad326,1,80d541a9a3584b2fad8e2a6fbc79b905,93b6f57c64ab46a6,29.01,7.99
0499aa080403419a91792fad44b91c93,1,ce2b192260f64c51b3fb04f414e0d22b,e116f2729f104844,3.18,3.8
0499aa080403419a91792fad44b91c93,2,1ab3840e06d64eb1bda4c3adfeae9907,af44f0d7bf734535,4.06,2.51
91a7461bd21e47d4b3ad69a2fbbc9579,1,029f889787af42b48bb025a6c98b711f,05fccacd27a04011,5.84,4.63
91a7461bd21e47d4b3ad69a2fbbc9579,2,7cd909d523c447ad8da2811f6a87ef17,431c7e1fa7924e85,24.11,6.55
5568924f4ec24280b2b602f8aa1348b6,1,0f10d0b7cd08463bb048734a47db49a6,cf795117da094701,27.07,2.5
5568924f4ec24280b2b602f8aa1348b6,2,d64481e9a1ab41d89eef2eca027eac5c,08516055b65b4118,19.7,4.43
8bb0872822c54e90b498f60f1a4c4272,1,e9abc593f69c4cafa11e554cdc47d183,8d2173f7cd754f85,22.49,6.29
3471a6d5da144dee9331c8ce25189269,1,7ecae696798b4dcb8159e4d90e02f7a7,21ccc71b2ae14a8b,27.92,3.09
3471a6d5da144dee9331c8ce25189269,2,14d184a28f154bda9d20c7def4dae05a,2dfa259498f24085,9.6,2.8
eaec7ed7709e457f90c5350efcf90688,1,035fc834bb554edaa285a08ef4a590c3,034e4cf17d114553,2.72,6.46
eaec7ed7709e457f90c5350efcf90688,2,4fac38d37530409284712afe152bb1fc,cb0c08c528e247b1,20.78,1.7
eaec7ed7709e457f90c5350efcf90688,3,782331a3d38641909f4229a6b6560b12,f6e94ac07c5f4f19,27.99,1.33
db891f45a19840c6a2903b1aa47b73de,1,b93d1537edcf4fb5900087f4862a43af,331e505f65744407,33.42,5.49
db891f45a19840c6a2903b1aa47b73de,2,0e87bf206ee14172aaa07d12a0c9af40,f8250660ed2c459d,4.16,7.88
db891f45a19840c6a2903b1aa47b73de,3,54ad10f0f68945188e699c05f517c948,c234a4495a144c43,33.54,7.83
a970de2b1ca2421da420b74d4361762b,1,83fdbbbd5ce546b3990786c4e949f816,c19ccfa59b604bca,23.01,2.05
a970de2b1ca2421da420b74d4361762b,2,99943c6765be42a580a3ddb63a104622,b5bbbf3a25e54cc3,10.91,6.71
466c5268940949298f02e3542b64a187,1,4f465d9d9ff74c3cba67a0b505a516b8,2e938c5be5854091,3.8,4.14
466c5268940949298f02e3542b64a187,2,6346598739ba46728f0c2a6014c29664,e276c6539ca647dd,7.62,1.91
3554389eebf44cb3a18c9cffbca67afa,1,63b8ee27d8d54d62acd1985e40f2dff5,ad36356ba424466c,33.49,7.15
3554389eebf44cb3a18c9cffbca67afa,2,658630ef99ff4c9baed3a3407ee1e37d,eeef462ace054511,9.97,4.74
3554389eebf44cb3a18c9cffbca67afa,3,0125e59143734e7ab771e312cd7e632e,1bde86f6741040e4,5.29,1.37
cb8211ed33324950838a8a5c160a5acf,1,19f2e29f8cdc46b7bec7d10e6e50d6c3,2e58d1b085724b8a,5.73,6.26
a2687954c53d4c3589a076091debf059,1,1b38eccc470c423c820e54c3a8d94375,4a41a330e6854689,28.12,5.68
a2687954c53d4c3589a076091debf059,2,3c4739a349ad437a83b7e6e180d40ced,358bcea5018b4471,10.51,1.28
b86e4b194b274f30abc8384eefb3c75b,1,e688070e2fc74e5a986ef464eacabbde,43bf5b77a4f8469d,10.36,2.26
b86e4b194b274f30abc8384eefb3c75b,2,5fb20b7390bc48c4bb44d6a364826917,682ce4d7a561499d,24.05,7.63
22da7704fb5746fb8004eab8030b75e8,1,90021113ed184e548816bc52b8960ba2,9e312191dfec47be,32.44,3.2
67e5cd72fdf64bccb0a81f0fd2929e0d,1,e951ebf735ad4258b38cddbd32e1107f,a747070e01594358,32.73,4.59
b3f51282789f49d9b5d92df4fc6eef99,1,1747396addfc49efa66964a94c0df876,744e464bfe484389,24.32,7.68
ece33e9a36524c7abd12bc733611e83b,1,7dcb0c2055904365a0260bfebe005464,8a2b9a3c76fa417d,31.33,7.26
ece33e9a36524c7abd12bc733611e83b,2,bc689740dc24470cbffd3d4859f306e4,299ae3d82ef34fc8,19.57,4.13
2c86ab33af2349b0a51b88fa38cc2e76,1,4e6347aa71c04629b7040ddd5595e968,1b12948fcb8542d5,20.99,4.05
2c86ab33af2349b0a51b88fa38cc2e76,2,22e35c2bc1e647138adf155e1f9db9af,2f85ca2cdde94716,6.83,2.64
38758704006a45328cfd664b2bda0e40,1,059707ce9ce54099bef912e4533c1b61,c538e7e19cb44c23,15.79,3.1
38758704006a45328cfd664b2bda0e40,2,baf448aa2f1e40849929789ec5d24889,25cd880a8ecc4dd5,20.63,4.2
38758704006a45328cfd664b2bda0e40,3,e9f701c13d0c4c33acebd136eee2d526,592bac9d08bf477c,30.91,5.41
8eda59ad4806464eb27d72f5383469cc,1,77348da39abe4cf1826755583136baf0,4bcaec2835194125,10.9,1.63
8eda59ad4806464eb27d72f5383469cc,2,c8338bda207149319afebc055cb22544,c27aeadadd994591,31.06,4.1
8eda59ad4806464eb27d72f5383469cc,3,1d64c2b700da48c3b3760773a83e58f0,d653146b807746f4,13.23,7.42
4fa224b5f2194c37ad202ea9d8b6a2f7,1,dbecf391b8964abbb1a2049abedc2332,9359616bb5f04e89,30.75,5.18
4fa224b5f2194c37ad202ea9d8b6a2f7,2,ea0257e8268b43f49730caf9b5cea757,0b9baa04e762454b,28.22,3.97
26e9fa96bae341699cc429d53d3ed50c,1,f998d315e7b04dd993a6e17caecdcd42,5cb9b7ec14cc407d,13.63,3.89
4df0fce340ac46619c9ae1ef564d7008,1,dc3bca5d39c14853a07104eab3c584a2,948fb1f0593748e5,30.21,6.26
4df0fce340ac46619c9ae1ef564d7008,2,de058eff8e54482b8bbca69f83c66620,3946abbc999645b1,6.25,7.4
4df0fce340ac46619c9ae1ef564d7008,3,e377d122f95742039e84a88e05db6bdc,21f2eec0972b4be7,9.14,3.35
4df0fce340ac46619c9ae1ef564d7008,4,6ac2b7c8a0004f9b8058b5b7acde6879,72ae10740ffc4b4f,26.15,1.42
3ca7e390cebb4693874ec60d849deb83,1,ce75957e967049cb8339e7fe51699bf5,96069999e30549be,21.34,2.05
3ca7e390cebb4693874ec60d849deb83,2,d883d721c4624b68b52b754972306b32,ea890ff6d1e445a5,17.73,3.58
3ca7e390cebb4693874ec60d849deb83,3,2a871cc466914e868da0ae70496f2236,6d385b0a2b2944c3,17.49,6.93
16ceb9a7a5e14804b272c65ac7c736aa,1,bc5c84ebc7cf4b0289247319f97a4439,3ea8bbd79b61485f,32.31,4.28
16ceb9a7a5e14804b272c65ac7c736aa,2,41130cdf975a444fb16c1ef4dcce0b35,ceb831df59624d38,23.73,1.25
0e823103cb694169bb64294bfdb34875,1,ada2f2c60a6449f68e4c6568382ee855,24a1428dedbd4275,10.3,7.35
0e823103cb694169bb64294bfdb34875,2,4d4e2ab4782d45feb9c55e1f16955d40,a435ef02973c4eab,10.19,3.53
d9cf14f963bf448790ace4312001904b,1,6366408a0d2447e0b4681f895ed5cc5a,8ae8e856e6474344,2.65,1.56
41a4c997a5b24e14b68799777580b223,1,02eaa869c6e14bf585579b65e1fd29af,984d650519504a5a,20.02,6.46
da3948bb8f124c54a6dbd07f62ee7816,1,e8818025cdf44c0d8c59dbc03855c018,178052c56b5940d1,10.72,4.12
66a1acb15e214d008ce1577cc0eb5fb9,1,c6f78e9ccc6547d590abef7a59948368,d60b5e4fa37c4165,9.01,4.74
66a1acb15e214d008ce1577cc0eb5fb9,2,398e7d67fe9242ceae32e64049a37f14,5b7bb7cbf21a48bf,33.99,5.66
59e00424116d4a929b57a6c0e261a69b,1,312cf96d3a3148f684beec29512a496c,05121abaa5174f0e,10.96,1.61
eaa39eea45004b92944975e92ec237f4,1,b686b9ca66944c9c8009b4f787c19a53,bb26e14df62e467b,15.89,6.54
e3ffc60c6bbc47acb338dd33a53b7116,1,b8add90100314f949c82947bc22d7072,bde8e79081974538,14.45,6.95
4177df94b46347929e3e98308b7f984a,1,b9449478a18841b9bf970f470b5db380,3285df999eb54153,2.07,3.74
97890ac975f64f5793f1c9a975860a17,1,05e507f0c1d34bb8b81981d47ea28a69,01f6eea2b7094b90,31.52,6.15
de86fad3eb6a495ab8c2e19953d89adf,1,177c65641811460a9708d5e96781d214,85e814a6b79c4fea,22.15,6.26
9e55eee62d6d44edbe1dff23bb52e727,1,0258e0a495824eeda621fc8527268499,5c70e925aa574829,18.81,2.69
df6d7183591d449a8ab644abdc06768b,1,a81503feaf994dfb8ad385c769f65806,d45e521bb5954c32,7.23,6.46
b9bf834ad40b4820a1dd9ffc2f8982da,1,f1733c2248934e68b8e9a6249460a406,dd4e375867504805,8.92,5.34
b9bf834ad40b4820a1dd9ffc2f8982da,2,1316c0b3bc5740ce92357a7a3a5c0867,07984c2d7bac49b5,29.74,1.13
b9bf834ad40b4820a1dd9ffc2f8982da,3,cdd4c883065442678060843f6131cddd,a7e7177298f24679,10.4,1.44
1df1ffa7a326454f837c83d1644e2bb2,1,a0c77ee925fc46b0bfbfc0e3c3e7e355,7aab3633ea8b43d8,23.29,5.84
1df1ffa7a326454f837c83d1644e2bb2,2,6825de743d8549bdaec15ca152747928,47f437fb55864a60,1.75,1.35
1df1ffa7a326454f837c83d1644e2bb2,3,442a924c1ceb496a8b09f248968fb927,7eaf96f71c4c41cf,30.26,2.0
0b7976354dde4010a8e58578108ed6a5,1,eb0c8b8cf4784f9282ada4d92dec6741,ba6088aceb94430b,9.96,7.02
0b7976354dde4010a8e58578108ed6a5,2,5fe877b4b4d548f5b7d40897aa2055f8,45923a5ae9524a96,23.54,7.0
0b7976354dde4010a8e58578108ed6a5,3,07a9e90908ac43759f7ceb2e8dedc204,aab54f7b8871465e,16.1,7.54
dc40fc5a8583412b99933573d2d4de2c,1,a08b404382824092a4d32bd7c2ba35fd,8806124293d74c7a,2.19,7.13
dc40fc5a8583412b99933573d2d4de2c,2,7fadda51e66240f9bacb6763d4afc639,4cde9e258d004fd8,34.96,3.83
da1dc6e8e56e46f7ad1a0b6fe078591a,1,b0f61704773642daa11d7ffc0647a508,caf9d7eb2f5d4c6a,14.11,3.68
fbecdfb900454124ad3314ee5189dbcc,1,5af12a230de24db593b5dfc5c8330e92,717f5f99d0ff442a,20.08,6.28
63f79080e9564dbd98bac7c930135de3,1,5330d198cbb7481cb7043adfee8c2433,f9dcf8682c2745ef,8.24,1.08
b7bcf862f3e0497797dbbfb64b6461f5,1,38213f8caafe489c9d797a406b8a3dec,0e8ef5e7bb654261,4.98,6.97
ec572249930743468fee2b3ac7178665,1,8c871a9ece1840a8be3e384721e1d77e,22c9f8387cb04ab8,13.8,5.82
ec572249930743468fee2b3ac7178665,2,74634410149840db9eb14403f339204d,f3fb583062f64ae3,18.39,4.23
91a0aaecfdde48249efc8eb93ffb41c1,1,34b9de53bb0c4e5ba929d41f1fa4fca1,4883af4dd2494ef1,16.25,3.46
2f9f6540f42c4708882058df5bc5a7f1,1,de8c52eae7fe48fba611f600b8e469fa,3888927e76064658,5.19,5.71
9f0f7d0926bb4fa9a7c5c52eda140ffa,1,47e949e3b85b41d4a6fd097bb5f6e4b9,c74dc591ceaf4dbd,6.34,4.42
9f0f7d0926bb4fa9a7c5c52eda140ffa,2,a1a690d73d1b4784b390cfffbf8f7fe9,21e4b4404cae4fed,13.61,3.35
7d5ad800b03d424894f923ea9d39520f,1,0a75f1092de144b3ac6baf8d39fea9c1,bf8b7d0e47e14233,34.78,4.68
7d5ad800b03d424894f923ea9d39520f,2,4477b918a51246ff818737e365353c88,8d5b691c0bec4f28,22.15,2.52
af76338bcf444a93bb0d6933ecd6eba1,1,a54ec82c41874f6bafd522b933ff3499,0bae45a11fba41b0,28.16,5.88
af76338bcf444a93bb0d6933ecd6eba1,2,a4d61649d079410c97aad96f3fa561e6,7081f00f44274e8b,30.73,7.93
d662f1b548c9481c8497fcbab0a5f5b0,1,7e46b2829f184b10a5572a2059ada22b,6a1f2b26c5774ddb,5.32,2.43
d662f1b548c9481c8497fcbab0a5f5b0,2,b0bcc49a31744457b47bc4f8d70053b2,914ddf1642c84f83,13.47,2.9
d662f1b548c9481c8497fcbab0a5f5b0,3,22437378ca054ccc94bd35792ac6b7c6,2da6a5fe0c584584,11.1,3.27
2b7ee4c0510347eba5e42641f10c2561,1,5bf9bf789a6e4a93a0078db4a63bc867,f6644b0baf20414d,24.05,3.81
2b7ee4c0510347eba5e42641f10c2561,2,5af2084b1930442ba2d858b46aa619f6,10efc0b37e4f476d,34.76,2.29
2b7ee4c0510347eba5e42641f10c2561,3,dd4a69f51bac402aa191093ea98ed03f,ab95c9acc952428c,33.14,7.98
5ed08342961a4e0f8fbeeae08f2d808c,1,ea31e5832634433ebfa9905496a73a1a,09e65967706841b2,3.38,6.69
5ed08342961a4e0f8fbeeae08f2d808c,2,9cc01e3f9ed843a498c7da44bf3271a3,17a9c042199241d9,30.39,1.5
d723ce5708194e83a913c4e68d726a28,1,1fe19b14793949fbb70d32b058cf3cef,7aab0ba078844970,29.76,4.54
d723ce5708194e83a913c4e68d726a28,2,f7b0ec9c99084440969cdb8d93403970,0a646aa2c2f44d76,21.51,4.34
5059facf66df45f8b70615b38804e377,1,ecbb07ac5a83467a8a1460a5c52adafc,bce5f5208ad342a0,26.81,4.73
5059facf66df45f8b70615b38804e377,2,7393c2d1db214552bfdb79897df1fc9b,8540d927c58446f8,33.2,6.37
523a8302ab12438ab350b8ac49bdec90,1,3d7cbab93dd2448ba17ec525668a51e4,c5500937763940aa,13.69,6.4
f360c3f421734d56b2ca0ab9167d15b8,1,9dcfe53af9e44e209b70eb4b3482ba5b,2bac6cd234b34d85,8.22,7.88
de5f3e4a59cd4784bb352e3c5af7c725,1,01bd642e52014b2eb46a38a2752ef2d7,d90048c08faf42e8,33.02,7.62
b8ded69a621244cab52652eb5a5e9ac7,1,e2df736a995a4d6c8131a3967bfe55bf,b322c6fde1af4dc6,22.1,1.93
b8ded69a621244cab52652eb5a5e9ac7,2,6db17c4d5dc24c688d5ecae70b85a88a,ba78f71d96ab4f84,18.31,1.37
148cde664b144106a22623656f95141d,1,75f36c7cf2524cd998e582ce6f228b94,3543b45583434551,30.4,4.03
148cde664b144106a22623656f95141d,2,f0c0d3361352438788ca18a654cf0d5d,388100afecbb45a1,4.36,1.29
148cde664b144106a22623656f95141d,3,251aa8dcdede4d50b78b751da35e77f0,a2a1dbb625a941eb,26.64,5.01
159a8f59449d49c0a51371ae9e1afe1a,1,77e803710cbf4949afec06e84c966d5e,c1fb25ca919544fe,15.04,2.38
159a8f59449d49c0a51371ae9e1afe1a,2,7b30b14a0a064ff2a5738f9aff1ccde9,e35c34703d4e405d,4.09,3.83
1b59c5bd07804287bb9716ab49103ba6,1,ee2f6a144fa748b985b58fe5f327910e,eaff8b528e2044e6,13.12,2.57
1b59c5bd07804287bb9716ab49103ba6,2,f410f484301346edb64ed98a0bfe27e8,dce17a92fc154a63,16.66,6.59
3e2dc0a940584640ac62b4c59ef8ddd6,1,e7f2f9ac54cd439e9e586c8874d224cf,23cc4cd129664625,4.56,7.29
df03b4c62faa4ed5a05c94f9259898a8,1,6a5060296ac34c4785d7230776b23ba5,8ba14e9e959b4168,1.87,1.67
df03b4c62faa4ed5a05c94f9259898a8,2,6fe4ab14ead544d6a372401b92f1ea96,06cd046b7b534a6b,21.51,4.51
0b2dbf3283104656af57912504933063,1,853b64c9b3554b4eb3d5404ff77dc236,306b2c5e799b432e,8.17,1.87
0b2dbf3283104656af57912504933063,2,6bc7f1af63214087a96a076d3100a500,220bf45153ae45d2,7.54,3.1
bfd08d9763194c4098dac870c3e77c0b,1,ebe48b8e4fd146f292f1ac0f0fb164cd,1e2738f7f60443cd,5.61,6.72
6928dec0fa5d4a90a153fd5e3bb5c178,1,b71c0ead2beb4175b018f96160e9717d,1bf9ce70ad65430f,9.49,4.73
6928dec0fa5d4a90a153fd5e3bb5c178,2,598baaf64d634b1481dbc71bc6dc1fc6,b5a53bf8bfce405c,6.59,8.0
70ffb5ce224d460fb6abee212e0c7b20,1,2d6849b02e154252ba6076d6fb833023,1afa128e17e54c51,13.18,7.97
a913524d009546f4ae8d524a867ccace,1,8fba6245a4284d70984b32125014f160,5ed29b69213f4404,12.18,3.36
a913524d009546f4ae8d524a867ccace,2,2e1430ff351743ef877c5ebdd47122d0,ed787d24837647b7,22.7,7.84
c1bdcd42c28545628f2cdcfb5fc8cbdc,1,650953249cde4a7a8095e7e71c5c4192,f3d1320f5c2843f3,11.02,6.34
c1bdcd42c28545628f2cdcfb5fc8cbdc,2,ecb8d341f5fd4d81bde9c73440bcdfbb,59cc6db3bae44f1c,34.36,5.32
c1bdcd42c28545628f2cdcfb5fc8cbdc,3,771a965257eb47d7af3001699c88b9ec,32ddac80f17e420b,16.24,1.65
bc6361da93fc49879d88f80c76b8748b,1,a454deb2c7164ef8a19aa543b2eb84c0,7b45f9498a04477e,33.28,3.87
bc6361da93fc49879d88f80c76b8748b,2,75e3e4177d954cc19bdd3caf80b3cb1a,c6993677dcd74ec6,33.23,6.67
2e11932dbfe8445d8395985146a5a6d0,1,ee74da0b2f214e25ac38ce8eb810a7cb,a626da27056941b2,5.43,2.53
db65a4abae374d3caadb50f477ad3f13,1,51d4bc276ae043e78472820e6f4460f8,a6c7b24eca134b4c,14.78,7.35
ee3c9377095f467ca9fdd78ed7345726,1,d02d9bbd0f7d4d42a3b7eff23ed2e425,8e48a0d9ece64f38,23.13,7.78
ee3c9377095f467ca9fdd78ed7345726,2,26cd75210c56467e94418019e687119f,0e467f0df1f145a7,25.78,5.87
4c711babf4194afaa9e44b0f0880ffe9,1,64bdd7f8fff945f6837acb8dac7bb280,af5ee759a822493f,11.76,5.37
7754b74ef30f429e9631547308081c3c,1,01d42df6932648b5b5a672fcbb3b1ab4,6c051e25080741c3,6.37,4.43
7754b74ef30f429e9631547308081c3c,2,b5d10ea69d27481c85dae1bc573b396c,a65bb5488e5a40a5,24.15,2.01
a2791400216c4dca93290d6e03403f8b,1,439843e9a7f94259b73c8488680511ca,d4b416311e544574,34.58,1.06
a2791400216c4dca93290d6e03403f8b,2,b37174280ff24e2f8fb63ea0c6716b8d,8f23b404d0254bc4,6.79,1.12
0fe966a9e23148fbadac7652f224be70,1,9ecdb9f7097c4460ab0a6ab4ce401a75,8ef4745fa01d4cd4,18.18,3.68
0fe966a9e23148fbadac7652f224be70,2,08da075895bd4db9859e8aef7f635a62,2dd8b5531623497c,21.97,1.85
0fe966a9e23148fbadac7652f224be70,3,9873eaf4b4744788a72d469d4c50c464,3d893bb5b4af46ba,29.04,3.08
ac34202b458e4176913767a3275eab2d,1,f5cf037e6a1047d09b198ac729777934,99d5089e32444ed4,17.37,1.17
63d61186508049e383e3efede30b0e34,1,cb697419cb31410388b24c95f8cbb7af,b0bc5c4c7a2e4d57,21.29,3.8
f163a4dd3d5342e0aa48b89a193cc8a5,1,a8c57d962dca46189b5a2991bf247d57,c937a704976d4e60,33.41,6.6
f163a4dd3d5342e0aa48b89a193cc8a5,2,5193df71d8f541e48387093faafa5d34,0feaa4e52fe04ae8,30.35,2.58
ee8a58ddc0c54936973e7b3a8c14177f,1,22b0e900c91c4c7cba716306bfea7d7d,580af087722d4089,4.85,5.52
4df8be2bbd944752a39d7f0bf8168be8,1,f724f6a4e9f649c1822ec69f83e5b29e,ad4602182a284e07,30.13,1.37
309613fc245d45b6ab48d26a7ccc4ec6,1,2f4237fdf4c045f990a74248d95226a8,779808c8b3994274,5.29,4.26
da1bb512c6a048ee8d2168aebed0ceb5,1,a1b18fdedc564970a5f82586646360e9,c49eca7bf14d4b43,8.29,1.35
c0001c6ab2264b729e0e8a9fab8d8adb,1,56780d35dda946c3be8658061ff9027a,71daea26ca3e41a1,15.1,7.56
c0001c6ab2264b729e0e8a9fab8d8adb,2,eb98040111294e2a85a1925436042d6d,b2c7163dec984e53,4.0,5.32
86e6b6b60b3748f6b048f71087aee978,1,11afa7acbcd44738adbc9ad4be8f7a08,d6307c8f06494db5,4.0,4.93
86e6b6b60b3748f6b048f71087aee978,2,0f20fbef36274813b5eb650090eb60ea,ccf9ab9acf144c8e,13.41,7.24
86e6b6b60b3748f6b048f71087aee978,3,66f78d702f46495bb629b46e76866787,ab57e7bdc71443b6,18.89,3.93
86e6b6b60b3748f6b048f71087aee978,4,111ce0b3262d4df3a7c5c52673d24569,1ba2578f0ba646a2,34.81,4.26
8f106e019a7040ed99e8e4c047c14438,1,63ed5739e11448c7a16f92762365c187,171aca7feaa44e3c,4.1,7.65
1bab62e1f7524550b4f0c86510ce5a8a,1,b8a16a196313411c82a4a8da05a78bf8,289296076afc4096,13.0,2.09
1bab62e1f7524550b4f0c86510ce5a8a,2,8abd85553e4c44c19eaa82fa6206670b,2f2c3870e7064a4a,23.14,2.4
e7a8b01ac3704bb7bb999b357c539ecf,1,840a9307b7bb48ddab8110e112e84dc9,2c119d6d5198478c,34.6,5.25
cf3343ee46e348afa77566f70424f5ee,1,26e9f8837e80440687061638f300214e,4d5f10c51e0f4bf2,15.22,6.02
62a8fa58876e475bbe4aca2b42659830,1,db392d95d04b409f9051009a1a0dfe28,ab3bb7938e774e01,10.5,4.56
62a8fa58876e475bbe4aca2b42659830,2,6512533eeb30413d8d22ae8d14408f97,8aed408b94324726,9.99,7.71
62a8fa58876e475bbe4aca2b42659830,3,cac69d23cfc34dc28687f01a4a7a57fe,c0633a1abf68490c,5.82,2.58
9f0bfa4a13e842b68e4a1463dff4c270,1,110f99afc2e7429387eb3a0a28169827,9d4989787f7b4722,23.18,2.27
9f0bfa4a13e842b68e4a1463dff4c270,2,52f4252699c3423aa3bfc4b090d4fecd,5b6f7e0ff78e4c48,17.53,7.79
11c381680f0a4a0f9cc289b23f13fc4b,1,5ad2570dce6d48aba48c6a7e50631062,df61685988dc4cea,34.62,2.89
11c381680f0a4a0f9cc289b23f13fc4b,2,87cf516a5aba493ba17a1ef11daa6fe9,78d98d7cf76242a1,34.06,3.73
445456fa447b4e04a02af603bda17e75,1,78fe0892a8c54850b09d69e5982e39de,de809486d95d43ca,32.68,2.43
2c843a205c0447fcacbe2035f0d1221c,1,d2c1a8982710452b80730883f483330a,46d50e87454d4ba5,22.51,7.8
a2b811a6f90040b8a11a3ea2ea07f2d1,1,ce18a1ace4914359960abd275f29738e,ade257a5a1374cf1,12.64,1.88
a2b811a6f90040b8a11a3ea2ea07f2d1,2,38a840fdce4d46bcb6f6aa19b4b2fad0,e16a721bc4c34060,29.39,6.74
7c4cf4cd8937498b9272a9855d86b79e,1,4346c021fbd14e4cae7093ed54302eab,a42fe0c1242c4951,16.84,7.11
511f2aefaf7c4b86b149391b91b76170,1,f3be07e2e9fc4835a96525cd30faa081,3b9c6049a5924c21,17.74,3.77
511f2aefaf7c4b86b149391b91b76170,2,250bb4b3616e4c5881240784bd9e1a45,24db24cc884a4cbf,31.87,6.47
511f2aefaf7c4b86b149391b91b76170,3,38f1d4f0da6c4e14bc7e09b8eb273b64,e5942e4bcbc449aa,3.06,7.2
37c4262c805a4b0a87cb356cb5c6eb38,1,4f68f44d481a4186bc8b6119ffcdba85,4774f238ca604dec,26.71,7.95
37c4262c805a4b0a87cb356cb5c6eb38,2,06543690c621433eb1b094c8ad11da7e,ff780f2d68a44524,30.86,3.48
37c4262c805a4b0a87cb356cb5c6eb38,3,4af433058ff24fefa22e6d3a6182ce46,e3132fbbf73c4037,26.01,7.44
f143960082a54e80b68387e7c8bac4b5,1,f72f7388908c4d33bf4ccfe2c8688bb5,99250808c6e64b73,22.83,5.38
f143960082a54e80b68387e7c8bac4b5,2,eb13ca1b6fc64e4188db6d5906b07335,32f2288a06464c50,10.43,5.03
c5ad05660aab4ffc8743efb68986f071,1,68e2724e5b9a4d68b650a9e242505322,115b430585074dc7,3.82,7.99
c5ad05660aab4ffc8743efb68986f071,2,ea7e32b40d244725b8a0f9644d3166d1,eb4fcb73d8674f0b,11.45,7.58
45287100415f4015a9188e3f4036df0f,1,23e5040361864380980d5c83386217d4,50dd5123ab4e41bf,9.56,4.36
45287100415f4015a9188e3f4036df0f,2,780dde383804487da8f40fcdcbbf50ca,c3284c10db1b4e3f,20.03,4.72
0e4bd759d14e4d71b8f38547a04e00a1,1,6946404810614e89815dcd3d12002be5,9f8a0595ccc84bdc,28.49,3.93
0e4bd759d14e4d71b8f38547a04e00a1,2,0e750ceb12aa43dab8bffab948f7f5d0,42238b9703b1437c,1.72,1.4
0e4bd759d14e4d71b8f38547a04e00a1,3,c254491c998c4778a2d50bbc293313bc,0723aed0a7c343d8,32.24,5.36
b45517697c9a442ebdf78ba2d7768b78,1,e6bb6f0565424f41b12ef4a98a41c0c6,609f2c87d1064088,29.42,7.65
b45517697c9a442ebdf78ba2d7768b78,2,6e0dd11dc9094534afa12d36de44bd59,74b45c4edff640a2,32.75,7.51
b45517697c9a442ebdf78ba2d7768b78,3,e3941fd06fb443179853ee6e23d117a3,6582a23eefc942c1,27.1,5.18
b9420840d0964630902d0ef4cbd492ba,1,6faccdd9a4ed4bc2ab2a35bdd80b2880,8bcad5a790ef40e5,20.04,5.57
e251daeea4c44bee98d60286013873a2,1,ba53221bc554416a96f1e7bc0a528e61,6b5e48f72ed84a70,4.51,5.3
e251daeea4c44bee98d60286013873a2,2,2cefcf84623240449ae7b79c3d97d502,552ac5172fd24b8a,6.73,7.78
e251daeea4c44bee98d60286013873a2,3,a4f4f1d37552479a8eda7cf92bf6135b,5d4e24dd831b4d8f,13.06,7.49
e251daeea4c44bee98d60286013873a2,4,e310e1cf83bc4bf6952920e1ad869f02,2d3a210214264e06,6.6,6.61
11ed62481ec5419184665db6ea70c3b8,1,fa529e648a754b5d9518805f682e5af6,f10869ce742946a2,3.08,6.4
11ed62481ec5419184665db6ea70c3b8,2,f32a53eb30004a898ff803b9268c3860,59e1dc450e8a4b16,23.59,3.82
ab578057a7884be9a7b201f88b4d65b8,1,d07866aa46b04d2487536d6427ded42b,c3534be7da094993,2.28,6.31
837531c42d264a26b0bcee471e056880,1,feffae6c3c6149b499db6e978c75d2a9,594202ab455f4bec,31.66,5.76
04aa011255db4379b535c59f0d122b3b,1,ea4f4990f64f4be7902a2345bb8a4ecf,1ce786f21d3c441b,18.84,4.39
4112f30ab9024151a07bc217d6422277,1,bd3098026cad4c6db34994820d65599a,39ed454d61bd4f69,25.78,3.43
d528b7affeeb4be1b834ca2907758ec2,1,ea39feac4a4043f6ad90f7fd750fea45,cb73c0153fa14600,1.77,2.71
d528b7affeeb4be1b834ca2907758ec2,2,af98f0e4f5f24e279bdf525c8e2916c1,27bb97165f81452d,8.71,5.27
590b31841f144fc8b77a5bba2056b30e,1,035e25f3cf3d415f90b6063fafe344f6,036be6ab87a74580,32.28,5.76
590b31841f144fc8b77a5bba2056b30e,2,5d1ccae02d0e4f9eb08306647f8e7ab7,e94e1587ab484bfc,4.29,7.85
590b31841f144fc8b77a5bba2056b30e,3,50f0fb36a14f43d8aef52f2f7f2c5128,ef8f397710d94eea,15.91,5.05
f9be3a13081a4c20aa3653574cca75ec,1,ab2bd1e148a24e7d812160b5f91dc4b5,a4d6b26d21b04285,28.97,3.09
3804abf9ca6b4baf9af6c5f22a36903f,1,0ca5714b2855456c98cbf1eb679336ff,e9801ed820ad4d15,10.54,5.81
4aee1619b7174d49ba21c71e9fb90352,1,c84ff301cde74e4898ed69e1f9469273,87ace1bac73b45d8,18.04,2.27
4aee1619b7174d49ba21c71e9fb90352,2,0b05629fd9e8432481620766f697d923,20154faddbaa480f,3.07,4.27
848331280b0d47e98380c84dd9c1ece0,1,4f966a19b6fe42fba4bfa7738f7abd2c,85ada31b21f94a21,32.16,2.31
848331280b0d47e98380c84dd9c1ece0,2,89d26b6e45fe40dab92630ae9fbe321f,16e7f55400194546,33.37,5.88
6fe796f1b1ea4f4e8107739a71ddeb20,1,c1470d8839ce451fa474770dca53e2e5,b1fcd6cf019040f3,20.48,1.32
6fe796f1b1ea4f4e8107739a71ddeb20,2,843a0bd85f684e3fbc65fcb2db4d8c26,492e66eb32cc4c2f,27.57,7.33
94a5f5fe3ccd4c6fbc2bb7407bd9fd2e,1,78954d11e7f549d18756c1190a7329c0,9f8dfcb7e21347f6,33.76,4.58
94a5f5fe3ccd4c6fbc2bb7407bd9fd2e,2,7aab4edbf3f349f2884b6de205ba564c,728455ccb0834cbe,23.94,5.05
d83eb2fefa1c4156981dad4cd01b997c,1,ee31c207dbc5436b9aa8d66c9a7c3c05,6026228ad6d14532,16.84,4.13
8631b0d43be141dc92617e9ef786d087,1,7d5f421226f64d7195f0e6755848b8cb,0f64f2ccd8f648e9,22.41,1.18
8631b0d43be141dc92617e9ef786d087,2,936258d95c5749eb92ceb0429fcbaaba,d53e7e7880234fe3,31.32,6.47
8631b0d43be141dc92617e9ef786d087,3,9f1b10c93b784ac390c492aeb8bf9287,9859486f5a1743f2,12.87,1.5
fce285593ffe4c9d8706592b0f56310a,1,1fa8e8b72b7e447dabcec437e9a17fea,c9e8563ad1fe4254,19.46,6.0
fce285593ffe4c9d8706592b0f56310a,2,ebf3c4ac0abb46628af642779d0ad5c5,4d22cf8e19b24523,17.81,6.99
e650fd765a4e4837b96bfe1b79dc8dcc,1,414baff947d147fdbeab5550cb2f9207,20d94aa9e83a46cc,29.7,4.0
e650fd765a4e4837b96bfe1b79dc8dcc,2,e58d7eec6f2c42278f7a3bbe0c2622ff,64ebd259ad6f49d3,3.54,3.62
4e146eb367394a2cb16b84ca48411656,1,ba3341a3f7004472bd02edf6354ac42a,91e1da188ae8420a,6.18,1.5
4e146eb367394a2cb16b84ca48411656,2,e45c1e36177346f8a0d520beb16cda97,0d9ba5d2aca247b2,18.68,5.54
4e146eb367394a2cb16b84ca48411656,3,613396a58fb1404a93f80b8ac9f1887e,c1d042d571f143d8,21.99,6.64
26fffd8d4a3742288cc1aae98e2d1ab0,1,90a0daf288254fd28fb685a5eff054ba,b6a901523d504039,2.09,4.3
57053ea2abfc4d8794f4d757ca20f98d,1,6eaeca7a32b14efdb780c07c7110baa2,6138165885bc44fb,9.11,5.01
57053ea2abfc4d8794f4d757ca20f98d,2,dea64c44ee6e4cab9b13b1b6ea1c05af,d1658b4643044059,29.1,5.59
0f97f0fff823499faae3af733c5a02a2,1,059deeca1a9842bfa3183c56a46d8f2e,e5edfd3db4984f10,34.49,6.28
0f97f0fff823499faae3af733c5a02a2,2,6b7bf1638ea845d593366d0b8922cae1,5481333cfa414afd,21.81,7.53
29eecd396f5b47448fdfc697137528ab,1,59d8356818084d8c9bdddb2d304850ef,f6f8409f67884869,4.17,5.29
7234a274172740a7863bbd714b6b9f81,1,0a2a299835e6412d882fe8972dcce760,651c5f6613e74fbd,31.82,7.25
7234a274172740a7863bbd714b6b9f81,2,99ab08743e8c4a63aa70537110f5d124,a95270f729674962,8.67,7.79
bb46915d921241e293244048bec08c7a,1,1e18c55fb7f04b0bb83676ee3c30e8a8,b429a3351fd14d68,7.17,6.38
bb46915d921241e293244048bec08c7a,2,52240b4fd1294aae8a0b0c7bf035634e,598ddff3200f485c,6.67,4.71
bb46915d921241e293244048bec08c7a,3,b477b2798239433785eea909c91bb014,c9b663da321a4844,17.54,7.37
0bafc87e4d5b43b7b6b57d1e98c7ffdb,1,5b52811a18dc44f69d1d1e086e807551,6edb0eaf32964ce6,12.25,5.29
50dcf73a37384f66b5b06597dd402467,1,b8b21af8ec2845d090ae12f3c127ddd3,b5c90737be314562,26.4,7.4
b6ba3c9c31de4d80b30b631feb1b5e42,1,e069fd91bb69460884208b2020a613ef,3fb5cca000ab413a,16.3,7.75
3998b74c9a7b4bcd9ad69af66961e6a1,1,a65efc68470f4f2d90fc3e2294ede95a,be0e4d4d67404833,19.33,4.85
b92c3d4a27214484bc95276a6a8be192,1,a3425fe8d77744928378c1cb43f1bd0d,d83860fed779426a,13.94,3.38
6dcbe62f6d92426a83b270ec88fd2c89,1,07f5de0735a84bc38c1a7a7cbf68d4cd,3c6eb88cc4804537,4.87,1.07
6dcbe62f6d92426a83b270ec88fd2c89,2,1cdda72e75ef47cfa7dc0b76783928e5,4d24e3c983844fe8,4.78,7.57
6dcbe62f6d92426a83b270ec88fd2c89,3,7296bdf2fb774bb68606c38e6d1f2824,e655245142e94b27,21.79,3.73
67389f07830d46858826ca0fc7c30dd1,1,96815a27153d471ca2e8c1c65de08ad1,49b6084522d2439a,32.46,6.61
8f43fd6ca4d64dbcbf5ad2c6263424c1,1,d16b7d1a965e4ad391af5a9472247520,de33e86d83224373,7.4,4.72
8af20c04ef084f1aa609d092f70b21a4,1,3beec752b0624a5c98da111f7929771c,b4c3cdba6b7b4a0a,13.62,2.81
53b045c5fc41492195e971f9a73f1a62,1,abcf9a1597694cf193b3a22d445f3db8,19048187f0214847,9.91,2.03
d0500781258f4d2aad495ef04449361f,1,db67c45cd3cb4301bbfa1e6e7560c11a,b136cc89b43d43f7,32.35,2.12
4327381483494f869873e4c5bbba626a,1,aed3ed2f9dcf4ab389004db0ca69d978,8d1c92c931364cac,19.03,6.43
4327381483494f869873e4c5bbba626a,2,377808dcab614254bdc71d96c56a71d6,609531a10d344403,34.11,3.98
0da8a07d4c864e3aba8066aa32c5dfb1,1,27546e3d2b34462dacd39ee4669dcae9,d615ce582f99490b,9.33,3.14
5b6e3f6c5dbb4a3db36482e196c9eeb8,1,27960be2e2e24680a3a1b9265b235ab7,8f408f57fcc54f49,33.75,4.14
0606bac6919f44f3bc9781a669ec97b1,1,c56cb5dff00447cc8c51d88775cdff34,1b83c9060e6a4bbc,27.01,7.41
0606bac6919f44f3bc9781a669ec97b1,2,7963351f114241539920addc91a58272,c86030b2302e4151,26.97,1.75
0606bac6919f44f3bc9781a669ec97b1,3,0447fc07cab549819f5918f7aa0e2b91,ffd63f4006bf47da,17.05,3.33
0606bac6919f44f3bc9781a669ec97b1,4,b4e726a13e284197af88da8bb735fcf1,1094e79dc10646e9,16.44,4.76
fe061cd557d04633ae3b2d9da958cee7,1,0dfbe5c6a4414ea191306e0310765852,44a878746c6d4b58,32.0,7.37
fe061cd557d04633ae3b2d9da958cee7,2,13b55972ac0e40e4a09a26a881dd7dff,5f1f3396202643f5,13.93,2.64
fe061cd557d04633ae3b2d9da958cee7,3,0850a8c32b3e441489d7d4deea63efdd,df1e22d43f024122,6.15,6.36
62483da38fc64dc0b7da4d6c98afaed3,1,3d72a928452d4d649b76f29adc2be1fb,3b42f223684f43bd,4.93,5.27
62483da38fc64dc0b7da4d6c98afaed3,2,013911a0d36c4d31b1df651efb4eb2b3,74a1305000034636,5.62,1.69
62483da38fc64dc0b7da4d6c98afaed3,3,8021b9e5fe954556a069bdc3beef2768,b400da9f00bd4d5b,24.79,2.89
c829d1e672c34d4e8460d845d75778aa,1,b40e6f5f790b4ec79ba1b9a6bedd4122,746c81b7ec754cd0,33.48,4.72
c829d1e672c34d4e8460d845d75778aa,2,e7bb491986304efcab425e72ea02c5b1,84e8d95cf2e14d0a,16.26,5.6
c829d1e672c34d4e8460d845d75778aa,3,d54d1edd24974ac5a8b80f87f22abeb8,d2b46aad65ed4eff,17.79,4.67
f01434e616d24d41bf3993142146c403,1,3a9622a6be9a46eba975fdbe6a804e08,860e79d1ce724343,29.4,4.42
396b21835a7c43478dc7c15213a93cc1,1,0daedc0e1e6246fe9365a73d91ff0d0f,02c11390e1ab4797,29.79,1.07
af642afd517c4933bc55c59fc1165576,1,b959c5e39ee549ffa98767d5d3b1b3e4,05ebe1f602334a6d,34.75,2.52
f44a848962834887a44cfd1738fb9889,1,7a7a6b6e35674b9b9aa0669d68271d25,b181b4e22db144b1,14.22,5.42
f44a848962834887a44cfd1738fb9889,2,a83fdbdc40684aceb123baecac10bdb0,e3883309a2724c89,29.65,7.92
f44a848962834887a44cfd1738fb9889,3,a035a4dae7a2453d91a252fd831b8566,11cb753c5a9445ab,2.34,2.07
4644eafadc8a4db58ca992a2146e194f,1,9a1b94963cae4995b6cb2be7956b1b3e,3e9e774257b74395,30.78,1.77
b343a38a57bc420a90c284e0f588ba6a,1,af8b87b987234256b7c787b9c8aebfae,3e9261dec11d4045,2.01,7.92
b343a38a57bc420a90c284e0f588ba6a,2,42a1c4eb0e784308a78251aef8a384f0,29a9d0857a0a46bf,27.28,7.2
b343a38a57bc420a90c284e0f588ba6a,3,43d86999ac634f83a5d46917ccf8f629,a0d178221cc247b3,11.39,5.53
d1227be17dd34d2f845809dcfc25f6e6,1,565a2c75ea0644f7b336c011ee173c76,0664958d22944007,23.14,5.45
d1227be17dd34d2f845809dcfc25f6e6,2,a4db813d69de458691f0c9285d91b570,6bb555e52b954835,11.45,3.87
3bd7a014dd5d47e19a38c5c1ee4c5d76,1,977e9e74b98c44749dd66ca5a6e4e529,0285ff0775b54ed7,28.32,7.78
4da71825729146b9be4486e233967db8,1,975f396462e64edbac635f46a0bb8a62,36dac4097c55428f,30.36,4.39
4da71825729146b9be4486e233967db8,2,a987f8af60c34f9db676b5582a8e9f38,b211d658da1c45c1,19.07,7.56
003e16feb5114f40a64a005cec0bc65d,1,c52dd85bf1fb4718821f9de509490210,3027e052c3854bd0,28.76,6.38
92f639219cf24bffa97f6851b5d38d2f,1,e2a708f4bc774c998b27ef982b37d905,244f05ab6311462e,16.81,4.35
92f639219cf24bffa97f6851b5d38d2f,2,11ca18fcf4e941efb52c9c937bb8a8ed,1e3587cfc6024c1e,13.02,4.92
a47dabeea3a441cbb4b2aed4a70e95f0,1,84fac636b0364a148138f3819025e5a8,717a2ccf893a4e82,23.09,3.24
16eb1134fe0b4a31b36a3fae28488883,1,73f64a489732441cb95130bfd4b8c93c,65b86a8abaf144b4,27.24,3.7
ee0d3caceb90483e88102e5cdeed48f2,1,6174cda1fad543099d5ebe5021d542a7,c9174618c95847c9,29.32,3.12
ee0d3caceb90483e88102e5cdeed48f2,2,5ea834ca59e149498fb0ec6b7085d759,d4d116243a3348eb,29.67,4.5
ee0d3caceb90483e88102e5cdeed48f2,3,f387e4376d7041a7bca13c590aa891ef,e0945d36149b4843,20.36,4.13
b262170fb11546658e0dafcdf38d406a,1,d90866c77f9c4f2c99f1f4a34cdbeb97,008a1bede8e24696,27.27,1.58
8c2a08a45e0d4493bb995cd896d3de24,1,d84cd20e8da34eaba7f06269021530f3,251533b6af8e4ce6,13.07,4.14
070cf61e5af84e148fd25e5344f09b18,1,3f34a9b6328843c09622ff9ba01d8cd4,83a225e57f854560,9.85,7.63
070cf61e5af84e148fd25e5344f09b18,2,1ef8bc2f882d4ff588a95dff58ce9326,855604b4087b4ee2,25.4,6.81
070cf61e5af84e148fd25e5344f09b18,3,2e81a5e285ac4d439c6353bd21c7e353,fec44a67c65649ee,8.2,6.81
926d917b920e4e72a30b901ba62ed187,1,3e8cadde495b47a9bdb3917405aca798,a5a6998a74dd4d31,10.57,7.02
926d917b920e4e72a30b901ba62ed187,2,32d5d92a2d704636bf91e68b9ef3852c,ec62edb373a24070,29.9,5.7
926d917b920e4e72a30b901ba62ed187,3,e13a62880c014f30bc10b0ce579d841d,cdf7ca03ecfe4d58,30.77,2.49
54fa2bcb83064f0ba0840fbf4a82f9ea,1,d8bdf45cdc824a74a1a6672f31d38e7d,1e44d6c409094259,29.46,2.52
0be44a3a7a084b68b0caa27cf7d338fc,1,2c83284ccb414377af15eb79f33c27a3,8a9ae6c082f743a1,20.53,6.9
0be44a3a7a084b68b0caa27cf7d338fc,2,1884ccdbb68c40af8ced64fe9ce9bed7,a0fa248cb059481b,4.34,5.63
e79fc73edd2b4e059dfd4447cfe6bc90,1,c1580ffc15eb4d88b9cbf4c902c3038b,008162efe4944112,27.29,7.33
e79fc73edd2b4e059dfd4447cfe6bc90,2,60fd0b0788294c218e449396285b7d74,549f73b4318d47ea,23.63,4.26
58d7add431de4035a52d8c9d8c7db5d2,1,b93607f76b094090ac4075d489338da1,e11c77ddf45f451b,26.32,2.62
58d7add431de4035a52d8c9d8c7db5d2,2,6004c2dc2b4b44e0bcfaedee83496b86,1a2de5f07dcb428c,16.3,3.6
6d06303ce245415cbe8ed6d8b7d72fd0,1,d8f35c05e4e449959e40ae3ac9e55bee,56bed53ce2d14117,12.67,6.07
e78636a470e54e16aebe04a4370d597b,1,ff248b684b8844eea02192bccc3629d4,e660dbd10cd4494e,22.91,3.13
e78636a470e54e16aebe04a4370d597b,2,49af2c65390b42b79204cf4569c7dba7,4afa1609fcb444ce,28.46,1.86
5880cde7ac2c4530b5b498227fa370d3,1,58222e8cd20d4a83aecd7ee459532c99,84a5be4e98dc498d,18.09,7.26
5880cde7ac2c4530b5b498227fa370d3,2,2594d99fa39d4cc181fe0c54a891bb44,70eae2be2e384de2,2.54,5.71
5880cde7ac2c4530b5b498227fa370d3,3,885515f22a7d4038ae09480f4eb01420,ed8c14b01d2649e9,23.16,6.12
00a1f02e043844648cda98de87cb8601,1,1ae55f61223647bd88ee424df6c26467,869245c1869741b0,34.75,5.2
aa87e010271c47a9b7ccada5598355bc,1,a19b0f8bce0e4880ac90b0c7d679ab60,6a64217cf4a44343,30.08,1.5
aa87e010271c47a9b7ccada5598355bc,2,bd07dc413a894f3b9ecccf466be79f6a,b2589f1dd904455f,19.91,4.38
73d0b41a4881481dbd3708715f71ba6a,1,ffffbe01874b4cee82caa4131bcc755a,b016957069204988,3.94,6.08
73d0b41a4881481dbd3708715f71ba6a,2,897afce59c2b4aca8a71109073f895e7,05a0142adb7044ca,12.21,1.61
0a6b95b544e74bd8ba1ce5424e6875f2,1,89024bd00ddb41409c89a837a6e4b6ec,2d1a995c5a264b67,27.94,4.13
f07e6909a743426d82e28f70b3326946,1,68e09f10a3b24e0396e9b7067bcf1f7f,a1e35ec938b84fe7,30.97,5.01
1cb409b5919a46f9a65570ccee0dfbf3,1,a84d190b12284b4bac18e6059588e060,d45803abf52b4b03,32.73,5.29
1cb409b5919a46f9a65570ccee0dfbf3,2,7f94b902e21a47dcb8cb6a64f7aaa0f0,530b7af0f45342b2,26.85,3.65
31493c44462546d9a285d24fe8aae687,1,b63786445270453999eb556380cbbff8,61e66bbecd434e01,26.4,6.02
31493c44462546d9a285d24fe8aae687,2,6280580d931f49c4bd3ffe43ee352cdb,769a65f75950477e,2.22,4.97
31493c44462546d9a285d24fe8aae687,3,57c2589bfb944d87a8a074c390151f68,85e1acb0fddc49c2,24.85,7.92
d319cb77463c4491ab0d61eb6e2655a1,1,ebf877d7f69845b0aceb3e111d1ef8f4,493ac2f5be034f0b,10.27,7.7
de8448c142dd41a7bcd85ed4a10eb4d5,1,9aeab2705bee477d8cf77b6546c5b98e,98e436d12c4f48ba,26.18,5.97
b8fa573723644c8b8e4ede26cee03834,1,93528e7ddbdd45d88a3dff3ea93cd7ed,76b6242fd0864b02,7.1,4.5
b8fa573723644c8b8e4ede26cee03834,2,cf4ff709a0c949959ab8d71da2363e9b,809cc13c9b7745b8,34.21,3.09
b8fa573723644c8b8e4ede26cee03834,3,5922f402e8a349bebf4c8b85ce22d5d2,fa3729b33c474db8,26.02,6.1
69d1bc390c3146ae8a084391b1b1355b,1,d805fcae4c99444793227f8ebc1e0fed,9f10a7a454bb4ae4,5.49,7.53
69d1bc390c3146ae8a084391b1b1355b,2,17972305cf0e42af849ee05d52743566,a6c2571f8c734d47,20.67,7.46
bad0df676b22434faa24dd5066e83f3e,1,25db9217500c4f43bb8277bc7133aaef,d50e8d15b4a747d4,12.69,7.32
bad0df676b22434faa24dd5066e83f3e,2,713ee6af3dfc4ff68a0771193b6d8686,af203bc89a5342ac,1.92,4.43
5232775f00e74e9e8dd6eb3d435ee7ea,1,3e86ddec07024c05bddf7cf4d83cb6b0,69a62eeec7984a3e,15.99,4.32
ad693ba4a4654f798621d82dac3ed684,1,c7e1b55a8b144ea89330567082c1f463,9c992bbb7af74054,13.51,7.88
1c585b905fa5405ca34981122675c84a,1,87b4c2a2698a497d907a0af37e9aeb6a,5cc789e970314c8b,14.18,2.58
0028f3a5912d4ca2a901a64c5d0ec2da,1,56ebb8bc72454615b89469006f1ad0a1,ebb8754dca854ee9,10.46,7.6
0028f3a5912d4ca2a901a64c5d0ec2da,2,824bc7fc0f064ebdb88f9c036a802b5f,63e941c9ec084e03,4.47,6.66
1ce4ef03498141eca21f72fac8bce7d7,1,39776b1f91f54e4fa957f167c932d79c,d4324944c64b4ad7,4.29,2.92
1ce4ef03498141eca21f72fac8bce7d7,2,c231eb5b95c34b03934e506d33785af2,3de6fd622e7c4057,23.83,4.24
42b0b2f299024741afaeef3f7901d4e6,1,514004eeb68b4afe917ed7afc94cca9b,de7788fb06d54b9b,24.99,2.81
819208c6d86a45f1a112e6747d6e87e8,1,e540ead978b8419db9b6e1ebd42457c8,8ca2ca0483c44337,34.38,7.28
43211a25bb2a4090ab2dd8270891f10f,1,8007f7b5493342c69651f559f9b24c03,6af28eafc3364d01,26.66,2.88
43211a25bb2a4090ab2dd8270891f10f,2,8f914ea0d7c940d7b633122b287556e2,632bbfaceaa54145,18.91,7.56
43211a25bb2a4090ab2dd8270891f10f,3,24b94bd18931450185f53c20c659313c,5e3682ba65734522,2.11,7.13
ea5edc9fa16344c1bb11d3493e4b03a3,1,af71a6bfdd4e4f9b824dbc48a00e167e,577dd776939945be,14.86,4.87
ea5edc9fa16344c1bb11d3493e4b03a3,2,650a4a36d8cf4d3c82519b766fda61fa,3f862224a1bd40b7,24.68,4.31
0ff1cb1dcce5432286d3b61c6c36a0cc,1,cf1cfd6833c445548cb5bdf082933e72,c652c98eee014f65,17.44,4.93
0ff1cb1dcce5432286d3b61c6c36a0cc,2,49e0a99f8e7a4aa7b4995cb3db4db3df,24667250480e4a39,14.26,1.71
0ff1cb1dcce5432286d3b61c6c36a0cc,3,ab7b9aeca6fe475da2745e33317b5610,4f508a22825f4b79,20.77,7.57
9e6ee5a0bb214f1ea3c27d8c23f180b8,1,3729c24baa74460faf0b284c32c33780,c561ee8f9eea4501,32.58,6.43
9e6ee5a0bb214f1ea3c27d8c23f180b8,2,6030f822221d4bb9afaac459a31f164e,89f44421b8d849ad,34.93,3.54
96a2b719da3c403a9b6a198110be2b09,1,00619e1c090040aabdc2d701468347b6,61dedc580f494a67,28.84,5.8
96a2b719da3c403a9b6a198110be2b09,2,c77383b1da564001955beb32bfa1ad5a,ca47aa53e5424502,1.86,7.61
66ac2b5484d0428f90f05eccaaf66764,1,e116446544744ff585faa5650df99c92,ad514a7d3b224b12,12.52,1.63
66ac2b5484d0428f90f05eccaaf66764,2,f3e18409046042ed8ce69dd89a38bdef,4c34703687d740ce,16.82,7.05
bcec333a34f64005b9ca68513596c9a5,1,3d64da7c7b3347dfab24e62c0c112447,6a6f59e472b748fb,16.28,4.2
bcec333a34f64005b9ca68513596c9a5,2,2e593c71462e4dccb523421982dda219,8f221815694d4d7d,32.21,1.47
bcec333a34f64005b9ca68513596c9a5,3,125a1a823f2d4763bd2ce701d0d37c34,0ef2268d21f0439c,28.37,6.33
cf7a3cf1a51641daa824907aa35c1564,1,f69b7badfe954f3ea0bdc422011bf393,3f1d2d79921644fe,7.47,5.73
cf7a3cf1a51641daa824907aa35c1564,2,408f86afae594dc98cb60e28a1666615,8d45909eb7d34160,1.57,1.03
c140dee55f4d41b7b80a0e19a92a1759,1,f964adf37d314c35900bb78cf29a3859,b56457986dfe4b14,28.17,5.0
c140dee55f4d41b7b80a0e19a92a1759,2,a51a8f15380e4738849c1aa263dd2251,48750076bfef4cb4,20.11,1.57
c140dee55f4d41b7b80a0e19a92a1759,3,d9ede0b41ec04cedad302c2fb3add5e3,f66ecaa25a1b4851,7.44,5.18
1f6723e97ce146f5a074869f6381fbef,1,de0d93b681844abdb4fcb87071c27428,17799daf51dd4a0f,7.16,3.95
8c8b44564a28469d901659e87ac00949,1,e1c9770d27a440cfb9937b29aa0455f5,73511c8167db4efd,11.98,5.92
8c8b44564a28469d901659e87ac00949,2,ca0357baf4ed4fae875a06d430d20bff,ba34700ea0104038,9.26,6.48
8c8b44564a28469d901659e87ac00949,3,317fcec5597c4b3fa42b0564e81cce6e,5be002bfb0864bd0,29.86,4.52
9bff0dced65b452fa06207c811e20cf2,1,cdf769a4e4c44b0997a56350850db791,df9ac0a488654181,31.89,7.47
9bff0dced65b452fa06207c811e20cf2,2,8937f4961827439195539015f38ccfff,494a75b683a74f72,2.0,6.2
9bff0dced65b452fa06207c811e20cf2,3,b618e50b5ab74ddabf9fae53e7e7d540,790b8f8936a540bc,5.97,1.99
c31fb05c065b4f3da6bb0d82b7385d31,1,c92512e094e34b94bbda2f46d44d6a71,8f515d3d6a2849b5,10.38,2.79
c31fb05c065b4f3da6bb0d82b7385d31,2,195bc54741604260beb32ff86c890b64,7840717587154200,15.31,6.6
651830039f814352b1fe9e3d43b552dc,1,2bb9f49c68ac4e1ba57400075e2b2d0d,80d2cb6f5caa4c09,11.93,6.14
651830039f814352b1fe9e3d43b552dc,2,c09961f3590c499897f25ce85f166339,2eba90520e58428d,27.4,5.61
adf3456987cc4a20912497501130c5c7,1,cef52e6501f24191bf75d90d7f6de4af,5ec0e8fc27dc4fba,23.47,2.87
99caecd86cf443d1b62223144a097563,1,9994856f8cf44054a0a33cb8c95b5b15,2bc0a684435b49db,18.46,6.3
99caecd86cf443d1b62223144a097563,2,2495abd2d53046d3952b4ac4a9177ca2,39dc6f472cfb4a0b,2.48,2.92
dc50704ac8b348f1bf5f7589d21ae02b,1,5dd5f909edb4441792246c2b02879e88,4380f169970e4a97,21.18,1.82
67e9dc43307a452592d4af302b72e9fc,1,ef8030e495f84d50b6e44fd9460e9620,3b6ddb2cc92f4e8e,13.35,5.87
473b332adbfd4715b1e8c31a57b17a5c,1,1fc0b0ff425d40fdbdbeb26f7dd21ec1,b620f8b9e4b24d1f,34.21,5.08
0ae0e5a66218423fbb59d65d23c4403b,1,9ed311a7952b4084be861a5f01e41f6b,f16041a51c4c4b8a,26.29,4.39
dd9f64565aad4c70b1faf7404d7a8dfd,1,c44417c7f969443199192623d714f3c0,75b85370fd1f4b10,21.32,1.68
dd9f64565aad4c70b1faf7404d7a8dfd,2,e19ef2750d2e418f948ecb18c7d81e1a,93fe9314339a4936,31.67,6.32
dd9f64565aad4c70b1faf7404d7a8dfd,3,50e708f131d64fc3bb5bb1235b7cefdf,3872a242ca8841c2,16.25,6.69
7d15adb5359c4922adcb9dc026a89c11,1,8d0618dabc8640588300cb02094b1a43,d52d722c1c7a4c69,14.59,7.39
fc3d4382658243fdb27e1c5b6626d4a5,1,51246994302d42d4a9de3053bc993e38,34613add816449c7,18.83,1.89
4e506e4265a9471a8acc4824ccca91f7,1,1624e94bcf6440329fa329782b959102,4a9af878fe6841df,25.93,5.96
6181ce29d7284bfd8748e7114d5303a4,1,2817a00186044da994b47a4f2e1cfb90,7ff79e499a2c4e67,5.83,6.76
6181ce29d7284bfd8748e7114d5303a4,2,eb8fc7ca7ba14c57b1d1ad13fbe2e843,b00baf3e50da4276,32.28,7.42
51044205eb274b6b9294bf7f2affa0a9,1,5bd3236c83d84753bb0ea10d4c8d4ea6,ec7efc16d1fe4c4b,34.01,3.67
c8e7b1c9b49c4a2a9a25661af33ace9b,1,a3cbfc0e529949bf9b70a8e136387e03,f9fb83f68be34f26,17.4,7.67
8c7514152db949e181e80b639074ae09,1,86fa0f7b04274e46b019d7defdedf014,3c5411357aff4f75,24.39,4.87
8c7514152db949e181e80b639074ae09,2,c6c6e06afffb4a928aa6b5a75259d52f,7a9ac65b19464564,1.9,4.05
8c7514152db949e181e80b639074ae09,3,68f2fe1e63a64267a778cc7cced97fc8,d70040ad92c246af,1.78,3.67
0c8d264a29734f439a601ad1f17496a7,1,c5bfd9a0a670470da6e5d30ba9a07db8,f25133ad534f4495,24.46,3.31
aecc3f3d4a8a4af0b769c074f9135687,1,22bf867102354d05b5cd2b643e4400ae,9459ff93874849d0,21.6,2.03
4d49db5e757c451bb89836802022567b,1,cc98274bcd72482fb8423281e78a2eba,d829cb67b79649a0,20.22,6.12
6fd9a83d22f740f5b8fa503c90c43f30,1,b630ca7e9def4eeab8d2d57647e126d0,f8da57b292da4e26,6.46,6.98
1e0b79ba22b5434fad0c74abf61e7d12,1,5f8fba87bea14fff9fd15e5c3d35b3c7,cbdae988a36343e9,34.32,6.86
1e0b79ba22b5434fad0c74abf61e7d12,2,06ee97e7714247a3b4989abf9c6e1d23,30f0fc7538034287,33.25,6.12
99f7003ceccf4ab78d4eaf87373c385d,1,888f4675dfec43208ee24eb0aa12a7d6,b74cc088a3264eb4,16.18,7.05
3997a7fb36b646efb8434d0e07428b61,1,1e4c4e45685f4d0ba4f8b0df0dca0aea,e6b7d614aaf3485e,21.32,6.51
3997a7fb36b646efb8434d0e07428b61,2,33a8233640814e52ae29d06906008f40,0e3e4716690e48d2,23.79,4.52
a055d87fb965416d991ec59a346a407f,1,368276a1d9b5472ba7e2b18974e5e190,32c6d38309bb4a26,8.52,7.37
a055d87fb965416d991ec59a346a407f,2,a0a4bda5044a4656bdbac77d730775c1,d7d6caacb6fb4880,20.31,1.82
3456d1412be940f3beec851ab8e447e0,1,626b7dbe55f941b8ae7eac50f91f1bc5,6d6cfe434dfc4545,14.15,6.74
3456d1412be940f3beec851ab8e447e0,2,fcfdb0b7c75a4d1d86f4d0e78636002c,5cf417dc5f7f4e4e,19.97,1.72
d33f150c2a62480ebb030a169878f82a,1,6901196bbe784dcc90db338edd189988,95aea8a9fa014f31,7.09,1.45
d33f150c2a62480ebb030a169878f82a,2,755655ece2c7482a94ea167335d5557a,a617a2f76cb94504,11.05,3.53
d33f150c2a62480ebb030a169878f82a,3,f422c58102a94f8b918543b8ce17d5ed,1df65210ab914b27,8.03,5.71
a91717bbaf714a10854062b44225e927,1,a7cf160fad3e4ccca6de0958e70ba311,fbc549ba6075440d,2.33,2.07
a91717bbaf714a10854062b44225e927,2,2bf57575190c4a67888f6ce28008f317,2fc38310e5d349f8,8.66,1.76
dedffd0abe2e420abc8b0f2ad3697b42,1,8d935b704d254e3c892276b52f1ed036,dfe7431a5d374ab7,29.69,5.68
a3728e6cc4a542b9abfce50538cc8637,1,9604fa5995f543ba95786c2a57741099,78735c460fbb404c,31.8,7.67
eab2a0a9333b463eb67a856a4f78e702,1,8751f5fce4cf46a29aa9ab3a685c73ce,d11d10c9ec194070,27.29,6.15
eab2a0a9333b463eb67a856a4f78e702,2,d2f29d7f15984b929295158c7361136d,00087e4daef7436c,16.52,4.62
1e42a813295444d392a262131017b547,1,0727a1d45b124f8e91ef7c30ac850c67,6ee8b104a1bb44db,8.88,3.05
1e42a813295444d392a262131017b547,2,9ef80cf5606c4af99c4e96f36b1dc5dd,a0316c32e0c54119,29.73,6.98
8ba97b53717b4651b41aad041c5c2d8e,1,ac322bb69fce438188a01a58aa818a14,683df154d7ad4216,15.53,1.39
917173061c754b148c1e9ebba9533528,1,ea5b39d21c164e63b8406b3f55e8d486,4ecb4ee85a554976,29.12,5.59
917173061c754b148c1e9ebba9533528,2,abd507e91b0e4f4bb492800e81f1e61a,7af600d8ee2c4027,33.46,2.72
917173061c754b148c1e9ebba9533528,3,ef1edf45120b4f4cb1d7773eb5603403,58378734d1fd4979,7.33,4.71
1053bac40e92415a987e35caaa8877c5,1,8e1fe482de2a40eeb1f7d47f139f1528,36e2bf4f6eea4048,15.33,4.75
45b4e253f50a48169856576f15d032ce,1,ab5b850b0fc640d389aa082a4be724f5,bf0d44c825d14cad,14.62,5.85
45b4e253f50a48169856576f15d032ce,2,d40a4237f3fb4e688bbf65d81f6f5237,fbc4c5ed15394c3e,13.47,5.48
d2ad260053f94840b6c1143298d85628,1,cfff1ce8157b41968eb616b136405444,d65c484e7af94c98,16.36,3.89
6c9f31ab03f1451fac65aafe8f4d8f53,1,53527959e45549e0a1f78499e40ce9a5,5ab5ab4b42e94d00,33.93,2.18
22ab4d06765d406ca770b3f8b20eacd4,1,b1cf467e28194b08b007d0058aa335b0,43c156d1f45d4865,32.41,7.13
22ab4d06765d406ca770b3f8b20eacd4,2,7e6b72facfed4ce1be6f675ebef57953,fce5447285734601,12.77,5.83
e58f7abfb1fb4a06b6169a1796deff6f,1,9591132d57674f3ca8edbec4a1b8f433,d513058976624126,10.34,7.15
06d851b0485a4b55871d2088faa04087,1,9777a3d9b5864e4db7e7b01f7b544142,4f9d4ff380be4444,19.72,3.59
06d851b0485a4b55871d2088faa04087,2,6e5ca37074324000bb30cfa1f80f9fce,7ebe8e64b77c4040,13.16,1.35
cf9262c4aa85470b9af9df5f2ae2d346,1,e36296e2b18f4ca7bd143349b62db9b6,de4e536da7024b5b,34.55,5.36
cf9262c4aa85470b9af9df5f2ae2d346,2,99bfd1734d3e4b61bbe89a014ae45550,dc49a13efd46453c,30.54,3.86
cf9262c4aa85470b9af9df5f2ae2d346,3,763442c67aab4e9a88b4b6cb85c7e05f,5d1226d8df4d4fb2,13.73,4.7
147b301edb6f4feeabdcf2c927e2d4fb,1,2bee1541c54d4f8e99387511864411d1,4f73eec958f74af7,17.8,1.85
147b301edb6f4feeabdcf2c927e2d4fb,2,548cc132f8474507afcc6930403e5bea,ad3b8a7e4e5847d6,14.09,4.89
147b301edb6f4feeabdcf2c927e2d4fb,3,2a33bf023ad243f0b36de14a45b7f462,2be52213e5cf4245,20.56,4.93
a52bdb9aa5f94e00b0b7cb2f750d1988,1,73b703373044464289aa508cbd606257,7068596b886e4bbd,23.67,4.9
a52bdb9aa5f94e00b0b7cb2f750d1988,2,f0bcc8f75d7e454c96c90ff44213a137,35e679ede2db41e8,4.07,4.95
a52bdb9aa5f94e00b0b7cb2f750d1988,3,b8d467da507841eaa6b023ab8bb8991a,d9bf8ccf365d4a52,33.05,4.81
a42e31d937a84f0999e3bc4743d70a36,1,c1de522e42ad4710aba8da099270dc4e,17256d7925554b75,16.56,1.75
8aa8477f4f174dcbb9758ee44439cb84,1,78134d42a2fb4854913e0ec218f01473,40edbc530acd4aa3,23.54,2.08
8aa8477f4f174dcbb9758ee44439cb84,2,6844eaafdc5e470f96d57ef8033b5ae8,38d50ef8f5f149b4,5.37,3.44
dcffcbf763224222b3195961999b2079,1,9a30fdf7f75a417b931751e6b20daadf,35ccd7bcdd784e51,12.26,4.83
dcffcbf763224222b3195961999b2079,2,826e363384b84e26b247e65f5faab502,6c2b836b97e24b51,19.93,2.1
dcffcbf763224222b3195961999b2079,3,f4dfe9ff9e3b46c48e375d0cb18073d7,2e43c0d2321a4476,32.2,2.6
77077789788c4a0da1147e1f5d1e1d5a,1,1e70900fdd974449a24c515da537ce25,a03b164aa3574c38,5.05,7.83
f26b8bd8765141aba4bf5fdab44ae438,1,7ecc36c88c8a4bb4876ade43162bc892,87d22d09bf3242fc,25.68,5.61
f26b8bd8765141aba4bf5fdab44ae438,2,f8a488cda325484a8dc3b476caca9626,73fcd8ec935c4fed,14.73,1.56
1b0739361efc4875b4bc677a49528045,1,0f0a842688594c43ae52def9c0d0abe9,6f4fbca461584863,15.99,7.36
c8b88e0b21d644b791dc4dcc86d797bd,1,f99e9c1f54f14c9a9e0b0a8b13c01d69,9ecd64c66e764b38,4.72,4.64
8972db9455b24ea2b9990809fe261669,1,51e86cc59451458ebb9ee0e9ff01d8b7,84bc4be81ead4f30,17.44,6.66
fc2baf0354f24774a9d3847f25af3af0,1,18ce4d7a60db402ca4160eafc713daf6,b39cefa7b8d246fd,5.66,6.98
6438ec79c1ee4defa6829413f8aeb6ba,1,e627d36e6bc445d49e1855e294775cc1,14a5f4ad58024078,30.75,4.37
4fbbb9cf3212401a966dd299f8df9396,1,b14c6f994ef741cb8b700a9d4a3b5902,1ec98cd9dfc8461e,13.75,7.05
ae133b52b6764aec92a97415ace8e391,1,7b47f5718bcf41c5a3a77a12fcd3d548,7c152eaae22b49c5,13.54,7.4
ae133b52b6764aec92a97415ace8e391,2,e6ec3587968040379ecbfa0d6d71ca19,ffcf0d8b075d499a,11.02,6.81
ae133b52b6764aec92a97415ace8e391,3,f3f62f332c434b62a76f5ab912cbe438,45bfa1f86e834c70,12.2,7.25
baa5118842df482c9b3d9f2c281265c9,1,01fbaae956cf42b989e61b3c51fa0f3c,f9c2f0fb6cb54374,34.62,3.23
baa5118842df482c9b3d9f2c281265c9,2,1ea3e8390ab5422e98a3fa883b083189,3b2d2adcdc344e88,7.5,5.87
baa5118842df482c9b3d9f2c281265c9,3,0a1370c728274329976708ab734d8155,b8620e3612c04054,16.11,2.78
00963f33fd194d6ba139cb8e458feca8,1,3bbf79f6a6ad48a6bc19e984d78c8efa,8baeed6112b8460d,30.73,7.57
bd23543ddf8f423696b8c89d39bd75ac,1,a76fffe650b34b8591415627874f7df9,76ff49e5c47246af,27.85,5.16
c4144f6bb0a04c70865295e45c47dce7,1,9d8e5e1eaf1848a98dd3674b2ceacab6,b1b29c4fe7d24c47,3.23,7.83
c08106be0731463098eaf8925ca945c6,1,d403bc76b3c341369da784be2d7c841a,216ded77bc6745ac,20.29,2.96
c08106be0731463098eaf8925ca945c6,2,8db68f03c8904065b83949b6399b4b31,fb6a49ddd6bb42c4,22.81,4.23
c08106be0731463098eaf8925ca945c6,3,8c7ad9a0ab0a457786963f5b1e87f8af,c8bec34f9ce2490a,32.62,7.84
e7b9fb3cef9e40568e35b596552d0889,1,716aac5f4fa844439366cd055012902e,15bce049146a4e7e,20.01,1.53
e7b9fb3cef9e40568e35b596552d0889,2,117cc7632e764e268935231b5574bcb7,0c37bfb6a9f14e72,19.1,1.21
e7b9fb3cef9e40568e35b596552d0889,3,e41adae669ae487db70970d3f504d47f,64284ab9327a4400,25.2,6.5
397a9029024d47e79d2757a0d44e9e43,1,abe4ba74ce1e4077b1b2f03914dfb138,da150d0fc2df4aea,14.88,2.44
397a9029024d47e79d2757a0d44e9e43,2,2ce3ac50a5e3451fab4b4fa180c9bb7f,e0f3d6470b534221,28.24,5.39
cdb93add612f40e19b2ab7f9201f6a97,1,5224869276834eaf8edbcd609cec71a9,89d761f69f3048bd,10.27,3.32
5ce811a5582b4fcab6c41eb2ca4fa2b7,1,2e7a11e287794d42812060ee972b446d,6c0d07c2508f457d,6.77,1.61
b4fdc95692cb4d15a2acb274fb31510e,1,76f2bbd43ff6475fbf1f5799317650b4,ee104d8fa4904997,23.67,2.81
975fccaebe034dbb8ac17aa12af2af2f,1,7790f81450b94811bb488e5b2d0bd078,9963503f6b2c43b0,4.39,7.58
c3f3cd3446c345e1b0ace47e394b72ce,1,ea4103854575420db957156e8e9948f9,1648a81a8a464519,29.81,6.28
edfc04baa79547cf8d18709dd5a9c8ce,1,19ba049b79ee4290b49cf6e21cf69351,a6bc67e3c7674b9e,34.54,4.99
cc4bc2d10ced457d811936e9e328e7c6,1,cddc10bf6ecc4a77b1dc2c4b5cc46b20,2d35f83870354a24,33.18,1.6
cc4bc2d10ced457d811936e9e328e7c6,2,b55ceecd9888498d809d6394d4a667bc,c338d00292dd4802,8.39,6.16
cc4bc2d10ced457d811936e9e328e7c6,3,c99b0581d966447eb5c2a71c8ba48b4a,216dc5f317a6424e,8.23,5.6
530fd92090c248ea889d61d5071684b1,1,462137a10ff54094ac442cab21315c35,4ced8db3d4604528,25.62,7.78
530fd92090c248ea889d61d5071684b1,2,2af6a040eeb74d008e0faabae88db50c,f432c11a9dda4e0f,22.89,7.49
530fd92090c248ea889d61d5071684b1,3,36051287de4044fa99e2aa761a1337dd,64b6f41bd7944dc3,14.22,1.37
66e01ffe99bd4a59abca245081f2555d,1,1f5341d3d71b45a6a6080a4211ea44d3,445e7f48749e4e78,32.84,6.6
66e01ffe99bd4a59abca245081f2555d,2,5a5511012bc847cc9914c9988a09eb0f,b1e885517542414f,9.22,4.27
b8600bb0ac12446bb4bd9f5de0a1d953,1,4314b83f642148ef9177eefff169752d,be2f3a7e274346ff,24.83,3.62
a60c3f54154e4afe8eb65462c7745e73,1,8b2a95eab35c499397d7eacf7d40d644,3f30ac625caf46fe,25.63,2.03
0510ff233e934895a20b186df415f866,1,6d56ccad676c4505b7a9218c7ba11b22,27ad66dd115d4879,12.52,4.08
0510ff233e934895a20b186df415f866,2,139097ad136d44aea0f01c000b6c549f,7fa11904ca984617,3.64,7.76
0510ff233e934895a20b186df415f866,3,9d3e4dc7d9124b518d573b236a920642,de116e9c7e6543c3,21.34,3.81
8e07c3f494c04c8e891e88938c27cacc,1,86ef657b24404903b398b87b41d36ec8,9004298e13f04053,6.43,4.76
1efb9d5469b441959471b45a0cd098e4,1,37516c360c974264a2d85c584b3b9045,78eadcd0f1fa4496,16.53,4.03
dc4f8d66e1654b9795fe4f1ceb42e3e6,1,da323532d05347359b9166a1b9e622c9,68db6a73083a4c6d,6.0,1.51
dc4f8d66e1654b9795fe4f1ceb42e3e6,2,8760b6b3dc0544138619f39f6d45e423,35198aefedf44192,2.5,5.69
dc81d673911e43c1aa43e12346254866,1,8560b8e565d449a29529572027ef65ac,6519be7226734f54,19.73,4.71
8a98af96a65f4312ad74686d292ef968,1,e1bee7aba0224d6484ff3a3068cd0d53,d049d05579874c10,10.68,5.92
8a98af96a65f4312ad74686d292ef968,2,e753d8203b794df0a8419158341a1a97,86037422099c4622,28.67,4.15
997e58071972401085a309f777ef2ec7,1,16b649ec8dca4d6184eff494f7bc2b61,93330a39d5ae4080,6.94,4.54
997e58071972401085a309f777ef2ec7,2,daa58e46e9ba4cd0b5ba15f5b9d9eb61,0a7cc18eb8a94fd6,29.64,1.17
8ccd1336eba44216acea669deba9a8bf,1,19c15a244dbc45ae8ca7dace44e84642,0265aac671994add,22.95,2.67
d7dfc52905ad47be982d264f47288b7f,1,8284f86dc2e944249eb5890ba8902e0c,b34ce0e25c4b4c3c,7.24,5.01
9be04ed80ca540c48b5473aa78755bb8,1,d772a4b00e5046e8aa46219c1ce921e7,e742c9ef025546cb,31.57,3.96
7aaa5ecbc11746ca8d0b80e122c43839,1,cd42cf01ee1b4afb82b96587c70081f5,c73e817b43e948b5,15.84,7.53
7aaa5ecbc11746ca8d0b80e122c43839,2,16436889274447c6aa7190b34c977901,951bb409654e41bd,29.11,1.03
fe1dbc50e9ac44169317dfa33319831d,1,97b280a0cd8c4f359ee924119ebae011,50419ca3fd974489,29.77,5.66
fe1dbc50e9ac44169317dfa33319831d,2,b117c288c1d14e4ba94151839faadd0b,0ecc72107b5c4d4d,33.07,7.71
f80fc1f8911a4226a2b09eefa085ba05,1,41ac4d91df9f4ba68baad1ba004894a2,86424d51d71a448c,13.22,6.35
f80fc1f8911a4226a2b09eefa085ba05,2,2e8b6429db22412fb72332bee074867a,792d132c8ad24c5b,30.97,1.44
f80fc1f8911a4226a2b09eefa085ba05,3,fc50b68333bb4869a3c0f6a17a339035,1e1c9293386145b8,5.41,7.3
28235aaef1cb48c9a4188ac14ccee52b,1,4ebf778a849347f7ac658c7d2a890140,58c07d52d9a742d3,14.18,4.51
2670e3954c184e20a32080911a888f38,1,f712e16bcf5843108e91d5fa3b455e03,946a88b40b7548e8,7.38,3.16
2670e3954c184e20a32080911a888f38,2,b6f6e8bb458e495f94c0431cd564b910,8f34412fc87b4065,34.53,4.17
2670e3954c184e20a32080911a888f38,3,5e7e178d0e3e468687878cf5e5990215,d5ba08947ca14e11,18.77,1.63
2b6b3f9f5f9141f3808f80ac30615d2b,1,422f2052debd4611bd2c9e5b7a900dcb,a89726427eac428e,12.11,1.66
2b6b3f9f5f9141f3808f80ac30615d2b,2,754202b4672645c99f59aae6adc882eb,924555bb72e249c2,3.67,1.13
5adb8527ae3e465a9e78cbe45d72f91b,1,b43927b978a94b51960ad9ffe669e567,e08cd4bc4a3f40ec,7.75,3.72
5adb8527ae3e465a9e78cbe45d72f91b,2,2b144a87079f4f66a982b508a78afe2d,04bb40d7e92747a8,12.26,6.15
afa34a40949c4cdd85bdd696a3f696e7,1,6b4142ffe7da45c480bbf25db5d725cc,9dd92368daae4cc8,13.51,7.36
9b806df4ed92401483d2844da685d002,1,4ffa89fe9c2c418099d14a8ec9e9c329,dc5d1199142b40ea,2.7,4.85
3f9df1016c684747ab6abd915722bbee,1,9a0ced865f3c45939b21265ce3dcace3,ff05319b1bfd40ff,20.6,2.85
7f188ecd83ea4da6a22e007c5fc1f213,1,11288eaf217e42dbba9587a6e3559865,54653acce5dd497a,29.17,5.81
7f188ecd83ea4da6a22e007c5fc1f213,2,10eeba1186d648328e2f6132b3974360,8d711e3d7a7e409b,22.75,6.02
932a1d954a534e0685243df33991f696,1,0e0076dc3cce4fdbb30f523198e948d7,9161afa79a7e4f61,8.59,1.08
932a1d954a534e0685243df33991f696,2,fb4c9f75ccd74b5d9a3a6884faa7b853,e5593b6c5e3a402d,29.69,7.15
b013f0603edb4eef9c8d3692d67e99df,1,e0d47f2f04d540c28408cab57df8ad2e,b252edfd30114e41,17.09,5.96
b013f0603edb4eef9c8d3692d67e99df,2,df5cd318f4bd4ba68bcc9a511197fde8,45079e59951540dd,29.06,4.18
b013f0603edb4eef9c8d3692d67e99df,3,0bea1fcc47f247f7962d9fd2ec9aced8,9fb7acfee30a4248,26.03,6.98
b013f0603edb4eef9c8d3692d67e99df,4,cd1d4fa80c9b4929a2809c338072209d,9a397bdd9fde4e8a,30.84,3.82
8e4f6b57643c48f1b5c8a809f9915017,1,34249756f39544009c31d5f4178fb078,013e576ce6154619,3.63,2.26
0e0f6c34195c4124b44e11e1806f7383,1,5bfdd1a272a54e0e999f9e711a19571d,bebc3fd358c542a3,23.06,3.55
0e0f6c34195c4124b44e11e1806f7383,2,030e00f936d64667af483b37a073cb7b,73b04fd0e1c4419d,30.84,1.35
0e0f6c34195c4124b44e11e1806f7383,3,8055b52eb00045e8b523d5eb6caa8b0e,3eed635717f84d7f,32.97,7.8
d0ab553b2c71493a86c41eee22af34b3,1,6062012a2ad34e778691e93c0a000706,f7f48a0abcd14949,6.21,1.61
d0ab553b2c71493a86c41eee22af34b3,2,01997597c8054138bcb3f62661fb39ea,c794581597ee4f69,15.54,6.23
42518c8ac145419ea7e9fe098fa53a9c,1,2c9442e66c624e72a4a408c18a5616b8,65884b324597425c,19.43,7.04
42518c8ac145419ea7e9fe098fa53a9c,2,39d622b0df6448b78dd624e341304e53,9478c3370573408a,16.75,5.56
42518c8ac145419ea7e9fe098fa53a9c,3,7e88b00fdeeb4fb7894f845fdfa725ff,77885279c3d54c17,7.73,5.69
42518c8ac145419ea7e9fe098fa53a9c,4,bf72ee05af1c49ea9ba442b89ec3b1ff,ac7d22b4ec8d486b,22.26,3.63
295accb97f71430eb32f1b579c1fb86b,1,d694e918b8f945c184be84ff01d4a53f,446a30727446486b,29.74,1.49
a7230dfdc6de403da762ce47f5d2266b,1,3884436109044e56a5c1e8ac1a9a89e0,17d182469d824ed1,30.51,1.51
c5a79dc1c2cd454eaa901f30e0abb78e,1,fe4faa18debb474d8fb3c3e4a8cf258a,a7346c5a0c004566,25.22,2.9
c5a79dc1c2cd454eaa901f30e0abb78e,2,bae47333bbde4da4bd0878d2f992670b,7b27b2a08bae4eeb,22.21,2.16
b749d49a47324ac2b789597d712c3539,1,a9c2d2b1012542389e726f0724cca316,d6f5db334a6b450e,22.57,6.96
b749d49a47324ac2b789597d712c3539,2,88727b21bdfe49bf94cc77de5701bcbc,19c6136ea5be4671,33.29,4.56
f48f50bc677d4ca78bf4bce33d525275,1,bad6299ddb5b41bca2ae7362dcd201ff,52ad043bc90040fb,30.14,7.64
f48f50bc677d4ca78bf4bce33d525275,2,d57522b4241c42e4b1c2cac18b36b7b7,47e35c38f07d4e67,19.36,7.04
9ed3d970a77f4703b6a15c4828f65aea,1,75249cbb189f47ca8416d81f991e6b55,93f924df32374b37,8.45,4.45
a1b7f61deefb4d4f9eef5ae19abd13a7,1,dacd7457b22b4fe1b3c6e67b62671611,872d9ad89855457f,25.06,3.24
a1b7f61deefb4d4f9eef5ae19abd13a7,2,aaaef3929f7d46ebb15db827ae56d473,e54fb73aafe34ed9,3.68,7.09
a1b7f61deefb4d4f9eef5ae19abd13a7,3,f696ddb339454129bd6573641a08bce0,c53909a43de84e61,34.64,2.07
a1b7f61deefb4d4f9eef5ae19abd13a7,4,ad5fbe8dc32e453d9817d6cca80f72b3,8ff41e9dd40b47d9,11.36,3.32
d6e8c6dac07242d5977393208dd6ac13,1,9ae5543c8d8c49f5bf92f636ef9b0274,330eb04c8e234e2f,14.31,5.89
d6e8c6dac07242d5977393208dd6ac13,2,f027ac1fda0945dfb9be6256a10d90d8,8ccc6cf2c0e9423f,29.93,4.42
d6e8c6dac07242d5977393208dd6ac13,3,8029be2196e340468694cc7b1db7de6f,4691edd3ae484eb8,17.19,4.79
82b03ea0be564a97a889aa5b733fad37,1,c46947786dc44ec5984c70b5f505a5c1,eefb106358aa4e54,21.24,7.82
b59af85e24d44f8688b2a8a62ae2a75a,1,6aabab95b45145d8a819192ec71fd7ce,719283f526e64dd7,8.62,6.09
b59af85e24d44f8688b2a8a62ae2a75a,2,efc85b188e6c4b4fbe96a8c64318e621,b2b4d5a5f4e245fd,32.74,4.68
b59af85e24d44f8688b2a8a62ae2a75a,3,b7db8f5c04fb46aca82ab2a46d8de602,078abb3a77944519,20.23,5.05
199637040390456280e6492bf95d38a4,1,367e0c70a4ef4df1b3464ae8eac5bf2e,cde7cc0b411a473c,2.14,1.69
199637040390456280e6492bf95d38a4,2,b718b7db17eb43ebbee28eb71ee92618,5b59b212c23e494b,13.79,5.51
199637040390456280e6492bf95d38a4,3,db766c2813214aa2b222a61956f427d1,966ef1730ca94957,26.05,3.71
1a0ae39144094c64a82a06ed53751d4f,1,ee9fec4751494f3aab5e6a19a359fff5,cb33f8c18ed4492f,24.17,2.87
1a0ae39144094c64a82a06ed53751d4f,2,36dcc12e093b476abd6e63fa6ce2e4d4,b135c66a24944479,21.16,5.0
1a0ae39144094c64a82a06ed53751d4f,3,8f97d1254b1b4eef925bfe66e3f632d7,777be6d3fb734f8d,7.36,1.29
8413a88c7d29449d960a45c5ed248382,1,5dbbbd6a7d384d09acff53552cef5b96,760a595737b04c7d,31.96,5.16
8413a88c7d29449d960a45c5ed248382,2,3a10aeba2af844c6b328138913fdbb7d,5ac5fe9aa1e14c17,15.78,3.26
6509d042ad2141998e4cf051700df711,1,8aad3649572c4985b6a73f39948a5e74,7a1d27e2347d4f17,7.14,3.63
bf0973068aa64f44ac1b6fd35b563203,1,efb40886445d4481a4f5370ebe6db75e,014b0de858c348bf,25.38,7.63
c8523f2ead7443d99a1c0dec5a070691,1,be85f9183b084f7784883e21cadca85b,7115d3d4305d4fe4,24.94,6.93
5a384df0e0c0472792ed0db82d2b742e,1,50ef4ba5e4be4e2b874c4f38acea5eb9,7f5e600a023e45bb,12.11,7.78
cf3623080adb441a975cd99c9ecceb98,1,13a269429f0548328b046f42981dc96e,563b9ece87614cef,19.44,4.99
cf3623080adb441a975cd99c9ecceb98,2,d74af70b2c8c438f8a546a866ffde293,2279021482c2450b,18.14,1.32
d49d81274b884231aeb56a1b5f1a8c49,1,d45c9ab78e2d4c3c8addeac2dff2e707,116958d9a8bf43b6,17.49,7.09
d49d81274b884231aeb56a1b5f1a8c49,2,afbfa4da831548c8a797aeb809845362,9077328cfb294c2a,5.98,1.87
d49d81274b884231aeb56a1b5f1a8c49,3,047b56c606a44ad79acb8c6a75e6ffca,c3f62e27e88b4d21,18.39,7.51
84da4dece0ef47dcbd4402a1fd123ad5,1,73f04dc57645467e91bef4995737f930,c29660f1ac3a44b9,8.42,7.64
84da4dece0ef47dcbd4402a1fd123ad5,2,929c0d447d4c43bcbc8fab413109682b,de3155a8c99e4abd,4.0,7.52
ebf47065f2f043f29cf8b4c55750c03b,1,b39c9bd1a5a54e83a65303c3df96768f,a069ce28c9994dd6,32.54,7.11
663c3ef5f2a54deaae22da8ccc17f204,1,cf3f90a311c64e28a8094d385905c27c,c56ed0f3be794aa8,26.4,5.24
663c3ef5f2a54deaae22da8ccc17f204,2,d0a6aae284ac4c59848c668b17b2c946,bcedd5e5c60d4544,17.17,3.73
062e15e778da45a790168061a12f3ca3,1,13dd8e9015714199ae292ca3cbce67b1,e843f58983c04157,9.53,1.98
062e15e778da45a790168061a12f3ca3,2,629e93217c04467b917801477f3da145,2b4e9be0af674ff8,26.26,2.28
4a75c572e37149a2af14a37a6de6fac0,1,1f024123d0f746718f0cd932e3baad61,a9619c44abdc4ba7,31.53,6.44
bd6ebf0987e246f9bdd9957f2fac6cdc,1,1bd1da603a7b437c969f9594a22cd015,e1f6a87b684040f6,22.42,3.46
bd6ebf0987e246f9bdd9957f2fac6cdc,2,a3f2a3465a0d42b0a05c518047f48146,481dba858c67464e,6.51,5.55
bd6ebf0987e246f9bdd9957f2fac6cdc,3,36338ed8ad1a4fc48147b9bc401ace56,6cc65a9579d24710,19.19,2.6
15fa521e20db458094e7c490cae94262,1,a53edb8926c64353868ff624bb2da888,4f6fc6da8ab14a87,2.67,4.93
15fa521e20db458094e7c490cae94262,2,d854869cd6d14596bb4f52c2006c0047,85fdb95abd4544d1,27.67,1.01
a61fe9eff32b4695aefe2b1997486f43,1,2bc38b6f07474d1e852962cd538983f4,7b87cec5ddb1401b,9.38,3.57
8f3c820417f646e89d00766f13590d4f,1,38baeb2517a24f57aa8e5e11a6e970a6,53ba8edde34b48a9,11.82,4.87
23bf28a947234f6487bc4e80d8ceae5a,1,4f4de585589941b78212937dcddb2ad1,4b16cc04d0b64944,32.71,5.69
9198abcbf2f544589034fa2d0be91e0a,1,743b346a7f864c48bbff7961cae2ae49,110e145ccd1c4e32,11.61,7.79
2e04685e878844e189ec8cee571adfd3,1,dc67e466137a4b5eb5cf62a7b6be48fc,b525d56056614542,18.15,6.57
6d53d6f441164a30a7adfacc63a360cf,1,eb32d531e5f34e5bbd63c9c277075962,36c11db982cb49a3,18.68,3.88
d0ccc0d2b2e74effb87fba889f317a57,1,41941504708f4a17823f02faf8172db0,fa31f1778cbe47d8,13.73,6.16
d0ccc0d2b2e74effb87fba889f317a57,2,f306f484f3594c07be8df39360b4f92f,544ca926df7f4e85,1.98,3.51
d0ccc0d2b2e74effb87fba889f317a57,3,9e153f0785ce484f84e3eaa24b4dd1bf,4d4753ddaaef46e8,5.97,2.96
d0ccc0d2b2e74effb87fba889f317a57,4,068c3df237ab4d95aada1259cf0aabba,1373d62170b24b78,31.5,3.1
bbdf3fde9383460181707a3dc20f9dbe,1,bf0898138eec4b769f6582e78391ea0a,b8b8e834591d4933,23.36,3.11
417c980ff98a47c59341b71d4eb40eb3,1,f7900855344b47e1a87df458e7b2d58e,f1647209434e4b47,10.38,3.52
8d48eb88a96345c98ba3b41e90bbc781,1,bba7d619db484725a2edefb693dba966,6b94286f0ec7427e,9.13,3.02
5e970ea86bce459cb5578a532507bca0,1,7f508255eeca40b6bfb2a7c6fbd4cfa4,4bb3c469bf354ee2,13.33,7.81
f6e947852e724b1ababa4fdc00c00dff,1,49e9a38c54974cd7b880f22d466760fa,a403da17ac9f4b11,9.77,5.56
f6e947852e724b1ababa4fdc00c00dff,2,b31ea5c37711483e95c211424fbf81ea,2a20209b98f94545,27.94,3.62
42b752aa1b2740fcac7a5b844cc02673,1,0484b702c5a0422fb728a0181fd0ce4b,7f78315b0c1d496e,27.95,4.75
42b752aa1b2740fcac7a5b844cc02673,2,2627ce955eb841759712122b9ee497f6,01d84117d41a4184,7.7,5.47
42b752aa1b2740fcac7a5b844cc02673,3,c565c41a65474c8cbfb9d18595c91426,e6d01baa8ecc4fba,22.92,3.24
42b752aa1b2740fcac7a5b844cc02673,4,f1b90cb427ae4a38a4196bf91c978bf1,939c413550c04e84,23.25,3.1
e8dc8b1079fb4beea8d5d7e87bb4405f,1,d0aaefc1e962416b890e20cee9c6f424,2a72de19c57a44fe,31.44,5.67
8b39e5c102fe49c1a750c20bd017bf78,1,510030052686435cb46c8d5eb86844f3,7a2f37d4d2fc41b8,29.5,5.52
8b39e5c102fe49c1a750c20bd017bf78,2,8bce5f69d3224321965be0cc87d6ff94,fbe359cd95f54cd5,12.67,2.3
ddbce42946274759bb3db8f73f72cfa9,1,411fa22a2f6a44e4bce202b9aa51a4f7,2cb682a387de4419,13.22,5.87
c9f46caae8ed45fd9b38699ea6da9be2,1,03e86348f29840cda0e1a201793899dc,5acc5cbb6dd8475d,12.69,6.99
c9f46caae8ed45fd9b38699ea6da9be2,2,eb2845c5e31e42d28c2981ed7c4765a9,790b7d7c8092466e,18.03,1.17
4066953b926540749a9442bb94b587cf,1,c123f3caf8d64b2f9a306339d368c53c,39543c371c3c4aeb,31.76,2.98
e6eec81343d7431f984b94ea51490fe6,1,aaa29bf5f24542978305ebec7833fd5b,08166881fcca4c49,34.91,1.75
f0aae01a02774e17a85e4798e3189d6d,1,e01d670b7aab46ea864759d563c7d385,910f831dfbfe4a5e,8.0,6.31
f0aae01a02774e17a85e4798e3189d6d,2,aa9551c39bed4fa39dec537872ecfbcb,40783671ffc34307,12.14,7.98
8ec0b40831424135bc7244d59d0794f4,1,b1b77ed033194200a625dcb9c6d2b9a3,c66ba913a596448e,1.66,2.57
8ec0b40831424135bc7244d59d0794f4,2,83e75d39993b4f5386b73609d22b7595,b73bf25f2da24a50,17.48,7.66
a7f1be4eec244e74b65cfc6156dc6eb6,1,4458a55e55f34d00a2aa923f9de756e9,5f061587aab54702,28.3,4.65
af9f06eb4bee445c8d02acb599015d8f,1,44ae6ac4a7ee48ff84a7a7fabb981673,0ed4341a73034055,11.92,1.54
08499981ccc64557993a7d1e69252a0e,1,cc78d3832cb84e069257190e558d8659,7fc0c554625049be,25.65,3.56
b744ae44c36042e08e8202299e69524a,1,b5fe8aff53ef4cf9b706f43044f5505f,c6a396a872054df6,26.93,4.9
b744ae44c36042e08e8202299e69524a,2,bb860d2289434250977b28104855d18c,a427b8382ee046b3,32.29,7.59
bdc848b3232242b1a39a4a5536e6254d,1,f0009d17e2c245e984bf20690fb4f064,2f59786869e3463d,34.71,4.33
bdc848b3232242b1a39a4a5536e6254d,2,a9828725ac2f4d2f846176f4a20834f4,209fa313ffcd4599,19.39,6.65
bdc848b3232242b1a39a4a5536e6254d,3,b9a2f94edfa5460aa9699c60b5a27c41,fc3bcfe0fe1a472b,20.49,3.63
9c6f5d362b104ea6bb418c5efbe6ce9d,1,3b46ab5189a347079d3a71be94190bcf,2c5533ee7b7d48fe,12.68,1.99
9c6f5d362b104ea6bb418c5efbe6ce9d,2,bde324fef2264258b5abddb7c27e0d0d,04003da0bc824498,24.61,2.68
1ce1c08302824e67b98be4aec29f34ce,1,174e864274a745c1a14ccb5ae70f20de,7f19ee70154241a7,11.86,6.24
1ce1c08302824e67b98be4aec29f34ce,2,fad041ff2c684093b7a825be3ceb0c58,f0a8f41ef6494c23,33.06,5.46
162761814a4f4106ba62cb38c2ca80a0,1,3a61d5711b1644bf80ec67e8ca76adf5,4815be31018d41d8,24.6,1.64
162761814a4f4106ba62cb38c2ca80a0,2,eb6c93c162254b58953cc9c94de4e23f,5144555ea7e545b9,6.81,6.94
9b2eed49d4474ba6b4934b917549d153,1,36562d33e8e6481fa7c9dd24e6b44140,dee0444463b9483b,27.09,3.62
9b2eed49d4474ba6b4934b917549d153,2,cc190f7bdf274c1c966b9cf2dfe933ef,1d55d46d07b94355,20.36,5.14
b481863c5b4a460c8d5626ea9b591f5e,1,dfa37eec3c86422fbb3c334de20faf3a,fe9c4cdd8e71427e,13.01,3.7
b45aa8ebe99d41ee840688e5e078ae5a,1,d879b4f040b94b0daebf1dde720e97ea,061a70f298a14da2,33.25,3.05
b45aa8ebe99d41ee840688e5e078ae5a,2,a40c51e3b20a4215830257470a6da3d3,f0b76925215940c7,31.63,1.59
d4293b25a3ab43f79a2f2e919215a6cb,1,eda5f7e364a045bdb8e37bf33ce0aa42,9da495a6ffd340e5,31.76,7.65
c2100d118adc4501b94afb5bc0b1f936,1,2dffa9297a1346acbd847f07b7a92801,d116038ce0714412,12.16,7.5
6bb52698e4a141b5a62498bee450751e,1,97fb30d613d9440e8d40bbee7f0a5f1e,44f89a983f4a4763,17.38,4.09
6ac0101d78e045a1bc3ca084fd4153f4,1,bf1bf5587ff9476fab3467bc651745d8,ee24ae3ed3724d1a,28.98,4.47
6ac0101d78e045a1bc3ca084fd4153f4,2,9160a922f93c48adae83eb4d674c8909,c45bbc3c74cb4032,30.76,2.23
6ac0101d78e045a1bc3ca084fd4153f4,3,d2537b95150b4b05827774dbd2bcac64,2d5deb16ee7e4218,22.57,2.2
b7161df270b14bcca25c04f6be718cfb,1,bb8ffa81500441a88f834f30ff69dd0a,e0940d708551498d,12.62,6.45
9eef484c04194b34b31c23a9d1593005,1,914eaf607a2e406fb0b39f9a46556913,0928e1a9e17b4b24,9.61,5.28
0f8d5a80fcef442c9f949f1935c7d1dc,1,aa744a6b5e1f4697a93cdc6ebe72b36a,3b9fb26903c24830,23.01,7.9
7e97a552ed3b4dd6a88d4fd994a543c6,1,b6e9a3b19b264f69af2d80cb4c035891,50de3b332bac4d48,19.57,6.78
34c08485f9744843993c9a691f069ba2,1,6f634379336448f48ba8852e2dcac141,24bdd7aad5db4572,1.61,5.49
beb808e17dd3459a9c34d7daa4baa5dc,1,10c56b9f77b540fd9db4748618d94a60,eb95dfe99a7143b6,19.74,7.07
beb808e17dd3459a9c34d7daa4baa5dc,2,4b93f9894f5549b68651a87ffc7f93b0,63cee8386cc645b0,14.22,1.89
d1947c4ca2ca4b9aad39605b126ea17c,1,ea7b3c6ee73241f29971a16f19aa524c,8e674a15068d452b,21.62,1.99
d1947c4ca2ca4b9aad39605b126ea17c,2,e2975600e4194a9780ef53804c927372,bcae3f5407304fab,16.26,1.71
466522853a764b0f8bc2376ffd8b88bc,1,a174934286554eaaa0eddcf864b7f323,a0785e6e04d642db,12.82,7.6
466522853a764b0f8bc2376ffd8b88bc,2,badc72e83356444fa64be73c6cfebb0d,e2f4f791e67c4484,31.09,2.05
86678c994f344ad6996dad1b56bbb461,1,280774a922154c498d02f4420bf5adf0,5c2c8cd64c3f432c,3.3,3.47
86678c994f344ad6996dad1b56bbb461,2,dccce309ab2c42efb74da3bdc8571193,4c7ffee148be4200,23.45,6.5
86678c994f344ad6996dad1b56bbb461,3,d5365945248d4d74a022eda42c73c8d2,7264f5b075e14d8d,24.8,2.13
359d93436afd48519e6c73fa99d3a66e,1,b873f8341fb345b9a24cb740cefe837f,b6f1a27a39a54601,16.1,4.36
4e7d5c916e9d4a66ab968fa210e16fa0,1,7c91ea123b2140dda80a12a5a22f6a4d,45fd02473ab149ed,28.78,7.33
ff7cbf2211ba4be0b6a71d886634c6fc,1,5fb548b4da9b48e49911766b5fef3d95,89d88dd85df54a0e,28.29,2.17
2a0cb140ed0d401192f75ead272f3d3b,1,a4912c8e376f413eaf3b7df4a428bec0,36424f1d52fc4be4,13.73,6.53
2a0cb140ed0d401192f75ead272f3d3b,2,01df655e438d460ca4084e35bdd41886,589ae990768c4639,19.48,6.63
537194c734bd41deb1b978a88b03bbc2,1,48dfff266e8c49358050dbbefd8b28d4,74ca12d190e14fa0,3.63,1.75
537194c734bd41deb1b978a88b03bbc2,2,81c7b455452444e3812a12432657d223,d12388ef02314862,6.21,1.54
6e3122b29de64b698238cb2e42077e31,1,ddd6eeabd7c24dfbbc893c4ac0e25148,af64db5b9506463f,28.64,7.11
37598deb6a1c45dbb2011bd242157317,1,1cddc586ffda4ce085f606d57cd33482,e02f9c77b77b49c4,10.56,7.16
b29eee2bfeca4b75beaa7c490bc8f6c1,1,fd0e626f85374b7eafa4018d19de292b,5489ad42d6094b8b,4.47,5.81
b29eee2bfeca4b75beaa7c490bc8f6c1,2,1f5076207a084b249514bc2a2a5569de,af45d9f2c96f4443,8.46,2.78
9872a405434b4b778d887864e7929da2,1,420ec67db1e14e7fb56c2c65a1e9188d,d61c80fda9f249c0,2.04,4.65
e48867990f054322ab0390ac06e5e821,1,7a205026ad31464cb7c5a754208911a3,1ce329cec99e42ae,5.6,6.94
e48867990f054322ab0390ac06e5e821,2,e1917147a0e9446e8f4bb6c00ce82f01,7e12091c0c9242cc,18.08,4.66
eb0fe7ad505b4c36b6d8bba73119ccae,1,46c615406b4f4b1580844a63f44dccf4,4962e61ce57e4350,19.28,2.62
add700361e704d748b7529a3d79849b7,1,549d34dbe72f406b9dcd516a65050279,52e3c3762f8b447e,28.49,2.57
add700361e704d748b7529a3d79849b7,2,d3cd155f86544adcb4449a8aa86c2bd8,e96a996186354af7,10.37,5.25
add700361e704d748b7529a3d79849b7,3,29a76e1104114a698f59ebb9f228b3ea,e63f24b275394d7e,5.06,6.97
3eaa81139b0249eca35a9ab573dfca4c,1,90060d8a72d7418688b0500388ce3452,68a45543960247f8,25.13,6.23
1355d83d580c4cb2b239b1ec49a6da3f,1,2cf8993706104485b22ffb80eca1bf60,cdffdd89fc6b4561,27.62,1.79
1355d83d580c4cb2b239b1ec49a6da3f,2,e918fc23c05e410cbeb234eedb6afc29,2ff6e8960eb644dd,29.93,1.56
978c3a682e2140269f14e53e3839c50a,1,cb4518ed45784aca91636c7b3b96a8e9,4d984cb30aaa41b1,2.61,7.56
5510b27fe9944d19b222fc07524019d7,1,e70fc953ff974e998930aed901381e78,97e191fc5a394c66,10.7,7.11
5096cdb7727747389d92ad92ef50dd99,1,1f64567313b946de9543d6af450aaf5f,5964a7cda0394f73,22.39,4.67
5096cdb7727747389d92ad92ef50dd99,2,4870632e8c5c46b98ea1143822f7a383,e72a679d80ca45ba,13.72,7.59
5096cdb7727747389d92ad92ef50dd99,3,bfcdfdeb8a6b482a9a273a8631fce405,244e3c057d5d45eb,9.3,1.22
7460a942a4c74962a981287ba9f93588,1,33a75d7411554b3ea5bbfda8197256d3,99bfaadabb7d45e7,24.94,5.75
c053a34d602445bc814a109f38483e04,1,1e952729c6314c939ca7941964a89871,df530ffd220f47c4,24.08,7.13
c053a34d602445bc814a109f38483e04,2,3ce83fe3a01643e0ab6e4f5e9d3ba778,44404abfbc9341c0,18.72,7.11
3367ea2b236c4c50aefd858c9a187f19,1,a860a80befd049bba346b3ed8a2c5916,37088377bd4e4a40,28.73,4.05
607d53105fb14ed7bd1c31ec2b5a67a5,1,32d12c06e78642e19a4c687cef62e927,beb1d924e2bd46c7,6.89,6.72
607d53105fb14ed7bd1c31ec2b5a67a5,2,e171f370563f4094bd4c7929e7d34976,026c5ad5ac614194,21.45,1.79
607d53105fb14ed7bd1c31ec2b5a67a5,3,bed4a0ce4d2c48f9b11a2a930cfdf80f,853bd61f4ed6483e,26.81,3.09
fb6eea0897bf409e9be8fac74e7bdb2e,1,8c9cd64440514656b4fd9690907c58e3,1e375bee5e3c424e,34.12,2.68
10fdc3056f32490abb071cc3f4cf8a65,1,6c6a617c52c445b29a6ebf77bf31640f,231327c13a71455a,28.06,1.16
ceab56f382af457da5617cb1861326d1,1,598b8d20a2834ab296c79b0d0385fe92,dd64aef181f44fbd,33.39,6.76
ceab56f382af457da5617cb1861326d1,2,f3283435226449ae9c988d2d1b28030d,2f33842d6b7d4b56,22.29,2.45
3c33ed8759224978bc3a309fc395d45b,1,e061005c4c354336a1cdf390496aae9d,ab58749a24b441dc,19.96,1.06
3c33ed8759224978bc3a309fc395d45b,2,ef52a1c76ebf4b08af499ac415a5197b,6f40fc9dfd104430,28.41,1.43
3c33ed8759224978bc3a309fc395d45b,3,56bedeb4f167440da38a9669f698b5ba,56970cf0e50248ea,23.33,3.83
3c33ed8759224978bc3a309fc395d45b,4,f67f6d0b22cf4d4d83ae65c5e6e494cd,9909ae6f68114227,32.32,4.03
4d48981656fe466ca19a08ea26198147,1,4138ea5d77a842a391ecaab1b7974b81,994f7e742e47499a,22.98,6.9
4d48981656fe466ca19a08ea26198147,2,8cca66122f28490a94fabcee95b41a0b,1730cc1cc1c24d05,13.77,7.16
4d48981656fe466ca19a08ea26198147,3,04239c5c953a494fbeb84bc3fd0bded5,a63a4c7b6375440b,9.94,7.7
81c55629d1a54b9eb048d507cad016a9,1,127f17e5793f4e1682d07dbdb8e3b819,e12e0d0fb5a149c0,18.84,6.62
f1e7fab621774f9cbd09f397f1235f26,1,67d161ec39de4f348db7de5c88d2a038,aa35ae63be584198,3.22,1.25
ae153f1719aa486e9fda895ff6f44a28,1,d78c80301cde447f8e47434df3328b38,cd122e90d11f4c19,34.07,3.54
71eb782babc949fcae00255b1b1a619c,1,50bd0b2fa539462481e2952a1b1f2177,2537d79f704c4b96,13.57,7.25
9da7dad6462647eea1d72dc7cd924d60,1,2179fe0dba0643208cbbfa0a5d8335ab,a137a411bd2743b8,34.23,7.04
9da7dad6462647eea1d72dc7cd924d60,2,8d02c32226c54829b2dd241388c1d461,bce630b3d3104ad4,17.73,2.12
9da7dad6462647eea1d72dc7cd924d60,3,8adddf1dfcc54e13be18b9b8bb054de3,0ebae85da4fe4f38,12.36,2.77
b8dbce19520948438b847fe5231d0dae,1,2bc76037b5924223ac684fb96bbbaf71,f59b80f95d0b4355,29.36,2.98
facc708f6176467fb9fa9589a9cd87db,1,263f268f5586408399a1dbed570b76e3,41c4bee06a9b404b,34.45,2.35
490f6ab7ef924247bb2ab4a8941396c0,1,e46dbf716ce94c65a19708193c85bc98,b86889467c324213,26.09,3.01
490f6ab7ef924247bb2ab4a8941396c0,2,5d8db51771d8485ca277181020fe17dd,0283da0d02064659,21.89,5.15
490f6ab7ef924247bb2ab4a8941396c0,3,f7309d1b9bda4756a22c7fd715828815,cc37a7218dc74153,31.29,2.09
490f6ab7ef924247bb2ab4a8941396c0,4,ac2f098f5f724f5084827a87ff15ceb9,920ca40ef6584e41,10.63,6.59
b56dc47f10f64778885f974f4292ff16,1,a329c2997a654957b066ee9accdbcc71,53fff28a6644409a,26.15,2.2
b56dc47f10f64778885f974f4292ff16,2,834f9e4d540c498cb31be57a21d88e4c,ec3981f52ae44550,4.99,6.58
79e07a25480a4a1fb9aaaacd9576d544,1,f9178ec62c47406f90dc584d483218ca,269c69f5c5e04923,12.12,3.48
58a933dfd77f4111bcf57a8ce30ad76b,1,86612803ba0a47dbb1c1cea2f584772f,86358ab036114a01,29.74,1.04
58a933dfd77f4111bcf57a8ce30ad76b,2,84c14d0fe69345e3974128e881aa6b84,cd592d480c8647d2,18.4,4.87
cf9e5f262a544056a94329c9b529b9e3,1,f44ab326c85a4e3290a048b8b7cb10ad,81362c50246649bd,16.67,2.49
cf9e5f262a544056a94329c9b529b9e3,2,b5a6bc136f6344778adb00ce912287ca,7e677e322cab49f7,21.8,2.07
b074cb00f7cb422092f615c825e0e674,1,9881ee337c7a4076967bef9c44a49402,dc601a4976824023,2.63,4.61
71bf815ea8d64ae08d6285b6f72dfe18,1,4158e9ccd1664102b34add7987c9e322,466af605e7ab4e58,10.87,5.01
6842ea31873c4f6e80ebff3e07e0c692,1,be1dc534862645b083f38bf4096cbc09,065f36ed7f1f4918,19.41,6.55
6842ea31873c4f6e80ebff3e07e0c692,2,8a7c4ec2a50a484fa7c5b4a8bb60f948,c1e3d84cad214139,2.75,2.89
438e4601ec934ba2b46822074c3b3db9,1,8da36667412f40eb8e240e9831dc83e7,f3f6fdcad770425f,34.48,6.63
438e4601ec934ba2b46822074c3b3db9,2,1a186850b6d5492491586d4c5f995fcf,0ddd5cf49ee54906,21.5,6.65
24d66cfb6eac44448cf56bee91864fc7,1,cf6244a3805d47108e7cc95d88eb20d4,3b7a13ed18a94a7b,15.83,1.65
24d66cfb6eac44448cf56bee91864fc7,2,b02bd7de6c8c42a38df60941ae271547,b912bc0c4434451f,19.38,4.67
24d66cfb6eac44448cf56bee91864fc7,3,84d3b01b19e54ef59707c01770e0d826,5a8eafbbf15f4101,22.9,5.38
4260976762bb4d3797e721cb87e8d979,1,0a1ab61f8e944e569010be4836e16891,ab92181fc8e74759,21.46,4.7
4260976762bb4d3797e721cb87e8d979,2,e600d0df0e634039ae80ccb7e28278b3,d5d97ba321294d99,34.58,5.53
4260976762bb4d3797e721cb87e8d979,3,4b8247b14bc14e2f9e3aa289f0a74fe7,831461315ed44f7f,7.89,3.43
e03e7a0f31c943b1aa8ba9b400606705,1,43c4dab2e55c47e899bf56b2ec2bc421,f70f32ffc4fd448d,33.83,1.14
e03e7a0f31c943b1aa8ba9b400606705,2,5d2d7744a978479f978146b7b99b79c3,69a49b63c68f43bc,20.57,4.54
b853cf95f79a4955894b5935b4cacfba,1,8ee349c1850a4e42996059294eec3fe1,cd85caf37f444747,12.65,5.72
b853cf95f79a4955894b5935b4cacfba,2,eaf298c810284c698b9e8a19ff0eefdb,e0e19c8ff97c4524,12.68,3.48
b853cf95f79a4955894b5935b4cacfba,3,2c43aa0dbd9c408fb3c15619a124d421,ca9dff45ad6f40aa,4.68,5.64
9c79e124d9ba4f809cf56b05f65349d8,1,0626c91cd2964e4b83be5ba53caa1e98,002e89b2b3be4475,24.3,2.09
9c79e124d9ba4f809cf56b05f65349d8,2,6f3294ab51414151950763ee28b345e9,9a3ab74605754d9e,13.88,3.34
73ff62c8f75c4bd2844e77bcf2a8300f,1,d7f0eb04687f404a958d80dc57e23a2a,364f4340fe5b46e2,18.64,7.31
c9e522d2f51a40dab3ae275bf8007d82,1,36e78baffedf4d37a00276c15b42b633,cf372d482f70449a,34.34,4.78
4747ac625bb94dfd9b8c890ffd2f1923,1,9ea51af075f64649a71a88c093c6ab2e,cd595878766e4f15,20.55,6.41
4747ac625bb94dfd9b8c890ffd2f1923,2,5d9fb3faed7042caacd1bbf410ff133a,cf728135d86848a9,19.17,7.35
688380216ddb427d81abefb06f0d4fc3,1,7609e25600a34f4a90d86a66f16841cc,6a2d76b3a7af4141,10.1,6.08
688380216ddb427d81abefb06f0d4fc3,2,7e62dc2219b3475fa6c30c1cd105372d,e25f9d5e28c74b04,5.16,6.37
677b6ff8f8bc48ce92b0d4129c436a3e,1,66deaefd66d241bf97eb3634e9e5482a,7fd145995ce14949,17.08,5.68
f32810edf2704202b4a571c4b8347306,1,7f6299cdee894c599f72a511459c0169,195e45fb0a414a62,7.21,2.38
f32810edf2704202b4a571c4b8347306,2,95b433a8e19744ea93bf7da8ab247dc4,bce3ff7ee0124db0,14.68,2.11
cab40f4b603743e7891b7526e51d7a2c,1,3a4a91765a464c40899d567ce246c6e2,1425bc4be091444d,31.47,7.74
cab40f4b603743e7891b7526e51d7a2c,2,3d552e269fd6470084e09776d5ad5092,3eb638c985ea4b5f,25.46,1.12
45e4e1b227924bac85f45b2e69f3bc50,1,6ff6ca3f24304b45a964165f96b0ae06,da4d85a3e7d044a2,8.29,2.74
45e4e1b227924bac85f45b2e69f3bc50,2,9bc9b097d31b4a14bf58a102df3835a9,d904739d2cf04430,16.23,7.82
55d4906e80c14be39cb5ac7fd7d7efd8,1,9fdd3adbb8504e5796a2e7603ea75130,0a1276b0b5e14a13,14.33,4.89
55d4906e80c14be39cb5ac7fd7d7efd8,2,247a0d4116dd41a9852cd81adc18e64b,3eb193645bd64ecb,25.75,4.56
55d4906e80c14be39cb5ac7fd7d7efd8,3,567f75da12014ee5b144a363c34e4dae,915159150cd641d9,19.44,7.54
c4600911de704919a7a16c3727c45995,1,a54a76fe5cca4bdf8261d77feee9e0b5,6e8edd623b224b6d,19.46,3.58
c4600911de704919a7a16c3727c45995,2,b41e3e25fce24c959bc72ecb6100c444,10c7327caacb4897,27.4,5.82
309277413d0340468713f96366cb31c8,1,b690c921411d4b54bdb8bc150f955b3a,0798cca76bd24224,15.55,3.08
d69e829d49264ccbba7310320bb558e5,1,e7ded2ee0eab4937b988384524f66303,03d34406b3504604,26.61,1.42
d69e829d49264ccbba7310320bb558e5,2,ac1dfde4d1a345808ad487a1b745eabf,5b5b58b1ce6342a8,24.73,5.59
2d8e843575a0422d90f9b5aecd015d00,1,7eacb67f4876436782e64cc6c05d5f2c,30e6a874c1814acc,27.56,3.66
ed56059370014902bf86a7148d1933ec,1,2f92f79a2bf444e2b7d24f0687099174,6b3e37f39ba147d1,18.87,1.08
ed56059370014902bf86a7148d1933ec,2,f1a2015838024a298212198fa1864ec8,3fed787a477648f0,23.0,2.77
6e695be51b5e4e22b999dbba8d4a1480,1,e65b9be96e55416d8096136db263ab98,e53a65d27cd74051,29.24,3.85
6e695be51b5e4e22b999dbba8d4a1480,2,9a9480e8530e4d07bc5eae0c368bb781,ec281379043147ad,29.93,4.86
914c5b2aed9a4a0cb48dd78425486edd,1,74dec29c6efd4b54889415ff2537d5d6,e688c27696474906,3.59,3.91
914c5b2aed9a4a0cb48dd78425486edd,2,34f872cdfd5e49e28cb0f94934bd6d7c,8d211f0f1a764a35,34.18,5.56
fcea0625e0004b2183211c692758af59,1,5f9933ee93a3480590e1ee84852421ce,72809d93cbdd45cb,16.02,7.04
3d1c45c4888943d09b9680f412b8d445,1,dd693e8054734dcd9aabf27f49543d2f,5aadface26044377,8.07,6.24
3d1c45c4888943d09b9680f412b8d445,2,9306433c14c44099851e1eb9c6efbd54,b8e4cbc92adf406e,8.25,4.95
3d1c45c4888943d09b9680f412b8d445,3,3209740dbe484ceda770ad7aec2654ad,ef01d839d5e44802,9.72,6.21
3d1c45c4888943d09b9680f412b8d445,4,90ca50e5f7ae441f9b254619f29db8a3,0fbc07b3a6bf4bf3,3.11,5.61
7ffbf602d49744ceb3cd60dda357586a,1,77094a04ad3e44799fcef266fc8e6999,efdb6f6a15874a4f,14.97,5.32
7ffbf602d49744ceb3cd60dda357586a,2,97e86299683747a7b34969fd613dfbc2,47a5d86b9f8a4edd,22.39,4.45
1297a323d4084b2fac1f88b039ff4965,1,01e5d07817be41a8951606fe12366525,2ebb8fe9028d4b56,11.55,2.31
1297a323d4084b2fac1f88b039ff4965,2,6291fd31ef894bbfb884c07172c2c177,d9adda463cb14991,25.44,7.41
d2ff2ac5a19a4a0985a36ef5db4f9ec6,1,09f7e43a38ef41a0901d975d511fc9ba,3e6aa30c970b4712,21.2,2.22
faef4123976944188f29f13862fbc115,1,436436f945db4530a9e1f91e281ef159,e094d2e84d024dc1,2.41,7.03
8e6afee1e5a34b95bfdf7710e7325c22,1,0934367c19d74695b5d540885bba7806,8b78d14473e6426e,15.61,3.08
8e6afee1e5a34b95bfdf7710e7325c22,2,2109b62a455f48fb8d1eb2c358a7fa32,24e26c744e8b4666,13.85,4.45
8e6afee1e5a34b95bfdf7710e7325c22,3,b9d15365095e4b3cb4154f7b10021f84,8fb8d138d4e94440,28.93,7.55
418efd2650404481a8c6e304594d36ee,1,e9e2fc61715b42efb01032cdd3bc9ef0,b11d5491310e41b1,34.36,4.71
410f9d07bb0a4a6baefeaaf5b8c72493,1,67fd9f82079d4046966a52c9215a1277,e3051c8772c74a29,13.69,6.85
31968cabe90a4fd2a00c35f892e3ed0a,1,092df0c3d6e046bf870224ba1ddf5bdc,5be4b19fcbcf46a3,18.69,6.6
31968cabe90a4fd2a00c35f892e3ed0a,2,71e1b3731dc14fa09554382b1c9ffa46,6414502cb9c043f8,31.98,3.04
31968cabe90a4fd2a00c35f892e3ed0a,3,a84ac201e0354ce9aac913b2d5be1282,de636ee151844830,21.06,1.09
1ab4229fe74c46929465f64695b8088a,1,75e4af23a9cb4b2db28f2b0e34460589,e42d2f94f92e44d6,30.54,2.72
1ab4229fe74c46929465f64695b8088a,2,8b70f4deb8ce443e85ebe489a873a9c2,d81bbc6320fb4d85,30.88,2.06
1ab4229fe74c46929465f64695b8088a,3,8ff1b6797b6644c3afc832f3a9c7733b,0f9c614d823e4405,7.29,3.95
be6f890a1ad440ecaa674eb5d2104d1b,1,187a8d56a93145e1b8134f955cc652d7,710ae7e29ab94bd4,31.11,2.27
838ace4c7fb547dd81c07e7919ac02cd,1,005c9e53ffa241fabad07228b5b7c344,f02204f3d98442f7,20.0,4.27
a01a5740152244bc9828ca4f928abb85,1,be1e7568c27e4103910edea7731dbdf9,9e21a0dbb398403b,9.27,5.21
77902618d11e4bf0aba79ac54aaf9e75,1,8ffc77ec8f6341d4873686cfd569ec67,c17a3825675e41ec,16.32,6.34
f00cad4c3e2241b78f5d317f249c4024,1,7472bc2cbe0e475aaba15d49685e6f98,f018cf7be2dc438c,16.95,3.14
f00cad4c3e2241b78f5d317f249c4024,2,f4a9a938cf484b2e8622c1f7cd4b4930,27abbd2636584793,18.96,6.99
f00cad4c3e2241b78f5d317f249c4024,3,d109936d3d1c47368348035a772e5b03,dc7690e169bb48b2,19.94,5.55
ccb24188509c4524b6510fdf3adc01c5,1,82c76404cbd7462ea0fa7da2976445d4,91479083415c499f,20.13,4.32
ccb24188509c4524b6510fdf3adc01c5,2,b1499ffed8834f33848d3c2cd9696656,f0072271cbdb4a19,10.58,2.48
ccb24188509c4524b6510fdf3adc01c5,3,3b789dbefba34fe29fb490975ac33fab,4c15042a8cfe44d0,27.82,3.9
5d6c03af5adf4e508af9d7725a5a805c,1,37bae8350a7c4d63a28bfa5c020236b9,c54224d294e94636,21.35,7.66
04c6882f074241b0badebe8ee089387e,1,1f5f697e75f54446932089cebcfccf05,7b9e4d92a6b142a1,7.79,3.98
dad73a004a074b49ba73c723dcf9cd3a,1,d47cdc46b6934e19922177bbdbd2a35a,9e98d0ce8cf24a40,26.26,2.99
8fb19c8b04f2444e879877ed6d916885,1,81ce3f8ac553470c8685b6557ba24073,a25b31cfa4e94911,9.46,4.8
910c9591a293411da91f88bd5edff0ee,1,05e9f1262b92469aa7d52043177e6668,8e95c4f5d08343a7,30.74,6.19
910c9591a293411da91f88bd5edff0ee,2,e590a230d2874cc297ab3c0b214aba27,5772e59b52e3447d,22.2,4.27
0fafc25efdb440a4bbdf1ad637dd8725,1,b850119fc78c420398db1e000aa7657d,f7f27de9c9174130,27.47,6.09
52107069b9914c7cae787c962a067272,1,15e87892810a4c3f85ecc5e7311d4e74,90ec35f180a94b98,26.41,7.65
bc4f18f9d0694f6996e0a013a26cba31,1,95db0b7abe864f8dbe2a956ef91a9518,93d8d44bbdfd4353,19.95,7.11
bc4f18f9d0694f6996e0a013a26cba31,2,4d705257d4dd4e7cba0379912e345b24,8e85bd8214714bc5,18.27,4.33
14b43240388044b7ad34178bd51875c9,1,61c5dc9102de4fb692937d3f882c2ca7,2d76a3d334cf4a56,5.77,4.74
70b252dad46b40fd8cef9ecc1cf1086f,1,99ea486616ab461d89e7c729adb31ada,71eeb2f43ddc421d,9.87,2.49
80859d38654b42bab84de9eae860bc1f,1,25c0c218331b401da585b2ec0b02f78e,cccf9d6f0d674090,18.4,6.22
80859d38654b42bab84de9eae860bc1f,2,6120041219524962b52209d33456aaa4,c542d2d79a4b44d4,24.9,1.32
80859d38654b42bab84de9eae860bc1f,3,1984906ae5d249b8a69623520473adb9,ac44f085446e4293,23.96,1.76
80e94f63f4cd4095b81b9b1a34bee3a9,1,3c3f470009ed4ff4ac7e1e3f55709b4e,af39376eef5a4b95,33.16,6.2
80e94f63f4cd4095b81b9b1a34bee3a9,2,b9d39e6bfb7442eebe8b8a4bcfe57772,a998cd1d683e4728,33.02,2.96
96816543bbf74c8391f94f62ac27b9f4,1,5c01be27b6ad49d49344f34f32298d1d,bc75175b22fa414e,14.46,6.55
e00491457eca4330bda134662468cc35,1,7243db3e729744e6b26c1a6cc30cca8c,b814853dd4f84359,9.75,6.09
e00491457eca4330bda134662468cc35,2,3057dbdc855e4b32bf6a929ad8d854b1,e61767056ced4c52,33.8,4.42
d750f50c2a6a44c39130d7fec0f23df2,1,c01439adc64f42b59bbc0d5938f6dff3,afa3e5de0ce94ef6,9.5,1.5
ada442990bdf42beb8bd3a9bd92d111a,1,8b12ebdcf1c04c9b9f79c4760380560e,bb422f033d8044f8,27.46,6.51
356f915d654646f785f2a0c08bf0fe2d,1,0cbae8434b304b4494829160e38310a9,80779719b5ea4b0f,33.57,1.84
97a094de96414ef4a9f685444dbff4fe,1,62a5e94e1ac747c29dcab8b53a799b74,4feaa2f2a4064a24,29.52,5.88
11f107a87812492aa03cad2056576fd3,1,c59debf150e94160b5b54efb3385bb0b,7753505ad5e54f9d,19.48,3.1
dc4efc7edf534cf3b89a046bd7b5bb3f,1,44a813fa0b9041608ca250e3cc2723c2,74ccfdde7e3946dc,13.08,4.66
dc4efc7edf534cf3b89a046bd7b5bb3f,2,c8e1a6665c8d41d384c6e3329b563a0c,6881134fa4d442ab,25.84,4.87
dc4efc7edf534cf3b89a046bd7b5bb3f,3,4823797cf12b4f338b1596de5fd5f7cc,a956146b5dda4c9a,15.77,4.63
5e0465701fca4366be427e5cfa97e746,1,d320d8c6349240ab8da5fb6292eaad0d,6de086c496504e8f,11.08,4.19
5e0465701fca4366be427e5cfa97e746,2,496f5f429eac4c6a9d2a251fe837b4fe,dcfc9aaf1edc41e3,25.25,6.36
5e0465701fca4366be427e5cfa97e746,3,161e375b7c3f43ee8e9e409aa3dfa214,0e88a2b3da614450,24.25,4.17
3dfa44d255594aecbe3259294e7fbf50,1,369a0405697a45e1a9b18c43f44b5fa6,a913079d03be4f65,2.97,3.24
26b531dc07614a22b3f1ba2be77b71f6,1,1b642bce83cd4062b68857d5eb475d00,cf08a8815e98454a,18.68,5.35
b461536e66214173854904807b81762e,1,7411d99169ff431fba6f2169b713fe90,e7d4959356854144,12.82,2.37
c025be9412ce4aeb894fcad542b6eb07,1,5b94426710a9468da8dde229573145fd,2f726f9675f540a3,18.1,5.26
e3ac678cd5d54dde87e2b3220f8b095d,1,3dacba0e84c440858a9d7c4e90c08827,b9de43028452415c,11.94,4.82
c4e9041887ab408aa6c5e3b9c8b64eac,1,08cae79bb9ff48038a8097963f2c97a7,379b2ecd1acf48cc,19.73,6.71
c4e9041887ab408aa6c5e3b9c8b64eac,2,d9964802f03942e2b8579a81d6d44cf1,5e3e9f94115840aa,21.63,7.24
84de5fe5e6b64361bc14fb1487c86036,1,bd5ca309ff01486b92fe5a81ba46eea0,a807ed3d7d22455f,7.49,1.28
1dae34d95b3b4ed893e49f6b754479be,1,5897a934e8764bb1b4b5c174083f7bbc,cbf28e53e3a245b8,27.77,5.64
8e371c2c43044c9480c72018e7b8954f,1,03aeb233d79046c881ed136feccf18ce,785de5a446cc4074,7.24,2.54
8e371c2c43044c9480c72018e7b8954f,2,7905b2db24d14f2abb2b1ff9b4f11684,b9644609122d4130,33.1,6.41
2d619692a58740a0b33535e2de5cbbf2,1,4b0f2e3e317146ef9dbcebae7238f6c0,7e6912e4a5344346,5.86,7.37
2d619692a58740a0b33535e2de5cbbf2,2,45f0f5ebe82145828ae44b9e83834dc1,e485b01264c448dc,2.52,7.72
e6ce897322fd4501a0ffad37a589100f,1,cc92df02690040f984755675deb083a8,cda1a9519cc8473e,34.17,7.01
e6ce897322fd4501a0ffad37a589100f,2,9e6fbdbeb3644663ad6281ba072447fc,a102d006a22341fa,17.68,4.77
e6ce897322fd4501a0ffad37a589100f,3,3accde11492c4ce1a6e86d045561130c,bbad0fd8c16a464d,18.42,5.12
e6ce897322fd4501a0ffad37a589100f,4,e5e3301a9ba949df95c14a13a3b3b3a4,064d119eaef24812,29.51,7.33
e9abfa13e4914054b8d46e60d8f9365b,1,47db959b229d4ce78b3440233f6636d0,d3c94a8967bd41b5,24.9,7.37
e9abfa13e4914054b8d46e60d8f9365b,2,05091c40eab04d7d9c8ad7f707c567df,05229bb5f9bd451e,14.57,7.22
3d827c48ee384a37a8ecbc445b161be4,1,e5e173c7d43f45fb8e465f1dcafac0d6,281818582fa34109,24.43,2.78
9d8ed5538a8b480da2b74dd3c0e85de8,1,9963204911f5477abe00a4f468c2d667,152b257ec7474385,31.12,5.1
9d8ed5538a8b480da2b74dd3c0e85de8,2,28891d5480ca4cfb9f6af7b4e4f6af45,12e76968edbe4344,20.16,5.89
64fdf0f72daf4f0f94ebff23b6919201,1,932cce5341594a0a8a6e687e06ff56fc,7b3908f5ee6c4fcb,13.7,5.53
cd482f9aa7e04f438b97f1c093740f2a,1,8bbb2a014c4543dba62d496fd43dcc50,bb42f72c56d34334,12.43,1.02
cd482f9aa7e04f438b97f1c093740f2a,2,e3f9a85e9db3427680b27bf0ffdd3874,a9fff4ce200e4c9e,3.86,1.71
8cbdd9dbaf424d188f0a0ada9f875939,1,44787de4108142ff852cf19e8bf9468a,158690c67d2349ea,10.59,5.71
8cbdd9dbaf424d188f0a0ada9f875939,2,fdb463ba3b0b43e9bd8b36dc6dd0ec4c,494bdfb5b5eb4353,13.57,2.29
8cbdd9dbaf424d188f0a0ada9f875939,3,65d61387f5194f319641b8575236125e,f2cc65177c1d488c,10.82,3.2
8cbdd9dbaf424d188f0a0ada9f875939,4,a5706071b2f548bfa52da4132578384e,1679fb99b4c0419f,3.94,5.3
63920e1467fc47e2b28612f3645bb725,1,a49b23c2e35f45be9fd8a9372024ca17,6d5ee511131f42e9,6.03,5.27
63920e1467fc47e2b28612f3645bb725,2,237028f77eef4646bebd6fb5ba9729c0,e7bcc554e05342dc,22.64,3.57
b12c9c6534394816899e8af3d04ee53a,1,41609448cfe44d40aa3530872e7b0268,29e077faa36f4d28,32.27,2.97
5b3c2abb122a4e4b8fa1519386eda8a5,1,8c1ba6705df34798817df0c955664932,6abd3f8683c64190,28.82,5.25
6a715f9c42674da4bb94e777c1fc8a74,1,897912eef7b7478ba7dda93074df57c0,e99021ebd74541e6,33.88,6.33
6a715f9c42674da4bb94e777c1fc8a74,2,50e6387e3d014e298674707ef50466ed,21e9d064e338455e,4.92,6.52
6a715f9c42674da4bb94e777c1fc8a74,3,4e51cc6ed48c4a1da347c5929c68d5ad,4c68a30fbf264bb8,16.39,4.34
03a57983b9544d83ba75956cdf0396e6,1,8ba726e8fcec4b569bd7dc88177adfd8,40a2dd682084409d,15.57,7.39
03a57983b9544d83ba75956cdf0396e6,2,f632deafcd8a422fac676ee30bae15e3,bcdf546cac964ec4,2.76,4.11
03a57983b9544d83ba75956cdf0396e6,3,9cf9f924de364bc683d73a3f898e5a83,5df28f34bbb14f97,2.53,7.72
1a09784070d64d1497d73fc460e8c16f,1,a972ecd0144f4214a668210f77891966,ad7a912c8a334b14,6.61,6.49
1a09784070d64d1497d73fc460e8c16f,2,df654b71f8424aed90339f7b22168198,4cc8d896e4c84121,29.0,6.98
a0aaa3c5a7e3470680c81b122ddc630e,1,577a69366e52458da54302478fed5b3e,3b5a0c8a7a904577,29.28,7.27
0a9466ffa94d419da5144b4153859d6f,1,eb423640ee1242399031dc3a5b46c5bc,a5b1bb4029ab4bb2,19.32,4.6
f5f01d7f49e74f6db8c08738d022c155,1,353fc48aa36540a8bf625cc0701d13f7,196cfbea415c4f36,17.78,1.99
f5f01d7f49e74f6db8c08738d022c155,2,ffdeac589cc24550b966dddf5937169d,673ab00b660242a1,12.8,4.72
694526dc73b3455ab08a674f55922e88,1,6a8fc511c1314c83841d9fc5cddb77a1,8b89716b1cbf4101,22.88,4.69
0be9dece7262420b959cb8cc1057869b,1,d9aea8baf66e48d6b261928ff15f067a,5632bdfd67ed4cb0,11.23,5.31
0be9dece7262420b959cb8cc1057869b,2,a9c2c383ebf64a639222320b985e97ea,5eb4d1a937ca410c,16.72,6.26
926f00f0c9654cd8a4ac18589fea41b1,1,32eff7e4910c411d8d6ae9bfc5d88746,2cbe2f376f5d482f,21.87,3.03
dc9288b344a647a9bd0cce93e1bf4e7b,1,ea7bb83f38fd401fa3a13eac02b8f928,f6db33bcd1e24798,14.41,5.05
dc9288b344a647a9bd0cce93e1bf4e7b,2,c909e4ae570f495d8d2a7d609992ff94,7e1570c3befa4b1e,7.31,4.19
c2af52e505354785a8023975235221d2,1,249579cb018046b2993920cca45201ff,4fbd251c1af44d97,16.65,5.22
c2af52e505354785a8023975235221d2,2,2e3e561b8a644d4b94cb26ed08ee3ab2,e567b808dd5743b0,17.94,7.43
c2af52e505354785a8023975235221d2,3,7f0706fb430e45528465791580994474,64ffd77b160b4cb5,12.52,7.57
3c2a1ec05d914033bb12ac14f17072be,1,6543190ad5d7433c9d9bf48921220701,c6b01fe488144cab,2.6,5.74
3c2a1ec05d914033bb12ac14f17072be,2,f9485d0829cf4503bf43a88c238405df,8a3a0fbe10c3463b,14.3,5.45
3c2a1ec05d914033bb12ac14f17072be,3,8c3829a2f8da499ab12efe47c14f4dab,353a0d419d7b4e9f,18.17,5.52
6742845d450d4f388263be7a35004025,1,b92c44f68426408389e281bfa19d6f9f,f37f11f140df4c99,11.74,3.58
6742845d450d4f388263be7a35004025,2,2ef7bc4626684a00b3e3b183b7dfd43f,083b8ee589ee4513,29.93,5.64
6742845d450d4f388263be7a35004025,3,18ee7a6f0dfe4d7295718fdf60f9bc08,bb6b7c3193b44b5d,29.42,4.37
5af1ead399cf4b9492740876e64bce6c,1,0c5733eff0a94cbc8b8e4e66bacd44d8,a35657e8934f4e05,8.86,2.42
5af1ead399cf4b9492740876e64bce6c,2,ae9e71f928494749aca15908f8429cf7,da2d794319e04fbc,25.87,4.57
5af1ead399cf4b9492740876e64bce6c,3,e5821a121edc4f9dba2d0ea617117c64,b3fcc72fc7654f79,8.97,6.7
eba7b81a35374a508201fc53c43eff55,1,943bc9bc7ac64c76a0d937ab582c3a33,4f0d5f1aeded4795,4.05,3.33
eba7b81a35374a508201fc53c43eff55,2,2cd78a35c20d4937bbb46dcb62bcd5e0,66c20b16a9324fd7,27.65,2.42
eba7b81a35374a508201fc53c43eff55,3,2347d73244bb41cf9f2aa58bf133a193,08b41d9cc25e4ac1,25.28,1.8
657f19bf8d4246a89f1037ef674c1cb6,1,362f368c0ac941e68660ca64d6980021,9f22c52ab4a043b7,9.67,7.9
657f19bf8d4246a89f1037ef674c1cb6,2,13927c83ade848f3adca584028409821,ced989fd12ea46dd,17.49,3.0
657f19bf8d4246a89f1037ef674c1cb6,3,3d0ad11ac02146269f4e2f08cfd09d4c,9a683dfda4414e6c,34.9,7.78
bf55262150824cbe934fbae92f129f02,1,6a82229454144848ba71ef282aa6f54e,6be87661c9fe4bfd,21.06,5.26
43f53b9edd3c43448bb88d207b74422a,1,78451835d414438d9d64b2980dda71d1,5904e1a75a8c493c,6.36,5.92
28ec3ad9672d4cb09a90f244063eca53,1,a87a91164db445b0961cb34e0bae35cb,e12f28a033474172,21.24,7.1
28a9405b5be340bcb93386c76d3fad43,1,fe5ad11d2140448e9b0218c28e4a97aa,f773b0361fd4484e,2.32,7.48
61ff7637daba4957ad349d00bdba8d7d,1,e8048f53e1464235bb6757f94d1d5b57,e3f69a63005b4ccd,1.84,3.14
61ff7637daba4957ad349d00bdba8d7d,2,d0be082d6fe54db1ba7b0a4b5de094d8,be4dbd2d25234c19,19.26,1.39
8b936bd9e16f45a9b3400ffdf7b128e0,1,6bd4673286324620887a4d83748ba825,849dcac8a7ba42c6,32.0,3.96
8b936bd9e16f45a9b3400ffdf7b128e0,2,556ac55a610d4b77a4f28bac94165afa,79a768c8c4544fff,16.56,5.95
155d6bc6227648309ef51b7392c50dcc,1,5f221d2f9c1b4fc9be81dcfe42bb2219,88a12c1a4e834ed8,7.29,4.87
155d6bc6227648309ef51b7392c50dcc,2,5ee921cafe8c43009a5ac8875a77fa9f,6de155627a674e68,25.34,2.09
e33a7a8cea7842579695390e61125c8d,1,d44cf89a40f94484bf8d96adbc4957fa,23300b9bd32e4137,22.78,5.39
de93217d556c424a8d9fad1a6732508e,1,ee768703ae2346a7b5203e025163e601,3c4720da212c4aec,33.59,6.55
de93217d556c424a8d9fad1a6732508e,2,181b7c8ab71944e1adf1cabd4f379adb,461daace17b44994,6.09,6.1
de93217d556c424a8d9fad1a6732508e,3,e5ba19c440e647f3beff77642ff777c6,2dfa1a2d70d9462c,34.2,3.14
8380b9ff3df445e383ff34f76d005c1e,1,540e07014635432aa72b0530f7b8863b,1ea1cf4305394150,29.23,5.08
c03004d003f04236842ea09273889d41,1,58cfae0b6b374a2f9cead5cc3e83dcf2,4a483984c00e4a34,32.24,5.12
c03004d003f04236842ea09273889d41,2,6830a114168e414693966952effeac11,efc6682cd3784510,29.15,7.68
c03004d003f04236842ea09273889d41,3,5220ff2635434d0cbd1cf3a16a012d70,0a54d2f8e9944616,4.3,2.31
24bed5964277450fb1e5820511ab70f6,1,c9c0f38e23ea46a9bb08e0e1f1695e77,2ca3f6ea420f4ac5,27.6,2.89
24bed5964277450fb1e5820511ab70f6,2,de9198f4f8eb417dbe960761e6569146,512d61f6b14a42a0,2.54,2.31
24bed5964277450fb1e5820511ab70f6,3,f8c18de7b4b34ee498810f42a412d1b7,5267374332ac4627,18.99,4.82
24bed5964277450fb1e5820511ab70f6,4,77a950f6c26a4fa29d594ccd340d27db,35f06a64dae94bd0,32.21,5.58
2278ff7396c0464bb50671327e688e67,1,c0fac3a191be473db6a586eef8d03585,aca50978c59b4849,34.49,4.54
2278ff7396c0464bb50671327e688e67,2,f474545811ff45e9977f0c626d16b5f1,ade1becf84394533,11.83,3.24
655ce07e34af4bfd8d05cc92bd94651c,1,e38c87a054da4803acde8719048f0345,59a89440c07d43fc,18.66,3.38
36f4ad27f9c4458b8508a2a7f14a1f8c,1,adf41da0e0ee41beb1c38faacf1e1bd0,2d90ecbe248e4d17,5.18,1.15
36f4ad27f9c4458b8508a2a7f14a1f8c,2,b89876d6065642938b2d503b4e9e5d36,47a2ed3ac54c40a7,26.88,6.4
36f4ad27f9c4458b8508a2a7f14a1f8c,3,ae7aabdc57744e8093996d7356b05885,c8fe6acb5649490c,10.62,2.84
8eb2d2f772ef424a99696ce4a3721cba,1,876ee8476c044f3db6e24521ad1b7840,8eadb1df73c64ee0,33.6,7.06
8eb2d2f772ef424a99696ce4a3721cba,2,a95dfaa98cfd41d6a95338fd04dc9236,b2aa37c35be14922,2.19,7.94
8eb2d2f772ef424a99696ce4a3721cba,3,f4f4d5aaeda2481bbcd39ddb27c9b48f,882bcc56ae2e48e0,7.65,4.9
d5340bb588224291aca8aa95d1902f20,1,88b1bbc58d51416b979a6a5bf4ac6aff,2d77338cde6f4325,34.9,7.16
d5340bb588224291aca8aa95d1902f20,2,f14175b06cfd456bba9db1f621b75239,111cf79e3b364a84,17.24,3.08
d5340bb588224291aca8aa95d1902f20,3,7b634c5bb96d4241963032698ffd9e89,da7dde07cce7453a,19.47,3.8
d47a7b32e2164d57890383325a367db5,1,e79c9853d8124ae0a567fb359007ac0f,1f59e2ebe5fd4447,3.8,1.51
d47a7b32e2164d57890383325a367db5,2,8e3ba70cc6b84d9e8ce4400e2b571d6f,d53818d4254c4503,15.5,7.32
6ddec72ddb9446e9b5b0384df63f94f1,1,c590d203c47743e6a062c0cd5f8e8411,758d6c59b1d8460e,8.55,4.26
6ddec72ddb9446e9b5b0384df63f94f1,2,6c343a88cec942b9ad86022c01c4835d,c968b6c6632d4d1a,9.7,7.09
399777c228984b198cfb2e1ae4cdd899,1,504402453ae64b8c833b4c7605a32eb5,222600dc1d2b4b70,33.61,2.47
399777c228984b198cfb2e1ae4cdd899,2,c0613ed083ec4783a9be4522e3841992,275360187cdb4f12,10.19,2.3
399777c228984b198cfb2e1ae4cdd899,3,eecc766d83914ad990f8499aa6a7acb5,2ec31c0750db4fa2,22.64,1.36
4557ff77ac7b402fb602cef475e797a2,1,4827a38fe1c44a1b9c11d7069d755477,998999f2126e4bbc,11.3,4.34
4557ff77ac7b402fb602cef475e797a2,2,ba89aebf210c427cb7f48519a731862a,3b60dbd485854bd2,8.6,4.13
ef9c5d7c253c40b88d0d8101bb324cf9,1,ab84acef3c054e6eaa7a208722a98de5,5ee5164cc3294e6f,33.51,3.29
2398f5661a3949cbbe280caeb7611a4b,1,a13c334ffb8849b99d6c918ed92858cd,253d037b70404487,6.36,5.19
2398f5661a3949cbbe280caeb7611a4b,2,d01baad34a42457383e68f88c2a5d3fd,00126d6d9df84dcd,12.99,5.7
649320fb9a454332a057b7d17af95d36,1,7630ca346b80442198ed718ebe67f368,efb404f53a5c4653,9.32,7.89
649320fb9a454332a057b7d17af95d36,2,b61f46dbad1d4450bfab1fc89a712b97,99a529cfd1bc4e89,8.04,3.08
ec95884b433f488ebc6f942dc0ac6990,1,f521b5fea28341c0ab338e77c7b95b0d,8c36879dddf540d3,26.48,5.79
ec95884b433f488ebc6f942dc0ac6990,2,760836e876ac4677ab5fc9be422b18bf,e6dae130d91e4d4b,26.37,5.99
ed4c5ce62b634f10b123da1b8bc98094,1,f465b35c4a1d4854b10d59e5c6bfbe46,e96e08d455d44acd,10.03,7.59
fb1869b3cc654a59997d3d5c4a8e5194,1,03645d09d1e2441880e45c562c5b666c,9f44efa4d228421b,16.33,2.91
78b47d0a5ffd41ab8b03636e5acb3ed0,1,b9c1a258f96d4632888ecbf7daec136f,75722deb86ab4d96,26.51,3.65
019224140d9f4aa9b939f8cdfe068ab1,1,f922d4ec8e0b43a1bc9b352f14dc4f84,70a2c1a9c28f4ac3,4.95,1.45
019224140d9f4aa9b939f8cdfe068ab1,2,1dbcecc3b4a34f4daf1d0a7578062769,5bd442ba07a14c60,25.0,1.33
688d1b7b507f4b799a41769455d0fff1,1,133c644aa667424792ac7a4b252b7d1a,b523362c4a894731,25.96,3.78
b2bb0183f14a45cda82cb5884b52d235,1,d9000db929bf405392aff996aaf66a71,4647b590faa74aa3,9.39,7.5
ed168ca1351d41f1ba534c65c8704868,1,7d066058ce534289b7a7b132937dbd1f,851ea8831bfe46e4,30.23,4.74
ed168ca1351d41f1ba534c65c8704868,2,73e987f38bbb42929255da29bab39d62,5d07e63377574932,3.2,7.61
ed168ca1351d41f1ba534c65c8704868,3,3341f63c3332487483da8b9a65c964d9,128edbd346e34c15,31.36,2.26
1f9da7fa415549f59a6c88ba68e3579e,1,1aeb33aded82426f8fd386ee1189f60c,f90a64f1ada74668,13.95,6.3
fd864db8f3fb4407904598fdcb0092f7,1,3514002cefbc437db6ef2272dc8c76b1,5c2830e89ec94bfb,22.44,5.61
fd864db8f3fb4407904598fdcb0092f7,2,1b4dc43da89f4cde89c2edc24ebf60ef,996d4f78d24b49bc,2.89,3.66
b613d76350064c72b9140dff01f7e6f2,1,6c456512c51b4fd5b18cc7506f7795e9,d0da980f5a37490a,2.67,5.25
b613d76350064c72b9140dff01f7e6f2,2,ecf7713eee1f4288b097bef67e9b42a7,fa034b80a0a9409d,8.06,6.39
19a3da309edb40ceaea3044f09f47d28,1,d367ea17d8a14b578c56db8dbb908b04,1ddb207df5aa4c53,8.72,4.01
5a0dd16e32814e9b9df3524eae949b96,1,06ad4a4b2e8340289af257f10bec556b,cc2a032bfdf74683,33.95,6.28
5a0dd16e32814e9b9df3524eae949b96,2,f9c5b8e47d5445078333758a48fcd7f2,408387fc2c674834,8.88,4.48
43a6d014f20745eab925a8ac3b32e7d0,1,3f2dbd42289d45e7ab302093821f6bfd,2dd96bba81614f16,28.04,5.43
43a6d014f20745eab925a8ac3b32e7d0,2,96c51f66b5ae49e2a80760e4f4a25499,0b2e7857c0f24483,12.24,5.78
43a6d014f20745eab925a8ac3b32e7d0,3,246a14dfa02248c58807676cd0556b93,b857bb93794040e4,13.26,1.54
79145d208bb941d4b6ecc553231e396c,1,005a35b9684b4d1a9af683bde1fb60f6,91e6694443134026,32.49,4.38
79145d208bb941d4b6ecc553231e396c,2,682853a2187a4c66939d9ed830c869e0,90f2be9c553e49e5,3.28,6.2
16e69c30a5384dcfafd3eaadae934b2c,1,0413d6b0a02042b0afea1fce33b7d418,861f57be98d84dc0,4.88,1.72
209fbe98d63341b1b003cf7e0d50d545,1,31e139d4b86b463bb877d8a7fc3b757a,c24572a65cd04387,8.93,4.71
209fbe98d63341b1b003cf7e0d50d545,2,673e8b21c7d647b081df197de1a68a3d,04000b65042c45da,10.07,2.55
7fbc56e8c8fe4cb3887418bf606dd829,1,4a2e135fd18d422faf8f3cae99785032,053e71506e814bf1,25.25,3.86
7fbc56e8c8fe4cb3887418bf606dd829,2,6fe1f984d28a46748f7668636d58be27,8fee6d59fb2e4269,3.97,6.75
7fbc56e8c8fe4cb3887418bf606dd829,3,21863aa98c7d4764804f13e4ac5b83f9,5892949134f048cf,8.01,5.84
c103293eeccd4254814e2266e2e1f944,1,a2be5208ecae460db3acbfe98d9f6a4e,1e2d5fc30a3b4432,26.87,5.41
c103293eeccd4254814e2266e2e1f944,2,0a265b7508934c07a8902b1ff29fc078,01f5283585c14caf,19.97,3.51
c103293eeccd4254814e2266e2e1f944,3,c0332fc528244b18a60eea309514b403,64ad3be58fe74625,32.26,5.61
83b1df8789e54a218fc11ba7279b9c84,1,cafbe035d15c4b2dbc7f5404aaa626b1,a9c3590d9bf3498f,33.39,5.41
20181ae9901c4f9983dc800597ff9e0b,1,9cc87bedcad34b45886d631701a1d09b,ebf3e8c909394a14,13.27,6.42
23735cf1a267478f8410207dfcfe6123,1,218943a856d2407a9fef390ab1c4e8b6,0b2633c057e64e55,19.76,6.89
23735cf1a267478f8410207dfcfe6123,2,1c13b2d83f2b4f368a55adff58d7397f,583455bf27fd4b1f,1.75,7.49
7d645bcbc30e4216a134668b57e3081a,1,3fdc210cddb34c21b436c7dce41e1ad9,0e97f8610c734e12,3.96,1.72
c518a7052ba245399b7e07a4f388091d,1,87823d8ffec7438683e06765305a6948,3638bee50fa64cc7,2.47,2.2
3c4d479d3d8941abae1a593cc094ba1f,1,dbe069cdb980415e9a7b43ed5618423e,0f37bf3262144831,20.23,5.11
f44dcd6009404271b6a0efa670a644be,1,599de75092f042f8a7b44ae95c4f3d0b,36b3cf480efa42a7,2.96,2.09
f44dcd6009404271b6a0efa670a644be,2,082a521a65c04913a47bb2f91861f654,eebcd8c8d80f433f,1.89,5.03
283ce3142a6d4b95bbb2a19acf14894b,1,2f288bfcbef5499c9ac60f93f4d4ea92,ba52f1451cbe49a2,18.45,4.35
283ce3142a6d4b95bbb2a19acf14894b,2,37dd18ed6db846099382d0c825a503bc,e5cbd2855df64d47,31.38,5.11
57f73e4647ce46b391ff5a6be7016ff5,1,8269915463df495ba9c8803e8bf47df4,d673cd7816644adc,2.93,7.97
57f73e4647ce46b391ff5a6be7016ff5,2,ce94c3fb57f540fcb2d56fb1986e9ec9,5936f34f78e74efb,11.46,3.85
33daadb5df9c4f68949995bb7b7501ad,1,ccef03edab3647789e3c43cf4c08f128,442b22c6e1b84bdf,22.66,6.92
577c4661d81243afbcfdb52eb401d3d5,1,da21bb81216a4fb6baf8f00a981e9dff,4a721376c0bf486b,26.24,4.86
bf107d014352457cab898561cfa490f1,1,82cb14def70740ae808cc9b038541d8b,651f37e4d3ff46d5,20.7,6.28
de05fff4dac949acbc86cfd799cfb3e8,1,592dc21859f54b078ef97bd215e7c2db,7025889f75014ca7,9.21,3.63
c93e0e04909e4177a4d625636f84eff9,1,dc7327f996c14d5b825c2dceb629b7a9,0888350ecb71453b,15.88,2.08
c93e0e04909e4177a4d625636f84eff9,2,7f043f8462514760be0b000c4c7744ec,aa88f5a20f21492c,6.41,6.46
8ffa6fdd89444fdab882d3badd640652,1,c47e594960a54e829c60d995a2ad99f6,2a2fb11f85df4911,24.93,1.62
8ffa6fdd89444fdab882d3badd640652,2,9a30106b94ed4703883b866215b21445,402461ba23e24de7,20.04,7.87
c8165a35ce27417bae8dbfb5b50d63c2,1,48e7cf166cc04b20afe7cb964f75b81a,19885b0aab69438b,17.19,7.57
c1c2e106af71496ab263f1608c24ae61,1,e1368efa493841cc893d24e4882d31a7,908d3c5b320e4dc8,26.97,5.87
c1c2e106af71496ab263f1608c24ae61,2,4ea22723332b4e28b725d419825e37f1,03b3919ee0c94ecc,29.62,1.56
c1c2e106af71496ab263f1608c24ae61,3,e4fae3b9befe4e0dba8b6b9110216fe9,87ce8cf825944123,23.76,6.43
d16b59d80b0e4f1eb5b2b30a00de2205,1,fb7915510b0c434a997a5b4b4f2ddd50,bb7a48da18954f43,25.17,1.63
8c1ad1c798a142d4b5a459d39faf6921,1,987e6f9b8cc4488189cd9c515f3eb217,4dfa318c699f40ec,25.57,4.82
6d8336e8c9834db6856dfc1ba07832e1,1,c60c236d943d4b2ca234098b302aa37f,76b76b5ea5aa46c3,18.51,2.57
6d8336e8c9834db6856dfc1ba07832e1,2,52a0efac5ce140b39b8857c086e99c96,c914178c2f274aca,31.28,2.5
6d8336e8c9834db6856dfc1ba07832e1,3,a8554effa9e74799937b2a93c06bfbd8,e8275737507242f6,11.08,2.01
6d8336e8c9834db6856dfc1ba07832e1,4,f2f1b59fba7e43a28620f66e7357800b,9cdc641ffb0b435e,15.2,2.76
121c9ed57b2b40a5bd68fe4fda185367,1,d1436072e8194e508a54e65d47826a9c,ff4d0a808d634034,28.74,6.3
84f6b7b2c53a47918649eac29ae08e8d,1,5fc742745e264a048864b75c5561ca77,ef7cacbfb6ca42b1,17.7,6.67
77297a03ce0f4563af398fa7a1cfdd8d,1,9f30270b4bab42efa4a871e68257fa09,2c46b2066a0a4bd7,4.84,5.84
638cca19e4c34928b360081647793a61,1,10b40822b4244fba99842dc86387339e,d54a358e4f704062,9.5,2.4
638cca19e4c34928b360081647793a61,2,4a206e19a24b409c874f0a48666f01fe,e8ea27b0557846d3,8.95,7.04
638cca19e4c34928b360081647793a61,3,5af44fac689246bc9f6f7eaa472c87bd,4d2aba6dad804b81,14.89,7.24
638cca19e4c34928b360081647793a61,4,dbe7313078da49639c22fd8673e0e932,8166109c0ef14ae4,16.43,2.13
f0d6e26a6f4940b7be704225c11b6cfa,1,8ec90dcf314842f0af7ac9979f15daa6,c8468dc5fb4744b6,18.84,5.77
f0d6e26a6f4940b7be704225c11b6cfa,2,d8fec95089134f44be9b3a4ccd0e74df,88964c783fec43b0,27.0,5.16
f0d6e26a6f4940b7be704225c11b6cfa,3,27db11b8eab14c388f059a250bf6b1c9,5544511b2ad54b15,20.93,6.56
f0d6e26a6f4940b7be704225c11b6cfa,4,005587da33b045f6a52ac0185ed4ce55,3aed5e551e8a428c,2.14,1.96
9b96ab55e5134072b47bb6965329f06b,1,86d0ed985cfe4caeb6e2421763ed1c1f,2a4c6fcc4bd04da4,33.82,3.19
9b96ab55e5134072b47bb6965329f06b,2,b5236944a3e54b6ca8467aa53f263be9,7b638e5b73754f0d,20.31,3.07
9b96ab55e5134072b47bb6965329f06b,3,1b403a026bac4b3cacb0cde615201b26,72e2400ee92146d7,29.26,4.1
f6caf3ba349b4cfc9986f9013a176d68,1,04ebdf1b03604221919456cb0c479097,a902b03073b6405a,5.15,1.26
f6caf3ba349b4cfc9986f9013a176d68,2,bd70526ed355448193f82622d4b554f8,271d895dc04747ed,16.4,6.16
9305aced8bcc45b2bd27856b59563bc2,1,774dfa75e41043098a049714f0efff97,66565b7c2bc941e7,19.46,3.9
9305aced8bcc45b2bd27856b59563bc2,2,6de06d6470834bf881b7a4bfb96b5504,99e98a03c06542f4,19.6,5.73
0d7565a244ad4b2e9cb45a50c295aa7e,1,2f24ac99ed5d462b952f681bbb1356c0,f9264137585748e2,34.83,1.84
0d7565a244ad4b2e9cb45a50c295aa7e,2,ca24617c16bd446ea7bdcaf9f379c2d8,dc3f8978a2b04170,10.92,1.35
31d94cf57fcf49ada64c6c216f611ae8,1,03f7676ed96d4009a92828c66df08963,290f318752f5445d,11.73,6.94
31d94cf57fcf49ada64c6c216f611ae8,2,76564c360e2945f6bf9b51e1de85ac64,0aa4bfa4c68c4f0c,7.97,4.57
31d94cf57fcf49ada64c6c216f611ae8,3,37fb3c9e21de4cd0afa7ec4548de920a,8dd2474b5606459a,20.54,7.1
31d94cf57fcf49ada64c6c216f611ae8,4,ff06d71ed6df441a99286e95b0c04aaa,0d92351d94d9453e,12.63,5.51
f384f17faca5447ea82e78bd8ddb244a,1,e5c0ce1fbf0f43a390bc8a311bd4a7af,7fe0a1e748fb427a,17.32,7.81
f384f17faca5447ea82e78bd8ddb244a,2,7c034d29e9da4879a330ee5af9339d81,faf18e40bc0e4bde,30.88,2.51
f384f17faca5447ea82e78bd8ddb244a,3,155004366c5648cba2ff7d0637466fa8,b65ed984f66e44a0,16.45,6.0
0943c7d47ea74835b7a8ac78649f39f2,1,b431ff6b78114966b5b4b7b46d11a47e,20b95a5647ae4356,17.1,6.46
4f14b5c9c21b4d64b9ede71407f43e9c,1,558fe79d20b24cd9be8394f434886a9e,b35d80bb8e854239,22.77,1.75
4f14b5c9c21b4d64b9ede71407f43e9c,2,d8b271fd95594757bfa28633ef5e4731,60c36925209d4988,33.68,7.06
4f14b5c9c21b4d64b9ede71407f43e9c,3,92c7be4dbc86422989b3c73da782fd3c,8e2b73705b7c41f4,24.11,5.33
6a0b9aad9ada45c0a032dad83d5ee4a9,1,b3c5d5e88a444fee8c941f434ab63b1e,d1809c9d2a994a71,8.15,6.52
6a0b9aad9ada45c0a032dad83d5ee4a9,2,47d1363a249d4679b34f2dcd8578a695,e517d877aef94a23,9.86,3.66
6a0b9aad9ada45c0a032dad83d5ee4a9,3,181878230f4f4beaa01ca111a52896f3,abcec557789c481b,3.5,4.98
8135ab556f5f47979fbe475c400ce076,1,367b055991464d319a3d90a9eb1b97ee,a2c9b62d385044f6,17.85,7.73
8135ab556f5f47979fbe475c400ce076,2,42a685122d5f43728593397e6dff0bb9,775410b7128642c4,34.63,7.13
8135ab556f5f47979fbe475c400ce076,3,58eb29501a674645a4f5d9fcdb5bb6e5,3c525d6fa8fb4996,33.91,2.11
efd0b5866d2349209a200d57b8bc0614,1,53ce12e2d93d4e94855d5ff3b01ca9c1,cdd97eafb0fa4ff6,6.03,2.89
efd0b5866d2349209a200d57b8bc0614,2,814d5edfc6b749e58d8229aeaa813bd1,f223f3f7998a4e28,14.07,6.62
efd0b5866d2349209a200d57b8bc0614,3,8a78caec817440f9a4560ee893162519,27c4c80538394ab9,29.0,5.33
efd0b5866d2349209a200d57b8bc0614,4,fef9fe48010a4974b00afb41d2b2ea2e,00d7cf87360d4519,30.73,2.37
326ecbeb841644a7a219a39fcd83dfc1,1,d969bbe88bda468d96491ebea4e6d65c,21d7db4cea004f00,32.31,5.87
326ecbeb841644a7a219a39fcd83dfc1,2,3e5cdd5007684952b45d13a083c9a0ba,0dda99745c1b40d6,14.2,4.96
326ecbeb841644a7a219a39fcd83dfc1,3,015c0099d1144f74abcc6227ad1fe87f,8d1b5250d2324392,21.63,3.71
326ecbeb841644a7a219a39fcd83dfc1,4,afa798213c0f466483066134d07c2713,225be40924474a8f,20.55,2.38
1688599a651f4a10baf0b27321f87199,1,bb79f089f81548a29eadc7e2e1fce7d6,ad111507dbcb4341,7.6,3.02
6984a6cea6344a65a114ee5f2e61a8c4,1,155be80e9bc94e85a677194bee94f638,a45cfb0c362348dd,27.01,5.34
d684607a4aaf4e69a94d2696d2e378da,1,b196e45c18794adb88de841b112acab4,ddf5fda698824d3c,10.55,4.03
200b9dd7a2cd4c79932e07d91e3fb9cf,1,7d79d168baff439096ca3eaff7b68b96,1c0af30c5daf471a,10.13,5.63
200b9dd7a2cd4c79932e07d91e3fb9cf,2,04094fc91daa420ba5d5d1b97577cfae,0af4a52da80048b0,27.9,4.17
fd48b9db789942e795a0c7e181d4afbc,1,581baaebcdfd49b296ab4948ab641cbb,79141a5e7826473b,29.91,4.48
fd48b9db789942e795a0c7e181d4afbc,2,c0aacf8b40ca4f1cb31afe5a5c165eae,eb5e85584fa048da,26.55,5.01
fd48b9db789942e795a0c7e181d4afbc,3,3c78696107bc403faceac2c98082fe50,062fa430aa7941cd,11.11,4.57
31bdd7c4b0354359a9e44eb7b101fadf,1,529497e8b11c4faf8d1a594417a1ef69,86e51cef201b4a98,11.76,7.86
31bdd7c4b0354359a9e44eb7b101fadf,2,86fc9b44f21a410898f4389a820d55b8,d236ac5a79d54133,9.87,7.84
ea823a6d3af54d8fb4421df97b419702,1,1e075f1f30ca49c0948caea61e73900a,2a71fdf30748412e,28.02,4.52
f81a659c6e2b409682d0e6debe0a6e86,1,eeaeb08a3ed348b09d5fe70c948f928a,6f790f4117274c7f,19.93,3.28
f81a659c6e2b409682d0e6debe0a6e86,2,27e7446998a340a7a683746b500587d6,ca62079ed1cb484c,3.25,3.66
afed32ca2200489d86373008e32fe66c,1,766b30f5e7de43ab97f27fe22db95631,85c8b6796a2442f3,28.82,2.51
ddbb4538bd1e429e93703e83119145d8,1,3c69cb61014443418a3cee23a6e1314b,bee2266358314a2a,13.38,3.68
ddbb4538bd1e429e93703e83119145d8,2,bd749f63da1f4665a46c00f560376e70,34b5ed8598d24d54,6.98,7.69
6f520305cf8048eeb8c9d547768aaa1e,1,8e442d313e014b86973d1f9849fcdbe2,dbb17519bda94d83,24.23,1.33
6f520305cf8048eeb8c9d547768aaa1e,2,b7f439c4df354a34afdacfabba97dfaa,3fdf87c2209e4afc,13.31,7.3
924d91ec99064ecdb35ee659228d1ca8,1,a807dae138ed48a1b5748951443000c6,6d35dfa5aa9b4791,34.72,1.63
f19deed24c284c45982cf87c741e05ff,1,5180da7c88314bedbca0f04b76f0f5e5,87eabda3d6e14578,21.62,4.18
f19deed24c284c45982cf87c741e05ff,2,9292f3c7f55448ffb0d2326f4adeadeb,f8b730d0777b4bc8,34.54,5.8
36f2adc6affa43d587a4589c1839347c,1,e8d60bd3fdc94d1c96903d5fce9b8654,4524c7c08e85430e,14.18,1.24
36f2adc6affa43d587a4589c1839347c,2,7e4a5fc8904445719715cba9ea556628,fe8c23cd42e544b9,34.64,5.35
affdf237b1e64bd0abb39546fa9a560d,1,be8f44cd32a848fa84de4f895958ce19,a9f95dfed4f34c64,12.37,3.69
a8ceee67687e4cd7aefecb3cc2bf581c,1,e5cf62bf88c8485cb0643160569a4948,9837d955d26c47d6,15.45,4.22
64563af0d6b2484a8e942f7faef918a9,1,1c6acbf09b4d4b16b9081ead99b442fe,1d2fcfab24af4bee,28.26,1.5
64563af0d6b2484a8e942f7faef918a9,2,df75a3771ed84a109bf05b9872d80c41,3bacec7fdaf04ad7,18.15,4.19
4bac8bfae1924b0bac9c5440f039830e,1,4701560c01ba44749bde8e941564eb4f,6dcb0614aef34f9e,26.81,1.85
4bac8bfae1924b0bac9c5440f039830e,2,8425d2da5af24f73bc8c965ea63dbbde,e9889650da8c4f06,19.88,2.09
4bac8bfae1924b0bac9c5440f039830e,3,93b6e3ca96ce4c649abab6c8f9288665,833595a5c7434721,27.96,7.5
8dd928bf80db40dcae21da54921ff1bd,1,340ff95166a14573aee94aa1bb035172,4d7ecf225824489c,14.0,6.75
8dd928bf80db40dcae21da54921ff1bd,2,2e21d310b29543bfa0bc567418772c5e,00bd5853d08542ab,2.85,5.7
8dd928bf80db40dcae21da54921ff1bd,3,e0321eb7fc0b457e8d8142309f33c3f1,3c2329eb6db34571,2.1,2.08
ed8c8a01149c40feb03442a4373dde96,1,565738d69a18434cb26bd03fd1097174,2a155ddd7a60405a,32.55,1.44
ef05f344ece349f9961d07ac0f8466dc,1,96e0968f35314a74a8054087765eaf8b,9189c8706a304d5f,6.17,1.18
dbbf80032bc64cb4977adf33da1e50c9,1,9ecdcf8a56cf447db383a00a4d15678b,6f597076d3244ce1,24.13,6.98
b5d841ed79bd40b0a308e832cb007e5a,1,414cd741ce5a4c9dae2181ed9e4a02dd,e721d79642604520,27.34,3.45
b5d841ed79bd40b0a308e832cb007e5a,2,cbeee440c68942ffbee1552242554202,a16872a0fa0d44bf,14.15,4.03
b5fd912ecf654533804fa69a2d5b47bd,1,c29a8dcb305448098d3bda500e6572a3,fabd7b17b7b54ae6,14.53,4.9
b5fd912ecf654533804fa69a2d5b47bd,2,65f2a04789804765900fce1e8cd21572,311a70725a5d452d,26.0,5.21
9f3711a4230b43c5b7cdd8b993c84ebf,1,7d10ba8a299a4aa8885e389f9dcd8d80,5b63791ce2ad4a4c,8.58,2.08
a1c87bfd12fd4590ac82df0c3b0155fc,1,c802df31fd4548b8bf92cfcfadc541d3,6864d73d3b7541c8,14.81,2.97
910e658433ae48b2b8098209a1ca3178,1,97a2f6db53c54c869d50d40abdba757c,54e5a1f9bd0549d5,21.16,7.46
910e658433ae48b2b8098209a1ca3178,2,0eeeb58e5a53487f8e35c648ad41f9e6,4b4b2f3d12d04e1a,3.32,6.51
910e658433ae48b2b8098209a1ca3178,3,4274d0e186c9411da9a0f24c85987145,dc7c44e4ecdc4192,5.12,1.34
df5651d268a941a5966dc2c30a171dea,1,7cd35886657642328efcda37172f6375,5d854b74c9674d67,19.32,1.88
df5651d268a941a5966dc2c30a171dea,2,7ee33ad1545b4bcab219e8b7cf843f1d,cd84ded8c12d4181,5.01,1.75
df5651d268a941a5966dc2c30a171dea,3,0617cb0943914943a42438d4c75be362,7d1f146b5b6d4259,17.49,2.91
df5651d268a941a5966dc2c30a171dea,4,8df6f0761bc84375b2592793ca40d874,6f70e5a7dde04c90,23.7,6.8
8edda4aa64aa45c68257e6b89f64b1d0,1,624dafcd19c34b6ba8734245e2e5f839,d954fb506f8a400f,16.03,3.77
8edda4aa64aa45c68257e6b89f64b1d0,2,6abb0e614cfb442da2d79c7de2f59c1e,b7387b218b2741b0,13.46,2.85
7b7d4815ad5048909a7b8a2074c373cc,1,20075d6f8f694b7d9a17d515ab587aff,3846bd93651147db,13.61,4.36
7b7d4815ad5048909a7b8a2074c373cc,2,ee4b46cd2279440d87a49f3a444b6044,11501584bd154a44,23.29,2.22
adae896d1f8749b28ce4d44683652701,1,b84f8a296c1c46328b3eec3de9c1286b,e231ac1594a04aa3,29.35,3.48
a1af003d22e74a7691e4baafac89ec3e,1,095f778072ed4f1097a03a689826aea7,29f2829bdbfd481b,17.45,2.7
a1af003d22e74a7691e4baafac89ec3e,2,5d140ad563b2472a84187afe4e3bb07e,0aa62fa9ea0d45af,23.32,2.22
d7ced1014c8c437c95fd11df91771f03,1,489e671259e64954ac0d8e68b8f2e9ae,a7862ecd061c44c1,17.38,2.75
d7ced1014c8c437c95fd11df91771f03,2,41eeb3fa44b343f1b89ec3f9d8b170e2,7b50fa538a344cd3,6.55,4.61
a784eb51b7714e5b84754243d0f763ab,1,8075df083c0145f1a906341dfe442609,f44882ce569240e6,2.26,3.77
a784eb51b7714e5b84754243d0f763ab,2,8030851a643f4ff39e5c8e1cf3780a83,631292dc562b46d1,11.65,6.93
c02e494c62ce4e85b553f7efb416a99d,1,4c518e52bde9470eb1c10c127c1b5360,6fe5be3e50f64c83,23.18,3.09
c02e494c62ce4e85b553f7efb416a99d,2,97f6917150314ab2b5e8a6e781de0032,7fc882f02117483f,8.43,3.29
c02e494c62ce4e85b553f7efb416a99d,3,87ef1a882ea943ddb8027999784febf7,81b8c2db1b24433c,10.83,4.78
c02e494c62ce4e85b553f7efb416a99d,4,00659e803a9d41819af7bd3bee0b6022,4a328a6e23d34599,20.46,4.3
1ff4ac15dad943ecb70357e6a42eaf39,1,d0b78d3cfb104269ab924e82a1eb4904,f63aee8c44824715,26.21,1.31
eb0a62c4207644f2b030751e176f3397,1,4073881512194821b18bddfb0374f49b,6f94759eeba14fc6,25.71,5.74
eb0a62c4207644f2b030751e176f3397,2,2db96fc2584045b7a16280d3539037fa,1e6cd59fb50a416e,17.69,4.25
5a7dedcdbb804be0a04fe2590ac23a13,1,14eab79533e54dbca3956f3e4a02e12a,4bff386976a14d94,3.27,1.68
d90e3ce255714d728a63a8fd065cda40,1,d1c18fc395b6455ab1b8a1e1b3fbcd57,b3786ceff86b40d9,9.98,1.93
eaa1fe6781e14bf9aa70663403e81d1e,1,6a9bf60b3d204149b8bd350570782f46,97bdffdf9f824f62,34.1,2.03
eaa1fe6781e14bf9aa70663403e81d1e,2,90838597fce043afb0b70ce890eb7aa8,1a3fcf3db93f415f,13.48,6.01
0fb5cca134344aed8859626c93f06bd6,1,7aac226a67464658b6854e1c117fdcc4,35fb78d13739416f,15.54,5.48
0fb5cca134344aed8859626c93f06bd6,2,70ccae42f5f941d18b5b12e33fd6fccd,a7b8d8e35a404183,6.39,2.28
747cc3522d8a432c9076d3f3d0dd3e9a,1,0ad2565e71b5460c8a9fb191abcfde8c,aefc6d678c2d43a1,3.21,7.13
be60c3aa42904eddbebaa79f3a81d7ad,1,465e9b9aa90546e1bdbfe5963ceafe12,ac9e49c2d34c42b6,26.15,5.33
6ca9583827324b30b1af1574ba89ccf9,1,d2a2f3a9d4744b6eaff24f44656fff36,b49c24e495e04dfb,16.52,1.22
711552228c5a4507a6c9699a2b075684,1,b60de994e84440158c80998932c95abe,226451479f2144e9,10.95,3.26
ab1bf6c333d347eca9a1adf10cb2e9a4,1,8b75deef2760498993792379a0ecee2e,ffb01aa236ed4065,15.51,3.32
ab1bf6c333d347eca9a1adf10cb2e9a4,2,e019ed19164848518a603b0bc3bacc6a,37ee6967e0af4ad5,11.8,7.54
95da495a2e444f39b806a2e26f6d6a8d,1,2cc155dd47024e4c9dd35955ebd6a3a8,eaed4367cc4a4256,1.62,1.39
95da495a2e444f39b806a2e26f6d6a8d,2,9773687e10f042de9ae1b51641a91295,2909c1c878db418e,23.97,4.34
f31968da277c4295bc561d4ccc111106,1,e0b4018cbfa74568a4b6de26921b16cb,2653ab0377b34997,8.85,3.42
f31968da277c4295bc561d4ccc111106,2,6ee15332f21c46c6995eb4415b44a067,f33290c6fb844c18,28.16,2.09
e01a4cac6c0344f28d3a6c7c75e5ee13,1,a82c77181c964a61b0b5102435dbd29c,04b79bdb327341a3,25.38,3.62
e01a4cac6c0344f28d3a6c7c75e5ee13,2,1ae4c847a1244c86b5384bf610bb9216,db69c91da5f947fb,7.89,1.53
e01a4cac6c0344f28d3a6c7c75e5ee13,3,4d00329f9052445b9e1fc614ab8bde57,e83b9017d7544219,14.7,6.94
7b4ef5cd450342debf2084e09d5bf65c,1,d470cff8618b42faaeb5d16614eed0a6,8760df355abf4071,31.73,7.84
e887419b136847c7ad0a39c5e1c9b950,1,2748137a940242279c0eb5e2844523a5,7a3a6e73f81a4b81,19.57,3.8
e887419b136847c7ad0a39c5e1c9b950,2,32532f932958497f993995f8150daa64,9db631dde1284aed,25.84,7.04
e887419b136847c7ad0a39c5e1c9b950,3,0b5c93ce3b4f4015b5d1ff0ddd97da48,d3e3ee9ab09d431c,5.21,1.75
efd4e0e6e2d4401f93ffed85dda55512,1,ffc2a750411e4e5fb324264d759e5030,89a0a6b4bcb04982,16.95,3.85
e3e861e230c749d1a47217478d7fe09d,1,f9305b429cca4aa4ae47046ea4eb652f,863109f740e646cd,7.65,2.97
7b142dec67d445e3bd880f6269a94d55,1,be2d7f5112ba43b2906f7e2d8f1abbea,6dcf587a3b554498,31.81,5.01
7b142dec67d445e3bd880f6269a94d55,2,2f57e0a42caf411cbec6e15cff8371e0,c0cadb2b27c54e8c,18.32,7.46
7b142dec67d445e3bd880f6269a94d55,3,eefed11b7ca2414ebff8b49f3cef80b7,47bcc83179844691,30.11,2.48
7b142dec67d445e3bd880f6269a94d55,4,6567daeac5a94d9aaae3622c63a7cb60,330728bf4b1d4eaf,30.57,1.31
cf5faf642d1c4cba9607f723fdaec6d1,1,8d59dcfbe5284c7d9aabcdfadfe46cb7,819a6f1c593b4787,6.42,6.08
cf5faf642d1c4cba9607f723fdaec6d1,2,abe3c6aacecf4a1a9035b29a79374bc1,8fac2242948b407e,25.65,4.36
d1ca29ef87df4cbd98bebc0fc3670278,1,5f879ea6be5a4ffd850fb323d93cedca,af9bc53357424ef3,15.18,2.24
8efb82613590479ab179941befe78c96,1,273db3526d5e456ba9c06d907744e956,a6b2852b9aeb44ec,19.29,1.83
efe01d74bcbb49d384570025c843017a,1,8ea55c5aa7ae4c2c87803ef97bb5d902,950cfe1704a24b53,33.88,6.01
efe01d74bcbb49d384570025c843017a,2,f7ee58c15566446888f484a2c38d5a5d,f5b00ed514b448b0,20.57,1.26
efe01d74bcbb49d384570025c843017a,3,978db040df314169958215e3f082caca,b28cec94502e4913,34.25,1.67
8d580d7f830349cc97b7b63e389e3edf,1,920b9e8c449448929fb22e67986bf04e,0454cec92f1d4b32,19.45,3.53
8d580d7f830349cc97b7b63e389e3edf,2,b9f247975a344d0790075657922419b9,1ea6d663cff844dc,30.14,3.44
1a4744c4f2d14fabb30538f62bd684b4,1,efa3a17bd8d740f891b371de15b40e9e,979a02f11b2843ed,30.51,3.5
baf6e43e116149db91f4d29f33d0f92d,1,67cdec2eed0b42bf8cbdd1ad82a01049,42cf44887da84417,4.11,7.5
baf6e43e116149db91f4d29f33d0f92d,2,81c88e17fda648a2ac09f65eebf82e20,71d6e7a7ad324280,11.21,4.83
f6b8a58f332044bc894a831a5e071d73,1,b2fb8f8b4b934565829b756034d5adbe,d59d33aca69140ec,31.48,5.82
82234b85c15b4b1884cc8e43f05855ad,1,026ac4ed67154e88a4f250b7c648c88e,0f48c425c48142df,31.88,2.66
0cab48d08efe41f9b619ee14b359bc69,1,8cb780bda5dc42589f1cf60be9865bf5,d43c6e33d3da4d46,16.97,1.13
bbd670262acb4e32a658f7569ce6ce97,1,2e1ce2ddd8b44b58b7c032c19fd8120d,61db50888a5b49a2,8.74,7.91
08579b0712a14a3ea0fefb068dd67604,1,5c7d74976ec24a4097c642d16ca0970f,ef8312c5e2804283,1.98,3.12
2fac9372b73b4e1f90dec201ac4681b1,1,c8e8e62eda434fb4baeecec3da93d019,750b277ff2ce44ba,8.3,4.75
0f369c90aee042e4b188696dd17d2b47,1,20c8c87602424fd0a5e7570f5aaccfd1,0d26ffdd72cc4e85,27.79,1.63
f4207e83127a452891a6d9cfded06798,1,742e529489c94a5b83ac82af1b589958,4494ca17e1e14a6f,18.06,7.2
341b6598b66649aeb06a6ba35c918f3e,1,cea20d5826e4456897d9bfc16c97df74,0ae45e55c67a4546,30.24,1.38
341b6598b66649aeb06a6ba35c918f3e,2,59c11c305a0d4b1bbc58525b87b605a9,b61da82d37f943e7,17.54,3.46
eed0707e66f144efb41ae6c1cd9651f7,1,91d19406a6be43aab822c814be0e8b1e,44bb55772505454a,31.76,7.74
1946238b0417407d9fcd7c6188b070ef,1,ba3d951f5b4f403f94a704eb30d8008a,3f7fa76ec4914be7,17.22,2.34
1946238b0417407d9fcd7c6188b070ef,2,a05204b8dc86421e89e6c914b90629d1,28f50a355ebf4606,8.7,5.49
1946238b0417407d9fcd7c6188b070ef,3,cb451f83ee174ce0b983079a45ea1d32,bb18999cda3345e7,15.57,4.16
1946238b0417407d9fcd7c6188b070ef,4,6d45dec8b9c141b5b7629d523aeed531,e3233ebb94bb4f11,29.61,5.12
03bb27869697464fa4ea6483d2941524,1,6578133b84504a988453168374e32c38,402190f730274e62,5.57,2.05
55babb1482fd41a7a2d13dacfd49fc4d,1,b6d5614a763546e88afa6dfb830e92ca,e1ba721ba8d444f3,29.25,4.75
55babb1482fd41a7a2d13dacfd49fc4d,2,cb743b26b0344e04b29d213ed0f91695,6e6696f47914479d,28.56,3.39
55babb1482fd41a7a2d13dacfd49fc4d,3,fd5c2988ff5d4528ac9d2a0ae068b594,94172af572554401,33.41,5.13
55babb1482fd41a7a2d13dacfd49fc4d,4,0c4322e652024c979b84475fdaaf5bb2,4ba2e58308334844,24.98,7.03
d0877121063d4e4787895f0b986c58f5,1,c0881d1e24b74300a6a64110e15573e9,e813b09851e84b72,9.08,5.3
d0877121063d4e4787895f0b986c58f5,2,dbb87cc42f0842ea88a51eb6a0ab057e,36b219d0e26b4d3a,18.2,2.26
a1e8fc7297a64a45a7a77b9d8d4182f3,1,e61f9c14014d42f191bc01ed4b15ccfa,e7e2b9b9e2294e36,29.95,4.35
ffa2ec07bdd94c4ca16a183870acffb0,1,0e592f2f14784ddfba3a5e3efd130697,870957b5ea5c41fb,29.16,2.27
357d6fda6a0840de894d9f151d59eb66,1,07517f9227174bdba8fa75375075024b,aa5c3442068f4e59,22.38,4.82
357d6fda6a0840de894d9f151d59eb66,2,0acdbd2869c04ebf91ad0e5a86a27158,6c6f854215e649e4,9.58,5.59
357d6fda6a0840de894d9f151d59eb66,3,d54a27858e634c94b860edfc01614abe,196b1b30a73e4ede,25.4,4.74
3fbb828a574644acb767ada74b7fb33d,1,4123395039864dcb9b621fabdf15129d,10e183a1bd4449e1,14.1,4.34
89f50d0e69ef4fb39f7eaec43aac4965,1,7a288ea33e9b44abbf69faf8bdc6cb62,d55c232ff7ca4d27,16.51,2.6
dfeaddb01dae41b493fc9608c187d09e,1,ceafef35a5c24754bf3d0c5d486ac8be,1afc2218961249ce,15.51,6.16
dfeaddb01dae41b493fc9608c187d09e,2,b9bc98fc4e58465fbbf87ed0fdf3c29c,ff4d0d409d5e40da,32.09,4.92
aa52cac72b474f839cb896dd8e53d19f,1,73353b129189438ab911517e4e11308a,de3163ca35d1422a,5.34,2.44
aa52cac72b474f839cb896dd8e53d19f,2,0c595208e5ba430f8a9cb04116b0dccd,d7967c9c6acf43a4,12.49,3.79
2a0cb1c678f04a969a749a258e48df51,1,4bf06d9b5c75457fb9eafe0164fbbd02,fe0f07ccc87246c0,13.02,2.03
c80e6a7276c94313b08bf07331be4564,1,02959136243c4512a1a4e3dfb1111a7b,67b23f5814874148,16.91,3.39
c80e6a7276c94313b08bf07331be4564,2,3220a354a0cc4a65a90f94cdb59acdfd,d71558a7beef4ce8,9.01,2.73
3e40a58e38694500aaa2dafcb4687c1a,1,154ffd0efcbf4235a4e826226d90ed73,5e85ea343ae94039,27.64,4.93
3e40a58e38694500aaa2dafcb4687c1a,2,6e3c504813b547f3a70f26de5befa253,1970d5fd1498418e,15.71,1.47
3e40a58e38694500aaa2dafcb4687c1a,3,31ca7c2a6aba4680930be7d4719d2872,54c86b12d6f3488e,34.05,7.29
96d2c77b98884bf997c91cc8a0e75e3f,1,d806c2eef79a4788a4b63b7e1c3a0d5d,ebaa822a498b475d,24.09,7.06
7538549b3681420f8edca26c24eb70fd,1,155dc7a0213540f79ff84a8500765880,405cfd09c4e3460d,22.3,6.17
7538549b3681420f8edca26c24eb70fd,2,47252825e75041dfa99ee46173e25cb9,3cfdfe1479fe4670,24.66,6.24
4c883c4436094d7f93e4e92c699b0240,1,58b8380fff87470f81cea66116321f92,f8a9c8277690421c,29.91,6.42
4c883c4436094d7f93e4e92c699b0240,2,1c6bbd7339a145198d02b947a464f4c0,81108553f5a64e7f,10.99,4.62
a61685942f8845e2b472a1897ceac179,1,fbfb0400ea5c46328ff9e37d00be9b28,23bf3ad1f4f9492f,21.94,7.01
a61685942f8845e2b472a1897ceac179,2,2dee303c40e5416eaedc3b85184a301b,464bb6fbd30a4ee3,34.1,2.38
54a57878b40f49b692640fb3f15c2f59,1,d342813fc0a541ea8ce39d8306af48e7,83cbd10a2584404d,17.13,3.36
6214712ed05341909ed7836e397b81ac,1,628f1281f19540acacc71c0d0e90d76b,cc39309445f4420d,2.05,3.3
004434d2d0334c7eaeec7ab041a55f47,1,848b92517a1d4e829536e839f653ead8,dbb3579d91684da5,2.84,6.62
8d3e47e5ac104d28b002619a416963de,1,d0337537ef51462abae23286898b5118,9715b434341548e1,26.74,7.48
8d3e47e5ac104d28b002619a416963de,2,85f654fd33484172903c7c6497ef2962,347dd9fa51ea4b67,10.73,2.46
a5849714603640bc98e61350089c3057,1,cd9c32e390934200a61fb5a6f4165a2e,5a5581785af345ca,20.05,5.33
a5849714603640bc98e61350089c3057,2,a57fc58ef8694dab8a3e5af414142b3a,bba95c27765044e3,12.34,3.18
a5849714603640bc98e61350089c3057,3,80003cab4357422fa025b63720006ba8,ca50486fe52b4427,10.21,4.96
092f83fb34b847cb80d0d821263dec60,1,9cde2dcbb6324cff91679b342607637d,c91bc87bb561403b,25.77,4.37
139d4e194a3f41bf98011fd9beb4efba,1,8b6285004847481da002fb949222f462,c6c64c0830224700,34.58,6.19
139d4e194a3f41bf98011fd9beb4efba,2,0aedb52743024b7291a1c8a658d4455f,08c58da17d88461e,18.99,7.5
dc457a4accdd45038d2340cfb6ca8872,1,d95b7f818db94b47aa9bb022d565de18,828f7939a47e4a6f,6.29,1.63
dc457a4accdd45038d2340cfb6ca8872,2,22c5ce643246429190fd5c27972d4fb9,d635be080e6f402b,25.41,3.22
dc457a4accdd45038d2340cfb6ca8872,3,01f783b3df464d33a8d8878065ac31af,013956163dba461c,30.49,3.33
374b989cf60a46379937ca90804b5ea1,1,49fd1e74ab3f4cbb9b858480b3e8597c,226ac5fbea05453d,21.67,7.44
374b989cf60a46379937ca90804b5ea1,2,e13bc6c33e3f4c95a5341f057f404834,0fd6755b685f4211,32.32,6.47
374b989cf60a46379937ca90804b5ea1,3,9124eef8c7cf44f49c43e4ea55a1481b,435b6e622b5b4a76,29.75,3.59
0f41ccb41d8248308542134acfe9ab91,1,8cb055a43ced447eb956692903df348b,dbfad4931918403f,33.22,3.71
0f41ccb41d8248308542134acfe9ab91,2,e3e6ff5ccdac481782db42edf45937e1,cd1a0551735c4b1c,25.22,6.79
5bf39db40a1a4759ad90bc91711179f3,1,be26dc2d21174485b463aae5df2a1380,c4723be8c63f4511,21.61,5.62
5bf39db40a1a4759ad90bc91711179f3,2,4c2e173d114142cb928ab53ac718dd45,89ef987297c34137,5.89,7.3
5bf39db40a1a4759ad90bc91711179f3,3,e4291fe67af34a5c927fc9efe040b38c,dda2d193bfa140da,31.5,1.42
eb5c58d1e3a541379545572397d99245,1,77071470d6a54d52bd7226359a9f12e7,f1f04c2bdb15400d,3.15,1.25
eb5c58d1e3a541379545572397d99245,2,c63e611727b544e39bf3cfcefb121487,6903531fc46f475f,9.48,4.83
54d81f14c5a6448793b52dd9f16861bb,1,f900884a007f4c3998455e5a70fc3943,8a0e4bba804a4084,27.31,4.17
57bfe9aa67dc4c3589de9401a5da7fa1,1,359462f9a8d54349b6861daaaea870fa,502ad700eaba4608,7.32,5.57
57bfe9aa67dc4c3589de9401a5da7fa1,2,a209daf3a7f54fcb8976393783f344c4,9ff3807b6d1e4d90,3.11,6.72
57bfe9aa67dc4c3589de9401a5da7fa1,3,68a2228edbd34f38987c9a528c71a761,17a027f9f326427d,4.5,2.56
3acead01202c4aa7beaa36a1a4ddb0d3,1,eba16d37665a4f8ebd1526361a207507,fb01be840d05404b,3.06,5.67
0443bd56acd2411786c4d48161295270,1,0405bf0d2da14d52994e8f2e6486f083,fc22b5dbe2394c20,25.2,5.27
be0e0a6f532048e3a742de63271af0bd,1,e3b1530b7d434691ab990a79ac1a8fc9,6c736c04478644dd,28.56,6.1
be0e0a6f532048e3a742de63271af0bd,2,e970588ad19a48f6898090ab115e808c,a61f0e3fc2124c14,26.72,2.78
1c7acf0841fb490e98e3aa56be5738b4,1,24c92057c2734852a9b9309bf2e260ce,9555f82913c742c9,6.91,2.24
1c7acf0841fb490e98e3aa56be5738b4,2,09b1e4ac67704b54b03a97b4d4ea6310,facfa644c22b470e,34.95,5.35
1c7acf0841fb490e98e3aa56be5738b4,3,01b6a2efa0a5486b830f1ad18f68796e,4e293753e5154dcf,11.03,4.49
1c7acf0841fb490e98e3aa56be5738b4,4,ea2f46b0237b40adbca0424180e94508,3d23d8d49d504c50,9.62,4.81
7e4265db38bc45508a70b4a2c0417458,1,6f5c32f07bd342999a1ad7833e30af41,d5ce6bb6448b4bde,4.43,3.8
99a25e81ecbb44adb246b619ae1c5a3d,1,1d0ced6bc62c45c0864dbd5509be8c7f,90f6af17418148f0,12.73,3.55
27b34034e6a047618113f3f4175f2123,1,143e89214eff4a8eb9611ae3aa934784,25213bc328d843c9,27.69,1.08
27b34034e6a047618113f3f4175f2123,2,25cd4124a0764dd689b9fd13253c2522,5fa82c1976f84173,31.57,5.42
01b848658b3a4841abf7cfeb7198a0c0,1,e7aff00f02774d638c4e4a1b258a2d92,a815176b11b94d96,13.76,1.03
01b848658b3a4841abf7cfeb7198a0c0,2,8048bb7ec88d4c79a67e752a9a004b26,e320145bba2049e1,5.28,2.18
79a68d0ed4a64de5a67a74dcd21b1e58,1,be5ec31f27e64dce814e02dbdb5daca7,e87cea78d9a148ac,22.22,6.37
79a68d0ed4a64de5a67a74dcd21b1e58,2,e571c8a998824c47b8ffdd1bd0ed4445,e3a77dbfe2a9406e,17.81,1.06
79a68d0ed4a64de5a67a74dcd21b1e58,3,8a0688053d1549d9b61576d5db695a06,c161e2d50a68471a,4.2,5.98
97beaadedfdb4f13b02a34f3d0b10761,1,ec042c225a0843f086f046ff0699f388,d8e4a7e0d7cf4565,31.65,7.7
ecec029273da43d3ae9e17d686cc004e,1,d13a06e42b8047608d227fb3e71a757d,44c7dc82f59b47ca,9.31,2.93
ecec029273da43d3ae9e17d686cc004e,2,826649fea8bc4a78a6ba8257713dfbc3,dc9ffc6572444f0e,24.03,5.62
2fcb28046a7349ed89c7a7e499139433,1,d3636cbd57144d1e9b583f4f2ee99157,9c342e801c0d4ba2,9.83,3.59
173f2474c25d4c36ba9cbb9155086e1f,1,7318e80a79b34ba1a988e5de264bff0a,0e131623f42d4800,13.71,5.76
06e04e8600d94f2f82d3a547b59a724c,1,8aeb7dac58e8487390b7af57a608a480,a2726046d9484834,26.93,2.04
341d0a1f923b4d788bfec5305f7b9fe7,1,cbd69ac1a00c4bc1ae697bc4c0b61035,fc6c43e451d44907,24.08,2.3
341d0a1f923b4d788bfec5305f7b9fe7,2,2316a3b2c663406c9141a9edaab1cc52,5c984a117ce24775,18.16,6.77
73e3dd8cbe304c699ad2a561f56adfd1,1,48599247c2154d96b8fa8b63eb88838e,7614a35ffbb240af,21.82,2.69
73e3dd8cbe304c699ad2a561f56adfd1,2,b5392a8f66c545adba41a789813dff86,b07e32ecd4a244dc,4.13,5.2
a2cb27f5d9ec4ba8a01cc04084528855,1,c4e483f3d1eb47aeac5ad448340a745b,78ade5ee7abc4d5b,26.21,6.41
a2cb27f5d9ec4ba8a01cc04084528855,2,c8a0b4369c494f109598cb3bb3612aa0,1329244747034c15,4.74,1.65
a2cb27f5d9ec4ba8a01cc04084528855,3,ad8544fbfd2d4a1ea59405551b580aff,12c24abca7cf4e4a,18.67,6.27
15a07a1080da43e78c02743eed4a87fc,1,a6eae05f5fc84df8be9e31a8974fe16c,63a1ea5b91054d8f,28.76,4.47
15a07a1080da43e78c02743eed4a87fc,2,28119a5d4df8449895f93efe53859681,a69f341862764818,30.19,2.82
c88526e9e3ff439bba2c77695ec1b148,1,e815930033b3455e8f88faf8882daa9d,d4fc258a80494c2a,14.67,4.49
c88526e9e3ff439bba2c77695ec1b148,2,233fea2930df4a90a435986afda78cee,0259e19be24f403e,22.64,5.9
21a041243aae415ea3a4f204cd376def,1,099d0beee1804cd4932eec2968a7e68c,d53b2825b044466d,23.24,2.15
21a041243aae415ea3a4f204cd376def,2,354aa0ec9cc84933afab58a045e64154,12e39baadbbe4c2b,14.82,6.82
4ace99551fc840a2ad226c66ee203960,1,fd890369f53f4dd38cdf639273fd8b40,cbef5000a1954d9e,33.02,7.41
4ace99551fc840a2ad226c66ee203960,2,d8d4651691314280b0ce451f6611e4e6,9123b99ce1994263,19.32,6.85
4ace99551fc840a2ad226c66ee203960,3,658ea8984d934ac1bfc8b429515a293d,0c4859bdccc34a85,34.77,3.82
85b0434fca8141ed8e5210ba4c6bb445,1,9c5324754b77480ba1213d08373f820c,e7141cea4de94b10,4.36,6.62
85b0434fca8141ed8e5210ba4c6bb445,2,0c4334bd3a1f481b913664d23e2c9dd8,f56699c1c4cc4cd3,10.31,2.66
85b0434fca8141ed8e5210ba4c6bb445,3,1c7477f9d2c94846a656941f416485d5,49521ac6fe024d5c,7.52,1.56
b7169be7276646fb85a68da20c2e4641,1,6d7f0b54213e4559a78715acf1c66fe9,09c7f9f71af244e5,32.22,4.84
1f936aebfe4a411992c13133160669e7,1,233e00dc48c24494bf5ca80816681932,5ca90be9f6ee4417,20.86,5.85
1f936aebfe4a411992c13133160669e7,2,5fc849f28a0b46568881a32991696bd2,b6a7dcc0274745d0,3.88,4.84
0ffbaf9b41344c87a279f9616d222e6f,1,1bb354d7864d4d3b952e86732d00a046,d8a7f3263ea744e2,17.71,6.77
0ffbaf9b41344c87a279f9616d222e6f,2,e96d7a527a7b45eab001d4050e768ab2,ea9d1897d6f04c08,23.27,1.82
0ffbaf9b41344c87a279f9616d222e6f,3,c5fabf56146d4c98b6cddea56b31dcc1,0a2eafca333745ad,32.66,5.24
0ffbaf9b41344c87a279f9616d222e6f,4,1ccfe298e0034ed2ad88e24961823980,1b7da71165074913,32.7,6.05
aad8e51953404a4496ac8c939b1f7a59,1,e74b0996eeac41b398bd6ba7bb3581a0,06872e8724814f86,27.61,3.09
364c8e4e60cd4f8086d89812e35d46ad,1,57727b6b379f4982b0ac2accc01c3965,cbb90ba1bde64c24,33.34,5.67
57ca70a8a05d4a20a587ba46dd8c3b6d,1,083cd421fffe42a88550a1045636653e,7d806e6722ef424d,17.35,6.14
731154a8897a4384be2e1a3ba3bb42d0,1,c8ff8142fcf74496801335f6e04dcdc7,00de5664bed24e6a,6.27,6.74
731154a8897a4384be2e1a3ba3bb42d0,2,4ccc80c4a35d4dc4b7de07dc308f3538,1f4eb545db834313,32.59,5.73
731154a8897a4384be2e1a3ba3bb42d0,3,93fb3fd60ed54aab8a4907037ee24661,d530a99595db4d6e,8.74,6.54
45313761fe914cb5a46829db77b4120d,1,01826ace9b5f4874bd7da93c9f3ca999,a28e6841af5948f1,13.67,1.07
3ac7e6bdc46347eaad016de84881636c,1,8d9c767a7a8f448e9468c292b4284a2c,635d632935484e31,25.24,5.49
0b4bf1d63c5b45f99bf6eace9baa9acb,1,7d85a944247c414cbe48bcca5d1dd595,efae2a03c6784120,22.45,1.11
0b4bf1d63c5b45f99bf6eace9baa9acb,2,9305313da4cb457d973ab91a1b5e6d18,b0764dea78b448a0,10.87,3.95
bc47ac69748b4075891d04a326f8ab6b,1,953a8bf32cc846c1a5d836d973bb1d93,d0758c4ab158450b,6.67,6.23
bc47ac69748b4075891d04a326f8ab6b,2,fe58b113ee1f4e7d8722a55e1cbe594f,6a37c8371a564a90,12.98,6.77
bc47ac69748b4075891d04a326f8ab6b,3,1fc06d218f3545a8ae4381f95ee22eb9,91212be96418461b,6.33,3.38
27930a9373104e339ef930fb0ea512e0,1,1027302090da46ea84c70cc597e6f676,7b5d3c86be4244bf,24.22,2.31
27930a9373104e339ef930fb0ea512e0,2,03d99a089ba44714941b40545b3b638f,ea973c5a17aa465f,27.25,7.82
27930a9373104e339ef930fb0ea512e0,3,ef7b577b1efd4114882b3c512c102878,7bb09c1d60e042ff,24.77,6.5
88867665d58b49ff9331615d193dee6a,1,36ed115409cf4e569f15d443601e9a67,8594bb5219834bdc,1.88,2.07
88867665d58b49ff9331615d193dee6a,2,922d5fb6d20d4419a7080ba2e1eb7620,4d0885c540d44798,22.83,4.72
88867665d58b49ff9331615d193dee6a,3,99e2cf5e315e4dad91fb28c0dce167a0,879782a9e8134777,25.33,3.04
bdf4b078b3b342639cbab12a340b4b66,1,569c6b0dc82b44a4b8f09ca84b3a1a21,ece7aa89b5ae42d1,21.59,1.63
d5ec6e45a0654794ac08c03cc8fd4eab,1,dfad9bb84beb4c52bb9352ef70e0bcc9,adaea3537eeb4730,34.21,7.05
d5ec6e45a0654794ac08c03cc8fd4eab,2,d046291c9ac6446b884a855351f1f3ac,6c6af0641e6046ea,2.76,4.46
5865a59390cb44519b99c59d4f46b05f,1,75876ae0524049f69b5b13d9c55d078a,e58ea1d6bb2c4a81,9.89,7.43
ac3478454bc04cc588c3350cce0dd183,1,e570297f81aa4adeb69d4c14e801d533,74ccfc695533480b,14.86,2.55
08966bc2ca2a4b89b458fad35a092c0f,1,aaa63471f9884632943a1ff3da9911a7,da8341e72b114b48,17.04,4.88
dab163e2f1994ce0a3c52c39c9ab8013,1,7c3ae3a3899d4ae9b949d65845792ac9,6bcd9d08fe094005,26.24,2.98
dab163e2f1994ce0a3c52c39c9ab8013,2,a68f46f26373432594d7f982d3630017,c64c50e4ea6543b9,28.18,2.53
bb7297386c034ebc88f46c4c7ea1cee4,1,43c704f3747044d58ea6c7dc784f6558,d414b98ac27a4596,16.13,5.63
2041a700bef440758b4cc0e217e78a1a,1,293096cfd1c34abb80f69dfb9d2f3c8d,e00614d9782345a7,14.04,6.02
2041a700bef440758b4cc0e217e78a1a,2,fcc6e2ccd84046ce9e4cec8df8b28366,9f14cd1d08f64c32,6.54,3.44
d7dbc85fb2154337a52f46ff66bf3d4d,1,fa2aa5ee36c645e09e0911bf2801c37c,1d8fe7fe68194c73,10.63,5.17
d7dbc85fb2154337a52f46ff66bf3d4d,2,aadb6942f1c94e1aa91a0e1ee76b227a,fadf37c6366c40e4,27.39,4.96
d7dbc85fb2154337a52f46ff66bf3d4d,3,5e9b12674d3b4585b0ff48f3b07d20c3,c9919983768b4daa,18.39,3.92
d7dbc85fb2154337a52f46ff66bf3d4d,4,95348671fb4846299df7e195fbe265b4,bfb4183b85774171,34.33,6.32
a3c199edd8244addae0f70dbab1da153,1,7401d28adc324a14b0220f6f3bae836b,bb1917fd958d46d1,25.02,5.01
d346c959736e4579bd383e1aa500edce,1,428838d4217046eeb2371c5a76eeb544,f360a1fc1fa14fc5,22.06,1.8
0bd92c65836f41f4a51739e4be886703,1,89a48b60a9a3476d94e076fdd5e8e6df,81183c8df7ac4d11,11.36,5.66
0bd92c65836f41f4a51739e4be886703,2,b1a12572b6574bbeb1f56de873ac98a4,f3ab494f1d1d4a4a,25.6,6.94
7e0df6f4cf62471bbce90debc20010dc,1,c6ddae88f154414a8b742f9ee8442844,27f02c1ef5d34975,4.16,7.31
29608b5c6b364d4eb7d8b153810ee581,1,75195e19fee640d49b51f78e3269ad16,5f133b442ef34d85,12.81,7.33
afa134b8a8484df79e81a179ce200eea,1,8be41bd3dadf48d4877b57f0bcba5610,80c049e37ebe4a8d,2.97,3.43
e2ee7e9f65e846168b7a965d211bf234,1,5b8263b4a0af41ff89ad9f91280cd21d,4947862f5a934d53,34.61,4.41
e2ee7e9f65e846168b7a965d211bf234,2,b37b0897eb684cf2b567f5d8336e1be5,2f34f64e8f6644bb,12.51,7.58
e2ee7e9f65e846168b7a965d211bf234,3,b1d9e21410ec4176baf2ab064396b060,ae6af3268bd649f6,18.76,3.64
43704aa2485a40d8a6b67a7d1431109b,1,69fc483f2ff74b2e81f98abeb284ddb2,c9e772f8d8aa4152,9.46,3.61
43704aa2485a40d8a6b67a7d1431109b,2,f4ad4a00cc3b4563a820829e026c1503,a321884f5bf1492f,31.47,5.79
209e8e4424d5453590390cd396c1bfd2,1,9595b0c9815e4a6fbf814c6212ea573a,7b5aa531ac864ceb,16.65,3.68
209e8e4424d5453590390cd396c1bfd2,2,c33ce131e0cf4b328d9cae943617d0ff,f500442e95c9462f,14.69,1.35
209e8e4424d5453590390cd396c1bfd2,3,33454876b6804024b308e549fbe880d1,a71a8f088d534228,21.09,1.59
209e8e4424d5453590390cd396c1bfd2,4,656fa8d477ee4310807f423006120a96,197d75ab32204a7c,22.05,4.02
c4eecb842b284aa7a1b7a37448f9a49b,1,050c3e8767b24f8ab9f39dd2e37635a0,b24ea1b1af764bb1,9.32,6.4
c4eecb842b284aa7a1b7a37448f9a49b,2,23400eca37c04bb2b2e1b5836ce7f5b7,15858797f8374692,6.81,2.32
f5aab3ac79a54e2e932ad56beb8aa13a,1,3169bda745f244f69dfa8594b19aef5f,1d53d3dbe3314638,8.62,7.13
f5aab3ac79a54e2e932ad56beb8aa13a,2,646fcac53ac84cbc80ac8b1083e04058,b77190a0553d4692,3.54,5.4
6b7dd93df39e4435a2618aab8c1c178d,1,21d8777eef784222b3d369a9552ea3c1,38291e9e81e940c0,23.92,6.05
41613d12a8404ed991e0997a233300ca,1,525fb5ece57341d084894f5ed5326b36,2263c6c0f7774fd5,27.49,3.74
41613d12a8404ed991e0997a233300ca,2,444bbd1e81b149baa236604cfd051ca6,b30b4ac463084074,20.17,7.69
425a28198ebc4ee3b6485ec698888222,1,a2e159e6ca4246d38d5f94bc13cfe0b9,63d361c7b3da4ca6,3.2,2.71
132c41ea04cb47b39b782bd546c35bf1,1,2bb61c3405b94066b75e7bf4294a54a5,d86cff78e94144f3,26.85,2.62
132c41ea04cb47b39b782bd546c35bf1,2,165e18495ef14ed18d0b2f4bf023abf3,f02a39722bb14e43,15.71,5.0
63d88d6ed18d454cb0f2ba94b786c298,1,330da8b0155248fba9111a5d1d494949,2e99dc344f304562,14.95,7.3
5ac2fbb6923e4184871e74c5ba156bf4,1,e4d68aaf134148618033348329ca6d05,f609fedf0d2d4512,28.96,6.87
5ac2fbb6923e4184871e74c5ba156bf4,2,e1ce5280457d4772ba2f2160c9b45ca8,a78e8a6216074bf8,2.73,4.84
2dfe7107e8294fcbbe69109348ce9814,1,da5ca50f48764c208c54c462c3acc461,39a70e2001d44619,31.05,1.39
b82f08e8cf3b4a8dabb8c098907b7693,1,f8441dc7d87942d7acc9416f8293d8a6,6ae0825e37ec4aac,25.72,7.13
b82f08e8cf3b4a8dabb8c098907b7693,2,09cf0774807f4b6a9ee48f7a8005196f,4b54907cce1245b5,15.5,1.79
8ea1bf8b6cee470798a13dd311236df8,1,73c458980f8d48b4b30108b26160c71b,08699f5f710e45b8,13.14,4.31
8ea1bf8b6cee470798a13dd311236df8,2,cc68fc4efad44c2f92a870f6d324377c,2296a677988847e1,10.45,1.44
a68b8e6b10ee4e379644baf4d4f4b413,1,ea10c0875b4e437f9f3486232ce1fc98,9583eccbad77483a,4.16,2.7
8a7b605ec9c04938b51a5224e518bdfb,1,87c6ff0f08584b82ba7a3056813e6746,aa09cddf406747a7,25.58,1.08
8a7b605ec9c04938b51a5224e518bdfb,2,399b6d804b3845caa770fc243cf27200,e27d0264cbf54f6e,31.05,6.53
2f5f61b365534c7d8c8b04ff30dafdcd,1,9a974132acb44124af95456552e8a273,9a4b491053574fe4,4.08,1.44
2f5f61b365534c7d8c8b04ff30dafdcd,2,33a18dff94a34c51aae67b9ce12039f4,36769ceb83714040,30.09,6.5
2f5f61b365534c7d8c8b04ff30dafdcd,3,ba105e47863e4b5aa869da45825cc806,3bf361c86d404f08,14.41,4.74
ebb7f56ee9b54d239c50014da2377db7,1,905696fd7eba450d84e92fed98bc7363,40f6c6fa86444948,26.13,4.01
ebb7f56ee9b54d239c50014da2377db7,2,34a083ea17db409e9b508b73befdb525,9045b18cca6c4529,21.06,5.85
d5591a572bf2431cb5fc02475a7ffc83,1,1084b7381c034038885b93fef15591f5,c7cbe3e231b94fa1,16.39,6.0
8e7830e023a942419e0217aada817149,1,7e2d322f43f0403f81cbc1f1521d1c0a,5aea8c0ad9124959,9.44,7.63
856943c4e9c648abb80740e1b1a68cbb,1,b601dde7150445beab628ec949006d12,b1ba80702c914354,6.45,6.88
856943c4e9c648abb80740e1b1a68cbb,2,ffc732cbe9dd47c2973c6aa4910e20e0,3b2632d8abf94d18,5.03,2.3
856943c4e9c648abb80740e1b1a68cbb,3,008e2c30cf2244b6a8362aeac86b487e,3f44caa7a5a4417d,8.86,4.77
856943c4e9c648abb80740e1b1a68cbb,4,233552192d734b77ab21d69902fb05c4,dcc4814fb14e465b,22.73,2.8
580fe58422624100b5a2e352b9353df7,1,c0e73adcda7248f4ad23cc1b93c22c3c,18be8fc35951491f,7.78,7.51
82849652453c4988aa6b5b940a912fcf,1,35d8066b32e646a2bbc84eb10e5e3884,df367b1997f34cc9,34.08,2.68
57d77f9beedf4ade9fa6814830f742f5,1,4b9e44e19b5f419bb0e70273aaf4de7a,9490cdeb0d324c8e,2.9,6.77
82f0a1a3ff7a48669fbcc6bb292fd3f0,1,6ec310cb31db48aa86bf1bcec5457a7a,e2ef1153a8374006,21.64,3.19
73a826425a36443188358e56ae949c79,1,52da3dce529f42628c7ac7b429fd67ca,2a501e830b1c455c,14.73,5.83
73a826425a36443188358e56ae949c79,2,4fc3711491594bfa869b2102e3b81859,161d0c5c5cf948a7,15.27,3.58
73a826425a36443188358e56ae949c79,3,d2c574c2b39f497fb1dc6fb5459c769d,4573cc3a98a94f5e,10.52,7.34
73a826425a36443188358e56ae949c79,4,113ed7f4c7114f3495ffe8e987faa6e9,7267da3f86a140c7,5.63,1.7
2ba7625104a74ed085cc2faafc44cd4c,1,b339b3c4dc5c458a89e7ffec16c0842e,8bc0fca678b9484b,27.33,5.36
2ba7625104a74ed085cc2faafc44cd4c,2,8894f8ca280042d69d8834805eb396ad,03fea60b9f3b4e80,32.4,4.09
71b76e6cc0824d738f0ae453991a8294,1,a98c4ebd380e48b181b8de024ebce79a,7e12bb42c9e542c6,27.28,5.39
fa885f2b0ec14b499f191cf58c0a0e8c,1,b4aab860e715492e8cd538b0d59c4d63,3d94305c2d484afa,33.86,5.25
fa885f2b0ec14b499f191cf58c0a0e8c,2,8956c706de78471b884f7abcf491c434,c2de5d5e487042f1,10.35,7.66
fa885f2b0ec14b499f191cf58c0a0e8c,3,e54d8149bd984c119c085a9da5af7373,dbedc66dc1a141b0,18.52,1.92
cbf90fd9f3244eaf85c9fef3a180989c,1,c21306bea69647cca7c9fa699f6a13cd,8bb6388072014658,27.8,2.64
19083aa512c34d9fbe12c9dedf3a8010,1,7c4d7b53edf2449b9307fba07d0c7b63,9df9372532b049da,1.69,7.21
97c8da14f77e47fc9055ae6935e67a69,1,eb7840b962c842a29ee546575ed81bac,897319efea2a41c8,33.08,1.21
86e8d1d16dd44c369a7413dd4e9f8333,1,61fbf752af8940be9d2f8dc854f781dd,087b39c6f0114d84,16.23,1.98
2fa9b5e2a4064ef99551f194bd28ff98,1,465a83a8d2474e4a90ddab41efc28d72,7b4b057b8a83465e,8.07,6.19
671040572ad54c62aba76c28a4e4c219,1,2e0fc074b2994fe4ab23334e85715dbb,cb91c61f3c004c60,33.47,2.41
bd641d10e5d84951a1a35b3a61935fb1,1,68e5af42e584421384ec2c3781eff9f4,e0a1027cc89947fd,15.7,3.21
bd641d10e5d84951a1a35b3a61935fb1,2,66f447dba6dc449d86b7a48921c5d4d7,ce70cb1071c84d18,25.78,4.37
015e5c575313471c84ddd22a8aa01926,1,dc95818e9312480784c5a36198116c93,58166bc981e8402a,11.96,5.19
015e5c575313471c84ddd22a8aa01926,2,57da9c190fa44df99f7c474abc73ff99,16ffabbd56874bdc,18.81,7.4
11e6878844234211ba6d10a6707875e2,1,529f7bf27b0e4e1782aa5210241c25e1,c8b53e605e30410b,26.11,5.35
7f7ead25a58e4e7abb90727ab3c6ed38,1,ea684ed731ca47b5a590e30b3c633e82,ae8c3af32eea4b6e,16.32,2.73
765f0c17588b41479887bd4a705345f4,1,053bfda59d054678ac260f9e802773d4,2496eb30ad6b425f,15.09,4.0
765f0c17588b41479887bd4a705345f4,2,d87f497284e5470aa8e1a42879252658,4213e31ef3be4d98,13.86,2.43
765f0c17588b41479887bd4a705345f4,3,8a43f55e725c4337a9bd68dcd7ef6c57,431c24cc5b944c92,16.86,2.12
cebbb7e3048d4a4f99e033a8897c8c09,1,7fd8a32cd05d494ead725390d85a89ae,d419f5f3e8744070,28.8,2.85
2225f0f9474a4339b3caa91250438083,1,80c2995aae3d4d6787a7ef051826ac7d,9ae86ca4bb854801,28.31,2.47
22bbcf53286344db9a36da8215cfd8cb,1,ae7f5f065af740a897711fe5bc5cae19,7ac3051fe60747d9,14.77,1.23
7e607e69efc2492cbb6ccd97bd7faf73,1,505f6fc3f6284c38b4fb183af36a76a7,aa1feee4b40f452e,2.98,3.14
7e607e69efc2492cbb6ccd97bd7faf73,2,5d6df727bfe44a979bfd02fc0e07985b,21cf17203b584733,21.51,2.78
1e6cef0b85b943b0bf22e8e52168022d,1,c8f08944963b4134b946cf04eef58ebe,e85152914b4c4c5d,20.24,1.62
1e6cef0b85b943b0bf22e8e52168022d,2,de6e0a9828134506bfa25aa365c9ff0f,7318782cda1b4bd0,31.39,3.06
4b325d40f9364271abba73f4b27e5f82,1,28b00850db5b45ec9fc46e3698088dc0,f5e075004d0e4e92,31.85,4.22
4b325d40f9364271abba73f4b27e5f82,2,ed61f96d60424ed59b4956637fc02b42,1bfff2399e9e4a52,33.45,4.8
d6aea9921c254a0eadc28eaeeb08cc63,1,5998b628b67741cda790589d0aca6b74,0618d7038224419a,25.04,3.08
d6aea9921c254a0eadc28eaeeb08cc63,2,2ddcf76f367144bc98b8c5003c5c237e,506bbfc8ff50415c,14.3,4.61
d6aea9921c254a0eadc28eaeeb08cc63,3,1d765f54f3514f83b029d9aeb7849190,28a8e3caefb84d9f,23.89,7.27
d6aea9921c254a0eadc28eaeeb08cc63,4,1e84872ed0ce435bba7788f130b207aa,00b6ca9d708346ca,26.46,2.64
3309700eefc54f0da07d31000daf4d76,1,c048e5b24750492cb2d7d78b2c43b5ea,32b0f7c7e8a54ebf,8.12,1.65
3309700eefc54f0da07d31000daf4d76,2,3f828e7a0f0943489b2f2de91c500a62,b9bac77e9ebb40d8,14.3,4.3
a5af09a739a942029cba43be438bf267,1,6613433d1af241cda02f5c4e45821a13,16a49e6b54864234,2.52,2.46
b6fd7e043fa648d8b11022e1a6fb97ea,1,e15d1b942d8a40f9b8f62c067b9ce50d,aefe9e0f35304abf,34.22,7.49
b6fd7e043fa648d8b11022e1a6fb97ea,2,a9503eb48a4646459dd26827743055c8,6e78bd23a4c645ba,22.0,4.71
f73b264c4933461190c8e63c0c634384,1,1d3813d568d64cd5a96b6052f7969738,b7aeb9bb98764cd9,7.62,3.55
f73b264c4933461190c8e63c0c634384,2,2dea6885848a44c6846ee6d83c3c03fe,c7f6b5dd837f466f,7.92,5.32
3b2a61989b7346f883f4f0f3a9c77787,1,6b55a7373d304f8ea93ffa48c15e5832,63d74752668c45b0,26.54,3.79
3f378ce649af4613be84a61cc5c0ed9a,1,07a3c634154d4012801931ddb1d7cd91,94af576281d744da,19.26,5.67
3f378ce649af4613be84a61cc5c0ed9a,2,c2aedbe2bdc647128b47a7256099d1c4,0ae4ca37997e4ba0,34.51,6.37
3f378ce649af4613be84a61cc5c0ed9a,3,9677d00c9bc9424bab07582f4a634ea7,8b87fc4227494a42,32.74,5.1
3f378ce649af4613be84a61cc5c0ed9a,4,34e534494ae84f568b8c9a6b2032bde4,df9c592d8db04c83,15.25,2.14
10acc4f8ab7c4f1a9978ae19486b06f0,1,656f3905f1c84b5da7d710bf0b5e7179,e96c185ce4324d7c,10.33,7.85
40537e08e0b149509dd0d2e2058e4f68,1,dbbcd21813914f2181c81cdc92ab98af,45b494cf7bd24d5a,34.83,6.89
f9256b0d40644c7eac32bee7ec410fbe,1,4d35e00a76ef40859400867617ee7064,28ddbe3767f641eb,12.57,7.98
80a44e31cd8f4d05a314fd4da7b8ffc3,1,d0b9b2a0800546b98f8bd979db066ba3,2b9e714783c74008,10.67,2.83
80a44e31cd8f4d05a314fd4da7b8ffc3,2,59b33ab41064496dbf0ddf44419ca7b4,e354e3b3fefb4b03,22.68,1.0
80a44e31cd8f4d05a314fd4da7b8ffc3,3,94d5d07865c246f5977796694a850866,100c479b0b2b42ba,16.84,1.91
ffb2084f159f414d92c3da3bd9ad7d9c,1,0b22032b84d546a08e826c34e6199f7f,fc9a1fc3cf7a4791,3.94,6.73
03681406b93541cf9df7656a8144f4cd,1,ebd2c524d30b4b25b0c0516c9f5e91f8,189eb1ddd9ee43fa,7.38,5.11
4b8df0361d874a89a8ba163b7ccde0d9,1,fd1490538f8745d3bc38e5a282e14747,a07661c61219423a,14.81,7.51
4b8df0361d874a89a8ba163b7ccde0d9,2,0eeb6ddca1924594b71246de58ed6c99,d2e74a228d7b41d4,16.65,5.02
4b8df0361d874a89a8ba163b7ccde0d9,3,af77f845276b4429afe27d3a86735c02,25fffabd0822400c,25.14,3.88
0b20217f3d37468699befb12d868de3f,1,bd9a7f06bec04599a0a749c36c4529ad,a20ef33421524bbe,21.95,6.0
a583be1d40d94089b23911ea4eef2145,1,218f6103eca445a2a0cb67e654367fcb,0b96bda6954c46e9,3.86,2.52
308e0d1b4fcc433c8d45a47cc9609643,1,1fe02f11a4c049ca9408cec1421e2411,ac698860137e4482,33.2,2.5
9ed3bda81fc74fd4adc6d75de6e0d40e,1,60ece94d9f464cb89c0f7468d80f229a,87bd46478a2e47dd,17.82,6.26
eebc201a175b4364bde0e3884344a367,1,078988510d414f21967835461a7c8093,0107e3a99309437e,18.38,6.25
b9c17efdfcba41dc8da7dbe41f7ec8b2,1,a03a3862cdb64d72a9b9be0cd0303b73,1978b3583fb64c7b,18.01,7.12
b9c17efdfcba41dc8da7dbe41f7ec8b2,2,a2411ab1bace4803b8ec3ecd867300bb,af41dace5dd34a14,4.91,4.06
222299affe2d4df6a6bd83cb4f95157b,1,f461482c24c0430a929c41a0fee2947b,11256957e967467f,15.55,1.79
222299affe2d4df6a6bd83cb4f95157b,2,723393aa1a034456bd8b49ffd9a28a59,70686f2a7ae645b1,27.37,5.85
222299affe2d4df6a6bd83cb4f95157b,3,b4daf0ea9b024dcd8b99f09b2e51039e,dc5aa6df49734409,6.86,6.1
d778fa02062f4dafb0871b1ba1283ccc,1,02e3bbeffdc94fa4ad489217c368a1f3,621fff4bf26f40fe,5.12,1.42
d778fa02062f4dafb0871b1ba1283ccc,2,97a56f0a4342464eb87460b9065d819f,51e6d1f2b87a4833,20.78,5.23
d778fa02062f4dafb0871b1ba1283ccc,3,1d2820e1d946450d804967b05abb6e8c,c059c2336da74f51,2.15,2.9
2ddfe0e0a8e6491abd3d5f15133ff797,1,f46e23917f8249a7a6be768a222cc454,cda1cabb4a7a489c,3.77,5.42
2ddfe0e0a8e6491abd3d5f15133ff797,2,0e147d45a3bf4208a2af6e8e3b601924,ba367a2845ae4f05,15.34,7.09
fbd8ff7a524b41408e0feff5e381b5c4,1,bc480641ac94420e8294b9f35be8d4ce,5b2df832c10948ca,14.42,3.98
eddc5bc1f7f942e8bb74198e2220703f,1,cb490974796a4206b2493a63bee1bbaa,e3d300ee38d64c05,7.17,1.28
0f106b3ee27e44428450e3eeea28f5f7,1,635aa378581b423e8719d1ab8a08cf47,1b93c98eb05b4bb1,16.61,3.56
7d19712c54204219bf77a284de339521,1,1b5134f473ec4a3dbd1c413c2b88fa0f,8fb6f349dad149cd,26.54,5.52
7d19712c54204219bf77a284de339521,2,5f427f6c40104eb5881aec62bc39f43b,3afa8fd0452c42dd,34.71,6.26
aab68e4719f34e5284edbbe723e4108b,1,de5059ad123c428b94750635d6dfe1f5,7ec85ff9aad54dfb,16.46,2.55
ddf85848817041b09f915964903d571e,1,bd626afef6414fb18e2c9e3632b585f1,e8bddeb4df084f07,4.15,1.22
f181ad5b93074dc1b39a2b0a9fb18913,1,1a2c1105681a4053a0dc49cc586f424b,e9fa67e43e81404f,9.24,6.25
b7f29a9129144fc3bee5f4f1f75257f0,1,04d11d1434d742d7ab7b8e836f602ad9,e89cef0b39e84ffa,21.07,2.57
b7f29a9129144fc3bee5f4f1f75257f0,2,671e7016d70b49bfbcfdb49e80b0be65,6bb6660734ec4ba8,2.97,1.81
05a0974e388c4084923d17f980d11ebf,1,b5db723509bb4b588304468214d7b3d2,874c8cfc5e864457,12.47,3.47
05a0974e388c4084923d17f980d11ebf,2,f9d2580738cb439e882500daf34a0481,e88676e43b3c4720,20.91,7.4
05a0974e388c4084923d17f980d11ebf,3,0df53a99b164424292500978017e37b8,57ca6650cdbb47d5,8.94,6.5
f0b54503b993400fbda7b570311599f6,1,38e3f3dcdd63496286857751c5d6deef,6ef772a4909f4930,6.93,1.93
f0b54503b993400fbda7b570311599f6,2,4e0d945d3ec74f3aa4805a4bf36ecd01,cc093e0c3c054b3e,15.99,6.91
a392831a9d174c7a86fd0549b4f02962,1,9a0e8010249941108d1202bf0879b75a,985b86a272ac4910,31.4,1.18
c49fb4e590444954a5ab8c05e6a1a64b,1,4e4a438ff52f47998a4be87c92efda8f,ba5e37b910d2495b,29.36,6.06
4c84d3829e794f0db583fec7a9de28f4,1,3bceeeb90ad64c1ea6c6af827ca75b47,ddac1503da1647fb,24.59,3.92
4c84d3829e794f0db583fec7a9de28f4,2,2154dd12b63940e6ab157a1503bee6af,5c4422e0caa44521,32.42,3.07
4c84d3829e794f0db583fec7a9de28f4,3,aaa0d32f82af49b6b7a126bade9d1acd,e5b55e81d1874002,25.77,1.26
5f74a94fab514147ba72dded5000f5c8,1,d3c686cdfea940e7989c975f288336d0,9fcb0863ce9a4b01,28.54,6.4
242bd76c66bb41fb942c7ed2b5ad8ecf,1,41520e371d5e4f4eb42c20927b6ba63c,9e3e445ca36649d4,5.47,5.41
fe4c4912171c4c31884324f6388d8c69,1,e5b13d4c72fb4d6aaa9022b505228e79,0c96a9e1f1e140cd,7.37,1.33
6861554b18f441f99569e0dc088519a3,1,0ee9ebdf2b4145e4825c4d4929558485,a28ab241ea814763,13.03,6.74
6861554b18f441f99569e0dc088519a3,2,c037c73058684dfc875cf1e17994ff15,8979f84b678c4fc4,12.08,2.23
6861554b18f441f99569e0dc088519a3,3,0019c77478ca4315a58b98bd0284380e,92d2e351d5a14da4,19.83,2.55
5c0004e2587f4a3b9045a99df8bedde5,1,4450d9bd8f3e495180c3f133b522e710,2cec930a886344d6,16.04,4.55
32c6bcc1e44e4a9aba9c3c7f5f404d11,1,8f666b28944d45049c0e2214c46c7732,f8648daf761244fc,19.87,7.99
a337fd1a1c04404f8694678bb33fe697,1,ab1ade880d8049edb997e8961138656e,1b736b5a863a400c,29.0,2.8
a337fd1a1c04404f8694678bb33fe697,2,23bff44620a94d87bd5c6afaee7c3f41,0fc05ea9ec49475c,27.48,1.21
2fb2f9d4246f4775a228a78f7a135283,1,6eb05d842d4f42afab924b56a5be52f4,bb5694f44f0049ce,22.13,1.68
1d6caf8bc97140d19051e27731834e70,1,4eb4c0d22a15431dbe1ab3304d836610,8a80fc4f5df34f0b,31.5,3.33
1134538fcd2b48ff9a75066526159d12,1,d8e56326649c437096fd04cdb285a920,1be7068bac014888,22.48,3.32
ec19e92119d646ecb06deef27441a684,1,37db3366770e41a78e7e088e5e894ffa,d9b77ef86ef4420d,14.01,1.26
e47957c9a9604b96ade26947acaf5057,1,08a675d7bf154388a21c76defb1d14f4,650f83196f4842fd,27.49,3.45
e47957c9a9604b96ade26947acaf5057,2,66936c2005ac4a66a8a63032e68d00f7,26b0614f599548d6,25.73,3.98
ed7dc4dfe21a4505b2c9ea11cc2f3695,1,56970a697169490894506e76882fa5a2,565849674bc64364,19.53,7.22
ed7dc4dfe21a4505b2c9ea11cc2f3695,2,e107390b05c9429abbaab24f5fc7b82d,f0ec77ffbd714113,13.01,1.47
ed7dc4dfe21a4505b2c9ea11cc2f3695,3,d556ff22d6d3448db00181352bc1752f,e7f25ef716df4e9e,27.37,7.46
ce88399e786448f1ac3ce8a87c7cba9d,1,aa3067f582c445f0a42d3ac712492fcb,b2a72017b75f4896,7.16,2.99
ce88399e786448f1ac3ce8a87c7cba9d,2,a8abae8837b54a39bf1378cb7022bbd5,1d1c22ddd4244b68,15.84,7.62
85b6c50058e448739263e61b85ebe157,1,b395077844ca4f1582ace0a1f92ec283,0366572bb1804860,29.84,1.53
20fbc37c559247a7989102aee5f11df2,1,19c8c3de75884536aac08a427a5b3e3d,4bbbd930fa15496a,26.08,2.42
20fbc37c559247a7989102aee5f11df2,2,68d4c3005d4e4d2eaa81e94d85f6e63c,801168decb504670,21.7,2.58
33834381a4104fbeb1dc91fa39769dc1,1,2656044ca0bf437cb3fcaf0b5465309c,e093040c7a0e420e,29.28,4.09
33834381a4104fbeb1dc91fa39769dc1,2,ac2254bc34a04ebb88aaac386760ecda,d8f04a656d9643db,19.85,7.07
33834381a4104fbeb1dc91fa39769dc1,3,dea6a9f1ba6f4170b68acd55de8df08a,228a6e1b9bf34e91,16.32,7.07
e77b0901ed724441b70c7024f75881e9,1,ff78084b420b431aaaa9152233dad08a,fad4b0256ac64cd6,11.47,3.63
ddb3ded1eae54c7fadc8c3c1e00b9fe4,1,13ce4471f7a14c1d94cb2294f271f8d3,8f2d46d955434843,10.44,3.36
db5171f339e24d04978005d294d6a57b,1,8c1b00af2f934bae814cd60f3f054b88,a53ded793f8a4aff,32.11,4.5
0af18781c8204ff28cb9c4ef03d2aaba,1,ae501747a0f24a46ae1a0e75ec8aeeed,bc242da3c1cf4ef7,18.93,2.4
c096f4f2b7814b7c9be106e259ba336f,1,8792027deb11474fb9eeeb0eb9d3fd62,95b4953765014d45,24.37,7.92
56830bdc53a3474182a4bbe00b7e4586,1,10092c7a806a439b8313a91acb818141,c5c1a89e448f4d3e,10.61,7.76
56830bdc53a3474182a4bbe00b7e4586,2,1050fc8e38b84adb8608f435999afe1d,1585fec072044710,6.45,2.42
ab0b5074e6344c2a948f9717d0b0b70b,1,9a0ce94993b64a74ad12ef0697f4b29c,ec04702c972e4f6b,11.42,3.19
9f0ef324e0b04e98a1df818e0b24d59a,1,88722f331fe641d7906cd8743b964e8e,2c90d592f7b34038,25.12,1.5
c725d1913d82482d82ab28ef163fa8c5,1,16f756c2622b4233953f685e36ca1818,b35780e28c484cfa,17.62,5.57
b9cd48210c67454eb6825ec9262348f0,1,f4c024de77a44fa8b25fb94f645308e9,8c84ccd63196454d,6.4,2.35
8231cc2cefd24e0b9642781a00931b6c,1,898f13a93b96424d81635781a2dfd710,a17806b866724536,18.94,3.16
39255fef548c473b96bbccfceff2fa23,1,282f70a9e4fa42179b384b9147adf0f0,fa4c26b5ad7a4765,27.63,1.92
858509bcb5b94f6f96ff2a74f010c0e1,1,9b586a96ed0749fca25ba018c81f6f39,541b22d599ba48fe,33.37,5.81
b7d936f195fe4521aefad9217b066c2e,1,dc1220dd63d3474c8b4bb8f7d028ff7e,176e0a06a50d4ea6,32.91,3.86
b7d936f195fe4521aefad9217b066c2e,2,cba5b623bac948f7bc9ff2821f9b08aa,275f482eaf524453,17.7,3.35
42dfb618c44642e880efc1474e202331,1,d1ecf75de7724507acdca01980534612,c011f9ff13d54a67,13.08,1.9
d74d62a2a8884c6d8e24b9ccc47b2cc3,1,ab7e773f49c941268847ec1ebac3f258,ffc3b705660449aa,11.36,5.18
d74d62a2a8884c6d8e24b9ccc47b2cc3,2,230ba5a60b2a4a47828465d2e77b2c6d,ad725ae98bf64a03,6.36,4.21
d74d62a2a8884c6d8e24b9ccc47b2cc3,3,fbbfad42126f4c29a2b2d2c1b3832c06,8f59972f0cf24b48,25.09,6.59
8594fc3d5dcd4b0a8a29c936860c80fd,1,76802f6450ba4cceb02eda5184baecb5,a33a4c8ae9af4b9b,3.21,1.93
8594fc3d5dcd4b0a8a29c936860c80fd,2,62aae936ccce48db8fea757c49334823,b7049f15306941d1,24.2,1.18
8594fc3d5dcd4b0a8a29c936860c80fd,3,b802e4c6e00a4163934a0081afe5b890,3831628b8ceb467b,13.16,6.92
813b4938724c47f4af10de9fe0fe0777,1,dc68100242024344841e974be8cfaa7a,0281253e6dc5434a,26.5,4.12
813b4938724c47f4af10de9fe0fe0777,2,c28d1f543cef442f969258f916bb018a,217a577b6de94945,23.37,1.53
813b4938724c47f4af10de9fe0fe0777,3,32c724d9d1fc4efd88177510c938c915,7346fdf690684049,4.8,1.18
e4aec270ac354fae84bfb92168948909,1,23456a7f759245eebb5d6b4cdb2675b6,182cbf43a8824f78,29.67,3.02
597b66f707fe41a5b174df2b47bb686f,1,eb126799f89e4fc7ac466ff08def3605,7a1255482abe4542,1.98,2.33
597b66f707fe41a5b174df2b47bb686f,2,b7f06d7a0a40498fb0b311118b7bc711,1d47b13468d648cb,3.32,3.94
597b66f707fe41a5b174df2b47bb686f,3,bb9d26bcb01c497cb0194f2031a9b94a,59f31b2cd6c54aaf,19.59,4.29
597b66f707fe41a5b174df2b47bb686f,4,d1c9ed2df9cb404fa7857cbddcee9212,37e274adea5c4702,5.22,6.57
ee6f654fbca7422f9db18c6afcd997f6,1,9cbe8f4c7bbd4f7884e8e33579480cc6,ee09d17dead14b18,13.5,4.67
f3b4367ce0f5444f85a2a1b81ca4aad7,1,9cffc78781884401833293146b10ba49,6ae5cad6a0724453,17.43,6.02
f3b4367ce0f5444f85a2a1b81ca4aad7,2,291c58e65e23496aad814fad81dcba34,62d79ec755584b1c,27.97,6.67
698bd3ca700144cd8c7bc434691da08d,1,f726aae3bcc7479caf67b66d59eff9e7,47c27f9f42514b87,29.69,6.6
1a8e24a560fc497eaaa61d9bfa32f414,1,624c9e702c914b01a8b496d4d348ca11,3f58c7d2328e46b1,25.32,2.47
1a8e24a560fc497eaaa61d9bfa32f414,2,04f59c5fa91f42d9bd20356ed97decb8,f6ab8221799242f9,22.1,5.59
4f8c3757c37e486da6edcf75241cfb88,1,6d2e76d818ba4716a88ffc84ac4126d8,de83619c5f4948f8,14.96,3.54
4f8c3757c37e486da6edcf75241cfb88,2,a3f18c678ce14cf7a3d9a7b5ebad2c04,4f486fe9429e4eae,7.74,1.65
e49c22cb8e5a4861896d6763213051bf,1,41f7ef30bdd2466aa20da28c9f4c8ed2,527de77c480c43c5,33.92,4.62
26611872e15642ea8d760e68d58e5af5,1,1ac22bd3317e4798a1885638863eaf3c,06005efa6c214aa6,14.97,6.76
05ace485c609450492637cd1cd6b5f7e,1,fcd75df241954bb1bd414b835ea10bd9,35e89c173e754835,29.61,3.29
36301df071ae4032bb2451e228cdd5bd,1,14cf3203005d49a38a4bf8faecf7b598,1600a9ca0c39494e,31.28,7.89
36301df071ae4032bb2451e228cdd5bd,2,159e339c6833442082482c8202f5564b,f001d965aae84b96,28.53,6.99
82be1760a620452dad3161a26347448c,1,371a6dde47dc4a3db86378dea26dd9cc,571d3fabed444d04,3.14,1.33
c1bb51866ddd48e69ec35913b64c1cb5,1,4bb3f16dca4d4f8abf28ce3c6bc2baca,1fc0b57159574b64,8.38,5.36
7e2ecda2004c48d2a72775802b0ce433,1,fac0e318be75439fb1fc0468becacee2,59be882358f445ae,11.94,6.36
c67aba6254764422893730c9cf3063f7,1,dd1cf64048344585934c038dfea439a8,a5e9b3cf083d4d29,21.15,4.75
7c160dc24cd94a00a824687462c88ce9,1,ffddcce8a62f48c68e1ecb59e737c406,d2fbc0b3e96c4d86,20.56,7.36
7c160dc24cd94a00a824687462c88ce9,2,ad2a20a8dfa448e9b41df4f8bc743c40,63c76e1b75144677,14.47,6.2
7c160dc24cd94a00a824687462c88ce9,3,51a6841e3b564da195c05765e8b6288d,5622e63c2cf04682,17.93,2.33
7c160dc24cd94a00a824687462c88ce9,4,00d0bc6cc9d44ebfaba6e31663cc11af,16b3738e56fa4869,7.63,3.93
f0bc62cabcc64f9c8048dc4cdd6ce3d9,1,e51d46a81f694d6092e5005e571d8a19,9bf64f58b2d345d6,3.91,2.85
f0bc62cabcc64f9c8048dc4cdd6ce3d9,2,e08dc0bf44004d1fb4f8ae45b2100598,2f6871c555524110,6.6,3.69
7ee9ff5b228341d9b3cba51a1cf66266,1,792be9bbaf00403aa509f4a7aba2145f,2f92fcb492074050,27.25,2.08
55a8de5b5df44c698ed8070132d1182a,1,56ea61e9bbcb4364bf9ba65ee73dffe8,94f415ef2aa74f43,23.73,6.74
55a8de5b5df44c698ed8070132d1182a,2,e035899e92a843d99f68e7f047d92b13,041866d9c0d044dc,20.52,6.94
7042f43eae2e485ebe0aafd8a4ab41cd,1,4aed0562132a427c9407e269e70ff73b,bd5cc35b12ce4377,24.53,1.74
7042f43eae2e485ebe0aafd8a4ab41cd,2,f483ab8600db45ddb708e4c3e2264545,0470892a83224500,18.1,6.95
0a5db2fc276b43e49f5f6f55090953ed,1,5def38a1eaf2432b82abf0f9e7c3a817,43e71edf694a4c20,12.24,2.06
0a5db2fc276b43e49f5f6f55090953ed,2,247f4c6a4df54c60932c5088686a6aa2,4022435bf018454d,5.63,4.76
decab3686f3f4c6aabd0e6e22761a3ba,1,e306b86cbaa84c0c9fc6921034b501c8,d810507230d34ce6,11.33,6.6
decab3686f3f4c6aabd0e6e22761a3ba,2,fcdcf7a5e6544b95a1c873484de6b5f0,3b4e8f904ae348c7,13.75,7.52
decab3686f3f4c6aabd0e6e22761a3ba,3,76c04d7141e94d2394350b70e6615942,2e82f632fb114bd7,29.71,4.22
cb64635bc15d48c58082fe2e18d04c7c,1,8ea13d6d85054931bd03e3db48ac8083,d32e00da17124333,13.45,5.74
cb64635bc15d48c58082fe2e18d04c7c,2,65d0470f4e7448959a4c2e688ddf8bd1,afd946cb262c4b64,28.62,6.69
cb64635bc15d48c58082fe2e18d04c7c,3,c9213afad1e24f29b27375902b560039,19fcbc8a8abd4ab6,33.27,3.52
cb64635bc15d48c58082fe2e18d04c7c,4,76bb7a2016114374834eef1f7a3dbcb8,7b4a8d8c8b274b00,26.82,6.74
bd2cc886c294474290bea9e7261d5708,1,088bf34c4475436288d2c9ed8f0b60a5,cd9c9f189ea74f54,7.01,7.03
bd2cc886c294474290bea9e7261d5708,2,ee88b1a643f34935b25b35a50e9de599,a36ac3d5a25f43d1,10.46,6.53
bd2cc886c294474290bea9e7261d5708,3,7ab16d261ed54d2db53d0423c9e490de,8911589737d2416b,13.47,3.26
bd2cc886c294474290bea9e7261d5708,4,3d32eeaac6c841f5911bf9758b843397,f25fb55aa5274d31,14.53,3.1
fcfe5ee14f604257a8c7b97f018a09ff,1,7f4bb434f5374110abf0ba4c0dde2f5a,5361082c38004d03,21.41,7.62
fcfe5ee14f604257a8c7b97f018a09ff,2,e1303f1b34414cadb1ffc4bd6be70ab0,bbfce1bc44e1494f,22.37,5.61
cfdf15e52ea64f779d89bca9ff06cbd6,1,685382bf1ce0411588314f372bd468b4,8f74d6ea286b4187,16.81,2.17
cfdf15e52ea64f779d89bca9ff06cbd6,2,ce7057a54a5a41738b829704b4824252,938cfba16d894baf,20.3,7.16
249651e95ccf415e91cdd2627df1f1b7,1,e02afdcc9e1547b0bef80528573b1d41,bffa8586fec54863,5.63,1.28
0c62fd67230945dc887fb3e359c218c8,1,8eb6f86d342d4648acccf044fce4c6a4,643efa301ed44d23,5.93,3.2
0c62fd67230945dc887fb3e359c218c8,2,63812648714648fca80bbd8d759b5814,f1a326ac78a7464f,13.48,2.05
0c62fd67230945dc887fb3e359c218c8,3,a821569dad1d43a494829e9884f8df1c,f5bf4d3c3ee84297,11.38,5.69
5478368cc1cc46789f037786abc27846,1,8f9c0278308a4effbd1ea1b69fde151c,a270d7c9c2d14639,30.76,1.92
3a11d4557b70473c8c34028a300f3871,1,b741af3fe05a4c229cea1bf06b2e4d27,5752d14755134552,25.71,4.61
3a11d4557b70473c8c34028a300f3871,2,b8058fad94904ae695d4f1fb3cfdf9c9,1b132db66dba499f,18.85,5.83
c14c52f8772241e5a39da73fc0019a14,1,0393aa69ad824d5f8b22284d79722a9c,6fee5d8710464882,4.45,1.14
c14c52f8772241e5a39da73fc0019a14,2,652a62dffd074f59ba6d9503dfa9b6b7,ea1e99ffd1db4ffc,15.17,7.17
c14c52f8772241e5a39da73fc0019a14,3,fb628f08974045e89a4397d430191234,b279b224d55e44b8,15.12,5.58
c14c52f8772241e5a39da73fc0019a14,4,516d4bdeaac245b498ffeddc15ea61f8,473de761282c4025,12.24,1.55
2df947c29e91419a9b154fcbc04b77fc,1,d8a69b78c97e433ca37bb81c3b95fca3,d9813c501ad5495c,27.73,3.91
4bd25bf429bd4893ba221c581a5a2607,1,6758095880944b3ea305b7b53918825a,79de9a3394ed46d3,29.56,1.95
5826016de7514f459ef85b38f5e39162,1,809fe93e95174858baceaaf88a83443b,cfe7087edc9c4fe2,29.97,3.34
5826016de7514f459ef85b38f5e39162,2,d66af0197ea840c7953a3ab261dc9db1,76eab5dbbdda4e9c,23.54,5.06
5826016de7514f459ef85b38f5e39162,3,209fa52ab8644a9aa3e319d733e0cf67,1d98c642ab204af3,33.84,3.6
989a3cc6c22a4c33b6e07cf9eb9fa515,1,08a4ba988e2042d596f1297fd63b87aa,7627ad70bd444a1d,8.29,2.78
f6a05f13731b4eb58a839232c48d2efc,1,e9a047f79dd84dcbbf0b872fe273ff29,34b8f3805b4d455f,16.08,1.8
f6a05f13731b4eb58a839232c48d2efc,2,9cfa96802ef7456f8729b7a7734587a6,dbc3d621b0144001,21.87,3.42
95a788e2429e4f12ab384a1c0a5adb3a,1,4b045abdd90748128f19780e977407a4,79c8328f8a8c4f0b,27.72,1.84
95a788e2429e4f12ab384a1c0a5adb3a,2,3c91e1493afc47429d9b317ad56fef19,f863e5a039144ed2,14.0,7.38
68817b19a02b43e99e0111f3ce84d8a7,1,9053f34740674cc88d96f900ac0a9e1a,af7d2af273cd4cd6,7.84,7.68
68817b19a02b43e99e0111f3ce84d8a7,2,66024f994a4e483794ecc0435f78de38,8beafc69de3a4ed1,11.15,4.02
decb98b10c6c44499e5622c702b471f8,1,2780cc7b844542ccaf0cf4f57a65d3ab,76e201b3ae3b4898,13.19,5.67
decb98b10c6c44499e5622c702b471f8,2,50351236d928403699c7d372d86ff9c2,81eeac58c81a4ad8,19.0,4.25
af86980e463c432db11b2f5b6b475d2e,1,46c6f3f224e64b85a49d9267ac3573e6,a60019d9adc5486f,34.14,4.99
6eef147b02004796806c91a16804919e,1,b8f48e85c4ba4e5599f9763ccea6d590,db230dc35d1b4aa4,26.14,4.02
991f949cee1d49a5ad85ec55af52eb1a,1,ffb26101fa3d466e8dced27bd6005374,fcb40202df1147b2,32.22,2.41
c2d65f9b8f9046759cdd2b257f276825,1,550e1de50f3144bf9436f56d08ca0c0f,d40f344b21504dc9,14.44,7.15
c2d65f9b8f9046759cdd2b257f276825,2,43d0f1dd13bf4f2dae35ac9a004d6665,4c41a21a75444505,29.57,6.19
b9ba4c3f64704e749d298c66b734b557,1,dcf6550ca8eb463697cb2e6541212bab,1190446861fe497b,18.29,3.92
b9ba4c3f64704e749d298c66b734b557,2,87ae7cca94814cff8a34eb3879225310,1edf142acaa84e14,26.15,1.02
b72ad679cc074d61a48eb583135fa558,1,2f5ee7532e894744a49daf1b183a799a,114a55726b0344d4,32.71,7.44
10c6a3b6695741878a198d962bfbacad,1,f70c410326324718a6c123757a95e2d2,cad739072e184456,31.42,7.9
5d50001a922846a886446ffa900c6536,1,d8e8a9b2024c413fb289751be0d6408f,e9a7e0c76cb847a8,6.94,4.66
516abe911fe948449c6aed1fea3d2044,1,3a538ca50e2a4a5caab2615f9712219d,a6c634415ae34b2a,34.65,1.08
0978abb6b0df475fb32ff86e86fdbec2,1,07453c93215f46aa8b6878d4e54ff724,d74c19ecffa64022,25.95,3.74
83818eac74094ce49df6fbe6f5ff7926,1,03d74022ec924283b0136ed303db4e3e,5ae54caf765d472e,23.85,5.62
83818eac74094ce49df6fbe6f5ff7926,2,2e634cccd7ea4bdb8a27d94b64cb156d,98bae6964a3546cf,2.62,3.98
83818eac74094ce49df6fbe6f5ff7926,3,d5f67daa55494adb9a31481dc25559a3,2ceafdbcfd354293,32.76,2.15
7d5a404fa07b45c39901be438f076108,1,3a40a226a761440daeeba47d27311021,36028f73e3004c1f,25.49,7.42
92b16aff0b8c4d968accfb1b3fcba744,1,f2655fc76da741ed8dccde3fa60d6a00,d02b33df9524448c,8.41,7.25
92b16aff0b8c4d968accfb1b3fcba744,2,40b0cfb4564a495496215bf91978cbea,490e0c7d3b7c43ac,28.97,6.22
21ed08be5da84d0baff7d70cfe19080e,1,d1cfa7f739064690853f6b400a28d33b,06550ba1c2594f6d,20.17,1.44
cebafd2d53354e7e9d1ffaf86be313be,1,c96418d2de1c4443a07e15213bb14247,a0573c5c518b4ff6,25.73,1.39
cebafd2d53354e7e9d1ffaf86be313be,2,16b703eaa3804b869f5bc7bf05e5dc0e,6c3cd5c476944297,27.47,5.4
cebafd2d53354e7e9d1ffaf86be313be,3,8374c29fc96547b4a7fec75cf1144949,d85c3689863f421c,18.68,3.44
d1a81848fba3401cb0334e6a926810a1,1,e4d5f44d141449eb9347519cb2f42ca2,9deb31fcc1014e81,15.56,1.2
6becce7ffd7d4b8c9d2ade3bd2bbd22a,1,8987e08da49b4ae5ba4ff6e3b03d3a50,0fbe28b8b0374092,8.27,3.05
6becce7ffd7d4b8c9d2ade3bd2bbd22a,2,67b70ee9602e4457b4fad6396ab5486b,e1036642d7bb4d1f,2.3,6.98
6888ac8070f74dc888741d9c02093eb9,1,70479830010a46b4b3740d10faeaa09a,5f906caa300042e9,17.41,1.07
67b3c85c4a844a4899b39393154b26f1,1,37c0ff1004bf45e0a6741ef401a6f321,a147bc485199483a,20.06,6.62
6b121bd2fbdb4b9d881fe584eeb11120,1,bd84a819ee3c4cc2ab6acd46adcad838,9da40d3dd3454824,10.68,5.48
2014d979d90343b29af64f26459d5e21,1,4c6653b7f9ff41a68b3b780b9e2bb39a,2af5ee1ab28a4e77,30.62,5.45
91211859528b4326a3a2d5eda9bbc3a6,1,38c5bee051d94d689aaef4785c181e51,dd1b3f8d15554fa6,21.59,2.51
91211859528b4326a3a2d5eda9bbc3a6,2,b78ea3b97a7f458cae4e05769de46417,d25cadd4681b443c,17.29,5.49
b2afd71711ff427a95ea8ffed6afe915,1,68e9216ee61546ae9f1f1484638f26d6,3019d251b5964550,34.91,4.51
a9887fba55de44afa3cdb32a72e3937e,1,933a2ca7129245d4bff855ce2752cf69,b0d43bf045364220,15.49,4.61
e5da099663b44642b2d6b3ed2492e9a4,1,2fba4b39c12a481da3d67bed385ff09b,96e39d092817473b,34.5,5.4
e5da099663b44642b2d6b3ed2492e9a4,2,a97610b164534dd593079e189f025e22,d127aee4c63b4079,7.8,5.63
17179da979024d0b9de09409320e6cdc,1,9660409ec1b04debb03c8167fdd29e3c,a34d7aa41c0d4421,11.29,4.42
f06dc822976f46a9bb1dc6e240cea528,1,59d69729637a49908fa78ef4aa71388a,a986c2701f52408a,26.52,1.57
94a62f23462e4884966b66454a1a2e0f,1,7d4eb021329b458db6bebeaac169683e,3e081f7214154b6d,2.6,2.87
23b841d03fc84103ad54b35fea558b18,1,14e352abfeb14bec9b512d00a56100a5,194f017dcb2041aa,30.66,7.51
28230abd25c34035b4e8ae0fb17620bf,1,b63cfd51c6e34b3db7530c94316bb402,ef2dc86b56e6400c,4.33,6.36
dba3f795b93846788f7d4a6403617b37,1,362da3575ae348159890183bf663a494,890d69eeb01443c3,9.81,4.63
dba3f795b93846788f7d4a6403617b37,2,2dd814bf96124d99bec0dd5e52eddcd6,b6c21b5104184490,13.31,2.79
6d94d28521474dba9fe9a77d197289e0,1,c62a124018bf4e15ae05833a346f61d2,29fb71b679314e01,3.33,1.98
2210b6b5cdc94e54a6b04c1b02edea46,1,52f9bb8523fb4d4395fbaec944c85e51,f1ff8b14b7db4997,1.92,6.29
44586fee217d4494a3a237119d602520,1,a75264f99a92438bb3c1959c6dab3a14,7cda9979f7d74730,25.2,4.61
d2a9e2b58e4c4070aa470278b7334202,1,b9d7b7dd26ec413da6ae15e6e15de8aa,8f8e1522e06e489d,9.58,6.04
e81ec470a1cc4ab6b39cd314ad3271d3,1,c8f7ae9b397843f4bc875c17a204bfd2,8a16f69b802f4b07,22.25,6.07
7d315bc8e7b94deebe33e2fb854f8bf8,1,665c27cf208d4276ada9e6e684a5e8f6,6efd8b0db8ab401a,13.72,6.61
7d315bc8e7b94deebe33e2fb854f8bf8,2,b97fe3e60be449c788766db015b46b9e,d0da716e5afb4edb,30.95,1.02
6616f9727c424c8082304bf9aa2ea7cf,1,b40d2e6f2e064e9b93319a072c8f32ce,ddd410ebbbe74a58,16.94,7.68
6616f9727c424c8082304bf9aa2ea7cf,2,53b8f0dc873847c4b4e7fc96a55373b7,e00d9729ed29432c,13.51,2.34
6616f9727c424c8082304bf9aa2ea7cf,3,54fb1debafdd42caab4a2907a2094409,eb22da1a8dbe46bc,12.08,2.78
6fd612ebf1064d8199b6c1f79ba0aff2,1,d7ade475f7e244f4b1b2f368b6e4239f,067fd4e971be4cf9,5.7,7.35
6fd612ebf1064d8199b6c1f79ba0aff2,2,f716e83ccde94f6aa3e3c0862833aa4f,f00b82fed75f4471,8.99,1.37
6fd612ebf1064d8199b6c1f79ba0aff2,3,74e83190f8804a51be78e55723252d7d,035371793ca1486f,27.84,6.15
6fd612ebf1064d8199b6c1f79ba0aff2,4,1c1a1428c3d14ca393b112543a22337d,1ed62a1cdca24fac,30.33,5.93
1bc57566ab5d46d1b92446a7d608f1bc,1,284dcd0217f149b4957a512e6c1aea8f,ed2a42098fc54883,13.84,7.4
64ad95fa71314424b9b694959fa699e3,1,8f5af8d93a1841c2b90c8ebc8f99c3ef,e9cf451bb1a549b3,15.37,5.64
64ad95fa71314424b9b694959fa699e3,2,ce61ecb90b9645d78f81fcc4a081378e,627407aa684841e3,1.74,4.92
64ad95fa71314424b9b694959fa699e3,3,7cbfeb26248149e38647db5ce2e9eca6,8cb95d2d9ac5465a,25.6,4.89
01ca0b2d745e4ee0b9c9da762c3faa74,1,846d87b52d6943c882617b289d08d8df,94babd86ef8e42c4,13.26,5.36
01ca0b2d745e4ee0b9c9da762c3faa74,2,3d69d48c5bec4b16b4b550ebc3de0eb0,6ffaa404c70d411b,28.07,5.4
01ca0b2d745e4ee0b9c9da762c3faa74,3,7c77b7ab40574a2eb9aa143ec42454b1,bf1aaab4fc4e4f98,14.84,4.8
01ca0b2d745e4ee0b9c9da762c3faa74,4,3608f3ab5a5142ce903854daa1d2a732,89045858240d44ad,3.54,5.76
95d49b3f97194441a6e36d6a82be11f4,1,9f0d8a445d564e8ea93201f75853e24b,6aa4470fa58f41f5,10.74,1.21
9565fec0ce2f4c1889b6b3675c3e18ef,1,916d79f68e7d4ba3bff9d7bb09f63191,950c3f9b6c464815,18.8,3.2
06371049320f424ab1bb903832ffad8c,1,210df5914aff426183dc3a8b68393f3c,6b4a5928a7a949f4,29.73,4.82
414bd694b15a40bf8f18ba8c27759d1e,1,d622ca191665446ea215bb8df0ae096c,94767c92fe184f92,7.96,3.73
414bd694b15a40bf8f18ba8c27759d1e,2,f41f3668aa3c48758606e9f4a17c5572,c3fff6ba5b034aa1,27.06,1.67
c36decfc60974395baeeea88c3561d43,1,bcf96b5a95fc488b9fd7f911116fec3e,7e7e22c91cf3487a,3.87,4.21
d7715c26ccb24ec59c8c86d6e67d457d,1,10ef39573a584a61a15bb0c083765fdb,c89669f880f14029,12.65,6.82
d7715c26ccb24ec59c8c86d6e67d457d,2,0dfe596df83a4dd485237e58c1d1531e,70517c9aa62a421d,11.24,4.92
d7715c26ccb24ec59c8c86d6e67d457d,3,f709d465f040463181c1a16fc93eed04,c855ff59537c4493,30.84,5.12
055ac164e97b4f7eb83901d5f4b3b366,1,ac4565cb41a240b8bcb5e0da5bc48436,85958e90819e48d9,14.19,4.39
5d4df45cfb9a406bb472784c8a3b5d5d,1,39d0d1cc22b4465b908b75917e9490c8,dd1b2052213e4619,24.98,4.45
5d4df45cfb9a406bb472784c8a3b5d5d,2,c95b24e9a2db493595efb3cbb3920547,b6b73a103a034b0d,7.47,6.64
7a9dc67202904b6c90c75872b1a7498b,1,be1792026c4c4f79b5f67b2dd6cc00c9,abf2dcfbed2e45e2,3.85,2.38
7a9dc67202904b6c90c75872b1a7498b,2,67ba2683569e43dba386b1ddda5441bb,bc3a300d5e974ea0,13.51,7.4
91f289c78fa24fe6a7c78a8607ef22e1,1,b7a86fb6c61e4903a3c5c2a9210695ae,5706002b3cfb477a,16.23,7.63
91f289c78fa24fe6a7c78a8607ef22e1,2,824d10077f4f4427a547cdf6fa786994,39ba1fd4f3484863,17.63,5.45
12abd8b82fe14055bb51a80ebdaef3f2,1,7ff736f574a94cd4b8cfc5c7c9d193a9,862866da620443b9,22.89,6.35
7edda7cf432948a0b169bd2151b71600,1,fc06ed2d86ed44e7a51547279772490a,61dba747635f4285,8.77,5.25
7edda7cf432948a0b169bd2151b71600,2,267324d931754472af5ce6c89cc14f59,ea2d8c267d4a41dd,13.7,5.28
918582abe4cb499e973afa441d9c2ab9,1,48eb21617a3348c195581010f5dffb7d,5400d25b03474086,4.27,7.77
918582abe4cb499e973afa441d9c2ab9,2,75c0de8ebc834043aacee7f8a8e21a58,c792f93d41d94a35,29.31,2.62
298dc5e23862432f9550bc4dc0fefa66,1,21b263d97e054d0dbb5ed45063dd0c38,dfdd1063aa594af5,15.38,4.84
298dc5e23862432f9550bc4dc0fefa66,2,a64e9b41e8b44b22b794072b630bda57,1c362acb2eab435b,20.26,6.96
10354773864d4aa89208469aa0cb8780,1,c25abba4290b4601a912fd4b00a28337,7cf3e26d9bd4490b,25.73,5.23
10354773864d4aa89208469aa0cb8780,2,ace49fb9f8ea41d3864fc9202104ee52,8f325b3971fd44db,9.25,4.81
9451c33078cb44f89c1b9ab5d597b614,1,4d095ebb124b4457bc70be3d2ceebaf0,336170552f1b455b,2.93,1.38
27d34c5a913441729fb509b79dc72015,1,d74be6814ded423d95d8e94adf68b035,0f9da98fc4884a33,29.79,3.9
ff08abe8cc664e7381634734baa6c6a7,1,8917db92b06848aa91dbfe35042a3d2e,19a42530690c4a36,21.82,7.77
ff08abe8cc664e7381634734baa6c6a7,2,00e214202eb446e69ac7bcdaba6e182e,b1ffd378a2c04e21,24.26,2.19
30f62255dbfd455a9d7d30b88d90b7d5,1,273da76f21604f65a593229e63991d18,02b70d1c8cde4386,10.15,1.73
30f62255dbfd455a9d7d30b88d90b7d5,2,80565b2c6ce14aa2aaf9277bb0480144,e9ef85979895443d,21.25,1.68
30f62255dbfd455a9d7d30b88d90b7d5,3,26f414711f2044859b12163b794b4742,1365b50c79f54628,22.87,5.77
9dace16edb7949aba1c9f3a8f95156cb,1,e9f8d9b0b0a543a38b7da6d9267da308,9a7ef0b62eed46c2,30.11,5.11
9f9a2be230bb4d9dbbfac68f0d4570e4,1,4bc7d8b66ae6423f82b69c09f9bad924,85212ba535d24a73,9.02,6.94
1c0203926f1341199cb60b124bbb6f0a,1,dfd0f1abfc644522810eb8b3837b6d4d,030ecc67abf649b2,12.76,6.24
1c0203926f1341199cb60b124bbb6f0a,2,4bda9d703fe84ea3ba2c6be333694735,7e440b1276224de4,11.5,5.48
1c0203926f1341199cb60b124bbb6f0a,3,d97b1047b6fd49c2a15a51e1c66c7fb5,4698d5424981456c,2.14,3.58
1c0203926f1341199cb60b124bbb6f0a,4,a4933b7776c542c3ace208fa5b0b8777,1112cc69c9ce4f61,24.84,7.81
87efa05efefc4a63bf7e866caf8b5f11,1,0a33b5b769b54c7ab24715f43bea0d0e,3b857f1512e34300,3.87,4.72
87efa05efefc4a63bf7e866caf8b5f11,2,764ee7ae772847d0ae9662317fa2305a,b332dd936f5a4669,5.6,7.3
87efa05efefc4a63bf7e866caf8b5f11,3,cad99cb544834237ab604ab9eef202c1,1dde8c4e382640b5,30.84,2.59
e06bcb2b0f214cd0b070c71c411325dd,1,d69df414780b409fb827f3e459ab5223,bac84ad5047a4657,13.45,6.47
e06bcb2b0f214cd0b070c71c411325dd,2,7e2831c549bc4baea3190489c74e7189,b3273d3014234fd8,2.19,2.77
08978ed24ae6434d95267b2e3b99e039,1,bcdba12e0b724bc0b02d66ba93d8bfff,52d4995ed802486c,19.42,2.92
08978ed24ae6434d95267b2e3b99e039,2,caaa61fb655a4a70a19ae942110ed7de,1cb954bbeed848ba,27.25,5.96
c66495098a1b4e8fa29905929c5d5057,1,aa920ca7a6eb41a0a369915219333a05,38ef11ac595548af,25.08,4.48
8efb34d7d89b4e3bb707cee219a7373f,1,26db5470ca994869b840805fd0450c14,18840e9587604321,13.39,7.3
8efb34d7d89b4e3bb707cee219a7373f,2,70340603d5e4459db2355837de11cef7,06f3a11e8d80491d,33.66,6.45
8efb34d7d89b4e3bb707cee219a7373f,3,65548dcbbc3e48f88c1c72f382f452fc,4613a0091c554527,12.64,5.41
8efb34d7d89b4e3bb707cee219a7373f,4,c1166a6517ed4aa4ad86b254974df7ec,15d3bfc4208c48a6,26.9,5.48
2b89df4f178c409e90df99929de221b7,1,0b5cd99d5012461fb009f6e7c083e698,f1616599902d4d0e,12.16,3.63
2b89df4f178c409e90df99929de221b7,2,a040db3fa3154ce6b3044d78200be48f,861f4b0da46144ab,11.7,3.21
caa388db91204703b8263e4522926904,1,6fc413e748eb4a23a9903518e2fb60be,af74936cb0c04ed8,14.62,1.17
09c394306fd241b0b3bb29edeb109c06,1,b11288b604094f3ebcc968104933b264,e0f76502dde84932,25.16,1.64
289da785a54f44c1b8d394c2d3a552e8,1,30d292cd2f864b4ba667355827c2dc36,6a82a15ed4024336,30.83,1.75
289da785a54f44c1b8d394c2d3a552e8,2,4b75e60dbf174700884d3d83b5cbeef4,cf07dc34262e4e3e,4.79,4.05
c22aa387828146a49a5db344d0ad554d,1,0228bdf982a34d9c8aee06c360216e35,c588097bcac44eaa,18.74,2.92
c22aa387828146a49a5db344d0ad554d,2,d655a25fe6a94f02a91761a801f783c8,0ada55268d6744ce,8.87,7.02
c22aa387828146a49a5db344d0ad554d,3,04ed97c307094f39bb7802d05db15437,25fe1722eb6f4c21,17.88,3.35
c22aa387828146a49a5db344d0ad554d,4,39780e498a10480095285896b56b52b1,2934e49106a645db,24.84,7.97
353b8b00d6ff4a82b5d2aac5e1209bf4,1,2289752f0d0649f0b30ffea520cb2a70,ea7d10c9270a42e1,29.34,6.65
353b8b00d6ff4a82b5d2aac5e1209bf4,2,f73eb2cf9a334640bf58007acfbdbe35,aa3c5a5274b84bd6,19.1,1.35
81881c8ea75c472a8610825ea618e459,1,a5cb236f5a4349ed87edf7676f0b2cc6,3f91f64c60a54947,14.94,2.64
8fb5105671f640b893e50e52df4a6938,1,e9d905d93c294eec85d365a1ac75d637,bd999cefe9f546a9,8.47,5.33
8fb5105671f640b893e50e52df4a6938,2,bd4ca4d729604891ab54a2d9b3dcca7c,c2c5bbd917aa4bb8,15.18,1.58
c25f9824965d4c9c97de34cd226b1e28,1,5cb3c99860184a30b396404223b763ec,0c1dde5f4f7c4181,32.11,1.06
c25f9824965d4c9c97de34cd226b1e28,2,43a3768343784e3a9fb73c3014affa9a,aaac98578041418e,2.93,5.29
a2ae8f2037674bbe991a41cb893e1a2b,1,092ce313bc4543b5ba1deaae04e36de8,6527f0fc3ae84e07,11.33,2.45
6f99150465344775a3fe3698c266b2b8,1,24d38474404f4d49bcc960b4d436be68,e1b6686578714e5f,12.17,4.7
6f99150465344775a3fe3698c266b2b8,2,fd71f47ebd9a4c15bca3aebdc67c2801,26d16a27f69e4b38,2.28,4.81
91cc50abfcaa4679a05c10d226d54ebf,1,03eebedc4f574b359b45bc1f02148b20,5a6e9e042c784515,4.81,7.68
91cc50abfcaa4679a05c10d226d54ebf,2,6a31b52bd1bf432987b3d3ad44a9351d,0f0133040a83472d,17.41,3.14
91cc50abfcaa4679a05c10d226d54ebf,3,0b580a79596d405e843b7125c70d9ab6,f31caf45475941b8,26.04,4.26
f5fa4247550f41cda3fcef520b2ec4d2,1,0f5f5d5e15854c85a68f46f5ad60efce,fab56fd812a744b5,6.75,2.69
f5fa4247550f41cda3fcef520b2ec4d2,2,5c3540d3147744cdba06b0deae423a25,5a1a0777b8ac4fdb,2.29,7.57
eb9f0a22040442a7a339e405511dd32a,1,b2a6a942d4a749b3ae5ad2603b03ad34,ef950a55e3a4454e,28.59,5.17
eb9f0a22040442a7a339e405511dd32a,2,585070160b094fe9b476755c2190d665,3037906f29ba4d5d,15.0,4.06
eb9f0a22040442a7a339e405511dd32a,3,efd047bd47994934a86b86e4073e0b8b,3690ee374a88465f,22.27,1.51
eb9f0a22040442a7a339e405511dd32a,4,fc95ea21cf0045dfb10271039ab9bce8,7b43659fc8e54d0a,29.41,4.23
565a945473e64ef8becdab0f379cdb2d,1,7100d720c6454976ab39ae1e7f3bc107,6d0d0c565db84ab5,13.09,5.48
565a945473e64ef8becdab0f379cdb2d,2,9ad8b3a408554345ae08b01193a6b065,d0dbbcb920cb41c7,10.69,2.93
8f27dc3c0c284144b4348b2c25b31db9,1,c62dd768b1ae4847b4738b031890566e,e07b89148e894748,17.23,6.33
06edc513efbf470ea857ba80759054f8,1,8727a531ed8b43ae81241557a072273c,512de52c88b94bcd,15.9,2.16
2e183405203a412fbdf48c996f503c5a,1,27226f0d901c48b8af3c2a0a41ae0c84,1baf992ac6eb4371,8.72,3.44
78d64efe2ee046feb5e6156b26e91e4f,1,797e086231874e8aae5aae9e05d869c7,c35b32e8a3f64378,17.1,5.21
a9c8080131e44351abfedc132dd1f7be,1,fd4a4c75c38f4e59a516f4628a04d755,76b84410052c4b1d,32.65,6.4
4583ac3d5f9c4fd5a8933d2266f2ec77,1,67cffd489de04942b25a507f2fe12789,10f00f53c070480e,34.98,7.33
4583ac3d5f9c4fd5a8933d2266f2ec77,2,819a6d68705c4f3f955d8480cba300a2,598d7c34d9794fa2,27.82,6.58
ec09cb586a9c46bdb39267403105beb2,1,20601b39081a45af82336a2f467a44d9,bead34b1a07d46b5,28.18,3.13
27155ca7ba3b44028bc67339d8be4242,1,0112e50604314efe98b647c51969fa50,4d5fa15a78d747dd,20.25,3.99
27155ca7ba3b44028bc67339d8be4242,2,c67a1ca0bf754f7d8a06ed05906f951b,a515e9237eb54b7f,6.01,2.96
27155ca7ba3b44028bc67339d8be4242,3,97efb546810a4389b98bea88e81c4a34,f799b6b054ce404f,3.44,1.3
29a44513a2634d8ea65f13766c1227dd,1,ab019599a42649879fc892a8b8b35e75,a4b90aec51f240aa,5.77,6.14
29a44513a2634d8ea65f13766c1227dd,2,18d754d61a7e4b238fa4eb2784f6a7df,6804c9557e244689,6.35,3.59
29a44513a2634d8ea65f13766c1227dd,3,529ab52847364fa9b700b9584be74d3e,c8ff2e8f8bae4027,21.35,1.6
d4b385083c5d435fa5b7e0f8420a7e97,1,066be20e57cf45e6be0718b46b030896,bdf3f1c10d5a469c,6.85,6.06
2db81bb5a8454589baba02595eb01f3f,1,2559c47dc75948b0ad8f551746420d78,409a246a29264186,4.94,2.98
2db81bb5a8454589baba02595eb01f3f,2,4aab1e78d3de4d0182ff960accacebf9,d96898b9e92240b9,16.7,6.0
7e121199f8534146bd06f534bd1b9566,1,21d38dfcae45494ba60b36ac9eeedad3,e7e27c4897554fa2,28.86,1.5
7e121199f8534146bd06f534bd1b9566,2,e57891b3df1c40f48bffdf7c1d59ebab,07c4792c379f4d74,19.68,7.89
64d8b44a5019467d9f7d738e2954c4ee,1,831b6b0641084717b2a4113f3c70f2db,2b17819480c14441,5.35,7.96
64d8b44a5019467d9f7d738e2954c4ee,2,be2b36d7fc7c4f0797d08bda463fb938,5d1dd8fb237648db,19.08,4.6
64d8b44a5019467d9f7d738e2954c4ee,3,e4ed4ab1b0c241288acead3061347d0e,a32493579fe24a8a,33.03,1.69
68e0c359ee5b4425b55ecfc4c0f14d1e,1,767bac404ba7468b91039805f0556c73,2fe14af073a9435d,31.78,2.87
4179100de1e6400abeb73e1877ad9725,1,cf79585283994814bb4a8c9e788b1e7b,06941ccfd96a47a1,5.46,3.79
444788afc7fc43a1b54efa4be67c4fb8,1,115979b1c81443e8a30018b2a48e9e66,fca39194ad084477,13.72,1.84
444788afc7fc43a1b54efa4be67c4fb8,2,b33cf9f56a874845997c31a3e41525ca,9ca80edec0754420,9.49,5.45
6ce4c12ab5f74c8a884c283e6837cec0,1,47ebd854b4b24d409280adce593ef12e,8b5223ce927d4a6b,5.93,5.78
6ce4c12ab5f74c8a884c283e6837cec0,2,fa2cd3d79b594249bbbf46be4c32700d,50e5a8725444440f,8.59,3.93
0f24f6a18b734576bad2051ca68a0627,1,3b6488c153ab4bc78c6d76caf9459231,3b724398392545b1,4.67,5.64
0dea4b4c8fbb42f1a3c9d2a1be135de7,1,53915efa022d46a1b30677a12a658339,76ab755157b942c4,34.34,4.98
0dea4b4c8fbb42f1a3c9d2a1be135de7,2,9c75a68efe464494a94d174b420b604c,e4f8ed1d85ff4a13,8.78,1.78
29b18a793f1d4695b9d927c0f3b34f95,1,24849b764997444b831cf932954c50ca,bb876d7d0a1d4686,4.65,7.37
29b18a793f1d4695b9d927c0f3b34f95,2,3d557424454140b886b1eb8a176355e4,ed67048ac71a4741,28.82,7.73
94b995240003419aaa5acaf7cec5a71d,1,450536894e674b2f90a9ab27deeaa735,c157cd8fe56c4667,21.42,5.01
94b995240003419aaa5acaf7cec5a71d,2,ca3b3e0a3d0744879f717bfdeae3aa5d,b4f328e0eaff4844,1.74,3.31
ba687f2c52174011bcb6151f3bd98686,1,7a266d5e128145f784c304f823b310ef,d6d901ee3c904805,31.74,7.4
9ff58a97358b48cebb17f3d43c426c1a,1,49c1ba6ad03c4cfb9202418f06607f28,4d4c3954d4cd43d1,18.4,3.88
9ff58a97358b48cebb17f3d43c426c1a,2,61511c303682463fac1e8bbbac68e62f,c36d62a37ffb44cd,29.76,5.24
9ff58a97358b48cebb17f3d43c426c1a,3,afaa63e6100b4a3b83717147824aa3f1,9d5da1821f654b01,18.19,3.73
9ff58a97358b48cebb17f3d43c426c1a,4,e0824b4a993049718932e657f4a24455,bcad80b35c20440f,19.5,6.36
9b3c9711f02d44cb8b4b81e8d7abe54c,1,27b2653dbfcc42cf9b1f822ceb69508f,c61a867fe4594311,7.73,1.69
6e0f985b123049f7864bc2b3501a1683,1,6ab5363a18a44105a2968a959760a138,53221b8f9fce4a61,25.48,2.52
6e8dfe54fbe64802bfa244774bb645c3,1,bb2f4813f76247cb84ce4ce163be223d,52d7d40901524ff8,5.61,3.79
6e8dfe54fbe64802bfa244774bb645c3,2,4c8995e625ed4beebfaeb01e331850b9,f469321e3a534559,8.74,1.67
cf54b2f99c264dd0893d741d1c51e2a0,1,e8f52be3a2d3423ab326f3a4f37d7824,ff74e91299424aab,8.88,4.32
cf54b2f99c264dd0893d741d1c51e2a0,2,0dd9383159d6484482f5784d43896a48,f16181fbe98f4cf6,14.97,4.47
587b6dc6da9e4906a8d5ced03f2a1438,1,db5ec6fcc702410fb322083e765826e8,7a2c4829e9684dbb,11.31,5.48
587b6dc6da9e4906a8d5ced03f2a1438,2,b5da14502a674646aea7b76423d2ece0,306395f02e6544a8,20.96,7.5
1d6a3b8bd4ca4cfe9d3d9b25230405b2,1,a71cf3496bde410499e15f61c5013a3a,2939c4081a814220,13.95,7.33
1d6a3b8bd4ca4cfe9d3d9b25230405b2,2,223e881882824c128889a79c43936490,a92bb10b044f4b7c,11.82,2.88
1d6a3b8bd4ca4cfe9d3d9b25230405b2,3,a3b457dc483b47f1b7b0eefefb0c89f0,8d8494b725fd4754,12.89,1.85
7e82bc25e93b4d51a7334b6150307342,1,992d6e6dc5dc43be8ce5b130e0ee41ba,cc25e3a80abd4a90,27.11,4.48
cdbb6c3d0cdf462e83cef956ad97863f,1,632086c2f112471f8cdb763a6ec56f00,72c6869538064ee3,22.27,6.6
cdbb6c3d0cdf462e83cef956ad97863f,2,ce14ca835da24dfebc0b535a8ee0ce95,897c3f59f04e4a9c,28.3,5.77
8ee38257f405498490e6aac3227a9005,1,b351841a12fb40b29b9a4ba059c46e92,03328714f5e34a39,27.02,6.47
ee966ddda3634c67a9a2df49554ccc51,1,664b531d48f74b2fa06255552133e061,03acf30811e9436b,22.95,5.27
ee966ddda3634c67a9a2df49554ccc51,2,21f0ebab0cdd42b7b4fa013a8886d449,74ddfe4fdcdb4a7a,32.44,4.24
ee966ddda3634c67a9a2df49554ccc51,3,bc8e7b30aa284b43b7aedfc85af1fd6c,e5f7ad004d9546de,2.3,4.03
fc9edfd5ef0744719cf2a31487042e60,1,e922df2cb2634cfbb09239534bcfabf3,32076ab8890646d3,25.92,7.72
fc9edfd5ef0744719cf2a31487042e60,2,a6f792870cf547398662d3ebca84af99,d24d1fe4104b4293,3.3,6.38
836d1d1d13444f84a5d90471f18aa392,1,e5f893d6b568479692825ae32557b528,cb0169960611453e,33.88,1.55
52dd17e8d20f44a49f94c8d03692551f,1,b5d60292b58b4717a819be9cb7c53441,28c1ad3b787a4c0b,3.18,5.45
c7266bd6037d419481993674ecc76f02,1,d6652b21a9e94897a588079dfaf9c8c4,4886d02842854261,31.33,2.16
dbe752e7122c40bf909c378d680d005a,1,6f7e72211920446e848a3f75f585e83e,8194ba1402b24c0f,5.19,3.71
82e6d7d1b2cf4cd1ba6e85d7754a61a4,1,791521b7baf041269e9bcc17a43eb411,ce4b1370a07d4e68,12.83,4.23
bf47de22f3bb43b0b414d370bb870318,1,56d0319ab6a749df8b42083bd2233445,8b09837bfd8041c2,13.3,3.02
cd2185131d7e4c0a89c0892c0cc6b2b4,1,5303c00f7e3a4d058357d99bbf86db4f,a09b89567e4a4ea3,8.95,3.29
cd2185131d7e4c0a89c0892c0cc6b2b4,2,8967220af3f945e499109448c298c118,137b855667254bee,5.12,2.57
cd2185131d7e4c0a89c0892c0cc6b2b4,3,46e8b0f1d2464f6fac2d1ce46971e0af,405dd031ac3f4ea7,10.13,5.19
d1d60d5115584d65bc80064a1788e736,1,d130f51a00a14fad83c8f83bde9c0f66,07f2bbdb51ea49b5,33.33,7.78
d1d60d5115584d65bc80064a1788e736,2,c8ca75bf843d440b9b6c32eafa695bb9,dd273175ff714ca4,14.37,5.35
e15a4cd5be8b42588634c9ae8242f255,1,7a110c2257264842b7bfe54f464a0a38,daed66376d0e401b,13.95,1.98
d685fce5259d4e1da6101fbbd4d30732,1,c33b96b9316042dbb39e927cd86c0372,279175c1047e416c,22.53,4.08
d685fce5259d4e1da6101fbbd4d30732,2,3e7aaa40cbc64414bdb429a54898ae98,5737727b13e3446e,6.95,5.44
e9fccb2b52e24c9a82d1bc337a75038a,1,25edbeed12be4407b2fb4d47bc89c009,bd0b361860714d39,17.93,7.07
143f8d9855f94c90aa4615074557a2aa,1,0453ec26bca14711bd70553e0c45e69f,e5c2750e07cf4ab9,22.0,4.15
e916f26c935743daa22c34653810f7bf,1,364635d93d8e4937a8a85c79c9ef52a0,3162a15578064a05,3.19,7.16
64216bac7cd8454fb5046134b8863a48,1,cbe4029a93b542e6b6df07ccd4d4d000,9d6966d5da9748bd,22.16,7.09
64216bac7cd8454fb5046134b8863a48,2,b43f63be3cfd460ba34e6686d87bb36a,d6f8d267b19f45ba,28.12,7.16
609cb87a41c84a4fb5af7e46d22d4f71,1,5d0da3feeede46228e15408d609078a4,ff8e8cb919804a4c,18.49,6.82
609cb87a41c84a4fb5af7e46d22d4f71,2,1a22d2f191d64be3a1cd55527575c299,097ffe2bc05a400e,14.58,7.99
609cb87a41c84a4fb5af7e46d22d4f71,3,41300c980655407e9d3cefcab5d2b195,6ec54a3245d64872,2.59,3.88
7b812b511cf04b35bd6f6a51e0fcc9a7,1,b04180a7c57943bf82c4d54a566ded0c,ce382cce8763409c,16.03,2.45
7b812b511cf04b35bd6f6a51e0fcc9a7,2,2bca6e5e98764b28b8c858eea4bc928d,157277388c6f4254,10.13,6.11
7b812b511cf04b35bd6f6a51e0fcc9a7,3,f2353c57393b49669e50023b26766671,a232823aefff4305,32.99,6.35
a749405d401a4ee69e286d99ff6c1665,1,e551721fc89e4d7db4145f07dda94226,32e1ac83922745c3,32.75,5.36
a749405d401a4ee69e286d99ff6c1665,2,050ad06b31d44b55b4049724ecda6070,63e1523d0a4a4a7a,32.61,4.2
8b4520bf81ec4c358f17db9dae6674af,1,2d16e093960d4e0d96bf28b139c857bf,097247a7ba70400a,4.65,7.06
8b4520bf81ec4c358f17db9dae6674af,2,f880b9c145794d4b9587b71887690e76,7dc8b164d8c942d5,16.28,1.32
8b4520bf81ec4c358f17db9dae6674af,3,ece0c8d7598a468e9a3891b26bb17d0a,567612ea01b7473c,17.86,5.62
990c41bd79c64513a3f6f297b039f629,1,023649d160e74a4fb72a1baf72129694,22a31a5a71844352,26.21,1.63
1b60d80881e64cfdb1f0658af2a81b29,1,923ae592844a4924869577a12afc78c8,3d04e663b2c749c6,19.92,1.15
1b60d80881e64cfdb1f0658af2a81b29,2,9e2eb983109946d49cfe471e030550ec,e18644eb9a594fdf,11.54,1.48
1b60d80881e64cfdb1f0658af2a81b29,3,bb6ee51966c744e794aba5f136f64e03,6a3ca24c3ab94c9e,30.12,6.71
1b60d80881e64cfdb1f0658af2a81b29,4,e1aee1be51b74b93a073a58765a31712,0fc4af5b12b64bce,33.0,1.11
193a5a769a7641ee90e6f32cf8f4c87d,1,7dd4c543e12f49bc9a43e5403bc2133c,120c95941edc4c00,6.89,5.49
193a5a769a7641ee90e6f32cf8f4c87d,2,2220835f4b94409f8da7b0229da8df62,d2a1e12004f746a2,24.86,7.89
b8dcc5f3e5424ccab561a365683ca58b,1,0e07bec5c2e94adbb470d47e843c62f4,f4dcdfe8b0cc4b9f,8.86,3.37
8c75805396ec4a5f8214dec5e2858b2a,1,b101b25ebe0b4b5284fb557370450639,c963952324804d8c,22.02,3.0
8c75805396ec4a5f8214dec5e2858b2a,2,f980b5088aa649239f9b3932410aa9bb,48e872abd1074ef8,1.91,4.94
8c75805396ec4a5f8214dec5e2858b2a,3,486472cf1970426ba3647dbfb619d48c,b1d2324ad45243cb,23.04,2.29
6bd92ef0026946498da2e04f5c1d3058,1,dd4a6532265d41c6ad6c7b71f96d9b39,6d60daa6c7f24c33,12.61,4.98
b9b846d286e042e19cfec9cab604f88a,1,bf45ecaacf9f4b44a259f3a27360937e,f7cbf5fb4ea642f3,16.98,5.37
2b7c93d67fcc47ef8a0fd39daab453bc,1,8a0e1bd297d141ff9d5d52a1c876e311,5c567f939b8748f6,3.62,5.96
2b7c93d67fcc47ef8a0fd39daab453bc,2,23af0d9f1236429eb9bd1712f7307dd3,a0ab71ecae3d4b96,30.47,6.48
2b7c93d67fcc47ef8a0fd39daab453bc,3,f3e6c247ddb5434b9166da76b34fe09f,a0c61c3755c64e99,27.02,4.59
f5c4f93a80eb461dba50aa4edb21be4d,1,d1a803014350408a9e8cdbe2dd7370da,e8b2dd001b704546,13.94,2.88
f5c4f93a80eb461dba50aa4edb21be4d,2,afb34b67f30942db9d7c9baf2423cb39,fe4a8f1092e040c5,20.83,3.11
f5c4f93a80eb461dba50aa4edb21be4d,3,78efaca1b78b4ce89403d118e71f0ece,88a27b5d64474bf3,6.98,4.81
f5c4f93a80eb461dba50aa4edb21be4d,4,b623358aedec4629af218c5f806eb55c,567f50b7c19b430a,27.39,2.11
0494da232fb0488daafd4730cb8629d9,1,743eb9b54d914a00894ed21920c7c4c6,9d09766200264528,3.09,4.82
0494da232fb0488daafd4730cb8629d9,2,4e8784228ded423a8e679a3728752f17,15f4e7fe415442ec,31.58,2.55
ff05a7dc354b43bc8760a2ca93b56eb9,1,3588283395c741958ede06e630df6e5b,4846b6c7301a4813,33.44,6.05
b1878db8c2ca47ca8a525d25788b1e61,1,fb944a16003b462f83dd281bbf3c50e0,c37c770e5900490f,2.9,4.97
6fe2ace4c9e44db69a20bd9f47fae1b1,1,214695a77d13403783b560a47559b8e3,e06f4aaf611e47f7,30.23,7.16
4000bd9f04524d2bba593a3442efd3d7,1,18ac413956da42849963f42b28ebab32,937a7f2fc75f4928,19.55,5.07
0779a78b2dbc467b9e576dbb1a3f2085,1,f50f2227b8244a1cb5999fd0a8709740,64c3ef80a0024e94,32.89,4.61
1088ba3a2caa4220bfd4af8b299169f5,1,dd35b5a7b4914d49a023bcae113b1ccc,781f5422de1f4963,16.37,3.37
1088ba3a2caa4220bfd4af8b299169f5,2,2fccf024b7c1456c8a5ae152b2b7383a,5a3ad480caf34309,21.03,7.35
ce14b301b0ce473ba2e6305e6fa81b06,1,2117f6ddb58043c9afe8e1fd95f1f680,e609cdef3547408d,23.93,4.37
54c0d930f3da4b53833e8e8132226eeb,1,1aab8464c3d84c6d9260ea84f3312dc6,7c05134e7bdb489a,23.64,2.72
95303e8ee37f487a9a9787beb41a125f,1,5508ea3dc8584c7d95e692d42860d682,dd32a7b36cf84f4c,25.21,2.94
95303e8ee37f487a9a9787beb41a125f,2,63139706d535449cbb5e11e1a3f108b2,6fca6b0bf4dc47fc,2.71,3.21
95303e8ee37f487a9a9787beb41a125f,3,c03818d690374b2ebbf47cb908b036ab,06a70cce380340f5,17.79,4.53
e946bdedef0a4fbdb1061afb050bad94,1,48250e49ff1e4e21a6b4654af8c622c5,62658c30a6064308,20.54,5.67
e946bdedef0a4fbdb1061afb050bad94,2,f28a5382b1244d839084fe2fe13a302d,805e19fe453b472c,32.1,3.14
f1649d9504c24e3b890a4d02655506ab,1,e4a5c6674923482ebe651b0b82af15c0,4d800c6c65a04896,24.86,7.52
2229e680fabb4f39abad4b7a7e9d1db5,1,9ad9ae3bb2ba47c8924fe736742006a5,5e121e8366364254,23.81,5.51
2797a6787b2e4915821e2b45eb0559b2,1,5591d65e432c4cceb83724373c723ff5,7d40748b807243e3,12.96,1.33
b44b55506097453faedea72b3bd44a5e,1,1c6749539f5a4a6f9ae9435bf1394aa0,64467914ce8e4a53,23.22,1.35
d1a9dcc76d8a41a3a4d25d9b3faf71f4,1,cf5798b1ced94563a92777bcbe4778bc,e8c40c36469c4183,34.7,5.18
0124e58916174832916025729d61479c,1,5b16f6b9b6b141fe958eec858336458d,d506606ef3b1480b,31.9,7.66
cf574d4b547e4db0835a103ee4b387e8,1,3baf4117cf6845cb8da2e091faf6cedf,e933862af49047cd,1.53,2.38
cf574d4b547e4db0835a103ee4b387e8,2,fb94c1febfde4ff081ab4ac236308407,e6f00613e5a549f8,19.63,7.3
8cf619c228204f8889d23d28fe70d9a3,1,212f925566b54ecab3e2a92112827fd8,d9d71a9079294392,3.25,1.34
8cf619c228204f8889d23d28fe70d9a3,2,637b7df35b954ced87b7a02a3703214c,1ef54f6d018e4dc3,18.01,3.13
8cf619c228204f8889d23d28fe70d9a3,3,05318fdf215b4a7c9089a24e71b3599e,ca909499cd95445c,34.24,7.95
bdc70de70d464438a1f7fd03537ba8d3,1,53252b86c47840a596e82bfe226ae27c,6a4e6fd2aeea4d49,6.66,3.85
bdc70de70d464438a1f7fd03537ba8d3,2,0a3c97558db64660814c34ea15fef6e7,471ca0f91acf462e,6.96,5.37
bdc70de70d464438a1f7fd03537ba8d3,3,b403a31e8ffa4196824cf6c142ca844c,19b83d3b336249b7,27.0,2.36
bdc70de70d464438a1f7fd03537ba8d3,4,4462ebc6e13b4cc5b28f614cf083142f,855cc448cc7345bd,30.06,5.67
c25ab8e6e6b342fc8b6b4f3c71b3586a,1,9ea68c9354a84907afbc5a52985016f1,edc8eeb247a74666,26.42,7.38
a65e9a72fe2c40c3ad54f60d4bed1244,1,0ad522277dc54bea9c32a748ea0be3ab,bf3af7f61c19455a,13.89,4.78
a65e9a72fe2c40c3ad54f60d4bed1244,2,5a5efbd65eb848a08ce6dffc43757345,d0ff910ffed34606,13.3,5.52
a65e9a72fe2c40c3ad54f60d4bed1244,3,12a3f25880ba41ca9bab1c80e9454de2,72fba22a40344eb0,31.11,2.2
fb66c630896446e7861f726baf5cb2c3,1,35f30c1330064bb99dde30b737879dd9,a90b323ecfc048ed,16.63,1.21
6b03ecad98ee4985a14359f29ae3a417,1,f21dc1d23dd54425a7639867011b6aa0,122fcd25858f418f,20.59,2.96
6b03ecad98ee4985a14359f29ae3a417,2,aed9752f22c940f1b422657235a7c7b3,f4d73b51be5245b3,12.55,1.11
6b03ecad98ee4985a14359f29ae3a417,3,9cbd2ff9960b4580ac4ca133e812af50,d89ed41a38aa41b3,22.1,3.59
b318799ca6454a2dbacbdf1587cb4955,1,8e346457c0e04a35b5538f5459b51201,f93b00a695c34581,14.58,4.76
b318799ca6454a2dbacbdf1587cb4955,2,ae23837cd58e4381aede4863a41c1cab,c628af4b903f4f6f,19.05,4.24
7334d9f817e042caa1ffb925d2a86541,1,da3430b73e8e4a74a038fa8ef7beecd5,a9333b6b077c4d5f,9.56,3.45
a0fbbfad28004f929319fa581a530cae,1,77e1d42815b74beda1c66e3e33cf7652,327340db76f047f0,24.22,5.75
9c03b4727d0f42cfbb918f27d56ae091,1,3b1efe5e57fa43e8a1e37272ccde1010,6c209f47035a48b3,10.47,2.37
9c03b4727d0f42cfbb918f27d56ae091,2,f75471283063443b9625019207b32d8e,57bf63fd1f7b4d80,14.67,7.46
9c03b4727d0f42cfbb918f27d56ae091,3,15135dcd3ffe45499a7dc47c92bca993,2ccda3c5a5824aeb,18.82,5.47
9c03b4727d0f42cfbb918f27d56ae091,4,541a89854cd94027bc709f61c9d76e10,829f3225c00e44b8,3.91,5.99
668004314991476282d625622dd3c298,1,432b1c26480c4876a7ede5de10900727,42eaffc6dd5f4fde,32.31,5.23
a02a024daf8346bc86b2f6fa6d64e945,1,d4ee758df02c457ab5bc470e03119f5d,649b80a4a9d94467,31.3,2.26
fb665a4aa5f448e4a9b41578270673d9,1,8d01c074acd24e5d98b9766bd96fcba3,f9cc0c3738514cc9,7.2,5.75
e0067fcd2a784f9b800f53d38bad1c9f,1,0a4ae3dc3cd24a02adc91cc9f4592a27,8291504e8b99444a,32.81,4.13
e0067fcd2a784f9b800f53d38bad1c9f,2,6c050538d3da444abe371ef24103f720,ac11623edc2941d4,19.43,2.48
e0067fcd2a784f9b800f53d38bad1c9f,3,31cf824402464ca98c257413ba1c6a97,665599d59a8149c6,16.83,4.92
e0067fcd2a784f9b800f53d38bad1c9f,4,8e2f0fc9709a43088a78f425b9a5363b,82040c5d3052476e,1.75,7.33
b5349a042bfe468582956eba5b756a83,1,b4991fa1a3174ede96ad321c44e6d6b5,e0807bcf0cf244b9,15.87,1.27
b5349a042bfe468582956eba5b756a83,2,48a2a2f85266438ab8917a9e33676808,d7b4ff50f5a34788,24.0,2.06
4fa69a79415a48d99a26af2aa9304f53,1,184a0f6765e54b4283aa4e240ecc72b5,01af5266bb534b6e,12.44,7.28
4fa69a79415a48d99a26af2aa9304f53,2,b34255ac36bd4dc08777bae1a46ae2a1,d29279e97f914353,6.38,7.32
b89b2de2500942db8b380bc2d1ad9192,1,4f872ab047124f7e859c14c18d2199be,5e28cf74c41242d9,10.09,5.96
b89b2de2500942db8b380bc2d1ad9192,2,14abd64f81204e57afc00e27c7185067,96a283e5b9b04e31,12.39,3.77
b89b2de2500942db8b380bc2d1ad9192,3,29ee2b1dc24149e3bada3aa91bc03a25,484dc1f8e98b4c7f,11.57,5.02
a216c0f268d845eb8ded3f939a9d8503,1,97e9aeb050134d46961f358d40881fc1,aa767e226f5148c6,13.33,1.02
a216c0f268d845eb8ded3f939a9d8503,2,62e692cacc4c45d6be132e4d2c66b22d,659974588922457f,13.74,7.06
c8aa9ccbe44746e9bf5174d567e2bf67,1,9b038f30d3a343c2b3ecd3c4208de0fc,6c5b13c3997440b2,14.19,5.41
c8aa9ccbe44746e9bf5174d567e2bf67,2,22800c29ac6d4faba56798151f003319,ddc77163811f4e39,31.91,2.72
277c99f12c57474dbcc65b38ae70ea60,1,c2675a9800844108b2939d3895e735f9,ccb1ea7201374982,27.5,5.44
277c99f12c57474dbcc65b38ae70ea60,2,42f0dac567a54cde97be612b24311fd2,68f7d7276c3245dc,7.11,3.33
277c99f12c57474dbcc65b38ae70ea60,3,b9d960c947d546cdacdfae5eb6ea1075,6dcd28082c9c4dd1,32.07,6.58
3edab3bedf8a4aca8235e79922224095,1,412bc3b6f93f48fba23732774e5cba46,b5beb0199e76477f,21.42,6.6
3edab3bedf8a4aca8235e79922224095,2,f6745a8dc7b046f89ea477ca57cf95a3,fd77bd8fffbb42b6,25.44,5.26
a561fdc7c7d040ceba03f03bc0689a32,1,4765853878d44e9495cc79c955fb44c8,d25398de5a184686,8.54,1.74
a561fdc7c7d040ceba03f03bc0689a32,2,87e356dd01074eb680be749bfc310c21,201850d461434959,5.97,5.53
a561fdc7c7d040ceba03f03bc0689a32,3,e46b88ef447e4f80ae0d253687b0dfbb,6f967ce782c24378,29.99,1.85
a561fdc7c7d040ceba03f03bc0689a32,4,38a97b514a2b4f19aea11fe185d70eeb,09eef3d8738249a7,27.86,3.49
8793ba980db74bbe9eb3c22c14184970,1,d4bf1495373148a387b73a47f24d9ead,92571990ed3548bd,26.79,1.06
c7f226b61131476eaeba80e1baf529af,1,44e3acf3d9fc460aaa82ba476750f2a0,07f68af6028441f1,31.98,3.97
476176e7043e47889654017dbe82af59,1,c6d287892b1b4c7190265ba5d884ee9d,bd7d0e7725fd4fad,13.36,6.72
df51762b5c0c4340a448d46f79ea7e7e,1,7bb1e2cba7dd4d7eb6484a52d35c7385,0634c77cb60f4ce5,28.57,1.47
df51762b5c0c4340a448d46f79ea7e7e,2,269560f7de4e4a278dcff943c5916dc0,760a5e74c4c24b67,10.72,3.38
df51762b5c0c4340a448d46f79ea7e7e,3,fc14fb3be1f14113b1f2cbfd5f0f20f0,13a65d8c6039435e,32.99,3.04
b420494f44ef43b5872673297b35747b,1,7b4262ea93b6458f83d2f19926a7abed,1985737ef3f346fb,29.31,4.62
b420494f44ef43b5872673297b35747b,2,ea2791bbcab94420a42bf22bcc22e881,3354e9f8b63940df,15.55,3.04
7c020964b65748848d14b0a68f1962c6,1,fbd4c99636c64d4dbb4b33fa18568c78,923dfb5062784a91,29.2,6.82
7c020964b65748848d14b0a68f1962c6,2,c4acb350d0164fcaa0f932127488837b,325e919690784027,32.62,2.88
a7ad1e04c9474c079be564588cfdfdee,1,47f7f329303e43afa38e20d49a1a13e2,375fd5b3aaf24b67,25.02,1.83
a7ad1e04c9474c079be564588cfdfdee,2,0a038c2fc32644f38b88a87565b8eebb,41542c4c07c7467e,30.99,3.32
a7ad1e04c9474c079be564588cfdfdee,3,14576526a9c743279ef78cafc509269a,093b542c1d224593,1.97,2.76
d8ca13908a164bfa8de807c6b27f44cf,1,033746a0f28c48e39393b07f8accd5cd,dc29206367744ff2,10.68,2.27
97919ed3678e4dfea2f88454874fa845,1,a4e1b2c39357441ea985b89d98854383,b06e9daf991a4df9,20.7,7.09
97919ed3678e4dfea2f88454874fa845,2,a514a8ad70c74927a8f6f6cf8a95cbc1,950454c45c5341f4,12.64,2.95
97919ed3678e4dfea2f88454874fa845,3,5819a70f8ea1475c839266a8deab112a,8562599206b0457b,6.48,4.51
9332df77c0b347ba825791c1a3c733c6,1,61c7b2cd3f3348f7a940d25cc3187fcc,7eadff55842e4b3e,21.69,6.57
9332df77c0b347ba825791c1a3c733c6,2,82035236dbef4fac9199f89e2cf5d1c1,cf5055d0ab89491b,8.09,3.38
96ca4ae33e494c1088a399c9e62e1fee,1,c798ba534ea441d1881fb894edba8511,14bf4856a0784084,8.61,7.82
96ca4ae33e494c1088a399c9e62e1fee,2,99bb23a110c8484095cabee77224d19f,ae984528382e422b,23.27,5.15
3e0ef9c65f7c4eaa8d500a8d2b5ae9e8,1,42ac411338af417bac6a12570defff2b,c0edecb0fc34451c,11.06,1.11
ffcc3d2d0317455794f5f1ca3f997c0e,1,1604ab29af0b45fd86f44f1601ddd00d,78665e7f7a474c7f,4.46,3.23
4d3cfc7a775240e1b11b02e41d9c4be8,1,ae674df0291b4c258774e8326f3a10b6,2de304519c2a45e2,28.7,2.55
4d3cfc7a775240e1b11b02e41d9c4be8,2,48791c21572b4dec83cd4bf95d90e9c8,866d87eb34ac473a,12.56,1.45
4d3cfc7a775240e1b11b02e41d9c4be8,3,1835c902954646889a9b43e3fbfeb9fc,e855b58278904bd6,22.97,2.89
4d3cfc7a775240e1b11b02e41d9c4be8,4,caafc561f6bc40d79388339230a54ae7,89d366223d974c7a,15.83,3.91
53d88322c8dc4303a9db7e03341339e4,1,211525d10f3c49a2ab9f50f2a465e784,16191855a73f4393,31.21,1.18
53d88322c8dc4303a9db7e03341339e4,2,3870ee07d92349d49d582f06b2d57cb3,e09e33acf1b04b76,19.65,1.65
53d88322c8dc4303a9db7e03341339e4,3,0872b6bf3ad14e098e1c600c887d599a,bc34d632d3f442a6,10.1,7.5
53d88322c8dc4303a9db7e03341339e4,4,69268f063097444f9c6fb608174c0a64,83b452d34bb74728,23.43,2.39
306da52806df4630a781d8a31d43c61f,1,9a47b38e17164d9d96c90848f073ce03,7160eac47030407d,25.67,2.08
80b32033214b434fa447005403bc8050,1,61b15cb93fb842f2aab2f7be3b9c543b,f3326798745249e0,21.15,4.99
80b32033214b434fa447005403bc8050,2,442dab323ddc4a28b66bc8f3c99e1a55,d644ea34c55b4186,13.65,7.98
80b32033214b434fa447005403bc8050,3,cbbe1f25c9564cdb8a3e2d3febe81ccf,6bd73cd5e02b4158,3.8,4.12
e9fe13749e49424f9b73f08fc3759eca,1,9ffc954c67e04574b8e3fd490e0ce887,c216bc0b71924817,25.27,1.69
e7e825472b70466cb5f9fc687301baaf,1,0722aae1bfcc43b38c50a347c7dd5d19,ec660f9730224350,20.95,4.1
e7e825472b70466cb5f9fc687301baaf,2,72d6f091064d41c3af63914aac9923d3,2adf2b27c0cf438b,12.8,7.62
f777022e00f94f4fb8a0aa743e1b5694,1,e13ab3083b354f30b71b89336c63b284,0656690036e547ab,15.41,2.82
9488fb219727444983b712b9e75b2260,1,a5b3990214224a9393c1dbd5d80301ac,9f39c426056244a1,20.06,6.02
7d103340eaa74635a5b8a470fc827866,1,4f2640820b9d47e59bcd68e6274f2a1f,d5dad7b72a834698,19.14,4.89
7d103340eaa74635a5b8a470fc827866,2,9b191351091643d3a13ceab0ab317cc4,0645e248a0a041e7,12.74,7.31
7d103340eaa74635a5b8a470fc827866,3,8b0d22e9f8224130b11b83fa1435d5c7,8a78ef4784ac49d8,25.13,5.27
26e2c65442da4897a93203fa5ae99d46,1,588b673e7f104fd7ae0b00aea05b5710,1f885d1373df4778,26.21,7.39
26e2c65442da4897a93203fa5ae99d46,2,acc6dad63a9a47caaf30183bed38811a,3fc0c099918a4ced,27.4,5.96
26e2c65442da4897a93203fa5ae99d46,3,f9662035e2a3435c9547d83a70ca3a40,0e1107537f3242e4,21.68,7.13
cc89044832154727bc3a85b0a1ced101,1,d71e58dc423a451488c0cb8e375a5258,fa958bd5f6634f86,33.46,4.73
e4d6a6cf71f049c0aa9b2e607720c2dc,1,a5929053ce364413853d306a0cd0c9b2,ebcb6c2b58024c6f,8.01,1.94
e4d6a6cf71f049c0aa9b2e607720c2dc,2,208919d0e7ad4a61a20e092676462f14,c786ee111b4e45e2,18.51,3.64
5309005e6ff74282825c394272fa33c1,1,913cf7933ff84d9497ebca13d751fd36,11a492a4a1464a29,27.5,3.67
5309005e6ff74282825c394272fa33c1,2,7c42ccfd36054f7e9e84f3d7cfaf3555,f8f292c8851e4f8c,15.99,2.52
05685e22641c45b7a9d96be997b04a30,1,de87fd1b10004b51820f77242e7ebb9f,cba3e6c5d452403d,22.64,4.8
74dbacdc7a9e4196924a5c9e51da80c8,1,a2cac35bac114a7f9f3dd3c5def2e94d,a6356e51d7e44f84,17.11,6.92
efb89381f3cb4d23aacba0a5517954c8,1,f52b6abbff9f429eab488ba5b4b7c2b8,22490850bf774659,22.08,3.67
efb89381f3cb4d23aacba0a5517954c8,2,2abda96579cf44fba51ef2ce4c8d3b38,433d3575acfe4263,20.17,1.57
0fae836714de4a6c9f8b201227e2e038,1,2c61cb855f8c4db1960af4f2cf5dd57c,60336497c67c4052,25.33,1.05
0fae836714de4a6c9f8b201227e2e038,2,7a30cac09f974f02834d0b79a40388e7,3b8d50007ea64ccb,14.82,3.53
0fae836714de4a6c9f8b201227e2e038,3,7f1b321ddfe444da815e531ecbd3be9f,12741a70ea1444d4,14.04,7.27
5517bc4d9e9443e6a215929298953664,1,688540dc051d43758932110c5683be67,c517ba940344417f,27.54,3.3
cc63e4c13171496b969ab3ff39c80ede,1,260270354d664bc68c168930d2700e21,3fe61ddcd0f94e01,8.89,3.76
cc63e4c13171496b969ab3ff39c80ede,2,53e38baad08449f196b9ed2cb606aef9,1413ed82f89146dc,15.22,4.04
cc63e4c13171496b969ab3ff39c80ede,3,7b9486fe996d4db3b35a282bc5fcd6b1,a576f7b4d8844e36,33.03,4.69
cc63e4c13171496b969ab3ff39c80ede,4,d3f0d76677944ccc9f2163083e8143aa,0f4a747f7d5546bc,11.89,6.26
14b96e73f28347d889d4eddb3c8e44c9,1,5d304f809ace4733adba251b440fe9d2,d474680003ec467f,5.61,2.67
4e99fbffa07c4527ade2a9359a6ce7e6,1,35a672f4776f42fd95f816063433daec,1a0e23edc55c4626,27.4,5.41
4e99fbffa07c4527ade2a9359a6ce7e6,2,7bce2866f35d441185bb14446c194f3d,a94deb1c3a8240d4,28.31,2.17
a31c7b062a0942c695e16e509f953c5d,1,d54091f45d3a4999ad632ff5e83e1b11,946a97d7178c4768,17.69,1.04
a31c7b062a0942c695e16e509f953c5d,2,36422dd4964e489aa561998345f145a4,e89fba209d06457c,23.12,5.18
a31c7b062a0942c695e16e509f953c5d,3,0b7936e42ce2487d97fc55fef6ab74fe,575212834b424f2b,27.67,1.61
a31c7b062a0942c695e16e509f953c5d,4,f3a03da0b7044f688b3fbd66f8c1dc6c,243889d9a05941d9,6.72,1.41
95004753a4c24730a3f670d293136a20,1,2192f05683244c4fbc848ecd364e8e1a,0c75233a63d848a4,11.05,1.21
95004753a4c24730a3f670d293136a20,2,2cb9708fe2a54aefb89cea1775d4792a,2369198173f04ab5,14.29,3.04
95004753a4c24730a3f670d293136a20,3,be0b636b17ad4a23a72f51e9d2dd6706,a4e33dc7437842f1,15.03,2.84
95004753a4c24730a3f670d293136a20,4,bef6ef7e89ec474f84130cc08c5b5707,6a8c4399d7ac4507,27.17,5.14
87dabbec739d486188787cef78903e99,1,d2366172686b416f9258d5d3c10658d5,bbe1f0e19e71486e,30.06,5.11
87dabbec739d486188787cef78903e99,2,387c76f576484552ab142c270c89722f,dde36f1d168f47a4,32.3,1.69
bd0cd8f15aa74029bddd9f78ae76f34c,1,0693eede0ee24733ad37f6ace4bc3b02,a373f18685ec48c8,17.64,2.72
bd0cd8f15aa74029bddd9f78ae76f34c,2,25354b85e9e34b269904cdf14466e91b,8b02eba7e2cb4594,3.23,1.56
bd0cd8f15aa74029bddd9f78ae76f34c,3,48181663ad5e440f8702344809b932e6,778f5ddbe6c44fa8,18.0,1.44
a65b153e15194743b83b2be78c965bec,1,b8e89241c1d84f0ca6bc1fac5651bc3d,ee626a66c0414734,15.4,2.54
530f31cf7270419dbdcaaca95c9b7a42,1,a7c0aad976714e41b94cf0845d2fef98,2e7b8084852c44b1,33.64,2.18
a37eb62034104e158052095fa63d32f5,1,044b33105bcb4f049955ab7cf00e84be,b6ccacc5c48b454f,32.66,3.97
d6f72eaf70ff4184ac76e4dfc11be5dd,1,1dc5c5af30eb4820ba3d8a838fb4726c,d35dfbded8f64a0e,4.39,6.43
531e1b79e92743d494f3add0e631f18b,1,438cef55f2de4092a3f27fcb0a2fb471,fd73d33226744950,4.89,4.91
531e1b79e92743d494f3add0e631f18b,2,3f20745045a5463d90b5fe9f22411cc1,f35ca3e55c214147,15.61,5.46
531e1b79e92743d494f3add0e631f18b,3,a04ebcf344334a4fbcf427b370bb6dc7,63001de1a93a48fc,4.68,4.08
6f7fb2e951804eb99bea2d47fa9f132f,1,b5e4d646f19645e19a6e9c44126ba369,ef82e2dfeccf4356,11.67,3.46
be3d60d1ab764fedb0a474549f9ace55,1,defc00a5ac8c4039b623789e4a7e9c27,35075cc6d61c4e56,27.84,1.47
be3d60d1ab764fedb0a474549f9ace55,2,145e928aade4452cabdd83fd9234a3d2,d7ffe0d131ae4e09,34.91,2.75
84991994554441d18d8b639ae69cb257,1,329f631b988e42048c7471cab5d3b127,15a9a902e5ba4045,18.96,3.53
84991994554441d18d8b639ae69cb257,2,c854f41811934eaf907a9ed9ef3f4c0c,091a7ec8e4804aea,14.18,4.01
84991994554441d18d8b639ae69cb257,3,626f2a9e64c44c74af7340475add58ae,db729e41f15b4680,30.43,7.47
307f76037ead49989c4028c36d2fd8f1,1,4b6cd100beec4298b04200dcb19a6fe9,54c3566ff19e4796,10.69,7.95
307f76037ead49989c4028c36d2fd8f1,2,9cf031c63b5941fab13478a902464d6b,63b489a0e2b946db,28.07,7.23
307f76037ead49989c4028c36d2fd8f1,3,05b9306a7db743e2b78d0c754c3431fd,b0852ba525864d08,18.58,5.35
2aa8074d94f34bdcae6d860698c753bb,1,f268a1a8001d44aa8e6bf1d9a566dc64,a1fa15c5cba348ef,9.27,1.29
1a256a1bfd4944ff923ed973e873de91,1,7b8fd45394e94e44b669fc0bfac6a6d7,97e247a77f174476,28.57,3.0
1a256a1bfd4944ff923ed973e873de91,2,b4d501db6d3a4f21ba44845ecc547855,6a7e7af927234724,26.41,1.47
467078696e39414194017b1b6d58ac9f,1,ff03a7990d9545d58c09fcf368651c23,0350514131d54aed,24.86,6.64
467078696e39414194017b1b6d58ac9f,2,5013bd8d26bd4f9c90f7f9eab76fd20e,02408dc617b044f2,29.49,1.79
e0663f96c05a42078e8c8fc93b1050a4,1,62b38232a88a480eb82be5a7004fd124,8c12da91db1f4cc6,8.65,5.46
e0663f96c05a42078e8c8fc93b1050a4,2,a191f48c5f5c4a9f987de9276e77a334,04ff35d68dc5473d,24.23,6.72
e0663f96c05a42078e8c8fc93b1050a4,3,2603d284c4ba4c8d919fea57c5950fb4,6e728fc5cea74e8b,14.62,2.54
17fb0248abd34bc28742811aa1ac0104,1,09330871d92a409a9db9e61c64472b56,aa36c2fc47624a69,21.58,1.19
17fb0248abd34bc28742811aa1ac0104,2,a106ffb611584db88876590623ff40fd,c2eff2931ad54836,19.14,6.05
3cf4e1d194f9464bbfbf242b53c797c0,1,86580fa013d64b9baf806bf91467396c,8e3af56935514c41,19.06,3.03
3cf4e1d194f9464bbfbf242b53c797c0,2,0d2f4a9b34b74d6c9af77538677daec0,84dda1ee23e3457b,21.0,1.25
f738361062964393a9cb99228e31a276,1,cd4aa6b83aee4bbf934e2622bfe56c72,566e77feece14d33,26.17,5.78
ae46cffc8a544b46bcaccf304ff99a4c,1,722202af43b3466e90a68555613cbeaf,a9efd65fd0ea4b10,14.28,1.72
ae46cffc8a544b46bcaccf304ff99a4c,2,89cd2cece9c24382aef212a671e8ce1a,72b66f087cba48f2,28.17,5.68
ae46cffc8a544b46bcaccf304ff99a4c,3,e08ec7ed5aa64d7ab2243b2acc1d7603,b6d3b6a06db04577,12.63,5.52
ae46cffc8a544b46bcaccf304ff99a4c,4,ed488e36b88a47da830a9b04989273d4,c640127f1438465f,4.96,5.67
20b3b4eb42c5429db6e28e9fac3f6079,1,7daab3b84a564bca98b385f748a619f9,a4301802d9d14385,15.74,4.72
bad974172cbd4dce8ad1554910c31667,1,c803eb20b71042aca1dd7f56fc83ceb2,def089be405e4eca,30.4,5.65
bad974172cbd4dce8ad1554910c31667,2,470dee64a4d54672ba0206ced1fe5a1e,c9a7c75180944751,32.57,2.68
f54b504eb44547b38c580affc92e91ac,1,2c3820c597ea4e6dbd38e273ebb24a06,51b483b7c5e34f60,20.03,3.52
86b06208872a4962aac247eacf3a7012,1,74b14dcaa3ee46e0858a6bd7d9e63295,89853be79bb24622,18.93,2.8
86b06208872a4962aac247eacf3a7012,2,d578b3828fbf4e9f8e42e003b022e6c4,1413999440d94ed1,10.75,1.84
15573a5b364843ebbc56c70fbf527cbb,1,2c5f6c34e4d9441db3b72c1db6820c16,502c09b7a43d4f16,18.42,4.37
64161776baae46f2af41ead9315a0c5f,1,3f161dc64281440baeb200f484054da5,574b06fc59864ea4,11.31,1.61
d9fe597759f44901888eaa47c6b43c74,1,915e6ee739194719a14bf65767b4857d,f45b2f5903ff4fe4,18.76,4.27
cb5a3f1246804848a8fc25dbf8dce291,1,66f1c5479b424d4f9bb94c72a09db4fe,0906f72ea0304d8d,31.39,6.52
06c31a624b15443781dd42dbf00f573f,1,8c5d7721c24c47c3895cd5ed2a5b5bd7,c4b0428f823a4953,32.71,2.82
a5b56c682b16432f8d768a818891ae49,1,d7a3d503de5547588292dadf9bfbb90e,4cecd8ce16d94a27,6.52,7.76
a5b56c682b16432f8d768a818891ae49,2,d7946e9304c9461a9a3ac2341491ba6e,68a32dd4777742f9,19.18,3.07
02c9dd716ef7445fa933c06f80fb0eb7,1,c2b2e85fbe3e4a21af3ae018f8d235c5,9c2efb8c28594652,31.19,3.61
02014078e6ba44e4845b4e8c6fbd66ee,1,932f597a90864a94a33531dfbf0ea97e,3b731a6511034b5d,23.3,5.8
02014078e6ba44e4845b4e8c6fbd66ee,2,03f3b5cab32944a3b89001d8c499b81a,5bbfd254c4c34f8a,3.08,6.03
e7c67310c6a941bbbc6b9bf9e08a3028,1,993c73d194384cf99adfb820f911c362,acff9ec01c9c45c3,12.77,7.6
e7c67310c6a941bbbc6b9bf9e08a3028,2,f16382d802db4b84a0e20ca386f25fb2,04b29acd7a124ae7,18.32,1.11
e7c67310c6a941bbbc6b9bf9e08a3028,3,eeb3ad0915f14f4dbe6290cb91ddee53,e96f54e19c294369,6.14,7.04
e7c67310c6a941bbbc6b9bf9e08a3028,4,31961c02ce7a40fd93f5ce383277edea,e4ddb079917e41ed,9.69,7.95
72b923694ed14bfebd8fbf10c71544b2,1,471e66275f94423087dc768f363234a8,95690dd5e00e43fa,16.68,7.03
a209bb75f00744babe6fa3a85d6be8d2,1,ed947614491b412a89eac0df9ab40480,b6c9758def3c462b,6.52,4.7
ed6e9966b9c743d9b6c7f8f6ccb0565e,1,ab0bbe26b68643e489982fadbcb51140,cfb665e8af8048c9,7.59,4.13
ed6e9966b9c743d9b6c7f8f6ccb0565e,2,5e73d19ae5c54dc6bfb012ebf195e5aa,0d96ba7c83854f14,14.55,3.19
d0422875730a4e92a8884292c4508af7,1,bb84e21a616b42c2b139a41827b27c9d,0da5df41f6da46e3,22.9,4.67
d0422875730a4e92a8884292c4508af7,2,f06e0f5fde2446fca8370c6d2188c715,ed3ef5a44f29491c,15.93,7.08
d0422875730a4e92a8884292c4508af7,3,4705b00fa36343539c251966e0de24a5,e246d6836f794afe,28.2,6.87
f6a882deafa24dcc9c80ab89c25a0cb8,1,f6080ba9c53b4840a5b374dff0176252,64b3530de4c84907,18.68,2.14
f6a882deafa24dcc9c80ab89c25a0cb8,2,ff872e4d06b841708dabdd83167a2a90,09bf4bffd8f243a3,11.24,4.42
9f8f064fe422423b9620ade9bd466050,1,32b89c2cd5e44771abc8002a4d53e277,2243f8a8b7b4403c,32.63,7.35
0e9693a2d54f47fda83d13cc470e2f2c,1,8996abceb8ad4d55a980655afed38125,834cd73cb1fc476a,25.65,1.94
abff6b768c224ef0906f4c1ff64a416b,1,047570d8945e4a88b6a283c39adc08fe,8623ee1076de438e,2.89,4.52
abff6b768c224ef0906f4c1ff64a416b,2,ef9f62d0edba43fe8ed5be5c2b5692ed,b8ac18fe996c4eba,34.15,6.32
8528a869f2474a8c9ac4802018393948,1,fe7dc54e21004b8f87290ce1e7aa0cbc,ed71adb1e0f44ceb,19.04,7.54
8528a869f2474a8c9ac4802018393948,2,fe11dde427aa4d308197f5d282c26e9f,e88b478c52dc439c,11.25,5.34
8528a869f2474a8c9ac4802018393948,3,fab8f23555af4e48ad464aeaca63f56e,bf66966b65d94c3e,30.73,7.35
8e82183b9a02468d98d873c3a7f091ff,1,6e13234b48a54f2e8ad9deaf3f49ad1d,e10de9247988422a,22.59,2.01
3dcfb2629fda4a2aa606ea8640ce85d2,1,f7316a619e544b35b9dccb7ed631124c,11d9b8b0f54c472a,19.97,1.57
3dcfb2629fda4a2aa606ea8640ce85d2,2,8f87ef10289e47f0b149b9a141cc34ce,52dc0bd6940c45e9,20.61,2.98
b618af75ae8643dd9448f0d6f835be53,1,8a5898f5481f4611b934d0070d70a783,1a0cb4f0a0fd4be6,14.82,5.95
c773904aa16e498db293addc96606e4f,1,5bda96ee25a5426da49c9f8beddb5145,efdffd62097c4d29,15.35,5.38
c773904aa16e498db293addc96606e4f,2,d7b40bdfe7b940f7b7ea0966295df483,94ad1b49e79b4b46,21.33,2.96
b7ee2360653c4c50919d79eff99d801d,1,c7711e894dcf416a8fcf71c8ad780025,877c10491e5d4cb6,24.0,4.28
b7ee2360653c4c50919d79eff99d801d,2,70633f2e314b4b92a493fd34f0b46679,a3d7360849c54c3d,23.97,5.2
f6929a8736e34a4ba06557fdce9b4dc8,1,7007fe94185b4118adec19dc6a7444ba,5d8a9798848e4e15,20.79,3.26
f6929a8736e34a4ba06557fdce9b4dc8,2,b751942c939a47c09f76ce145d26a5ae,9bc9c7d96a1f4cce,14.01,1.38
d7a177c850154df5b174d801ef370f67,1,3a976f955fe440909fa0499fb73b1bbd,4116a0e3bd7f4f36,23.3,7.08
d7a177c850154df5b174d801ef370f67,2,4206a5b02a954e709d48b696abfc8933,e8f9dccb323642a4,2.29,2.7
d7a177c850154df5b174d801ef370f67,3,60d29c12a9a74559b44b6226e01e76bc,50dc1e14ec35432d,3.01,1.65
15c0e21e66c1483a9422dc55edacb8cc,1,5aa7bc13c0f34154b2f3019c60fea705,005a94bb3b1f40f2,8.82,4.7
15c0e21e66c1483a9422dc55edacb8cc,2,1f9990cc9cb2441c897675d86fa4def1,c5c50b9d11a848d1,6.18,6.47
7f5fde9d5ed14ccaa0a1c20c96e91ef0,1,32bd3f15a0434a169bdf2b40104b72b6,745d85e2801f43ff,20.21,7.68
7f5fde9d5ed14ccaa0a1c20c96e91ef0,2,0e9056d8e5d44ed8bd18e42c91ed07e1,08e0aa800ece4b3a,20.31,4.47
7f5fde9d5ed14ccaa0a1c20c96e91ef0,3,8155bf63fbf541f3abf2ff31a4089e3a,d68cb3432c1a42ce,9.07,5.11
7f5fde9d5ed14ccaa0a1c20c96e91ef0,4,96498d50e0c54fa6a657d41e5a830ab2,e75bb82992af4757,22.06,5.07
8c4de80344bd4ddcade713d5d257a0fd,1,de9987e1bc794e21919bd991c7a57733,696f284173f94f48,16.61,1.88
86cef3ef16de48339711aab13b0251fa,1,c2ff7a48f4d34431b103a7826a6b8330,1f3357ff15f04d7b,25.9,4.6
579ff3e7995b424baeeaaa7f3873b07e,1,c647c6c9b59e40e786a954158c4ca671,a9505d1b2d0a4c1b,5.34,6.72
579ff3e7995b424baeeaaa7f3873b07e,2,3ec169168caf4f6e9088e8fc064aceb2,d8c8a2ca78e34193,29.8,4.34
579ff3e7995b424baeeaaa7f3873b07e,3,62ee57bbc31d4926aeb08d54c292030b,caab7ddadf8b4932,2.0,1.8
0ad6095b8e694a13b253d483442e7a87,1,0dda2a3c5c144f0d8b639b30051ffde4,320d7e05488e4573,28.39,6.97
0ad6095b8e694a13b253d483442e7a87,2,90a0505967784d728392d984acfeaae1,4828998e855c4883,18.64,2.32
0ad6095b8e694a13b253d483442e7a87,3,cb09f8a7dfda4500b68454a6973aa128,359f1039a0754482,17.86,6.7
f60e865699ae496a94d13e5cece308b5,1,d197111544df4c8d8a33f26bf55f1f0a,edc391044d8147a9,13.19,6.98
f60e865699ae496a94d13e5cece308b5,2,ae28d6f98bd44b73bb8eb5d8f6a9a1c8,3bb3ced35c0b442c,32.17,7.43
f60e865699ae496a94d13e5cece308b5,3,89eb28ed14764748b2c7f1eb6e9abc04,ace9d192ec38440a,18.15,5.37
c54c41f6b3bf4989b131b760dd166e97,1,89a263059f614a1abe881681e4df01b7,d98b5dc8a5bc419f,28.26,3.38
9672c00664494b5782e4a25524f60212,1,819406d5920d48e6830d9045799e9dfa,662606ebd1bf4353,19.91,1.56
84c32f4ef2a5432bbc9a833e219eacba,1,86c4b7ba58c749f29776dd0065774337,36a6e06b2a554783,15.31,1.37
84c32f4ef2a5432bbc9a833e219eacba,2,c3d5a69d51e845c7a0ceebf5506c88a3,4cfec49eb3e14160,19.65,7.2
fba44b3a8dff4d29ad392245b9c8096a,1,4b8d991e3dc24c58a55af8d68908a8ca,207d38c075564de7,19.73,7.93
19a110e122294680b19f2540cd538741,1,82785524a898411086d14ce091fb6ca9,815e18370dd542ba,13.66,4.99
e9e99a1a87ed467d8372575ce762fd90,1,84e57f4c134d40ac8e0ca6b5209f5954,9f4ddfd5cab64973,8.05,3.21
2af4e7ed6cff4a238f814a88c6da0285,1,ec9a663bf6ed4f3fb36be7a587190b12,879771abcfc0474b,16.43,6.9
9e384e2079b24251bf0bf715b80ee195,1,ce29b56a96494c9f94d0ca71a925dbf8,2f8852a2443a48e8,28.37,6.39
9e384e2079b24251bf0bf715b80ee195,2,b4c2d4c7bb0443de9b9fcc79fa3d8353,ac6d1419cd1b4619,8.33,4.49
6b3e83785a514ec590b184e95a483cb7,1,a92a17ad8a364757afd1354b6adf99d0,c036f7d3d7614cc7,20.5,4.32
babcc6034d1d427e86a86d1c135b4584,1,fb39aa6c74104d28a1b93766b1231a1f,37fbbc80fb834a3d,12.47,5.08
d8caa03d257c4612be0756a40ca220c3,1,f1cfc85f09904eed8e78141a54099396,11a95d0a060a4884,14.42,7.56
d8caa03d257c4612be0756a40ca220c3,2,e349b81b83d4471694cc74fc45d93414,64a5d866831e4218,1.67,2.03
d8caa03d257c4612be0756a40ca220c3,3,67549db1085e4f4480b5391704602db7,ba2c79d528654803,19.67,3.57
62185efd59b0473da9d2da9ab9b8b4c4,1,8d16dd6806ed4a2dbe5defff5940d6f6,13476326c9ed47d2,27.04,7.0
d323962379574b91821bcf76c4e5ba05,1,50d5b93ebb7d439995e34fa2bdea2109,dcbed83b9a0b4eaf,2.85,7.22
d323962379574b91821bcf76c4e5ba05,2,afdbc5e03c0c499d98ed2da04e649550,e2bebc5e005341ad,28.79,6.65
566ee425eeba4539855bd66a2aff9b37,1,a0879fbdbe3845eabd768258ca5dcf01,41b2b7c525c442bf,4.03,1.89
2612bbf75d8c439d9dbc3718f9deac9a,1,aa4cd29140a649d4b8b274d03ef5a0f5,fca46e3d4fc84195,20.24,2.78
e870416e2abd47d49bca80342046b4f4,1,a0c68cc6bdce44eba0bd9afbedb2b6da,e48bbacb8dd048b9,31.53,6.86
e870416e2abd47d49bca80342046b4f4,2,423a1997773742ea935caf5b13a7bbdc,2dfd1d6bee624809,13.54,1.79
9dfc45b5e98a4bb8a3b05b5bce3020e2,1,01bee503de6842c6a915e4b76db55746,cb74e96ca94d4009,13.71,3.76
4f25272051a141789d8fbfc952552423,1,21c0d1fa02074bd595ebd69d6dfe0f55,6e6f1d6369064c9c,26.46,1.94
3f7750a496d94f94b020d1ac2efe7b82,1,b541ee716cbd4c04a4cad1fcad175f50,159508d86d964a83,19.42,1.54
3f7750a496d94f94b020d1ac2efe7b82,2,a65fcd0fe916468fa7d7e25c854f72a2,cc1b0c019a614cce,19.23,7.64
315afefcf22d4a419caa9e4fa825a35f,1,23bc5fb5ca904188b2c836a016d6e55f,f7103e6db4bd4fb8,27.75,6.39
bf6ef2519e88471fb8a3f6c0c83680f8,1,1c640157e626418fb66de8402f893ce2,8755aed652df4346,25.73,2.22
bf6ef2519e88471fb8a3f6c0c83680f8,2,fc9bf9dc92ef4e35b04e4d911bca070b,2b39367fab3e44e0,5.09,2.17
737af5bb2f64409f83b59b129acb203f,1,52cccfca0bad4813bcee3e655b233ac6,0e95956a2ffb4c08,15.59,5.51
737af5bb2f64409f83b59b129acb203f,2,22f8fe9938724963ba0325040bba0587,9bae3a9479874183,17.93,2.29
707398a6a48148a1ae602e322c787380,1,56ca1741f57e43da89034b8bad630fdd,3df6719c1d704c8e,9.96,7.04
707398a6a48148a1ae602e322c787380,2,c6cc29fa123140d486a5678958eb0500,60b334ddb1474d91,10.13,2.33
707398a6a48148a1ae602e322c787380,3,f76ef13247ca458aad909b63068ccd21,0834bb81f9564296,3.29,4.12
6517803806b74a2e89d5d0a3c6e98fb4,1,09864939177945d782ec02a36bdc38bb,c32b2f453306422c,7.56,3.06
aba79fcd246c4908ad33f32b500c82ae,1,8bdc152c736847e888b67e87a244c2e9,ab27df96a081490e,29.96,1.31
1702c671bc2c4698a000836cb423c060,1,7bbc67b2a2594faeb338f9092d53dc2f,576106e9f62f4805,16.6,2.81
6a4b7c1ae1c44b3b9a1e91d383a09667,1,e9e8c410f3cd4722831edd2d4ecb2e97,89e6dc5f28bd4cf1,28.2,7.58
6a4b7c1ae1c44b3b9a1e91d383a09667,2,c568a3483f4d4301a681ecf6c8f34e96,60cb2cc6f07d4d23,31.61,5.69
6a4b7c1ae1c44b3b9a1e91d383a09667,3,e0c4d319c0154012a6c2449f1acd9db6,edc5f8b86a2d4561,15.2,3.16
f74faf5dd83a4141aa444137378d5d1a,1,dc5afa8ca8c246099f021f0c07f8c6c5,e083b3d196684587,29.25,5.88
703e335f5a5d417eb59eb9fa7a0f0606,1,206113a25b5344cd95f706c8105ea07a,5200ae2fccb7462f,24.08,7.51
c5f57b906f2c4c3098c618bed841b90d,1,e3784891991f4a0289bf62673cda178e,3a955d7ae80e46b1,8.07,4.05
c5f57b906f2c4c3098c618bed841b90d,2,689495b9806440bf81b4b44b51134d94,080ef327f5924f3d,30.89,7.95
07010bd1c5634467a153c202d7b8d06a,1,2f36aefe79444c43bb395626416d33dd,418802a4931645b1,7.29,6.95
9b3dbe80bfd44725b225511656298651,1,fa33fa88b135495f83fcbba137d2697e,fa11fda9f09e4465,25.52,4.0
9b3dbe80bfd44725b225511656298651,2,13272a4c319b41809733df52cfe5ee2c,53e44f48b4414f3a,24.58,2.81
c7673517126144efbe749433ee89d155,1,36c1a1698ca94033b38eac17985bfb28,477eec01a5af45b0,23.26,2.8
5a87cb3bc9cc4e828dcb1d8f9f0d59b0,1,140186e281e14364a953925d77023363,bef32afcf43f45c5,20.74,3.92
5a87cb3bc9cc4e828dcb1d8f9f0d59b0,2,b87ed4574f2a4b938a212f49f595e90e,d552737228f94fa4,9.42,4.39
9ab460f0001644efb876351008c1100e,1,0b81acad84c9481d8840550d06daf120,c06ce73dd8d64dbb,3.64,6.3
017de965f2e347938ac32a94bde3f629,1,aa31ac18cc5d4b30baa346b0654bf2a2,3d4cadbd0bae4a6c,10.21,7.1
7f2b36c2960946e8b7558069445a8e76,1,8df5c4cad76b42d5a5b5184b028f6505,cd57120759be47db,7.83,6.65
7f2b36c2960946e8b7558069445a8e76,2,3230ac39b7644626a8c5ff1e952c9354,6846354630584691,27.93,7.74
73e45533cc5a4d57a5456c4149c26bce,1,69b802b2d88a4e3088de3f5fadbe029c,e6774ade7fca4a77,21.72,5.32
73e45533cc5a4d57a5456c4149c26bce,2,6afb9fdd17d44be6b51f068b2c2f3237,fee1e0750432423e,20.79,2.64
01dad99497244d80a2747e872d4d6303,1,4942fd69f14a41e0b21c9907640d17d5,d5311919675948e3,26.65,6.04
e6990ae1273f483f88b10a3dd1786a43,1,c8b1dbc7a98c4b41a4b6df27b60c05e4,543f340e67ff471e,2.38,5.26
757aaa05f8614794847614446e01c4d7,1,a73e5122a0f24c83800f1a5a9b3f85b8,8d8f1a57a7d34deb,6.74,6.68
41a6e8a60de84345842eb63f50de3d0f,1,e1516e1ee6824fa98cfe20b3fe997cbe,e51aa0d4bd654493,18.18,3.56
41a6e8a60de84345842eb63f50de3d0f,2,abeea8978343451b87daca8208e5e822,3f751accb0f3447c,6.25,2.83
41a6e8a60de84345842eb63f50de3d0f,3,db194fb31cfd401d81a95ffd6f0694fd,a533ffa9ae7f485f,17.54,2.81
13b83a99349a4b10a0ad3e6b9318c2a2,1,f01254cca514414789de5b89db57d0bb,e0048d2896a344ea,34.7,1.33
634cff4dad234f39a06644501584ec73,1,7dda53ccaf1043fc915169229ef0ea8b,19d449453e9d47f8,15.77,3.73
634cff4dad234f39a06644501584ec73,2,0a55c58e05be435a800a0a1e85dad603,fb32a5020c55473e,15.88,4.07
1f543152a74d46e2bad2737024f5f62e,1,2c932ea7409f450998abdf38c9bc30d0,b282403287054334,32.27,4.28
bff53a6a068145e08223e377ff559d8d,1,ef32e8d601ef43af8234c621d81af4a4,453d286951c746cf,2.06,5.91
bff53a6a068145e08223e377ff559d8d,2,75009e2e8da042abbb011595a43201eb,1fa8bdd73e6849a0,11.31,1.43
ffb72a266e33433c96d1ee0edfde4934,1,e313630b151041dda8897eb3f0c3ea29,c46f7c656dd441aa,26.25,6.6
ace2f7fad8714528a9a687aa058a500c,1,90b0d0c89428486f8ea29c51e7c6f3ff,8fe71d99d61e4dbd,13.05,4.77
ace2f7fad8714528a9a687aa058a500c,2,282825438105492e868016e75491342d,a5a865a4f9c14b6b,13.85,1.88
5f89f83f41ac40e1becb1639c2ff798a,1,80a3881b39074fbdbfbd1faf8b5ba5b5,4d4292fc97fa46c7,20.12,1.87
10dc62479bcc4856aabb576afc6be28c,1,ee840f69100d4b8ca0c395a21369a291,cc8af34f7f2f4816,20.37,4.14
10dc62479bcc4856aabb576afc6be28c,2,ac1c08b7f60942658a114604588f55df,9569e288a7324cd3,19.98,3.15
5dc9b151d2494f5f9af207cef69ecc83,1,5f79a33a8d844e70b38ba204fcf0e55d,7ba1abae9f644d60,2.45,4.91
5dc9b151d2494f5f9af207cef69ecc83,2,eeb30591dd98470b9e0b8d173181107e,83145f2b233d41a8,17.7,4.64
f7d4adee9a1440c3902c44ab3bb34d2d,1,1da35898e22a422588d9c27d12b2da8b,d172fb1d057f45c0,9.18,5.85
92cda321ea154529948f006860ef138b,1,9c2c59a0ca78450aa60e5cf57d51db12,efb530ed44974db8,33.11,6.54
b1b5bbc2fd5841c5b4cacdb1cb45af2b,1,cc6eaed2474e4c47b0374921582d8415,65ba61c9de2142ab,14.52,1.6
64743c04d98c43529b88c0828eb1d4c1,1,954f913ecf4842a7b554be3dc69e8a74,2765e6839b1c4043,26.24,5.54
64743c04d98c43529b88c0828eb1d4c1,2,9480030c540a4c70b88bd911b76dc35c,ee0d83db2a3c4ac4,24.22,2.77
e2075e7511c74dc6bf120c1bb3fe882e,1,f95773a91260463aa61c43a2e26105c3,a4ba152264634640,21.67,2.33
e2075e7511c74dc6bf120c1bb3fe882e,2,6933c629a1874b69856060407cae72a3,ba3f4355ce8f4ab4,14.85,1.85
e2075e7511c74dc6bf120c1bb3fe882e,3,6a82fa70bb6d4ad5a8c9745d17c4978f,2bbd5c89710e4cd0,28.4,3.98
149cde16264c4622894506f17b27586f,1,0a66abd16ebf4d90b4a3ccc0819cbb61,24bbb4892330465e,10.2,7.45
51fb2e90f8d24909a29579ba6a988a21,1,5bae931cfc9846b48e7c9c659263c65d,1b8bb3d3d5c84d97,3.86,5.48
2e1cbac2358348b18ddf042858b231d9,1,9a2119e7837544cf9857e7e10658a60a,fb7929bd9065429e,32.25,1.72
339d11676b2e4d4d9d45312fd4106606,1,dec64dc1f7234c599d2aa34dd60a9fdb,897f5e7c5f384ebb,3.04,6.7
339d11676b2e4d4d9d45312fd4106606,2,51fbc66c14364d6d9ea281042809c93d,14f22f6fa9f94e1a,6.0,6.05
bb1362a82bea432a88f96f9ca5a1cdb7,1,cdf52a335f794e50959250c862e463e8,47fa75526f2e4928,26.01,4.99
23f8b9fbccd34a5599882f45764ad472,1,29e57dea496a4be3b08a2c7864d815a7,2f9d0ef75d4f4dee,27.51,4.55
1e7c2394dac34f0bab01174a1a1ce961,1,c544dd8a2c324033b05fb9e82853fe88,039364f334514fa9,29.83,1.45
55072f9679c24a4f904252d55e9cc855,1,642ed707dd5e42bca698ecc5f614032f,bf0f3bcc51014587,11.99,1.4
55072f9679c24a4f904252d55e9cc855,2,cab119ca55ac4afba9e41102b1eec0c9,e2217fd5431641c7,28.61,2.88
633b65b617a94038bbb7880d0666f088,1,8d6126ddc99f4bd29f745af5b222817d,c96b234a6379419a,21.23,1.99
56829c58a15d43d9bb553b5c8653002d,1,31b3acdfb2f542ac9d6a5d2c4a1b1eab,c2c311e38d134e03,23.96,5.74
56829c58a15d43d9bb553b5c8653002d,2,f10a391051b441c5b8f9e5f2cc5130bc,7db70842832342ee,12.87,5.24
56829c58a15d43d9bb553b5c8653002d,3,94cb6774820244579e9d879853e6dc15,786cc755f8f8470b,21.06,2.31
6a3953e4813445bbadad349b29e6930d,1,4aa6b25314ec4ab984573ee39f5e788d,e697f37a0fe54ee0,8.56,6.13
6a3953e4813445bbadad349b29e6930d,2,cc82a6f782e34c08827c5d05faab10f4,f913620c88ef42d9,17.13,3.48
6a3953e4813445bbadad349b29e6930d,3,766f971fc2a746a09beb713978e450fd,9880ee1c22f1467d,7.56,6.06
547bde793d9847ab8ee428b6798a3744,1,a8cc9ea3f1394a62ad6a2f37a4e08105,a037d8ad353f46ad,30.44,3.44
547bde793d9847ab8ee428b6798a3744,2,8c6660f1f8934a0d931ef724c7aa30e4,79c5df81fdbb40e1,13.47,7.22
547bde793d9847ab8ee428b6798a3744,3,cd3ccfeed7594beea51f3b8d56c585e4,3ec7470d87f44aed,13.13,6.14
6e71486e1c744c5b9552b9f97e3fe80b,1,548b8a0137d54535b841c52ab060bcbc,5476c87b61c041bf,5.62,1.99
6e71486e1c744c5b9552b9f97e3fe80b,2,2c618133534f405487c2bb1fc5c381d7,aa0ec7f1bc8a4392,23.05,6.46
6e71486e1c744c5b9552b9f97e3fe80b,3,4521743655c547229e5eb387a9b18c5b,62081082de8a440e,10.91,6.71
fd9d182280ab4322bd8f06c44361ca0c,1,61c37a39568947db9d8fa59a90c1622e,648c9a27ecfc4f96,13.43,3.48
1aebe9dfd2084415a50f945a7fbc7131,1,483ecc0b26e6492ab0d6afab9100ff41,60e637f60c934917,19.28,2.6
1aebe9dfd2084415a50f945a7fbc7131,2,42170c293bf249c3a5effc89f21f0038,4398ed320bdd494f,14.24,7.63
1aebe9dfd2084415a50f945a7fbc7131,3,ec019508f1a34471b1eb28cf82a4bafa,518b316f88504471,24.72,1.36
49719e7cb9c541e791e6d83ade78bf0d,1,315372d1ecc74672a541c1087e1ffd62,31aa6c9b0aff4eee,27.17,1.5
60fe08a02f56414c9ee46b6dced74cdb,1,9bd6eb3d8458401d98f2123a34f81ce1,092e1c90aa954297,14.95,7.33
cf8f6a7f6feb47c99ddddf224a59f5c9,1,07583f0fc77248f4b9f4245c65334a4b,956cb3b364264e90,27.35,1.82
45a3af9d0765468baf5b768577d387b2,1,f9a419d49da8498db82045e99ff1f4d2,3ff8f73bc23241cf,13.34,2.19
7682c3452b654c87955883daf2a63f51,1,254c202ccde04cba9ef351bd4fdb46fa,db826dbf9a7a481c,22.52,3.1
42b55905a3264073833b555e2f82d0e2,1,5b624e860d9a4bfa9fce369905809ba2,f11343fed318485a,23.92,1.16
0e5f488fcf2a4a4882ce9a3cc6ac870d,1,28c5931a2aff477b940c7abf41bfb309,7dcc4d9c2fdd42d8,25.6,6.31
cdeb1b17a70b4752a2907ff3d99cabe8,1,5c60eff9b67e4dc6a5f62a5ea7f86a84,c0a54db647fd480d,20.42,1.23
cdeb1b17a70b4752a2907ff3d99cabe8,2,165374b46b3a469ab2442d838486ad58,bbf6359539eb4164,2.99,6.94
cdeb1b17a70b4752a2907ff3d99cabe8,3,e799f8d5e940446ab5bec2579ade4d0f,a442a0edabe54422,11.65,4.19
56f3dbf167db445dacf29f703cd39ca8,1,ae9c321d71c4446f9bf03dbe425e270a,c644708dc99a4ec0,11.45,6.91
c93f24c596af42ea87c366f6c74a57c7,1,a21de50ba65943efbceb63240d89b9ed,b92f6f2e13ab4f1a,14.68,3.83
f37792d99d5741a48e29c3ecf9975ea1,1,b86346d6fdd84607b090b0b97e0d137c,720dcd173bb646c9,27.52,2.06
99a2f021217c44ebb200d4ad143c053a,1,17311c5f7d054406a1d38f7b185b53f1,61e98956f0124164,15.54,7.96
99a2f021217c44ebb200d4ad143c053a,2,74c0a61b4bf74df69908bbc53c6bdfd1,afaf6293706341ca,33.76,1.94
99a2f021217c44ebb200d4ad143c053a,3,c033f6fc005145d88984840273a2e640,eb5c280a55484185,31.91,2.13
be8bd879a3844389b267d24391ea27f7,1,368b898552d14f558a63e313b2f9ee13,a65ab7a572464120,30.28,3.6
9814b2ba60084e57a7ccd3fa915c17b6,1,02340e6557274e96a011397906f8d572,d96822fabf82467f,29.75,4.75
7194fd1c3ef8444c8508bccf3d3fe31b,1,a551af10d35f4b3581c159ac4dfeff72,bb977bf5e0474f7a,20.2,5.36
9f692ceb56764b6ab0cc185d55cdc9e1,1,cf25307f3ef04655bcf36360ab2ef4df,0a8a36726c32494a,26.99,7.77
fa0ae03a0a534fa78e5e18f3583d0219,1,f7f6d10e4d0e419ab5a397ec6ffa1910,e7fb23197d594e40,28.1,3.34
fa0ae03a0a534fa78e5e18f3583d0219,2,298fd566824f42de801897a9b8e3a796,ff54aca22fd3498a,17.41,7.89
fa0ae03a0a534fa78e5e18f3583d0219,3,8f30238692324808a370027966712948,3ed1c17f8f8d4399,22.27,6.85
bf90de7dd4f441d8976ff339fed97ee1,1,85a5c89efe3d4a47b030abcaaf23c4df,0f99a11a2aa84fe2,29.53,3.96
bf90de7dd4f441d8976ff339fed97ee1,2,7c2a7e6410f34309aa4a905fabc5ceac,2f693caf8ec6499d,18.41,5.23
562250ce21a9498486af88621f4e7c7c,1,03e18533eafd4b168bb1bfc27d355654,3c19126ad2fa4499,10.79,4.66
562250ce21a9498486af88621f4e7c7c,2,7ba59f88c59d41578244a92c05315a56,e5aa136bb48e41ac,27.19,3.99
562250ce21a9498486af88621f4e7c7c,3,64270366bb38441b915470c3278e1cc3,e5332c82324a4362,10.85,4.02
562250ce21a9498486af88621f4e7c7c,4,bbc6c6df962d4d9997c825cf7fedd32e,84fc1c2010a04fad,11.97,6.4
5e402099ca4e4332aca961ff30350515,1,f479dd94c49a41a39c348433e1e2493c,554b9072cb3e45cd,32.65,4.66
0360b1234c434c1784ea50a8c8e6058f,1,5b3de590d71749b4a19353b4cc94e1b7,ea55297831b14a31,4.84,2.14
5433b075695a46b4aa1db6192ed4076f,1,5c3b63a0012a4353aaf88e95708169c8,305c085799664311,34.87,5.67
5433b075695a46b4aa1db6192ed4076f,2,bebda0ffc29c43a9940da6735cfce13a,5089531d0f5047ef,31.0,1.82
86820b97f2df46a39585b5f1dc739d25,1,476207798e064ce8aaab04b1f11452cc,98292872f46242dc,6.13,5.47
e89690ba1bb54fc3ba6932f4e3313ccb,1,67eead8c12664de19a090172a4c56845,f1749d0e982b4da9,16.41,4.4
e89690ba1bb54fc3ba6932f4e3313ccb,2,a39d243fc16d48b6984ff2472b87cdfa,c02ed3b74e064680,25.46,6.62
d1f190f640934a74b316aab1024cebb6,1,2e41910be7614c32b2bdd60aae6f6e63,dab47b9ea7d2490f,31.77,3.6
d1f190f640934a74b316aab1024cebb6,2,9ca58e1ee00747caa0fd981a9b734bbd,cd900c9bb51c4f2b,24.29,1.52
378f22d31ab14cb193b9783cc5294926,1,aacee491a07c4ed692adacb5cc63ef86,da10ee5aece14f5d,7.3,4.33
378f22d31ab14cb193b9783cc5294926,2,3495f2719d6744fd9808693a0a1fb04d,411c53996b82460d,33.32,7.47
378f22d31ab14cb193b9783cc5294926,3,2c2f0ff9b06a4333b9b5fe36c0f9e1b3,885862361b9143a2,15.87,6.23
3941b395c7724dfe97061e1a55f555ed,1,57066dc6456246c6a140728a93f80982,8d49949f5ede444d,23.16,7.44
3941b395c7724dfe97061e1a55f555ed,2,8cb947b5e29943f4b36303aa555964ee,63507fd12b0043a9,9.03,1.09
3941b395c7724dfe97061e1a55f555ed,3,f2ebab6385d245de84d13e9c7ff988cf,c208d44a2194493c,27.88,6.05
0955306ee75a49329075a36b4c5899a2,1,c4c5797eced54943851c16c18bb30bbc,0f022aa47f8f413d,19.23,7.78
d356410d67f040b496414eb2719f96e4,1,4d4b2968001a43fca02ce512b2c1a7d4,f672cbdda3174606,2.19,3.2
d356410d67f040b496414eb2719f96e4,2,cdf60d5bd4b44b06b1d9e88dc8afce8e,586ae004291445b6,30.65,2.73
a6ffab9b3d714d28bbd490e8d9749d82,1,b9a0740a694341a2ab03530fb4b04f15,bb57ee40802544fa,16.82,5.73
18a379accf224444b1ac26f31f69da90,1,5733c3e306344e1b9da06ba457cf510a,2db6bfba91934ff8,8.85,2.09
6cc40ef53b1146b48299e102959f0d13,1,d023478cc9e74cf7a810d62aaff07e7b,5a16ccec47f64349,16.47,5.16
70c43f5458674e86ab1734e987970290,1,0beeba85015b40d0af3eaec606127d75,1191ac43c942494b,4.27,6.24
f2dd4f38349843a699fb56bf06930be1,1,8baf4301696640d8b441c3dad101a5a4,3340aa0953104cc5,15.05,2.8
c66ef4881f6544078856b12cf3eb19cf,1,d7c8bfe053d245fd85b985ed7d6a263c,98a725ee5af2485d,11.08,3.37
66dc1b810e2747f9a49af4b94749d2ea,1,c827947a4226456a89b210e7688f9992,2173a350cc95417a,17.12,2.8
7eeca38bb9d0437d8efc229c1bcb072d,1,bde019be91db41a78e8c7b86ad40c579,c2b311bd9acc4691,17.48,4.49
7eeca38bb9d0437d8efc229c1bcb072d,2,d5a29331581e483c8607665f8f5a112b,61b76c9f9dc9459b,25.81,1.19
7eeca38bb9d0437d8efc229c1bcb072d,3,743686cd3e354fe59b99a8fded07a735,a239c83f641242e7,13.04,4.3
9cd863a785d341f181d982aa766215a0,1,a3ccbfb7a3fa4a8c894d375efa37f5c2,59360605f21649c7,12.73,3.57
257bfc2739fc4fe386df4a2ced8f7b04,1,26b290692642449ea9b54a3a0624a798,18136904cb224b44,7.91,7.55
257bfc2739fc4fe386df4a2ced8f7b04,2,e0e31c24c74d4e81b5c1fefb1f39c450,88adf7f7c1d94e2b,21.78,6.58
4014d784989042ccb3a18bf775aa9011,1,5d3e77ae600147a39672298d6646ec75,8fcd995c79254585,21.77,3.78
4014d784989042ccb3a18bf775aa9011,2,d893550461ed41159a83af1f81512e90,7f2c301c1f1f44ad,14.99,6.26
6cc554017cc145449b5c3e0e844eda9d,1,f4f236392f544f669b50aed89e605b5f,5fddbbc2af6b4949,1.77,4.03
6cc554017cc145449b5c3e0e844eda9d,2,aa41f91542e34d6e919bd2d790182b58,961a41095b934b4b,9.17,1.12
a59d95ce195a45d1a94746799064d668,1,875e23bf12ad4fd1b6d6bdb172859b14,eb455bbc7f0b428a,33.76,7.75
31cb85b6e606423ea56781b2f8d87674,1,b4c87f4b57b1432b98bd243d56cfd653,9f89164364a04205,30.07,6.32
90fdd59bd90a4acead89c4658082aa82,1,329bb4d4b5784e7ea184823c5b6ea74f,b37cb19281554732,9.77,6.8
90fdd59bd90a4acead89c4658082aa82,2,16bb55f09ce34ce4a8818db112418a90,887ea48a927f4dc0,30.09,2.59
9f48547e3545430bb56918f3d03f61da,1,a093ba411fb6490389aa643950f97a99,09247770f1b94597,32.24,1.76
252829f6626244138858abb586320db8,1,40505c83a6d64b69805332990d3aa307,580d00d803034151,34.96,3.86
252829f6626244138858abb586320db8,2,60a815ec95264149b9a77c883157794a,1ab83671f92048e3,29.59,7.87
5c06fb14fd4240d9abacaa4d83cd2d73,1,5b2c013664d54a428f07dbcd3df1b518,61ccc54e528a45ca,10.63,6.64
5c06fb14fd4240d9abacaa4d83cd2d73,2,8bc651e26f054690abe3a5b6d9b71e93,87e0691ad6344263,7.34,6.77
4f62cd5de5994a4794feef43e24b616f,1,d56176fc9e734db6beeba5fafa992750,aaab7eeac3274154,20.88,7.85
0e9b422bb9e140a38b889034c37c4dfe,1,cc9ae7a140cc4a65832eda6d5ac1ae50,5e12c89a836b40ba,20.72,1.81
69b635065494472494ca2f52c64a5af4,1,cb16328403e44652aea09a56a4216100,8d84cb25f2994c58,26.38,4.61
69b635065494472494ca2f52c64a5af4,2,b40969a6470d4536ade4083d377c1a02,ab9ea685d31f48bd,17.22,7.56
b891d59e7b6b4b50be11f437e58d6476,1,fd38b88ec9624423bcf06969432db9a4,8c592ee6793c467a,31.24,6.19
c1d6ef4fffcf4e89845ce02899fa7826,1,e7edfee43a2444b2b467a1dc1069efe8,c656dab33a6d472b,21.27,7.97
ebf5f15653b34457aea40d351e9c329b,1,abb07ab0000a48068d626a444a197856,6af52bd148ea4af4,28.59,4.92
ebf5f15653b34457aea40d351e9c329b,2,e998f3d6a57147dea91b536bcecf5237,b5e7c39b4cfa4f4e,31.44,5.27
a8786fb6995545539a87a7f0f3763cd5,1,d331eda7390e4fa2a6420190c035d45a,137e9961217d4244,8.35,2.88
a8786fb6995545539a87a7f0f3763cd5,2,0fe15b61a2a44138b92231af42cd6283,571084e98fe749e9,6.91,7.34
9479b1b1117a47fbaf4473623cdb0f67,1,72102c53c1a54b4d88ba4470c51b646d,36ef663abdf043ff,21.67,1.58
9479b1b1117a47fbaf4473623cdb0f67,2,f640aaea117742c6ac6e9aab79615720,ef16f0bbc1264def,32.36,5.44
9479b1b1117a47fbaf4473623cdb0f67,3,4c8f64e523ec48cea67a1e8ebdda4068,3fd3161c84884ccb,2.7,4.13
181f7f92abf640a69d5351fea8170906,1,6f732cb06e5b42bfbf4801b25499229f,379aaba1015c4023,32.98,5.62
c7e6b06e91c942b0ab8e637fe73eef00,1,d0474ef11a94449f84516c618eaf1125,e8d4266119444245,22.32,6.97
c7e6b06e91c942b0ab8e637fe73eef00,2,311c597e33764718a9110e1b89deca08,229ee7ddf2dd491b,15.89,5.06
ea6df3dd177b4f638fc2b9aaa08a4474,1,52401de2349f47eda4fec42248ac68b9,680ca9ba7e634bbe,33.69,1.26
ed040cd7fd9c4ababecf2518d6070e86,1,f72b39d71094465d85db3acb88a59be6,9d39b9dfdd094ec1,30.16,1.87
a66ae30d867a47dd8712096b697ecfde,1,aa4e5a394e074ada8624135031844613,c0727afba0914f35,8.05,3.18
a66ae30d867a47dd8712096b697ecfde,2,172d64fef6a14df888a5d0ba195c8c2d,eee1876bf49248cd,28.87,1.22
a66ae30d867a47dd8712096b697ecfde,3,ce246a5093ed4093b662577a954c7cc9,55b6871da52f4e74,21.82,1.8
0a514af596274e0cb62ca2c6fe04b762,1,c42f6521d1354c89ad3fa656d40b2c08,fc1941484e5d4636,13.66,3.53
71f24057a2834800b5667a6a3044e362,1,b470dcc5e3414d8eba11eb8b4e65ec33,1f3c8f1c064d4e3e,12.63,6.34
cc5304475ee14e6b9a920d98c6f1acef,1,2138bb9a80294c1ca64502e4eb3d67e8,df3e764d7a69498c,8.31,4.57
cc5304475ee14e6b9a920d98c6f1acef,2,dd437e3b8840496896bf87ae8f6b8db9,4097a5daa705437f,14.92,3.03
cc5304475ee14e6b9a920d98c6f1acef,3,8b991ae991f34120a75377475232c1df,26da126b2b064e05,27.02,1.13
a8f6aac1fd564846bf0cf5d718ec0a80,1,36b6a5e5a3e349a584a4a35d9ac50075,6497a020cbbe4064,26.77,1.96
6d90b82fbcb24113a11437f8fdedd593,1,5e180141afc44d83aca2cfd26fbd66cb,a4a64bbcb3a64b9f,19.79,2.7
6d90b82fbcb24113a11437f8fdedd593,2,3f7581a928794d8a95e1ea28de271a6f,8023c19aac444da4,29.1,4.89
4a1e6c69a1704eb09e5ad4b6a6bc1b4b,1,55172cf70f72474899c5a8d12bd3c16b,85e1ab6123e7422b,2.01,3.83
4a1e6c69a1704eb09e5ad4b6a6bc1b4b,2,fd2ec0690ff04818a55b92a6c7725efb,50684df9b91e4d3a,13.25,3.1
a575388afc284f88ae0911bb883ac248,1,f1a50c34267640bcb2b21761431531cb,fbdf8abaec0a49cf,27.27,7.13
dc15de95a30046ce990fef4df4715809,1,f4fccfe50cda471ab2bf7603141dbd37,69681c62954149b2,16.68,7.09
bcba0d5d43574896a2d084c642398b10,1,2fd75ae2b3a94ead866625a191018763,22263492937c436c,4.92,2.02
bcba0d5d43574896a2d084c642398b10,2,5c2143255c75430aa10f74627714187f,69a59bbae3cf4173,7.09,6.44
e3b70e5506b74984b61bcb825654449b,1,e3845904be4e4f7abb207903ac553c4a,9be75863f77c4097,7.36,1.71
e3b70e5506b74984b61bcb825654449b,2,69d0af11da2a475996a14b514c7b3788,f51ff28356b6433d,16.17,2.71
dd30ced267b24263b650a14266acc262,1,9c2361ecf0b04e818e5208a3ea8b87fb,7ce8a828f49d4af7,2.96,2.36
dd30ced267b24263b650a14266acc262,2,ad298a9c39154b7481745317863b3a3f,700fd297069b4a4b,27.21,5.1
1cc171fb9af942888755b8b18ea6d471,1,aae35611aef24791b06ce3e89367a171,b4cac242f74444c3,7.07,7.77
bb75c477a8fd4c6086bd570232d34950,1,3c7351ea9ec14518b9ab45ccda96e073,c291e825ffb14d08,2.07,3.26
bb75c477a8fd4c6086bd570232d34950,2,860b937c9e364b89bbf6671721c9cd2a,3a76cf32a1ae4bed,11.29,6.42
db9dab87a3e34733b5d2ab49dcd95563,1,319d1a9d61614fd0a5a574d89c444182,66d0c20c37974336,6.9,4.15
b6dac921085343aea932d61cc6609c74,1,1d8361062d1d4c3ea6fe1f2fc6f9ce33,0c83eb5f380e4416,13.82,6.97
db39d6c902f147a4a114ad5c6aca0d38,1,b64295f4729448cc977a3e4ce4fcfe20,057a8c4d3d7e4bbc,9.21,5.87
db39d6c902f147a4a114ad5c6aca0d38,2,cb7c1ae678d34ac6a60fa4b14efe8d26,3049ff3534354a53,25.98,3.36
94dbccd3eeb04f8798121ad7ea65f316,1,5cc3029774bd4d20b8fb427303cc130a,cb1d6d534b014369,21.74,1.88
94dbccd3eeb04f8798121ad7ea65f316,2,a8f55f0db1d14cc2a6458d2a0c2b89c6,73535497e9df44d0,22.44,6.03
94dbccd3eeb04f8798121ad7ea65f316,3,ca0e8ba693ad49d2a91d8678e84d916d,18304db5cdbb471d,24.81,7.63
94dbccd3eeb04f8798121ad7ea65f316,4,ed4edd04f7304242be4d23bd599046f3,e452ced6d1b447cf,28.74,6.46
35603e2ac5a44a7d8cf55826b1b83b2e,1,cf0ece3195544834921e208598dca099,f0a06cb7b0354cd5,17.31,7.95
35603e2ac5a44a7d8cf55826b1b83b2e,2,46a5572c793f409fa2763abdfcbbecaa,52b2d1a24fe34a8e,14.28,3.56
35603e2ac5a44a7d8cf55826b1b83b2e,3,605aa424db1b40d99eaddcaeaae8dc26,72936a3e695a40a6,4.46,2.66
35603e2ac5a44a7d8cf55826b1b83b2e,4,78ca4045d31a4a12b920fcc70a7456e5,3305150ebe694ea9,14.97,3.38
f71529f3bdf1446ca3c1d589c3062f70,1,e24ecb68cfe3493a9f1a2c08c5f7e533,a0412da071584b9d,9.52,6.96
f71529f3bdf1446ca3c1d589c3062f70,2,f5e8026b873e460aaac976c719988904,531ecb233eb94aa2,15.1,1.99
2dd450263da342cbb67038c94c2689c5,1,528d220e51134588b97737204bbafa05,7fb91270d7a04e8c,22.58,6.85
840457838b2349a58056f22c20fe9f6d,1,45c97dc40a0f4cb2a697c0afa65537e7,b7fdee63b86f40e6,4.86,6.79
840457838b2349a58056f22c20fe9f6d,2,26fadf54d06c44f7b064156b1647f7ca,fa231d7a1ef447a5,30.82,1.94
aa999da824e74668b6fbcd0dde9906b5,1,2686ee7cdaf04f0d817087f06d8b0718,3ec8ea0879be4727,12.71,6.33
109dc6e41be34fc7a04fbee3229d3d82,1,5f0393a277494cc4ad974411f3964d2d,3f2a8a03092541e5,2.54,1.34
109dc6e41be34fc7a04fbee3229d3d82,2,b9b00026ecf44818be11bd341b33e6b9,f6625192bf3b44de,3.48,3.05
46b1a81735814cf89e760c43bfab6570,1,af972264ef56439693c9ae7f1cbdce76,ad914ed5814845cd,17.72,7.66
87a7c2afa05f44d18de350a47f455bbb,1,af75357ddeeb4813a819b29c193f7def,ee1989213de44c34,10.7,2.56
831de1249cec4848a099d61455f64fcb,1,a913bc2c072d46348a6ce822f4eaa496,ff2ac2e3d77349ff,27.07,1.99
25b7f2ec74834cecb7e57af974535f71,1,6f291a5421f74b069e57961b4c867082,f3120724912a4189,5.98,2.02
60ed708d2f0e4f24b430db08ed176a2e,1,4c053fc0916e424689a76418a961b062,51e72048b98b4277,20.12,7.46
60ed708d2f0e4f24b430db08ed176a2e,2,30de96b8b7df4088a279971c3f2b6b48,05a66093a57645a5,33.31,4.9
aa5d5af2f3954000960804098fa0c8df,1,ed72ede162854abb8ae10e6327d208e7,791e3db5197a441c,33.2,4.53
aa5d5af2f3954000960804098fa0c8df,2,d3d9d2a5f8094671a2e39331f2dd33c2,99bd209377fa4198,26.04,7.17
2a0ff64a088f452c812a88debacd771b,1,3d285601dd1d4887863accdb6d11168d,0200de95d43d4312,27.19,6.46
8933c8cba2ed4784966891728aaa85fe,1,c5ca2352a2344a95a196291cf8371e60,a3f42fc831334bdf,28.53,4.07
528b3e1f150a4e0caeddbd40cc7c3b2e,1,b391bcdb7bc44d0d8937f8698d5ede7f,603d4095cd7d4365,7.94,5.48
768491bb762c4d59b00940dd58488c40,1,b71fb1c6f4f14a858081a21dafe51196,9ef4a0242c3a4e26,33.91,1.91
a62d9402bafa47cfaaf22f43e08a69f9,1,ec4084756a484ed4bdfb7c5595d11311,ec283c494f904770,3.36,5.08
0a3e96ee3c7e488693f456112e83e70b,1,6a52c89a53cb49e3bab206c3e6c7fdd8,b5c58ef8398849a8,28.13,5.94
0a3e96ee3c7e488693f456112e83e70b,2,686959d72a4d4374a0e5c4a6c7ecda40,6ef55a4d847a473c,6.62,2.85
fe20918cf01749ce947a4519ff81a047,1,d6f8bb95861d4483aef98c63f4d4a75a,39dd55a42adf4eb6,4.96,5.96
fe20918cf01749ce947a4519ff81a047,2,9a0239bd080c457bb7ea0af209a31acf,00241f1603fd4967,21.67,6.53
fe20918cf01749ce947a4519ff81a047,3,07e644c3bcb3414d906614f290522b9c,3a4fcf46180d409d,27.78,2.99
c756a199f6ef4ac79f60931e3360551a,1,4cb52aa3ad1149b5949052e089bc3346,2a0517de195a4e40,6.61,2.9
c6b9040ceaa34bdbbeb7b72fcb0fda2c,1,83df07f5c85a41c49241b02582b43187,c75bfc6a8a194b3a,3.54,2.76
c6b9040ceaa34bdbbeb7b72fcb0fda2c,2,c6323b3a2d814fdf83ad9531bd442185,67c2b16829404c9c,1.86,6.98
2fb1a4df0f7b46e7b3b100b52d2a6e13,1,31a90297f3bc4e6e804f3322410e265c,52308e9741d54569,19.99,3.98
2fb1a4df0f7b46e7b3b100b52d2a6e13,2,8d1cd3c816d74f2ea1d09f96bed462ad,de20d5d0039e4c7a,8.48,2.2
2fb1a4df0f7b46e7b3b100b52d2a6e13,3,26f37813f0c84373b1b5cf7bf5e9b5d4,620302adbace405e,24.2,6.03
2fb1a4df0f7b46e7b3b100b52d2a6e13,4,1fa263b92452498daa5ffe3111202367,bfc49f8eef844345,16.06,2.52
fca535a2c6244dfa93e505f152f58cb4,1,cc7f8869122c48bbacd9814646eebebd,1fdac40138ef49bd,3.37,4.23
6f971db78340475c9bc51af863ba0f8f,1,3b0e5b772b644b959e011a7a1417159d,94477177d4c0437d,20.44,2.34
6f971db78340475c9bc51af863ba0f8f,2,2bd050e6213d4d88a3e11dd18a444661,091c39c611b74f58,23.51,1.06
6f971db78340475c9bc51af863ba0f8f,3,1add6ced328f4b32ac01f2c3b5f94090,7941c60bcd9348ce,33.04,7.24
6f971db78340475c9bc51af863ba0f8f,4,3c7cc4987bca46a3a09448a887e46efd,649f7b33b34e40de,32.11,1.61
25ad6ca7b7224fa5a8e931d55753ba53,1,a0ed8eff787245a19bd2503b55853158,5d1561b0bf204cc3,29.24,6.31
25ad6ca7b7224fa5a8e931d55753ba53,2,672c3e1f1575469e8b57e14a2e34881f,e4f0fee804cb418a,13.26,1.28
25ad6ca7b7224fa5a8e931d55753ba53,3,5085c0b34aee43e08b5621fc8b3ec851,e53820b519cf47dc,32.35,6.92
25ad6ca7b7224fa5a8e931d55753ba53,4,4a1cb6c54d8c477bb1824f4f01f06274,be38a44f147b4d2e,11.89,6.76
79064370e17047658a0c5c4e0cf4cd45,1,29337a32137949cd993b04bb928729b2,3b3fba55ecab4e64,24.12,1.66
23cbd1b3a696487c96fe3487c47a380a,1,43f38a16084e494abb01275f1d71ea5c,07ed81b26dc9409b,15.45,1.56
23cbd1b3a696487c96fe3487c47a380a,2,d8f13590f5264e71947c8fb1653de2df,637bbcff076b4cac,17.59,3.77
d7de6f9660fd47caa612c27a66219422,1,b7b3177bb70f43db8a469e367c1d2c2e,eba128eba40d48d4,27.46,7.07
d7de6f9660fd47caa612c27a66219422,2,6b4539f5b7384e4fb4bfd102fbfb6a48,48750bbb5f4e4a8b,31.0,4.18
73d06cbbb6fe444bb9ce7bc271bf2c03,1,3fe5a7f9d8a447a9b2c55ada2e997078,61b7bb69b0af47a6,22.56,4.0
241e2edeb8f446d8947a3f2421633ad9,1,34f0abc4f6844913a04197af06693907,e45cc03ffd864219,24.17,2.82
241e2edeb8f446d8947a3f2421633ad9,2,255bbf995885448bb122e366dda970cc,01cf649110c34870,14.94,2.93
241e2edeb8f446d8947a3f2421633ad9,3,66096a5ffa9940ca9ef129bda8507965,e6e1dfe53ead4bbc,27.58,5.98
d50d7fc807cc4e0bb73e1c228935b116,1,1a21aa3b1e35415dbe5539acbe033d9f,9ddacb8e8a7345ad,26.5,7.66
d50d7fc807cc4e0bb73e1c228935b116,2,0c0dc420f8c040cab8d0059a43ea457d,c611e66527bc4468,10.6,6.38
baa011bd030347efb5c6f208a0bddf38,1,822707002f24415781537acc5397d889,abee0667416445ec,3.19,1.7
2d6f7bbe5a064cf78a1849a18f9c040a,1,a321e02f99734c35a56009d2b94f723b,2385e0f528424e52,3.8,3.02
2d6f7bbe5a064cf78a1849a18f9c040a,2,318327b287ff421b8ce2419d318074ab,1bccbd371c74447a,29.4,1.05
2d6f7bbe5a064cf78a1849a18f9c040a,3,4ab99b8f81c244e4b6210dd59cb76eba,f668123a73844f8c,32.57,7.65
2d6f7bbe5a064cf78a1849a18f9c040a,4,db79ec0283b14be98e416eea2b17e0a2,70c0c04d9bd9411a,30.88,6.25
c55b357a58434b3481446b2e88f149e4,1,234de26e7b724b9cad8a54ef0203e383,fb9e02df16ac48cb,17.83,2.25
c55b357a58434b3481446b2e88f149e4,2,b50b8e700a444c67b6b7d4c0c7d31c61,56540b0ff69d483c,28.27,1.64
c55b357a58434b3481446b2e88f149e4,3,ad2bafa2eb674051b80f93e8fce167ac,dfd60a5d1e7b444b,15.96,4.82
0d5eb5f0136943f0958c8d2c52782565,1,c3640f06110744f5b1e3eeed11123412,1c39b7d46a3b4a4f,24.24,1.78
0d5eb5f0136943f0958c8d2c52782565,2,117413077a5f457dbb84b9a5e43c6abe,a291ab09bfdf4696,11.01,4.1
2c41c7f0f1c649b2aedb4321b7fe410c,1,825dece7d42942979aa4bd259107a283,ed54b8007baf4782,10.88,3.83
2c41c7f0f1c649b2aedb4321b7fe410c,2,87f17bdeaf53413592317ebf8ec71a2e,f7a41e58147b4e68,33.22,4.8
5caeb3c091ea48d9b48540781908ad05,1,6748be6bc2bd44acaa46317492c3e7c7,6e328c377f774aa5,19.8,7.49
70ced2ec06a2489abfab85c80704ec58,1,5630617af71b4a7bab92ac2645e9ea79,326656cd78014b9f,30.56,5.79
70ced2ec06a2489abfab85c80704ec58,2,bbb1ce94671a406bb2908e2f4f30a7b8,84608fbf8d194609,3.91,7.46
48d09df21cdf47499ef8637c36a4491e,1,ed9ac556b3cc448eb4616ab6d8a7ce37,9960a20abbac470c,12.65,5.83
28d346d915db436ebc2582425f62e227,1,0e60e101012d4bc49b8f4365293bcbd7,96ca0ee2b0ad4942,31.02,5.86
28d346d915db436ebc2582425f62e227,2,4b4aa374b0c743cbb089df283936ef0a,e628e302d006490c,13.76,2.08
28d346d915db436ebc2582425f62e227,3,cc0e0fb451904b25a44e920d408b3597,3fee3268bee742ef,10.48,1.79
28d346d915db436ebc2582425f62e227,4,996091cc37464a3e8c0de0ceb6988168,ef6ab8f0f34d4394,27.5,4.96
40c75c2eb0a74240965594f01f602299,1,b8dafb082b2145f692d93e838b0719f6,bcce98528be54624,5.54,6.71
1bfc588d58f9494b8f80c86924baea93,1,c33b0c7a7d5f4490b13fc81a4acdf28b,b3ed19ee93ce411c,32.99,3.61
1bfc588d58f9494b8f80c86924baea93,2,654b95a57e4243cca7ba17dc1c00538a,19d08cb366034094,27.42,7.61
e8f6676fb7164fe1b1e3523ef3d12d2b,1,f75b565a3d2145b791f8d28d26e2846f,b770c1788cbc4508,7.27,6.82
3d48761eff2e4ce2a6a915a3cd0c21db,1,67906e37c3a1476e87bfd8bc9e827c89,80ce94d88d044b67,1.83,7.05
3d48761eff2e4ce2a6a915a3cd0c21db,2,2c02db205a854935a7413f8584eb734f,7c2adec8054b4972,34.78,2.29
f49eff6ec6db47f6a57bb572e9dfe700,1,29797a93f85243a98e32b5d6c25cd7d5,c6006fa0c1e24070,6.8,3.27
f49eff6ec6db47f6a57bb572e9dfe700,2,a0f866f4a5c24d008e24ed6f5624bb07,75280eaac12f4aba,29.66,6.47
f49eff6ec6db47f6a57bb572e9dfe700,3,dba8708309db4b98be25875f93ed0a51,a7eb70864f8f4973,31.32,2.28
f49eff6ec6db47f6a57bb572e9dfe700,4,593cab4cbebc472bbfe37affe5ec1adb,811057dc22724cbc,31.68,2.68
6a7051567b104be4923f052298aac617,1,6d37507010294dc8859ad76f02ccd072,a240e28ea1494a0a,4.55,1.6
6a7051567b104be4923f052298aac617,2,362bc0688886437abd8f44651fdf7e09,dd6ab3058a374317,7.77,7.27
6a7051567b104be4923f052298aac617,3,7dcc157965c845bf8072c49598a3ddd5,c9ca5b72e389463c,8.54,1.98
6a7051567b104be4923f052298aac617,4,b2bdeb36c6b44795988fe8e03582071f,b6740dc86dee4df0,33.35,4.04
3005d5e0c0ca4dc2954b2f098f5d2d24,1,884737daf1c5455ea832fc586ec28879,c440097cd7194286,16.75,4.95
3005d5e0c0ca4dc2954b2f098f5d2d24,2,0e78fe2c727c4ba39342ab7666a195d1,18edc51c2b32451b,17.48,7.07
3005d5e0c0ca4dc2954b2f098f5d2d24,3,cf01f898d5414d2f8179a14ec35924d9,ae6b00f50abd4d3c,33.7,7.03
85e6760c255a4c7e9e94df543b309c37,1,5b8819cf3e3347e092ca15b8f21f2a65,2da69580601d431e,20.12,2.87
85e6760c255a4c7e9e94df543b309c37,2,daac9563fd554d8c84c5f3a3dbb2f3f2,a46ac8dacdc04246,7.05,7.52
114c106a2d784ec3a2bb9c06c263f78a,1,cfea0f64c72f4c8d881d6a221bdaeeeb,4ce26123f4aa48c3,20.7,4.36
d09c8153027447bcb7cedd370b10af71,1,b039003a2091489e80f2a386ec71bc6d,4888b6f7e46e4dff,33.66,4.72
d09c8153027447bcb7cedd370b10af71,2,5049d594862a47448ab2200877a528af,0af76c0e4a544140,10.79,6.16
300fcb1295db4cb99a9e30cfc7cb319c,1,24e54b38d0be4d8fb772fe0fa646ccaf,773186ce98d14f95,11.68,5.92
0d96ed898b7142c98d54cbe467fb26ea,1,a036864f460a4b2e9d43180885a1b8f1,905744a98bfb4c06,1.63,4.62
0d96ed898b7142c98d54cbe467fb26ea,2,5d6c9e34b5fa43faa304fe3e0dd3a0ae,f2486b6720194ce5,15.27,2.63
51e708c2abd1402389b1cce1b1ab3a48,1,0537ec16c63e43c5a9b0b922bc9bcbf0,b9bc2451a20543cf,28.44,4.54
51e708c2abd1402389b1cce1b1ab3a48,2,71235f19c51a4b899864df6f6eeae7f9,dc34924b479d4753,4.03,4.64
c5e043f9de6f41219ed68df8ba468f1d,1,abda715b414945e8a2fd88c5bf97f168,44242d7bd6484b13,31.52,1.82
81fac6df4dce4b71b408dfc5631b0bef,1,e011e354bd714148889cc5e724d741b3,cd2cf967aeb3416e,16.86,4.02
81fac6df4dce4b71b408dfc5631b0bef,2,3882b9db297e446cbe5623dd9ccfe1fc,dd58496eca63410f,28.31,5.66
420c64267dea4f2796166edd0a2fbafe,1,04b9105398ee430dabbd4fe73a91a532,e11eda6ed7534cfe,17.58,6.71
420c64267dea4f2796166edd0a2fbafe,2,1f48a16cb3fd46d48a99a9d753c43245,e0a27f4c712b425a,19.9,4.25
420c64267dea4f2796166edd0a2fbafe,3,8fa66ca67883469a94c34cf12d064f60,c0312a1301cf4d50,33.45,3.39
0f7e2a5c967e492e9d9f0b01817d0085,1,b6fdaa88f2334b4d9c59549c16a71b21,eb6cdb26e4ea4d5b,6.03,4.16
f04788210b544908948d50c6065ad2dc,1,4e730bb443dc4c9499fb11606d907a81,ed617eb56c1f4988,30.39,4.5
f04788210b544908948d50c6065ad2dc,2,978ffe89f9b7467491ebf7956b2c8391,b27f5fe08aec491c,6.34,6.57
f04788210b544908948d50c6065ad2dc,3,4eeda771be5742da8cd6ff1f6ee834bb,7c0488f3378c4973,29.82,4.0
952e223c82c847879156070471e2872e,1,6a92affa18214071a3b6037d4ba7b1c4,5684dbee2e444a80,33.92,3.42
048d05dcac2e4500913fad3746622503,1,3869798854be4ce89ba6b20b41e3eaae,8f7d2de7d217461c,8.82,1.5
048d05dcac2e4500913fad3746622503,2,5c9fc6a6992248989a0624f0d27ab028,fa603a563a0c4cbe,22.33,3.32
b5f23b20e9444f92a152f343416c1dfe,1,172956f4f5d54db2aa240d2ec22bd60e,b93d421eca3344f1,12.3,4.36
ad9c174b21c04dbd96899da238458dcd,1,7bf4abba33f24040b95c05a97a8fd874,0b73b20ce65e4e41,5.37,4.73
ad9c174b21c04dbd96899da238458dcd,2,dba0ff1a68f640c1952a37de4b700d10,4ba42613b5114375,33.04,5.19
0c541ae7aef846b5aff2d9b8d551cd20,1,0d493e09b93c4c43aad11e0541e57d41,b437e1a70a604735,15.65,7.6
0c541ae7aef846b5aff2d9b8d551cd20,2,8ddfb16c832c4ac9b9ceb8f955a05fc5,191d58d7a92a4128,34.09,6.02
0c541ae7aef846b5aff2d9b8d551cd20,3,c2d14faff3564bcb8dd7fee32c4070bd,b35eb58240704a98,22.14,3.58
0c541ae7aef846b5aff2d9b8d551cd20,4,cb2a0dfd3f10449ea7428df719e79654,2aa6ce6ae5804faf,13.37,5.42
0d5c44d8106347758d54cc400d92df2a,1,6105316f2e014ea7a226085d27005af0,20ca7ef4b9d24bbd,12.62,4.07
0d5c44d8106347758d54cc400d92df2a,2,700ad87245474e14bc6f31b771f0fe71,352e192db55e4429,26.92,1.54
1c35658ac3814a04b995e58852f3f8f7,1,e5d605253fbf4482a871234911e71e68,d4ed0949d82746b6,5.23,4.27
1c35658ac3814a04b995e58852f3f8f7,2,df39573fe1a24beabfc1561e4157d923,d3c091b82d3547dc,6.55,6.34
46d1439bd8714c1cba7885f796d0e928,1,8c9aa5970db34cf191dd3cf9bd9f62b3,eb3eb9142e594ebd,24.96,2.85
fa2cf9a7e546426e85a61ae8856f3302,1,b682664bc90e40ecbb669dfe07ca646c,62efe08dcc3f4604,13.22,7.18
ad011cfe59734d3fae321cf517f8a8e7,1,a3bc90151d41464d95a4e533d1c7970b,f2818bc2b86445fa,17.24,2.27
7d706c37929b4cf4ba01720769ccf5e6,1,79c15e722c0b4c999a954beea1123a4f,028da02c3c2b461f,32.74,7.74
7d706c37929b4cf4ba01720769ccf5e6,2,3f40a3c4c74e4fe395017d0a1c0eb47e,9ee5309fec694760,34.14,5.07
7d706c37929b4cf4ba01720769ccf5e6,3,e89e867970cb408799dbadaddbbcbca1,65ce8536e5224035,23.48,1.4
066ef298993943e799c38cfad533a924,1,313503b346594122b5706a7877638cc4,4fc0e52f51c245eb,34.34,3.38
066ef298993943e799c38cfad533a924,2,142773cf80c94d0683d32c9f077d5e7a,4d80789808454a46,7.08,5.28
066ef298993943e799c38cfad533a924,3,9850a7220bb340e99ec2d4ab5ec9a069,11cce621ac87428b,30.5,4.15
cfd6134b57244fd08a34df787d56a554,1,17d8a030e0494a5b8b604a41e998e6fb,d060959a90a44f15,11.05,1.46
cfd6134b57244fd08a34df787d56a554,2,2a30aba0722b45ea9aa67c388e574cca,332caae5cc344bfe,5.03,7.51
cfd6134b57244fd08a34df787d56a554,3,d189f2e5308a49f88a82fb0b1f9aade8,4df6686c6ab6442b,30.87,5.64
1d2d60ed6a1b47638c07dfdd34f58879,1,d2af815a83824216a4f798223efed87d,f223ee5034cb45b9,24.28,1.32
1d2d60ed6a1b47638c07dfdd34f58879,2,5be81963049940f18b9638a3a2bfbada,1c1a8f50de924adf,17.45,1.45
6579dca01a2f471bb6bdf230348c1b6e,1,f77ea1d91e6047cab1a502550575bba2,8289a8f989c849b6,27.9,6.29
a65c40b19633414ca4dbd80ac6cc7f88,1,330f5674803b42a0853e62e7dc62e4fa,ae9bdb47bdc74ac4,25.51,3.93
a3d8845da6eb467fae9aa014b2a01e66,1,32b579aa809b4a6facacabe1053437d2,ee6dd6e8eceb4732,4.09,4.86
bc5f23f73208428a8f38eeb9cb65b0c6,1,57a84ef8bc814bb6bde98f1f7487b94d,37f1fe5b98a24e9b,6.47,5.94
bc5f23f73208428a8f38eeb9cb65b0c6,2,9ab5e9987d82434c8f20789d912ff661,f253ee40e3fc4230,19.4,2.43
bc5f23f73208428a8f38eeb9cb65b0c6,3,f8aa4f18d59b4348a0156e024c13f97c,65291080d2604ac4,12.61,4.27
d8c221961659471a93d04ee6e19accaf,1,283973e3be5047d0854eb3607046a19a,dd9949b218444e4d,29.49,7.07
d8c221961659471a93d04ee6e19accaf,2,797ff8f63bb74f20a49e5e00e79d301b,b3fd7591259a4381,7.99,3.67
b76ea083003748b8af04f0c829738cad,1,23c84faa971e4ad698264a7feae92a76,3b43280a9a0b41c4,15.56,5.19
7f419daceda14200a37bef871bed4ef0,1,f92ff74b40a54df3a8e61e1a5aa0b36d,fa623ef97b344096,1.63,6.67
7f419daceda14200a37bef871bed4ef0,2,4f5478bde6314c268b7b7266dee15572,c01f2a6dd6344307,23.11,6.76
a996bfa04b7448e389e74e499a9cbfed,1,1c867b793e954bd2a9e8bfbb0521a24e,a1491ce29e8a4a25,34.47,2.59
10e3cb079d92475db6b2a93cc4dcb4c0,1,d0567ca945004280b79e47dbd9088eac,060d042426cd45f3,32.27,3.62
10e3cb079d92475db6b2a93cc4dcb4c0,2,175f2a79d3c04254a0f6a330820e414f,ac206cf410494326,21.74,3.34
ce76b4e2046f4c378e26c646e6b86693,1,2781449cafba44558edf25465a15a7fd,7be06a33cb004de1,7.48,3.53
ce76b4e2046f4c378e26c646e6b86693,2,d83c2fd4de4940d79c28000eb0cb12e1,ef51bdd7e5084b88,1.91,5.72
be8a45d9da9b430eac2bdbadcbc5ce71,1,5984bc23d8e54e91b0207898a79b2fee,6b9341fd16e64fe2,10.31,1.98
be8a45d9da9b430eac2bdbadcbc5ce71,2,58904dcd9c3146fc957fb0b444d56c30,fc4728fe129f4e3f,28.53,1.99
233533e3194c4ff6a51af27eaeacbe91,1,f063ef6132af4d0da1171cf39d11bdcd,da1ec31872664856,14.49,1.95
233533e3194c4ff6a51af27eaeacbe91,2,047af01955624a2cbf811f70aa6a024b,df43849a689244c5,11.5,5.14
f2ad063689804dfdac03e4cd50bd38ea,1,4c8ceb544721409fb6645ec9ed045a8d,91f56899f2ed49fc,28.64,4.2
e410e5f3050d43e3869c8d9af3d1a82d,1,ff4ef54dbe624fb2bc43625e2e8673cc,e1eddd24d3d64ae4,7.66,5.31
ad7082bb96d24a8a9aca7035cde7db96,1,1608786f8f9246f6960a605dbe6c66c4,51f6d2d6c96447d4,5.79,3.89
5f8ec59f8ec348aa98b7c17b86efdb55,1,6ab5c948ea5f4616afc8ece00b851e98,4b994e27d5934e1f,32.14,1.41
01e7a22e8a1d481ea42e392261301ccc,1,3992eb5f8e9c442dbae6d2d0b22f76a2,5acd75b8c4ae41fb,6.27,1.98
01e7a22e8a1d481ea42e392261301ccc,2,f4f4de1a6d6d4d6384e80d022d137f9d,7447a98bac8a49ae,31.58,1.4
c79c176cef9c4981b683cf6c6d02e606,1,c5edd6aa322d4ebba9b5d2f0ede24db9,ef990c6d94434880,19.94,2.87
2f141fb15f9447d49be0ba14027f3ef1,1,6db1ce5d0e07459ab9a3cf0213bfe34d,891c861011f44c1a,3.07,6.91
96f5f2493e3a4d18833cc3d7cce167cd,1,634c1a98725b43fd999fddea6a039d71,a3083747fdc643c0,28.41,2.6
e1529e806f294d24a7725359b5264604,1,6b41a16fd9a641d59671216faf225069,ab44d4a87f6b4f85,3.43,6.81
7197e5b77d1e48429306d9facef5bc1c,1,da4368e0791a444da01ec025488102bc,8c5a6e9967134500,26.08,1.3
01310aafc6a24c53b594fc66085272ea,1,8cefe861ed8a4867841af666ad7f56a5,5d86b2f90ba84dee,16.54,2.55
73337b90095b42e9be36e02785e7f00e,1,7fd3b619d83445c5bf0ce2a5a77f6237,dff442212cef4a4e,15.42,6.51
ec5511d2b64f46bdadf75a6965e0703a,1,2b3a9bad32294bf5b58b954b2ea8fcbb,775a2dfd1d45439d,34.96,7.16
ec5511d2b64f46bdadf75a6965e0703a,2,5c3c45fc8a4b44b98b5703aa7c651b35,8c8c369ea20b4eec,4.25,2.12
ec5511d2b64f46bdadf75a6965e0703a,3,f00c734c461c4297a060f2ccf2a988d7,6816e2640f58498b,8.6,7.14
22d3504373994446a6a35d2a1d7dc613,1,c1d9aaf598ce4d749f5a8b3fc27a6bcf,a3672163114a4d5f,16.73,4.91
ba91001c9bbf4f21af1b53ed5e9fe0e4,1,6494ebca3ed143fc98fcfe6d6b751e98,681166ec58b24a7e,19.98,2.65
250f75da59a846408aaf8bab89e80241,1,a49742e8601f4b15ae12d77d3c7c56cc,4c74b19748344e23,14.24,2.69
250f75da59a846408aaf8bab89e80241,2,f38b3ba7b3e84a07b967496e1c14c120,ff8849881e6f4f09,3.53,7.16
bade998f359147689b29398fb3f60aa3,1,8b56b6eb924a46498b259be09f3793c7,3e8aa1013aa14b8f,30.96,4.48
b7ee8b63660b4206b4d17147e647f9bd,1,22db842dca834a86924f487da931b162,bd58364d6adc4b77,2.12,5.21
b7ee8b63660b4206b4d17147e647f9bd,2,e731794bfd6345748ef4a23c3a9c2e4f,fbdecfda36f64277,3.6,6.41
a4989c494a6f409d9f418bdadc221cc9,1,4d9697d59e0a447e97475c890f2b5cf6,12830e247a954fd6,7.52,4.74
a4989c494a6f409d9f418bdadc221cc9,2,d436a492a3444ed3b8acf116e2e7911a,7f069da80ac34d6a,9.58,3.16
a4989c494a6f409d9f418bdadc221cc9,3,d2b98c968f584bf6acf670276cc1df91,7b5c9940c8324449,24.33,4.73
4ae888b279454b36a39059d0d9900621,1,05eced792a2a4ae5aa8b3bd4500e3f78,6f9569e8019c40e0,31.91,7.37
4ae888b279454b36a39059d0d9900621,2,56a510b60ee54c62ad1b0dd7a20a7c9b,2fe7e1a101d14da6,34.17,7.35
4ae888b279454b36a39059d0d9900621,3,005af3ab65e74638b7a7624d658526bf,88208503f9584447,10.47,1.14
4ae888b279454b36a39059d0d9900621,4,1a182fbfeb8a46d382e2dae9841297e1,b891ffacd02f437b,30.95,4.82
ad82c99bdea943f5a4c5df81978b8a4d,1,59892f0189894f31bfb0a01b6dff60b1,7cc94cb97e204290,22.03,7.57
ad82c99bdea943f5a4c5df81978b8a4d,2,980ebadee50e4ed69d00798fd4e7affc,9c02e08bc01241dd,18.58,5.74
d8dd63b39dcf4b3aaf8d64691caf8c9b,1,cf0ddbe0f3cb40e3a93dd773b1e98964,35c6e77c424b4f2f,15.34,5.34
40d3cd2635fc458c81b2284fef79a777,1,4416256e47cd455cae073bfbbb1cb59f,95479f8f352e4f4d,9.97,4.28
c957bbf765694aa7a9afa6f0bbfea724,1,8c26f5595811414b90bdd34bea88ff6f,03fbe316759c4502,24.65,3.7
c957bbf765694aa7a9afa6f0bbfea724,2,674a48e300d9416a9cc656e1556d86f4,bb2b5a30ec1942b3,12.45,7.0
c957bbf765694aa7a9afa6f0bbfea724,3,1d1bc45ccaa04e2ebcd83298cc254907,e3dc251ac56449a6,21.91,1.36
85ecde4e711640ffa1935f1014897c1f,1,94daf678bd8f4ba99159775c0adebe4a,0e57a96e14514532,9.05,1.63
bf97ebec35a148c2b3485a3a6b78dee9,1,5e56920e359543a185d1f818527f7cc0,da9f819fe08a435a,1.92,6.97
26d1c1770c2a41b38a6d44ddff1da96c,1,35e0076af5124467890c904c3c68bea8,60c854824c3d45b7,10.96,1.94
26d1c1770c2a41b38a6d44ddff1da96c,2,c943d2f130ce45689aadc56a7ebeb1fd,c6d6728788e94ce7,16.73,1.81
26d1c1770c2a41b38a6d44ddff1da96c,3,2eaa00679558492eb6f62831b409b024,27be9445b7064df0,6.42,1.9
26d1c1770c2a41b38a6d44ddff1da96c,4,057044c4668e42f78a3f1f438d4fdc72,a1f5d76ad402481c,33.78,3.82
0e1661433a484b31a99561f8f2f5ce13,1,75fb5752ac8142519fbde087d69fd668,94c0cc0568e54eb9,29.06,5.13
0e1661433a484b31a99561f8f2f5ce13,2,0cc719d2d45a424e82af7bf6bae2b1a6,c66b6f90262a48af,11.89,2.84
0e1661433a484b31a99561f8f2f5ce13,3,9efb9c4984b74b01b1a3ae83c13c7bd0,cabaf046dc684eb3,20.25,4.96
0e1661433a484b31a99561f8f2f5ce13,4,f9477f915ff7423fa8096f7ee48daf9e,5667ed801090449b,16.11,5.35
c4b9e5084728407aac76ae711733d8de,1,9d139a383db04df68c689244ddd3ef68,fde22a7bb37742ce,1.67,4.73
a2e465f1bbc946d99ab310cf0bfec03b,1,c95f683a63974e65a3c87384fe59c4fa,1ced3eaf7d6b4c0f,13.8,1.72
a2e465f1bbc946d99ab310cf0bfec03b,2,2680736230c24668a9453274d9cce13d,1207f70f99824439,16.1,5.27
a2e465f1bbc946d99ab310cf0bfec03b,3,85f11db0d8cd46078c964d0209fda78d,bb2bad01672b4d79,16.17,2.52
a2e465f1bbc946d99ab310cf0bfec03b,4,7b282c1be1174ce9b1c8ecc64c2d83c6,c84d2350af18455d,8.31,3.91
c65b57b6222843f3bb8d284a7d4c8ce1,1,3827a94aaab846b4b73e0ae1301a75ac,e0dd66cfe55a4790,33.72,6.58
c65b57b6222843f3bb8d284a7d4c8ce1,2,00f18be4df29457e9ed554c4b0f559d2,6f3a72c2dfd0482c,15.72,3.66
c65b57b6222843f3bb8d284a7d4c8ce1,3,83c2d4a09b624378bc28532413166e5f,705a71bf2f484081,28.55,6.07
d646dd2f90554f97be4f43e7eb73784a,1,2a799560c2ad45c09b2fd47ba75919d8,943043384fb941ab,16.36,1.28
1bb860c6d9ca4973ac1a84e2acf7d256,1,a0db34a504004e8c9a984cca7714168a,523ebf6fc8ab4608,34.31,4.27
1bb860c6d9ca4973ac1a84e2acf7d256,2,5832a274d3a4454e8e376b7271ee5e7f,9a52dfda8f874a14,31.29,6.2
1bb860c6d9ca4973ac1a84e2acf7d256,3,76a44bd7b1044aaabc2cf2a5376af0c6,561b34b46b3e4e58,4.09,1.61
4cd61f893c084b85b47675d0582fd4ae,1,bb6e34fa574c49ee8c0148579aa5f9f4,e36dede464b84329,7.08,6.52
87775a5aace7467eb3c6f3dbc4c88d28,1,ec083bfddbaa4e9f9f481ff3d89ec416,6e301548b1894db5,8.67,1.74
87775a5aace7467eb3c6f3dbc4c88d28,2,00c3d492ab864b6588971b9a802914ca,7994c7340eca4b00,25.36,6.15
1f862f60c535467687b89e04b7433daf,1,b3b27c2f5a3f4e16b0ba39fd5213fb0c,021406c01fd84525,1.67,1.18
f445ea5fb72247e59cff971f595fb3df,1,284286480ddc4501bbb2b71dc1a9e820,09e4e5af958145c6,17.2,7.49
f445ea5fb72247e59cff971f595fb3df,2,e9fcf055a754471eb8506bab4dc53073,40714556386344a2,13.84,6.25
404b9606d8054273883244d60dd1705d,1,1d4aae3f062a4ac0b7105d0e9fc592dc,efe1cbfeed61411a,25.34,5.12
404b9606d8054273883244d60dd1705d,2,f656218093674f9ab93111fe816ced48,dffc0179974d4206,30.02,2.92
b89b3ea6938040c59b92eac7df5efe51,1,acb4714e9c2146469bb1f293f7800761,3ec73a439f794e69,28.94,7.47
4a64aff5e56b4462af181f2074b6bd83,1,737f9bc7bd374776991bcf1c0801dfa5,d76ea89212594087,23.12,5.7
4a64aff5e56b4462af181f2074b6bd83,2,cf002311a9384ea18204311edad699cf,96dd55a3365747ad,7.72,2.21
4a64aff5e56b4462af181f2074b6bd83,3,24308edaa9394acc8bbb779061a13521,1b072bce039d4581,20.91,3.97
46044aa6d6384cedbc24cdd6546648ad,1,1820c59aadba4104b8d4b68eacbe6ad7,ada0116b8bf547e3,26.66,6.74
46044aa6d6384cedbc24cdd6546648ad,2,41c96a0fc01044068a0c95e14bff715a,02cc808ea1644156,30.05,4.27
46044aa6d6384cedbc24cdd6546648ad,3,8ef16244893b43a4803538b200076cae,15a46189b5c641c8,21.61,7.92
c2ee2a332f63422b8617bdc4b30de584,1,1619896ff59c4136b1e326c233b0533d,5a8baf2b9c984ac3,28.96,3.86
c2ee2a332f63422b8617bdc4b30de584,2,6c176f4e2b524b1e8e0eed7c0febe717,46f31f2d48e94414,12.7,6.0
c2ee2a332f63422b8617bdc4b30de584,3,1f9cc5c4766445bf8264179070f88a50,8f1bd39d335d4850,2.83,2.09
1a9ce7a0c3494b58b19c17b9337a78b3,1,4778d1826b804f149edb1534fc0d0c1d,af83e678b93f437e,33.02,3.57
87b9a4f36c6c4aa2b5b6be9e9b7d07d0,1,e9f55e481b994933ab191f71161bf399,9f26d0ce49ca41be,14.29,4.54
87b9a4f36c6c4aa2b5b6be9e9b7d07d0,2,76ccc0bd43be49f4ae578585866b064b,f2301c4799754781,2.33,1.51
87b9a4f36c6c4aa2b5b6be9e9b7d07d0,3,182b6da8f993460ba881e0382f51be07,290a9651610e4e99,34.94,5.41
317d0838d214491c9d8e66da0b0b0fb6,1,fcc276a33c5c478abf1d6b226fd361af,c02599c154d64e73,6.52,5.61
9340800d11d04202b6c388d864660ead,1,2a4de02c1ba34fe6830a397a51574e9f,6ca4274db2054f4a,11.18,4.61
9340800d11d04202b6c388d864660ead,2,ebb15739f21a42f4822bb00247b0f957,396cc809cd37418c,28.48,6.07
1401a5f504484030b63658d35c9c9971,1,13f7a4ef2d7b4121ba4343f994bf7a07,9bf4139eec544dd3,7.1,5.7
973eb494dc59407089a3b6f54ec83146,1,a533a7a87d904e81ad6e68266458ca52,baa19a78c5944746,9.02,2.98
973eb494dc59407089a3b6f54ec83146,2,211dc7a390fe46348f22503576801513,4bed7a065b4143c2,25.05,1.03
d944468042f54a74b793b736ae687838,1,9223e15d98a149c783e4df6476ff3aa7,3fce6acdbbb2486b,1.6,2.26
d944468042f54a74b793b736ae687838,2,ebc55499e0af4ef9b462884f191a4c46,731b835a214f4865,28.44,6.79
18db4891f23946b5885a0d8806dc817b,1,ed9f97bdaa3e4f088aea14bef803188f,bd6b869c0dd346de,8.64,1.2
60096801312a49f6ba70705c93df1ef2,1,3a54af6be462439ab6e83c058fe51e84,07e9c479f5084067,3.78,6.97
52c4411398804aeba4c72a5de625c2ed,1,58b1bd9a1ae34f72b2094f1294e0718c,ab30f71bdca64955,12.8,7.84
cc9ffca8bd5a4e19b7279c05692d49b8,1,15d2691fca1a49f6b623b97639a14bfe,8a674ad25f114d0e,9.65,2.8
cc9ffca8bd5a4e19b7279c05692d49b8,2,0494bc496df14d94ba0b4a20caa68e61,32515fb187a148cd,20.46,4.42
8e428e054d654560a1b2a34071fea130,1,42e1d08a813a49caba03d80951adb6f4,ba4be918eb5841db,13.57,1.88
8e428e054d654560a1b2a34071fea130,2,1754530526d64f97ac09b1618ee18405,3684b694a9bd4a0b,14.99,5.99
248c45d983974e39b0176ac9474f32ce,1,682e57f925a84f60af508e83dfd6517d,672c069ce046491a,31.45,3.43
1b78f40d0e6a482cb9d510ce42c01dea,1,c69480d2e3b146ea89bbe39473f32aef,76005d3086674617,15.42,5.17
9fd7a32cb9de4841bcb0ed6e616cc24a,1,eb134b01268a465dab4a2663d095c6ee,3d7898da10454a33,9.75,4.65
9fd7a32cb9de4841bcb0ed6e616cc24a,2,4e406bfe092a44439ea31b330cbeee9e,93e15c7be081486e,9.09,1.79
9fd7a32cb9de4841bcb0ed6e616cc24a,3,41927018136647908ec693d41aa9d751,30027e83a5d64ef0,25.43,6.17
b4597f6ef42a43deaff50524d0081e2f,1,fbae69d6daef423bbbfea3ed98525895,e9feb95d7d70485e,7.36,3.62
fce74aca7b2a4eabb516b1d9ab4d59ce,1,b328d56058234c5d9ffb014d27496bc4,7d5efe00ede94a99,13.55,6.12
6e764ed6cfd84fc7a0a68385f37ea3e7,1,2f6a26c8b6ae46379b3c68436a7cd7af,fe580554432a4d24,27.9,2.43
ae89956ddfd24578bd9d2d6973fd9324,1,bd74d0731a454d49b07d30315f3d01b9,279cf012eaeb4e43,18.31,2.8
ae89956ddfd24578bd9d2d6973fd9324,2,854dd3a5b99a4a16b587b9e265b64fde,09c3de4537274adf,30.93,4.69
2f98f1a0d5a44fce98867229f3adefca,1,9c925c25d2ea4fe0a50b69561ed741e3,91e7e42076274859,15.95,5.76
c0550361a5ec4f63b62788e736ab97fa,1,281974d2462448d6bee548414c4cfc69,92ae09430654464e,10.73,3.53
c0550361a5ec4f63b62788e736ab97fa,2,7958ea4daa814ded816ca01c37319f44,da0ac3e5d2e14781,18.68,3.19
a57e40b0d5f94d32aadd96adb31d1ea2,1,d7640c718a5841c9a1d6aadcfe0d63dd,14ac901c553242f9,2.82,7.61
43a31f6e88524a87a131c5f158ba2a58,1,a83d7bd4fc53442785c330fad9fca03d,3b284cf089f74951,6.93,6.69
43a31f6e88524a87a131c5f158ba2a58,2,df83ac0462e54432867b69eb9fb7200a,ef212b99636e4227,18.43,5.84
91ffae5c234a416baa3403e77d8ab2df,1,88342de4ed2c4421aad2835b904b2532,fcb1f29474d34be3,3.42,5.14
8b7694f57d094461bd433efd5d36a732,1,c46a4039a17d445c9ed6546b336d4a1a,100324b2f2ea43df,14.11,2.27
f9130e3e1516423fabcaf9b619650b18,1,04ea7652478d4a568034d1638b130215,74328d533ce548ed,34.87,4.8
f9130e3e1516423fabcaf9b619650b18,2,9c9671a853c64b77a05ab15bd3c17202,3a4b2cb937cc45a6,30.09,4.33
b09c3880192242268a00aec11d164c0d,1,ec115a4f208e49348b64f9de0a03f3fb,232ab6ebc99a4446,24.57,2.52
b09c3880192242268a00aec11d164c0d,2,b9664c83a050400eb4f1c58a572cfb54,155e7a3e28b54fbc,2.92,4.26
e65bc0eef5d94ff9b49ddbc398aa16cb,1,3ad2895f3f6443aba0c1119f23af8264,44582897d61e4402,11.59,1.58
e65bc0eef5d94ff9b49ddbc398aa16cb,2,530fad4174144733af9fd872ba83132d,1ea26a1f5ba0436e,11.71,5.44
742e3c9f0348489aa8bb5dff6dc845a4,1,4a80bd663da243b496712213609990ec,cf807b77c5db4c8a,16.94,5.11
742e3c9f0348489aa8bb5dff6dc845a4,2,ab0e662f19464208acbbf0b805edb594,7c2bae06781f4a08,27.53,7.13
9960a6c9564f485182251a670a4530b7,1,cd5556ee19234fffbe57ec307944b309,840894c08ae646c7,10.37,2.15
5ee414a625614579ababbe4bc127db26,1,1759f61b29654503ab7cdc88886107ca,6ffcd0cdc2734387,30.31,7.46
8e8ebc30c93c4037802bff8873ec5c9e,1,d1b61fa9f69e4562830997370a153d0f,6d04061319d64c92,4.03,3.81
a78cd86fe4904fe99a69f798a3c4ca74,1,74ef84997f3446b6a7f3516cb1a922ac,95c781f5c5ae412b,2.0,2.18
63cf54bfdecd470184260706607de1b5,1,ec23d55d5358445abd5627b98e2166bd,624fd47ac2484736,24.31,2.82
78282c09c3c44c38a3166d0fb3cf5c65,1,15e033d21c3a4534bfd165b605989bc8,25b3f8dd5b1d43cf,3.58,5.12
78282c09c3c44c38a3166d0fb3cf5c65,2,3f7a2aaa9b9744779379cba671964430,caef855ba68e45f1,19.07,6.55
78282c09c3c44c38a3166d0fb3cf5c65,3,65f29476ec824b63a21c3cc0e9746851,f9d80616b7034ae6,3.9,1.73
78282c09c3c44c38a3166d0fb3cf5c65,4,257475ece3a84a0f8ccd9021b1a0e6de,a2d43f72fc174154,7.14,6.56
f676d3b7e43e4bdc85b12bea817e9877,1,7c0594c554ae4b47a13fc1ea2774a72e,2c17bf17186843b4,27.85,6.1
f676d3b7e43e4bdc85b12bea817e9877,2,d82434d8d389488bba359db2395c6dd1,e40503e75fbc4a10,19.97,7.45
799a8248db3546b8b00e86a701c34889,1,5be356dbed4f4aab83525025e46e00e0,94ac942ce3064205,23.77,3.45
fbfe6885b06949a7a12f649345964a91,1,617a9a4b3dbb49a18d91b2ce53e3cab5,678cfc14181a4723,32.24,1.57
fbfe6885b06949a7a12f649345964a91,2,5622b97421084a38b68ca78e464b52e3,750ca0df334a4c7b,22.42,5.49
0917e55dd59f451db3a74efa60300c8a,1,2a85a94ad6ad44e182737693336f96ae,e1c475901222486d,2.66,1.02
c81b2b8e14e74a78b3e94cbd0f15d2b8,1,e889f6e5312044698478ad7a721a67d8,084598991ffc401f,3.15,5.05
c81b2b8e14e74a78b3e94cbd0f15d2b8,2,4bdac6a17f0341e094bef845e54034f5,cb9d674907544817,21.11,3.45
4f13181f2610419f83bc5bb2fd53605a,1,7f2dec9c8e14414eb5329916158dd4e4,54655f7e7fd94bc9,28.67,7.03
4f13181f2610419f83bc5bb2fd53605a,2,20d6d0c73b234159b03c57db34d0138e,29fece9b7baf480c,5.57,4.22
f5c1cd30de4f46c995a097d4776aaafc,1,18476f876049425a80b310fb47905641,30381a4c8d534273,34.62,7.48
a0484c4f336940fcb183da165d234aab,1,a08cafed0e93464e9731b461f6d85107,3b81a6e9409a4066,23.82,7.13
2f2180177938492987bbfbcf919563ca,1,c72b04e11b5f449f930ec73dca4accbe,85d65d0df5dc4eef,2.94,4.19
206f3d818d614decb7489cfe939673e5,1,ef54a971e2764191b203f306cb20f7ad,de37b792035e452e,17.21,3.6
41d9f1ef28de4d2292c67b82f8e74bb0,1,22c07741acd74c0a888efa9d061ec27e,417390eacab441fa,32.87,6.62
41d9f1ef28de4d2292c67b82f8e74bb0,2,b239b486aba04e2f874328eb89999d98,5e96740dc1f34780,6.35,3.9
41d9f1ef28de4d2292c67b82f8e74bb0,3,b86f4ed3b6814758911b604003219692,6ceb902789824457,17.32,1.47
41d9f1ef28de4d2292c67b82f8e74bb0,4,75492154e4874535ab40d51fd02e562c,2e2d9cda7066498d,2.67,2.05
d04718255841472bbf40a43b0f58db1a,1,b2b9edc373d44b6796968b0459039509,8d215fc426f84f4b,22.22,5.4
d04718255841472bbf40a43b0f58db1a,2,3dce11f905924d6a8c984b98bff2aa20,706b10de6f1b48a2,3.62,4.09
5584852fcb05466ab5340dc730745f95,1,2ea43e7878b849109f491f4b09bf99db,264b9a95258c4d0a,20.08,2.77
5584852fcb05466ab5340dc730745f95,2,1e361594166f4d27815831679d89c8a3,a531ca53eb194c09,21.64,4.15
5584852fcb05466ab5340dc730745f95,3,b5346f589bdc44cf81cb7fb3e845a20b,cbf12aaf0bd74f36,31.08,6.5
5584852fcb05466ab5340dc730745f95,4,79cdaeb3404c4faca8212d8702ede8db,e251838b60d74ca5,9.87,4.05
e39060b0e38041099718d0845e2975e4,1,2596731d70664f48acc771747f27135c,a7c9a7b264304293,22.59,5.46
e39060b0e38041099718d0845e2975e4,2,f155122099ce415b9e23e866ffc74b09,33bb9cbbbebc4931,26.33,1.02
4fe0de9bd4524aa78738eabf52d7e5c5,1,50d730f4d8484a89a63e8310685ece57,f285f83f54ca4d69,18.72,4.16
4fe0de9bd4524aa78738eabf52d7e5c5,2,c37e2e4b4e31422bb3a0afceeb64779e,3d09747d4d6248de,1.51,1.14
85a4e075c6254662ae75e7337912a061,1,55b5d53e4cf24a9c8e01c81e7e2f9c46,f173006fad2e4cca,27.73,2.7
85a4e075c6254662ae75e7337912a061,2,9c8d8185825947a78313d372f6f4c0f7,6ac6d9e1ed97453c,2.82,3.03
85a4e075c6254662ae75e7337912a061,3,dee5bd7e70464f689844d06c664f9051,ec84c71bb9b94557,22.07,2.25
85a4e075c6254662ae75e7337912a061,4,cb7bfee0a1ae446d8cec2812e83da4c7,38b2a7e3503749d0,17.6,7.71
e02e954de6f4428abf25b1907d4159d5,1,1996de6ee6f84458beabe858e61c6771,fc1661c3c7f146fa,20.24,6.04
46dfc827c3174783a1b3b124a5225eae,1,9f12953b9ea948cea8926e919d891cda,a422d21ca7334b44,23.43,7.84
46dfc827c3174783a1b3b124a5225eae,2,418c86955af14bdf932ba02bc0e28869,4adf4c1b464649d3,21.87,7.44
eac7a7abac0a43088b7086d46f8a5c3e,1,e86128edffa04ac5bdf6c597f158487a,03b19d9e47e34bb6,5.62,3.42
85a08add4ef349b18cdd253f0a6741b5,1,6078c6dc3b264928a73efd1a4deb1b44,d42a091eed8f4072,12.12,7.72
85a08add4ef349b18cdd253f0a6741b5,2,4cc9f89142ee406d9b6d597f64ec3870,bda425f09310489c,14.84,3.86
886d7ec18ac6441b953e1fdc1d3f431a,1,d8a0a1931fa249c2841e650c7fbb78c8,01bcd2d7d1e0407e,21.29,1.71
886d7ec18ac6441b953e1fdc1d3f431a,2,cbc4a25bd5b14704994e5ba0562da105,efe424a1274d494f,17.88,2.44
105944e193ee40e5bf6cfbd91175711a,1,e34828f3b6c545b4875584cf6682680a,b29e32e42121458b,33.52,3.44
105944e193ee40e5bf6cfbd91175711a,2,4d35d19ec05d41308de8575847ed6b48,e4a50d9890c8469c,11.34,4.15
105944e193ee40e5bf6cfbd91175711a,3,3108e4652e2f483ba930e9ac3be8805c,d4c419494d5f48f7,21.62,7.62
749fda59e8ef4b769bc7d8f6fe6d0dea,1,95a98e0450ab4f528d8318a3409dccdf,190eb1a18d444b35,4.6,4.63
749fda59e8ef4b769bc7d8f6fe6d0dea,2,a5e327459c9548ffb79f86744ae769a2,a269d75505e042cd,34.73,1.73
2bf7d85671a8424a86390d0cbaca129a,1,2f4379a3dfe84b528b1e1bfd42d68350,01e9f63323e74c2d,20.65,2.72
321f707bdc514561bac24c1f913b834d,1,a6b8d676fe974d9191451dc15df122fa,9a3e323c3e804add,24.56,1.41
d2c70ca0755642498a6229d8b172236c,1,171aa843d66c433e9c0537fda65fb80a,049e8678b0d142ee,6.79,4.83
0ce63a31ab18463bbf9ab7e49756fb39,1,5f3c6044ec9a45f0a9a7b6a075d3ff31,70f6855fab704398,30.1,7.15
e7988e35ab59415a93caa791df1cfc10,1,aa07068204344725b4e112662955a9ae,2bef896aabc2420a,21.13,5.67
e7988e35ab59415a93caa791df1cfc10,2,ef53b13445d04a3f8cfc39ae435d0ad7,7097bd34ea044c5b,31.36,6.45
e10f060fcd094320af5398a8d066dfda,1,7f3749ddc5ec47149261256be39ce3ba,fa679a4d128a49dd,17.61,7.2
e10f060fcd094320af5398a8d066dfda,2,1f8563f054304c9f84f1c9b3efbbda2f,f45a9c3709ff4bf8,15.49,1.49
f74b1b8177734862936093e400a3371a,1,62c317329c694c8084829b94018fe4df,63d593f9626a4e1e,5.47,3.1
f74b1b8177734862936093e400a3371a,2,a79ee6d8d42c4296ab0edd1006c33757,e47231929d7444eb,6.89,7.78
1818c3c62c0d4883ab81956236715036,1,ffce407300c24e85b81edf6cb631a950,d9a482a6bba54895,26.11,5.59
1818c3c62c0d4883ab81956236715036,2,d6c1386a29eb47e285be390c3c556a4b,3a739ad7ad154e89,24.75,1.82
32961520da854e37bae9aca9823bdfcc,1,57df74432d5b4847a293774e72527b7d,23fc5c7270c04a49,23.9,2.15
7eaab767f23e42d295ac57cec99f3fd6,1,065d52dd7ac84898bdd4822643cfd2e5,1f109117306e4a48,15.04,4.0
d486eecaf736483bb5b829361a0b3e5c,1,a366ea4900ac4b78967a94158e1bbf6d,2b16883650de4a48,31.84,1.81
ff96100a6d68488bb4e454eb9f8b037b,1,0bc065825b5e48c6b8ae40d72ef960e2,6224e6ab0d7a4358,2.46,5.75
ff96100a6d68488bb4e454eb9f8b037b,2,f070857e920441728448116c1b05ec4e,f14e96117f5d4751,9.97,6.99
8e11d1da3017417ba7d982122d985746,1,d33a23a815d440b0ae3f7ac068bf16d2,288b7c6dfa8e4100,14.84,1.92
b9d0b610b4464a0d9bb44c5e8846a2f0,1,6c2e48b7e05f49c98a9d2621160bc1ba,c874b4fdfa844436,9.92,5.4
314d5c9ea011437ca1c364f1a0c01ef3,1,7634a78b87a447d1a2becda39f182076,ed9b0932d14b4cd7,4.37,7.95
215359f1ee17458eb2617510e0af574d,1,c4cd8820833f45bb82187d5ecc8bf6fc,f39118a0706e4887,14.39,6.21
215359f1ee17458eb2617510e0af574d,2,a1c2b2e2ce144e669abd4cf644b7c0b9,93714407e7e64780,24.21,2.85
95b4aca35365431aad3e042ecd6ba647,1,0597f355e9b44cda8377f4872fcca87b,af2b99c422a84b8c,22.74,4.6
95b4aca35365431aad3e042ecd6ba647,2,200fd5fac01d43f3927e7485a657af8c,13a0c4a1c8df4aee,11.72,2.8
ce5b5b51dc8a4bed87e867028f27b8c3,1,2e5512a1f419436e8bd136d0bd4e827f,d210f633793e40fe,12.45,7.57
83465b98a4d048b6a543464b834248c0,1,a8cdce15170e4e379e6d7ecff2ec74c8,7693246d18734eca,14.86,6.9
6b6d4e66d7b74719bfb4ad26ab15a821,1,c1f1434156a84732a38a1eca47590a7b,37555ce75df94493,15.79,2.9
6b6d4e66d7b74719bfb4ad26ab15a821,2,cc4e982235ef442c95f7e17e303558c3,f83ca2bce0024223,13.36,1.76
9e1ae53ff5ba4318a628bd4628529a92,1,4d7c5bb70e6045a3ae908683e1f21613,74d60aefa7914c74,3.97,1.6
2c334788efa8415292c58e3e1caa935c,1,8e6b1262f66940ee98df21c77abc8249,3e4663fa96784c94,11.25,4.6
b9ac0dc1509e40d490d6ceb53403dc04,1,3c144691856e4c97be2993fe98343138,6bbae2ed3f084656,24.77,7.43
b9ac0dc1509e40d490d6ceb53403dc04,2,42c4301d077b4486b3a04d1ac3f401b7,4d04c6d95b9c4c4e,20.65,3.34
a7cd0c080f924f5eb4103eb38d11efe6,1,29d0cf32405645249b9998a68f50746f,2c6a2214dfbe4ba7,14.28,2.73
5fb58040433c47488bdba2dda938e066,1,7474d95602804c228c699285171271f7,c658b6ef9e3e44cc,30.04,6.42
483286bf7caf4b2abb0a411e8459031d,1,f7b4efd5bc2343c793c13c8f664366d0,1ebde094b50e4061,33.73,4.45
483286bf7caf4b2abb0a411e8459031d,2,772b1addf11542b3a19626d7c30273c8,802266e9d93b436e,32.0,1.79
483286bf7caf4b2abb0a411e8459031d,3,7cab2e7c7b2e4654ba0eb0f7a6a40b38,1d0e3c4c3f5747d8,20.07,7.86
640d0dd53b6d46d3b3dff1711eeb0a26,1,4f8d68f67a5e47b785b5c9a523959c35,c6c5ae58da5e4a20,7.92,6.96
640d0dd53b6d46d3b3dff1711eeb0a26,2,4516bd53e34c42d4ba4aaa4b301f6608,46e56b4c63e54a65,14.8,3.59
7ddea0615b6841cb8a23ae34c6fcfa8a,1,854e864d9a60439ab174f78797d194d5,45c9a2f5a80046cb,15.29,3.52
03f45592821346609df8ae387a9e084a,1,e2a38af46ebe4acb9237c3a1fccb17f0,bebb1a9827a64550,34.76,3.07
2b06a6d3c2bd406ca7c87b5b9b585247,1,f0847b55e4854ca59386b194b1663b78,a3caf8e0d2ea47ee,3.04,5.84
2b06a6d3c2bd406ca7c87b5b9b585247,2,023a73d7c023413b840c4ada06c66ee8,22f09fcef1b24164,25.27,3.81
152a86f3c4cd4c8b95166dfe17155117,1,00a3adb506404d19a1eb22cdf3036170,70a54d538e454576,28.64,6.12
152a86f3c4cd4c8b95166dfe17155117,2,b77bb1d758fe47edae27461f79239141,dab4658ff1464007,15.88,1.08
dc219ce1de034036a6811da97a61bd94,1,72662e3113e74a70b0439594056674f5,ef640ca5bcbe4d11,15.86,3.93
0d73f96820ef4d9691603169bfe7b885,1,7ddc0cf3aad74d7dbd0f07169d07ee5b,f71adb1789da45ec,10.85,3.49
0d73f96820ef4d9691603169bfe7b885,2,51d443d9f9da4a6c9dd17754efe36ef3,55bb964d590e4eac,5.72,4.94
9612c1eb02fb45f2893d559fd5be6427,1,09c615e48a6548a49b2f1f1b2152a6a0,d05fa83c02584393,18.46,2.59
099bb3a2a9a1414db21893db97fbda8c,1,325ff3af19eb4e66ba604f351e0ddb75,6f71fe9342674c06,10.22,7.12
f66dd2ecd92847e1ac302e7dc5192a7b,1,b3ff6069b4084be3b1b37119a5d645ef,c5802a7e662443fd,9.56,3.33
f66dd2ecd92847e1ac302e7dc5192a7b,2,fad5f1d2758a4df8bcb7a1b83ea9d895,1197c3df706d450a,32.22,2.8
ff204a1c99a0468c8027913867c3fd43,1,748c4d9bd97941d1b66309c82d6ee865,1fc46cce139140e4,3.06,5.51
ff204a1c99a0468c8027913867c3fd43,2,d0846c2b779144d2bfdec5ca3c66d4d5,e0565176de244e97,22.0,5.69
08be21b08abc4ca58695023d19000f0f,1,18b57d3a4127442281c859d0f5528f73,3bfcf348b4554270,4.61,2.0
e49d217e735d41e284dcb0034f696150,1,1ef62407f399483b865e7633b627a0ef,a78832f2dd3e4c04,12.69,3.73
36358406e4984911bf6695b6a4f62db7,1,2ee56e0f87f748c1a9f66b3b3bcc4ec6,8775ad3069084114,5.24,6.85
f1d6a7414737437a8b31deab95653672,1,13f08c75af274e3fb2c9fe717612ad61,8bb91f558e0648d9,11.62,4.98
f1d6a7414737437a8b31deab95653672,2,952b585bc6884feb974161986aa646a7,e6be6457d7b046d1,22.75,1.81
f1d6a7414737437a8b31deab95653672,3,339d4dec5acb463d8295c0bafd734b14,cf01f54713694b22,21.81,4.27
f1d6a7414737437a8b31deab95653672,4,42c6f1ec6e1a44ae83444fdda1fc27c1,adb0fe3f5cd24901,7.78,2.88
fc088968d5434b85a3c83ffaa899ff79,1,3f69e31c476c44e2abc3d15feb08f0c0,a43e92cf41c04d82,24.78,5.49
fc088968d5434b85a3c83ffaa899ff79,2,72f91638d45d4d82907d35b150ee4a78,00558fe6b91a4e32,7.79,1.78
73d27e97e03448b69ae937b10b27e17b,1,50d8e4c4adc24327b665d37285e5ceef,51e19b43151f4c0c,21.32,6.74
4b922588212a4320adea23f09a8be1f7,1,d222ed790f664d20a263c07ab96308a4,9927cb2829e34633,20.68,3.75
4b922588212a4320adea23f09a8be1f7,2,4c435c0696f746d9ba5fcff347078097,f2f84bb7ccb54439,21.44,3.5
4b922588212a4320adea23f09a8be1f7,3,0a79af21c96843d0a937be7ed57672b9,54a6a6a4b5214669,32.99,5.11
f0db0290b1584b008d5cbda19c5fa4d8,1,5db3543ad8df4d5aa55d92ff9343def4,f58e5a25ab81479b,16.32,6.22
f0db0290b1584b008d5cbda19c5fa4d8,2,d403172bf1c94ed8861a0f5d3b8d227e,7a14c1300eea4ce1,15.07,4.42
6924686b37c04039842d8289383e6a70,1,e9299de8aebb4a7a9cf50f31d01c8b1b,a8d9746627974775,28.94,1.15
6924686b37c04039842d8289383e6a70,2,bf06dbbb1add446e9961c9f5450fc8bb,fdf03dd4f67345ac,21.47,4.1
12c9709438684154b652ebec09e06dd2,1,36cf335d92e94fa0b0cad142d54c38bf,e9dce04df43945a6,27.52,7.51
ef0c97f8498c4d41b0dfe97e8c81ef92,1,eca12d28d6d445389ef25c7f220f8677,9d57aa00150c44bf,26.67,7.71
833b74ed990c49b4bdef169ef35adf2f,1,23ee96da874a471c82472cf49ec6c513,9cc256995b1b4c5b,21.96,4.94
833b74ed990c49b4bdef169ef35adf2f,2,326fd0f5e88a4e01ba7008e8a7b8661a,ec31bacfdcb9469a,25.5,6.41
833b74ed990c49b4bdef169ef35adf2f,3,50818d7c0ce94d44a7a3ad903351d6ed,7e2d8aa4e2414f18,17.05,2.67
833b74ed990c49b4bdef169ef35adf2f,4,68af24bb224c464c94ad22f80ccf9e5d,8c945675873b48b5,26.57,2.48
d9c5e183c44141ecb860a61f10085170,1,f5f775b334af4a95bd289c975ecd96bb,1ae4e20fdb574d5b,21.73,3.23
d9c5e183c44141ecb860a61f10085170,2,dd101d4db0ff4f5bb3e5ff3d431420b6,696cc3ef82eb46d9,18.8,5.78
be4beb2bd00a4898977f690a17f38b6c,1,2f82efe09515486fafce2f04e11e9242,fffbbe86887e4c7b,10.12,3.25
be4beb2bd00a4898977f690a17f38b6c,2,53f3771a80af4091914b5f6b294f1b00,e55219caaf644961,32.33,3.08
be4beb2bd00a4898977f690a17f38b6c,3,129e382c01164d288ab5c88d5f9ed2b7,f3880a233c5f4d98,18.02,5.9
be4beb2bd00a4898977f690a17f38b6c,4,2f254e019a8b4d00b35c0989e056fa15,fa233575b8a44f72,26.1,7.44
18bbf99b19a54bc38cffebefaa8070d4,1,f34ea849e6df4386a204be88492797e6,e4d8c5d8318d480c,4.56,3.19
cca6435ec9424a0fbe6659a4fb0bd295,1,fbce769a9a9f41fa928f7e99492ef618,c8566dccb5104962,20.86,6.79
cca6435ec9424a0fbe6659a4fb0bd295,2,fc49785a1cf8479594999716e9172643,bff1b82bac4442c0,9.73,3.71
cca6435ec9424a0fbe6659a4fb0bd295,3,3a9683edf79b42c8a7e63355fb0e89b3,3bdb63237f44442f,14.72,3.65
ee747c08568c40d7a04734385ba885c0,1,ee65697d674a4ebca7963b8d15926701,aa05be9af076433b,19.42,4.35
893bd1ba932d4963abee103cf6a2e860,1,5da82b61237049549043e8be10aa29f2,ebb37f3e1a354b5a,30.34,7.99
893bd1ba932d4963abee103cf6a2e860,2,2fb389cf34074e848e6f895cf71da1ee,b02075c0c156413b,14.84,3.62
705ca04924164db2b57f05f65a3de2d6,1,072237ec1b3c4c35897ce678194ad781,ca79843e355b41aa,28.94,4.57
019557046d704d7482f700aca0f047c8,1,8f5cee30c84c4fa1b5ba059776078c94,1c7ed891cf8f480e,25.78,2.86
78910bc195cc468ab405d223dd6588fe,1,6266ad91652142208295ada3c33a2b27,8d3b9d8f0eab41ef,19.31,6.28
43b58978fa91442199d8a939fbef2b49,1,a515a1135c2f4ca789fcda62679822a3,48e1a3c173714b27,2.68,5.57
43b58978fa91442199d8a939fbef2b49,2,49ba68b459b34db2a349cc5852505c5e,aac98eb227734e96,31.89,7.93
4da7b82ead8541e68c1978d4cdba42c7,1,7b86e456c95d4c8c9b821429a942b860,4dec046fb55945d9,29.94,5.46
01c35c76aad44233a63a45929e96bedb,1,6cc4167c5b844d159869deaf971f2ed2,994483e1e8424523,8.48,2.06
01c35c76aad44233a63a45929e96bedb,2,c7c0753c77b54ac090e6f1fe3a51338f,0cff59d6e9bf4f73,8.58,6.29
887367c4c076478ab75a383b73ca1c07,1,05c7bd74113f41c9a555b46c68de2dcc,396757f739d04c72,11.04,1.59
887367c4c076478ab75a383b73ca1c07,2,95e9ece3090a4957949d3694fb51e5d0,400c29b26cbf4718,23.7,6.21
e71832553a884592821d15d836d97245,1,76d5e11310fa4de597ca1ec92714d61f,e724263099a94be7,22.82,3.14
e71832553a884592821d15d836d97245,2,75063959dc2a42f0bb1e93936638e463,aa8b10d9c8c84588,2.56,1.33
e71832553a884592821d15d836d97245,3,90a089e71c6c448eb7225fe9280e2f47,c9cde81e2c42497d,20.79,5.8
409c8066c2a549d8a92b2dac0e5cdccd,1,77c43c3c7893424396f371c53458c7c7,c543b1f23a6947e3,23.38,6.22
409c8066c2a549d8a92b2dac0e5cdccd,2,48a97823383d432e84402a01e0061ad0,ede61b9fe5f544c2,10.18,5.0
b6806f53d4fa4632bc41371ae84a9948,1,daa7fb9081f745389bd8c08ace19b5ac,66ba4c64e5c04292,23.71,7.75
b6806f53d4fa4632bc41371ae84a9948,2,1142de64fe1b4beab2bfc4afb305ac2b,71920d2633c94f5d,16.72,2.34
b6806f53d4fa4632bc41371ae84a9948,3,c3232573a7aa407ea0233dcd441fbb2d,a79e645bae1c4f24,2.13,6.37
b6806f53d4fa4632bc41371ae84a9948,4,9bc7776b255d43f98fc19c03ea0017bc,649d13bda9e94ccd,26.62,2.9
9d4fa6e9e0754701b056d71c4fc7f1ad,1,d458896b8e5444b096211423cc83434f,8d3e7202604a4812,18.31,3.42
60ebeab62116460caf9ec66a61c24559,1,b5fafe22f9204ed9a2cbaeac80841ae8,90b8f0801a444d02,2.21,2.25
60ebeab62116460caf9ec66a61c24559,2,cbc3328544ff4fd9b09bbfe4b593bccf,afba0fb889fa490e,20.42,4.58
60ebeab62116460caf9ec66a61c24559,3,8e2d91d99ab44b4d929f110797eb51ba,c6f952ef12714cfe,34.9,5.21
fbfead16efcf41149570aafcdaf76811,1,117b6af33f9a4814965c7a8699945c40,fc7d5f0edacf49ad,12.83,1.23
d0c2e3eff6e3482bbf51ba292968c88b,1,2deca4bdcc9142dca3b3e5752dea5bc4,619a063339194610,3.67,3.68
58e051447cf34e3b88f3c1d785dbbdb3,1,a9921d2aa47647958f19bd1d2fd623ce,54d55c30ae694fc0,12.44,7.2
58e051447cf34e3b88f3c1d785dbbdb3,2,aa16865c3376405882a7f3441216345c,16df45ae86f94e34,16.03,3.44
58e051447cf34e3b88f3c1d785dbbdb3,3,88a38fd6081c443bbd02377d6e9e8929,55d391e942dd4286,18.15,1.05
58e051447cf34e3b88f3c1d785dbbdb3,4,28ab30dc17aa4a95b60f4f570f3b0366,3a131ef77c00498a,20.93,7.1
c795f96cfaff4ec68689109b642965e8,1,41fb3a3ec75a4cd583aab66405c5425a,136d6e6d6a0441fb,31.48,4.78
604a75934aae4f3e935f07e11df16360,1,51fee05a418f4b589a768c1189554cf4,734c8496f9704b89,15.99,3.62
03a7cdf9b25a414e879003587fdb338d,1,c7808e4a146f464f863c399e6ef164f8,7a19c4f90af142c0,23.98,7.23
38a8777dcd6f402ea2a0438c3885c248,1,a9c9795b3fbf40b98288f9e32e3b7eca,85249d03276d49f2,25.83,1.5
38a8777dcd6f402ea2a0438c3885c248,2,b57e665f4fae4c7e96d98f8faa35a6cb,7a4c05b4744f4e92,4.34,7.44
4ba9dd2f9dd745ee830e7fd36c109f4e,1,84aa71d6c6b2448bb008cd56935e8905,b1d3bdcce6014c4b,31.19,5.04
4ba9dd2f9dd745ee830e7fd36c109f4e,2,14081be18a1c4bbaaa7f451f053820e3,cb27dc39bbb44009,18.91,4.62
4ba9dd2f9dd745ee830e7fd36c109f4e,3,2e54dfb58c964dada15bd362f6a8c335,f7deb536c71041a5,33.78,2.13
99fa9e1459f94227866a20738d01abf0,1,5d7f2404ea5d4f15b6cfe5083e71a2c2,1bc59a2ac12b4652,23.77,5.55
236745fc806243fd87c2c772b094ca90,1,acf0f7daf50742128dfdc3959225a53a,46c2cc2f9fbd4c0d,19.34,1.47
236745fc806243fd87c2c772b094ca90,2,a7ba906f609a45c59bcb91b403c586dd,38cecc452257418f,30.06,1.24
236745fc806243fd87c2c772b094ca90,3,0d97f7cf42794f8fada78d3315bad990,f76d3dcfd9424209,9.75,1.39
85753bfc34cf4077a2f868e008c9a5f0,1,17f0b8dfc5064fd18174896392ec6ba9,23ec9bf439ed40f1,29.41,2.69
2901530630d14d088631793ae08d3518,1,df56a94cfd054e9baaffb48f1cfbced5,637e8ea6ed274be7,30.42,7.72
2901530630d14d088631793ae08d3518,2,c197fca552a94cb0b9e8ddcc5e5143f4,9ae41fb30a03402a,28.89,2.17
2901530630d14d088631793ae08d3518,3,1b1484adb13d41a3b25acdbb22734ea4,1f4b70d8f31a48f7,17.32,5.16
9a76edac088d4d2ead5f3e7973a112e4,1,f10f921f379d4a83b7d0c42b532d2130,b5e7c4f8e8e941c6,9.61,2.17
ad9f49648a554cbf8c87b808a1bb0431,1,82f5628d1e974270ada9fe32755e5d09,e559b695f9714066,10.68,2.55
ad9f49648a554cbf8c87b808a1bb0431,2,a534ec447fe14af291644c71e1adef86,81d149ae77e8452d,28.79,1.91
ad9f49648a554cbf8c87b808a1bb0431,3,9dc7429d986a4cffbfcb19974d9f53f7,57f20785458e4299,28.8,4.81
357a7b5a413b4ceaa3aaac762772bdb9,1,4d48cbf491d84045b002ae0d1353c80d,851fe2c40e6e495f,13.01,4.39
357a7b5a413b4ceaa3aaac762772bdb9,2,70e8e669af21440e98149cf29fa873c5,e4c34e6df75a4f6f,24.14,5.11
357a7b5a413b4ceaa3aaac762772bdb9,3,ebb98d59ff354b12a13e32bdd9d2f606,db1bfd815d294eed,29.11,7.97
357a7b5a413b4ceaa3aaac762772bdb9,4,2bfb56f19c084af492d0e814f13e60f5,1dab6e4942024818,6.34,7.57
7d4aa023beb44526bd87e7e5fb7d5d52,1,c9e7a3527c3f4b52b4381750cb3358db,1fdc51c8c5e644cf,8.4,5.74
7d4aa023beb44526bd87e7e5fb7d5d52,2,945afcc51ce446349bed5fdee93aedaa,5e19ddbfa26a43a3,8.26,4.0
e11819787f7a4de4a51883352917f63a,1,cc97f407f3c34c1b9e096a4c5f1478a1,f73592980a14424f,15.68,1.26
45b096d937604a82a91c6ee44eaaa1af,1,ca1a006d7d9f42b187306471ff8dfa86,d29131fdecaa4bae,30.83,3.42
45b096d937604a82a91c6ee44eaaa1af,2,7bac045fe4ec45bfbdc5ca7d2c2e03c5,574fe6dcf688486d,4.08,2.54
9f17206f47c546969130b52de519bb77,1,0a7b54b6f44e40029f2713cfb09e97e1,1374c966f9f94906,25.28,5.49
9f17206f47c546969130b52de519bb77,2,57a1cc5b7914455cb416462de47e13c4,96d22ef33991446a,26.75,3.2
89a231a138aa4375ae531d3cc65a3ddf,1,6bbfe0cfb4274fc68af1c9ffc13c8bc6,edb2df09bbda4795,24.03,7.65
89a231a138aa4375ae531d3cc65a3ddf,2,6ee21a861f19417a801e6bc3fedda3ee,cd7e1363480847d3,17.15,4.57
89a231a138aa4375ae531d3cc65a3ddf,3,78f9f471c4c148f3af39d14553449610,05db95fed7e44c31,19.94,7.17
214cee4b803545299f033d5e7cd19a78,1,145002234bd44defb7d86b67b0a34e2b,9bfda4e74840401f,10.07,7.23
a8d7a251ec564051a6f20f1a6c0e6104,1,1a3492fc611f4836b573fe7f457b2f7d,6b126a3a345043e6,5.54,4.61
efe233ae134a4c058780d8392bdc4a9c,1,49a43ae4e7b546868d657417959d2793,d50cd09cefe54095,10.87,5.56
7856feedb48c49afa81a3122b7e54e00,1,99ebe5398888402eac1f39328ae8c265,aa52059888094887,34.1,1.68
7856feedb48c49afa81a3122b7e54e00,2,f5027cc246ba4b2c9c0ac9e0e3b21162,d397f7880af2422d,22.35,5.93
6766048c7e82488fbba740779216f170,1,38d45ab96a38475c9315c5d83d7e7963,590fb36177b64b4d,25.93,7.77
6766048c7e82488fbba740779216f170,2,5a1a0f8076144565b062ce9a772a0062,ef0cb7ca4eb24793,13.23,7.76
86157e1cd4504e3b95b99332e0f39d05,1,263010369aac4896a6ae7c4c7359d748,12968d4178f94eff,19.12,2.23
15c68bafd7af486cb8928beceb2e6e95,1,38b840d599244ab090e9b205a017bd65,f2ed609e89d742fa,17.59,2.87
15c68bafd7af486cb8928beceb2e6e95,2,7ecd4c9cc26143939e7fbc553b6ed938,3e7b78b849a14f5a,13.05,7.45
15c68bafd7af486cb8928beceb2e6e95,3,ec80b372ca4544c6bde5ad2af8123838,cae132084b104144,21.26,4.92
9c1aa1f20a1a4f5c9c4df602cb706542,1,c256f684f11349629c69f9df8523933a,34ce8a005ba84efd,15.57,7.07
dbf6dc85c26549d4b47f004c05c347f3,1,07a4d12b69da43c5a80ead27d69f73da,0ad2586fd32b4008,29.7,3.34
dbf6dc85c26549d4b47f004c05c347f3,2,2c47ab6697174de69bacf62b180ecfd4,da7429ff84aa4938,17.01,5.99
5c491e3655744025838669e2ec0c0208,1,42ef0549e4b8417f8467250b1087c3ed,10acb8bbc9bb42bc,5.92,2.46
5c491e3655744025838669e2ec0c0208,2,aa2c1ea5f3fb4462ba4f21b60bebda01,ee09240c36ca4d1f,3.3,1.2
34a8b96508d548d5a5771f43e90bf5c8,1,0e3d7c85f0f044069dce977266337a5a,a52d0fe7a45441c5,32.91,2.57
34a8b96508d548d5a5771f43e90bf5c8,2,0ba02cf0524d4872809e6e7fa4afc681,55e3325237034b0c,31.38,4.88
36c747804d3b4f20af7245c6920f5380,1,f66635ad007d4222932c8831847e3105,19719683c2b54935,33.03,4.4
c6bed4a740e84e2d990ccf683fe261f0,1,359674777ce34c1499465c3a55c9b053,50603595b891429c,6.74,1.13
c6bed4a740e84e2d990ccf683fe261f0,2,1de122c9174542038b2304a034c1d1c1,bf6fddeb5bce4dc0,10.13,7.35
69daf160f23f400a9bb96883393301c2,1,dc60e0035fc241079ca4868f10a94cd0,6a40ffb5bde64a7e,7.36,7.13
69daf160f23f400a9bb96883393301c2,2,4c1a3ef052134aa985d980f0c34a2994,f1505440336a4d80,9.68,1.95
69daf160f23f400a9bb96883393301c2,3,5bdb4c11b3364137a2cb5a8d77e39af3,0ab98723c81a4dc0,16.2,4.84
69daf160f23f400a9bb96883393301c2,4,57292fc4fd564b8292e08cf9fdad3567,783c8a536cb04668,18.66,1.57
a294e4aa8b2e4cbd939e54bf87c1b7cc,1,d306f3ebab054b69a7a8d44cb9d3785c,a7623f40e8ec4848,18.42,6.52
a294e4aa8b2e4cbd939e54bf87c1b7cc,2,0e949d3e6cea48518ead0d306dc3ea0c,4e0ae81934d04068,32.15,1.43
8beeae900b1d4deba1547ddae858ff19,1,83f9fe7b35dc42aaad910480a6a469ec,b39da4f7182c426b,11.92,5.43
8b4b8e50ef52423da320877e1e62cc7b,1,4127845b02bc41a4a9e8e3d54ac9102f,f9c58a32adf040e4,25.83,7.33
cc0fdf1934624993b763d09113258b70,1,7f2fa3cd634f4a498d97841da3bce8ee,6a280bdba85b468f,18.28,5.91
a3b3adf342ea4ebc8d59b10ed0bbb1b7,1,55fe351fedc7462cbd6cad983ab80354,c0078ea1632a43bd,13.19,3.74
a3b3adf342ea4ebc8d59b10ed0bbb1b7,2,82ebbccde8e244ecafa93eea9744411e,50a0a6d9318b4192,33.07,3.21
a3b3adf342ea4ebc8d59b10ed0bbb1b7,3,5d92f7ea77a94c8799c83cda99a16929,823d773a558147cb,15.06,6.1
32f26f6ed9c9430ba252a7f062db253b,1,11f64083e0de492bb47361b0bcf1520c,9a16b08cce5a4a26,23.8,5.75
32f26f6ed9c9430ba252a7f062db253b,2,e085d3cb492344ae83cbed411277159f,bbaf0608a1f444b5,19.7,5.02
c7fff561a1ee438f8b45d69289808c2c,1,f771ac1c27394831bee88ad793baa829,94e8707ce6814a92,12.2,7.16
b15cb2ed887a40e7a19cc9a0b9e2c788,1,bc2a0e4cc9014ac2a8a052fdc437036e,a79505377e8d4a55,15.29,6.54
b15cb2ed887a40e7a19cc9a0b9e2c788,2,7bc57b83fda540419c6df209dd263c4f,110f3f164ff1450d,14.27,3.87
b2652a17eed24796a93ddeb41c134d45,1,b1797dc82aaa40afa10ca373200d01d1,8720ee00e8174ea5,1.73,7.78
e4ff3b0657ad4f70a69312df4cbca105,1,c2c5830ced2340039130b8753c135705,87a93135e3734500,8.55,2.72
e4ff3b0657ad4f70a69312df4cbca105,2,9326ad5797054c4dab9336dfc05af29b,b7f057f3d5e948f4,11.87,6.39
e4ff3b0657ad4f70a69312df4cbca105,3,dd6a514f8ca147aeb2e5846adbabc87a,c9644c27508546ff,2.97,7.76
53c75cb632ec400890338de750aa5a2c,1,a7d2988e7bae44c7be4f1bb57f093a37,78ec39ed61134318,26.73,4.04
53c75cb632ec400890338de750aa5a2c,2,e72999da9d2544c1bb9b02d15e5b5760,f85d7701c7ff43d8,33.89,5.3
5620e9ebe3054226b5beedd9c694e78b,1,655bb4eed9e54c75a5f9a9915d78a079,f1ef286d69b049dc,10.68,6.82
6abb6d703e5945869ea105e449e16b9f,1,faf4d34903c64f56a16c0622d15540d1,314328ef43ef4754,3.35,7.68
6abb6d703e5945869ea105e449e16b9f,2,02546dab1b744209bbba0085b84090e3,a1bad05afb934231,9.19,2.72
a9da013414184329a99f9f18c1e158e1,1,7a79751883374bc0a6ccca810eb99949,7bf356dfa1d74c9e,23.66,7.06
7a1bd4e221ff457b80da058428428a23,1,0581fa8cd9ac4a7a8f2e242145083b1f,6d420a6712384695,19.97,7.28
afde1ebbf92c43788b070610d3e08c29,1,ec08745cc1a5450fb3154d94dd207799,5b83ba1128d24939,19.2,3.27
2c30c7b5892d436299cf956a59f94f88,1,7514dfbfc9c94dd998d86a763db96f23,fac0fdf43a5749d2,18.07,3.54
2d70f7a3fc1246d69474c7236f6ea4f1,1,dea7e7de2a3c44039f3e2a5c2746ae3c,98fca1156bf0498b,29.09,4.76
a707eaa7f456444db24410d8783057e8,1,3b97aa48d77342f295616705658070d2,7011edb98a5c4609,15.24,5.84
a707eaa7f456444db24410d8783057e8,2,9b6244fcf804428caab59d6ebf809e81,3120f106aa1c4c0b,19.78,3.72
7831b3cb6fb54634b352052a8f690c3f,1,1b034344c4f94839a3b04a16a47b2358,d3e5c07ee4794d15,28.98,6.81
7831b3cb6fb54634b352052a8f690c3f,2,fc82d3a97af74733938a6d75c68af581,25d05ee86298444d,16.04,3.64
7831b3cb6fb54634b352052a8f690c3f,3,2c16e249aed04f9796066f65d112cdc3,98bfda90938d444e,25.88,3.5
3389de70908f4813874b83a445f196f5,1,fa8d5acf7a6b4c7fb06daf99090cfd8d,bf1027f7f7bb43e6,16.59,5.26
79edf094933f4cdb85f364a183025e5a,1,466ec074b38142afb15aa243d6c5248a,636193bb139a4a4e,16.19,3.63
41c46c6284e747c2a139c3744f602bea,1,7557662814ae4f9db0d8909b7d33dcd6,a7b3efcb725345c8,13.64,6.37
cffa73900e094934b8c919319c6e6ada,1,5d1cba1e898e4ae589ec859f7a34f110,94c6cd9063fe418a,4.35,3.45
472c0cb6a82c4beaadbf4e72d24d2acb,1,f2103687030d4b0280f53e9546b59ffc,4a17ca2583714e09,26.17,7.79
a7a241aed9bf4254a27b226eb838e268,1,09406f38c38e4e15bd46f08fc3c15466,e9eff078c45c483d,15.04,2.78
a7a241aed9bf4254a27b226eb838e268,2,1f9f2c961ab14ca3a53af3ebfcad0e45,b5e9db61182946b2,15.76,6.52
016b86d2f4804336951a457b4f6eb95d,1,792ae86b69b247c0b95da9d1f76bae1f,67b44739f78140fb,32.82,5.76
e90bfea8cbdf4417a5ac613eb0843944,1,d99bc4a400c34bbf96a6cb483ad182e4,e9c11fd2e2434301,6.15,7.91
56b9cffe42b04f5fae47c5e11cc94984,1,dd9942b129d24a37bf54c25cb94f129c,36194871d97d4416,25.28,1.91
56b9cffe42b04f5fae47c5e11cc94984,2,c02db23a44f7406e8354012d381de63f,d2a77488ccf74856,14.68,7.25
56b9cffe42b04f5fae47c5e11cc94984,3,1e395dc0880744cfbf5cc297cd909ce5,c057f90ccf254d50,32.61,1.01
d08d21bee13d4d5495ea57a4d8e36c83,1,cee80932ee4b44e8b5f384aac4169013,60bdbeb077594e3f,29.64,1.02
d08d21bee13d4d5495ea57a4d8e36c83,2,e4a3754cc91a4db3b91c2431ef8364d5,3a3ead1f709449f0,20.87,1.73
bf293d1f0e084b7a8d1d4916f951b7ed,1,e56d40a53fb944799b0ffbe90daebd38,b7c9af4999954c2e,17.42,5.43
bf293d1f0e084b7a8d1d4916f951b7ed,2,7f0e6d6d64d84f73831818afcdce878d,81805b2f528c44db,15.19,5.38
0f1af269a2ef4e6d9e51e9c97858c867,1,dfe2e7d07d324e75a34cc628744e58bd,35f5d77130e14941,19.84,2.57
48154ef4b5e748cab5ce3f7b474ec3b0,1,b4ecaaacf5394274b33702bf744e878d,0ae12dc2d2134d0a,26.13,5.76
6ed461f3297744ba8a92ae8fec811d86,1,e60ef5cc3b81416c98273fcf9c2ad46e,ad62e7c3d6c94e73,13.45,2.13
6ed461f3297744ba8a92ae8fec811d86,2,62a3c80d6b62439aa548ed7c3169d54a,0773e153f3d3463e,26.29,2.48
497ccd7c6a6c4671aa66f877a8d544a6,1,1e45445bfd0d470799c4b96ea8bb4201,ed990618546e4255,20.56,6.79
5af5edd7c7df4065ac3780ad4ba40907,1,948b696112b9435a868f7c0e3cb183e1,0b177fd90a9a4a17,30.32,6.95
5af5edd7c7df4065ac3780ad4ba40907,2,d38bcd2c62974cad86a07d17a4fd29d9,fc40bdaeba714acd,33.99,3.81
b1e4aab600ca47599c99833b88fe1fc1,1,79161b6f33f846e4be6e630f75a40ea9,a169ca140b1d4113,11.51,1.21
34fc8f9d67c941d5baa163fbe6882f92,1,b0051344d2d14aa78e1d4703397740c8,7005601e6fa847c4,22.56,4.56
c3ba5c7d0aba473f9ad61d139a81df1d,1,91586e7c7ac14409b2a084d67591ff86,7419c81d40a54b5a,23.34,6.81
c3ba5c7d0aba473f9ad61d139a81df1d,2,b45dea34127e471fba30692fd7260fe3,c3b26485872d489a,3.68,1.55
c3ba5c7d0aba473f9ad61d139a81df1d,3,ea53d48bd5fa4b688c6b50fa6b896631,618e7a5fc2d04f74,11.0,7.43
5d154dfda6674aae9fe44b2834eb57cd,1,fb7ebe10b6004ab4869751d465689144,dbfe37101e9d469b,26.06,1.59
192b01b9420c4d84a9b84fbf4f53eeea,1,3637a2f09dfa4118a5dd5feb2abc27ff,c367234b4a1b42d4,32.41,7.84
192b01b9420c4d84a9b84fbf4f53eeea,2,977581ee71404c36a4c77a0319672c41,7a29ab77c724416b,20.04,7.38
dff27d727033489b91db490a47202b5e,1,d5e9100512b64fcc9e4ad99a9822fbdc,181cda2e315a4d81,18.53,1.49
dff27d727033489b91db490a47202b5e,2,46ec87f1c93b4720b13aaac892ec1893,6e1d0a82ff004171,20.76,3.37
dff27d727033489b91db490a47202b5e,3,5cb9f7cbff2f4859be991dcfb64e6522,2bac6d57423048a3,4.85,6.61
62da85b8841849a8ace9ebfd241f0d17,1,fd58426c78d14250b9e64232dc4e6f08,1d37731bfc61467c,21.88,1.19
9caa68f4265045ac86de643bd6ab98ee,1,7ce5d12f1f2547ffbe5c3d38f706ad87,590d139e5ce44095,12.6,7.57
bde06d972fe84060a983b867b3ca32ed,1,4472b5f2397f4b16bfe284cdc6c7ef6a,5a7391812e934118,28.29,2.17
bde06d972fe84060a983b867b3ca32ed,2,1e49d0dd749c42119480827f3f50d57b,98da723e3feb4f6c,20.55,7.45
fea849009b734432a9f99e4e982873e2,1,28d29c69d2ca4b8c81b048554bb18af3,454c9e830fe64bd5,12.57,1.59
fea849009b734432a9f99e4e982873e2,2,19c4779b3d5942d4a465452272016de7,3699eaa848d94256,17.28,4.4
729c048651bd44adb0f28738ea4e209c,1,be2298647fa74777b7e03fbaf00ea29d,4f61993c010e4df7,25.21,2.19
223233f3656848589ca7d9f7adbf2ad8,1,f4d52af5422b4c66ba5703927a556da9,02b350d0437548e6,23.23,7.0
223233f3656848589ca7d9f7adbf2ad8,2,fa0db26e296c4198a5bf6e86493343a2,7c92e3c1eb324432,26.99,7.82
f795b57d95424a5e829a0e8967782dc8,1,f85d1043c6ef4623b49efcb57e3fb2c2,6eb84c5f6cfa4ce8,9.65,4.67
f795b57d95424a5e829a0e8967782dc8,2,bd6f305e56724f51b429f24d10de0ad9,2c9d411bfcd641e1,19.55,2.59
f795b57d95424a5e829a0e8967782dc8,3,eb6f68bb513040cdac20c24a9f7483e6,04973e786ad54aca,13.26,4.88
f795b57d95424a5e829a0e8967782dc8,4,9287a276355548a7875dfd7710ab2fdb,e029553f9ea648c5,32.21,7.43
f0d4e22a4d7c49bbad6730ce062dfb47,1,8e210bbe9afe4101ba206f5aba713958,0fb2c56c58fb4fb6,30.28,4.56
f0d4e22a4d7c49bbad6730ce062dfb47,2,0565aa5c688244a59602a4db93721045,dc4cbf3e74534ca6,9.38,7.88
0f78ce2d4fee416eab3df7d3bbfd1462,1,49724e93d9c14d219032c93c1e649291,7e70cb36a7134235,31.45,3.49
79adb10a3b7f4c16ad4ba683eade7022,1,26631311fd544d2c8636b0f73e8bbfeb,e40c86a2493b4620,16.08,2.79
2898f03f5494452cb1e6df5cc121ef2b,1,ed40213072084701a71349a43ac7073f,e9576a622a37447f,25.35,1.62
2898f03f5494452cb1e6df5cc121ef2b,2,1254d31b16a2474eaef71f12a7926ab7,078940402ef4476d,9.5,3.12
6a1e2b7efac2463cafb259f07e120324,1,c5c332ef9ca340fab0d169a37e5ebfd6,6335ac6f6cd54dce,32.88,4.5
89085cfc927741f4aa35e6c5373e9528,1,fa1c34ee28f74efca32c2d0ad3d5168a,463151baf5d84798,30.91,1.66
69c7bf7ead1148dab99e1d890f8e2f79,1,544de7a0694841db84b61630849103dd,ac9745973b7d405d,7.19,4.14
69c7bf7ead1148dab99e1d890f8e2f79,2,3381fc3ffd604b33a30fb7f6e749a561,6226268fbc334d6b,11.53,1.35
ff44a1a3f5454acfa1d4827354798ddc,1,b768cd3f3ea14ceda1aeb37d1c4422bc,950f4684245e4d5f,22.15,3.19
2ddcd53680694c45bd65d43fa1d731f0,1,a0a3e2708a654bfea7b76fd275c70653,13dee5aa99974953,33.37,3.08
2ddcd53680694c45bd65d43fa1d731f0,2,e81d7f1ef0624c40878827fcc5171f8c,0f2894bbb98c47bd,2.32,3.63
70b96baeaf0c4930bcb0101703471a60,1,b9fbe2f7bfa04567850d851e4bc34a96,09128c60d2ba47dd,7.58,5.3
70b96baeaf0c4930bcb0101703471a60,2,f9c525fb56b54a84b8f5aa49d20e6b04,6bb75596e34b4359,10.45,3.13
70b96baeaf0c4930bcb0101703471a60,3,11d730dceec145f28c7cb7baafc535ec,88528a7f9db24e93,28.14,7.02
173c8a24dd1c404ba7b3f8ccfaae35c2,1,4156f211880b43daa08d93c1bc7587eb,a3013dbe01824922,25.48,6.2
629a472c3517416d894807b15b96a26a,1,48a4ed27477645208e2ea501fcac266c,fea1764977e74d4a,23.71,7.22
629a472c3517416d894807b15b96a26a,2,33afbf9a64a2486dbf2e84059c2d8338,2d43869c24ce43e9,28.71,4.42
a4c8f69ab0b4472eab225a9704e39648,1,718db6d268764e65be0baf9f7d48a5fc,babe7c1bae6e47ee,24.21,2.35
34d038c797654aee9acaa454f09b61e2,1,6b73e76b687640519d2b44727f97ffa2,66523258a7da4351,20.75,5.83
34d038c797654aee9acaa454f09b61e2,2,492ccd3255d747a9bd0bacff04dcf3c3,79edf36a8c00473a,6.75,5.59
7368880f744d44f89e264f9ba062c310,1,5a58a668a49c430988fa4f0a906ec430,5373ece5d3614952,3.77,1.95
7368880f744d44f89e264f9ba062c310,2,f993dab2eda54798b38dd3318722d3f5,e2d7f34621f44fa7,7.78,3.92
ceafcbdd46004e2f8ffeb6a698bff40d,1,7ccfa52b233a46d4b481cdc2106958d0,fd2fea86fdd349b2,25.54,4.82
ceafcbdd46004e2f8ffeb6a698bff40d,2,9ee159b2ae654aacb9896f3b85a80f6d,e38ae980da7444f6,31.34,2.06
69cb0f57e46242579aab46b814cd1bd4,1,03eecbcb90514e6fa1aca41e1e2f6b5e,6d6b7adfe5234b39,16.47,4.78
69cb0f57e46242579aab46b814cd1bd4,2,374f293072e14e9388723a1c8fead5b7,b65eabbdf49541b2,29.12,4.47
22e2aa93272942e19eaa1d5f89d93bcf,1,f72d2528f13d40f181bdc123175da754,b8076fe678c546ca,9.05,7.16
bacd9bceda2348e9bd0a86201072f47f,1,c5afd44bf0e44d0e960cfa36346044c5,5235e9bef66c470a,34.0,2.81
8f6b18fb10ef48fa99508e9244a5f279,1,ae0aecac09124fd294187df22e6b5802,bccf7a2ded014f56,20.87,3.4
e2ee34e4c3834195a99b6fae551968c7,1,6b4ad60b2ac445adb7bad5a299ce5164,5db85503ba904516,34.63,5.55
e2ee34e4c3834195a99b6fae551968c7,2,c75abd2db0a2476abcb7a09a648e0e21,23098576fc6b4d50,34.62,7.12
e2ee34e4c3834195a99b6fae551968c7,3,0cee8c260098419b9bab8f04f9bcf7e2,a4f29ca432db4a2b,16.29,6.89
60c8d2976d0b4f0882de6f2af98cb81b,1,c347af97bc1e41c7a2acbfcfde44618a,a3c1b7a322a74ac0,9.09,7.64
60c8d2976d0b4f0882de6f2af98cb81b,2,f3658592da5d45b5ae81374cb71dbff9,401d9a83ab164010,30.83,4.24
60c8d2976d0b4f0882de6f2af98cb81b,3,c5741fc7d41c45b98fd9df81598ec09a,bb4d30ee73c54bb7,5.0,4.52
60c8d2976d0b4f0882de6f2af98cb81b,4,2f9cb0c6c899414cbbe51c609499d672,4a4c60328e8d4f95,18.42,7.21
954e33c0974d4402a6d80d4bd51e3bc5,1,86b1cdec551b40fa9c9424c7357d87a1,9d24a849fe0947ed,9.5,6.99
e7f4053802ac4bdea6b021b152a68272,1,459d3c57ba1d4047854887cdc40d8860,2716c859f7ae453f,14.61,3.05
e7f4053802ac4bdea6b021b152a68272,2,a726f8e1e6974b6698233804f7a3ee56,ae553b2bd7d249c6,24.02,2.7
1d65cdb1558f42e7829223cda5ae6653,1,e18b9f4d8a094d05983c09297a34f7f4,f0d9d78e06df4ad7,3.24,3.05
1d65cdb1558f42e7829223cda5ae6653,2,a3060c0e43ad46868a4358ce150d9432,b34276f2b4b546e1,21.39,3.71
a1ff4740628a48a88b92516c63057345,1,3f85461490b940658de3b1fbedb1be8b,c120ff8e8a83433e,2.88,1.93
a1ff4740628a48a88b92516c63057345,2,c1788c0683ec4440926d3d2f7ba02ed5,9251c90edc2a48b1,30.37,5.61
72043f8cdd214321a1fec5b3d4288642,1,9f634bf5efe84365a55ec198bf8e19c6,394c5260dd66456d,1.82,3.91
06109421dfe2499897cf0f061710a878,1,ec58ff79a4ef4f75ab7502d9317b9426,c49f359daf3a43bf,20.24,2.37
bd70b11be02f49fe84df579a27dcf4f8,1,a66ede9a02a948cfa52d5605cf6b7af5,7af383a64caa4ce1,29.15,2.32
6237580237994563bf4ddcb6489c7fc6,1,622a5b859eb7433fa04f6f899d6ce3c4,7ed2cfcf8e5745ab,16.04,7.26
6237580237994563bf4ddcb6489c7fc6,2,4c2eb5b0014649f486827d4746af25b2,e7d568727fc54baa,2.52,2.73
409877ad1b724078bd67ddb0882d8641,1,16ef8bd1279c4efca78a4ef3deeb480e,fb4fa221d226494b,13.39,2.87
409877ad1b724078bd67ddb0882d8641,2,80c5eb80d20c41b6b9e8990a120b41fe,46533f9c0dce429b,4.08,4.15
ac6ea12a7339493ab25c48ec3c4f5071,1,e1a5cc999b8a4cb99bae0ab69269f7e0,4e42e962e6014158,22.34,4.04
da5e4ab74ef14d6bb744cc0978134743,1,484c0dfff4984899862d43065f4740a0,3fb6ff551d134495,7.19,1.72
1bfc87752a364782bd6377549f107543,1,54cfba31a6c64b26951d5ebadb96ab70,78984b8e587c42f5,2.15,5.63
1bfc87752a364782bd6377549f107543,2,6a28572253bd4c58a4b8a0e5744d01bb,06826c2b7e534a26,16.12,1.45
a5ddef539ff446fea96a574f6924cd5e,1,b1b9a813c1e7420f994dd117af402737,e5533fffe4384345,31.39,2.74
d69ccae8bdd9450dafc2c9b807497831,1,ce3474dcac1b432194612764c0384fee,2959599a75324725,20.21,4.92
d69ccae8bdd9450dafc2c9b807497831,2,417fddd38dad49f8a78afc8261fd05e6,9cb3996cf7d44071,15.18,5.22
d69ccae8bdd9450dafc2c9b807497831,3,1828438f833144248cf381f7fea91a5d,b5e82be5ac3845f4,26.52,3.64
fd8702a9e5ee401cbb273093cc542d83,1,94bcfea5c3c04bea8cff3aadfa671f2e,7d4375013eed4e6d,21.82,2.36
be64b70f75b0460b953270917fb12a14,1,67d337a86f9f482eb4787b0860c49e85,17a44fb31a204632,22.91,2.25
be64b70f75b0460b953270917fb12a14,2,a5e658dd1b584d74bc61832dfb4a6eae,80a435fe76b640c2,15.58,3.47
7b6f4715999246ebbd0c3e34930a5c60,1,46b9b44eea4d48a6b9a1be56cab3b656,38b0893462af49d6,32.71,2.37
61f807d83f3e4dceb6577f4985e44211,1,d5325d70865447c7be0e8733d5efdb8a,f8fb6b3dc85e4261,26.38,3.25
61f807d83f3e4dceb6577f4985e44211,2,574e96685a394e719ab05e32d34b709e,f25e9d01b0514261,21.49,6.11
841a190a87ad47059e24b9417e7a8f0f,1,54cb8698754d421da597f5bfb23877db,ca1a7a13ca864804,18.03,7.12
841a190a87ad47059e24b9417e7a8f0f,2,75464f74e0594837b5c1b102a848aec6,64b6e4f003c14ddd,25.7,3.09
74668becc2a74525a178c3f7a2f83989,1,114237d76e254db5bb9df992c8c516df,25c94e867da24b40,19.37,5.36
74668becc2a74525a178c3f7a2f83989,2,3d0f95fa769a4b4395eaca96e7b04033,c3f5febbcbed4ccd,29.84,6.77
74668becc2a74525a178c3f7a2f83989,3,f261b316d53a4bd4a88075a365a90cdd,f9df442318634ed9,9.5,1.68
43a325345ce8479b888244ca44a924c1,1,e347601d6f1f4db681cd77dfedc396c5,b88dcc8ce3724e7a,12.94,6.45
43a325345ce8479b888244ca44a924c1,2,1490b62c167a4a60a2ccb8e7e8cfcd77,ed259f20837e4f2c,5.31,7.25
11e8f4e5554146c1a0cd2b2f499264ca,1,1b8fbd9b3126467fa733f581c962c971,63ac61785058404e,30.73,4.96
11e8f4e5554146c1a0cd2b2f499264ca,2,4f5d20dcb0da4580b67dd64ba2764ecd,0bcfdba606e54987,12.02,5.05
36854b7b6e4f437e8d6622b41a03e2ee,1,6e82d7f0945e47e9b650890cc5e288e3,e0c2ec59580c4c38,21.22,4.88
36854b7b6e4f437e8d6622b41a03e2ee,2,4895ee5a6faf48678d66463ea7342143,3f7e8f35290a4254,29.64,1.25
7c618659f26b4b699e46687b189d4dc7,1,546bdbd16bd6426287802b48d7eae9b7,7159874d858c4329,33.63,4.89
590e8167a45d408981283fb3706225f4,1,59b426cd7f864cf1a03cf15d2c6661ef,e99953ca6bff4b98,10.25,6.09
590e8167a45d408981283fb3706225f4,2,04eeaa719d2d4a8ca3d502c095772a4e,688df0163b934738,18.83,6.84
e20a1b87311f49288a9a8ca6e3068798,1,fec358414596464c8bf12261cc7e0367,53c1b9feed274e98,34.55,6.48
e20a1b87311f49288a9a8ca6e3068798,2,866e8351a76147bf8baffc89a69b026e,781b137696164720,5.45,6.65
e2b0e4579afe4fc9a4e9547dd2eac0ca,1,83e9d9428f5c4c04869d71bc25e17a35,28e56d8130704c99,26.65,4.6
e2b0e4579afe4fc9a4e9547dd2eac0ca,2,aa49ad2ab8da459b92126535a4e271bc,34d817fed19b4d24,14.15,4.95
f18096c012ff46d8a8517fe076c5994d,1,d9601d6fc17e47b69c80a9dfe7b6a2f7,b42a228aaaa849b4,18.61,6.73
f18096c012ff46d8a8517fe076c5994d,2,b2b1ef0bab334a9db57c8cae05561701,3730b33ba65a4e2b,11.34,6.96
f18096c012ff46d8a8517fe076c5994d,3,5e1dda957a1849f9a36da3adce4e8e6e,55cde7e8ab4f48f1,31.29,6.21
d8f0cfb4062b4011839b074b9b8d3db2,1,a779483d82fe452da433fe64b80c1c87,6e554d9ae6314bb2,21.24,6.19
d8f0cfb4062b4011839b074b9b8d3db2,2,4430a8722e974f49af9835622eee16fd,f58affb13a9d4cad,28.13,1.07
4f0806a1f3f64846b1c77b7a2edafe8f,1,3e0b68693ded4a00af0f92bef9295cc0,7c2246824b1f4281,4.74,6.27
4f0806a1f3f64846b1c77b7a2edafe8f,2,27ef6b6d7b9d41ee878e303c2f0f2377,b09ea1fe0945438e,4.19,1.59
cc545320c8f9427c919c4629cfbd916e,1,c6236bd1fc0c496e92a44433cf745682,9d66f48e80ad424c,10.02,4.21
cc545320c8f9427c919c4629cfbd916e,2,9606c28c248e498e832182ddce5d6ab5,8be9b1283e044e7f,33.51,1.95
cc545320c8f9427c919c4629cfbd916e,3,914aa1b9316940dcab4dd5a13371b7de,1e34d81584704d91,10.5,7.46
242899c5407e47e68faef9670ff0f304,1,bc98f0110c1e409ca84a7b4aff1c7295,fd1e07b5b2ca4b31,8.37,4.67
242899c5407e47e68faef9670ff0f304,2,3c6773ab01de42558675882f702a4275,95ca8b58f3524244,1.64,7.2
242899c5407e47e68faef9670ff0f304,3,3542c432998b4057bae9066e629a28cc,89e62dc9bed5498f,17.88,1.18
db0f020f34c04a96a81c337837f76ac7,1,032e67fa8d0e452b8980a6b2d8d713de,410046cca7ce4223,13.57,7.14
db0f020f34c04a96a81c337837f76ac7,2,c93d885cd64948a3b5f5bf435755e50f,c43697581d294a2b,28.58,2.73
7d3cef709ff5428785a8cec5b44f15bb,1,814ab4eda0c04e869383a148aaec21b4,142e5aed71c04e72,29.09,5.01
133389bae72745f697a3c3a46d209008,1,b6c9aae76b054ff3b90b5ed428551ffb,b01011fc06264eef,18.33,4.12
133389bae72745f697a3c3a46d209008,2,05fdcd7e4d33466a966e3f6d1419acf9,a0c5322092844531,10.87,1.28
f70517f8a60c4db79fc18ac6173350b6,1,ba8264204062469e9f9d07d90a84e232,026f585b152d4a7a,3.91,4.68
f70517f8a60c4db79fc18ac6173350b6,2,7145f2b5842d470686ec5273134964b3,29e266caeb344744,9.68,6.16
165420f19236426b9f7c003a879b1ab0,1,b0569b4d6553481db6a344fb4bbfc35d,00dcf642324c4cb6,7.37,1.2
165420f19236426b9f7c003a879b1ab0,2,8a77ba71d2ba4ac89d3ab7e2fe13150f,3968158e9cbd4637,6.88,3.55
33dac7d817c248c89da9ecd58f4c9932,1,8e0ee129633e45c6962654304b1edd87,205bc8490c3e402e,2.78,6.73
96052d56676649e69392b0e6a24ba987,1,8952ddd7e80a4a1591e110fa98f8b267,16da782492f84246,28.65,5.97
8d8efb4c962d447daae49813b13b95a2,1,91975a5b161b49b3b334bb5b5a8c7fa6,7804ef6f22b14689,16.14,2.72
8d8efb4c962d447daae49813b13b95a2,2,abfeceaaeda14af2af5e79e6330e44eb,6e7e4d8a04b3497c,29.48,5.78
f0b0d4644b244acb98813fc6e0929fd8,1,7d580573f9b34c698b4fc17564ffd28b,d5ba8ca6495945c9,27.21,2.74
31ceb882236c4d74ad017be7c32cf82c,1,44408bfe933044649a3ab0c3d783000e,d97fa1cf1cd34c4d,13.72,6.48
31ceb882236c4d74ad017be7c32cf82c,2,707f88a3d16e4780817ae6e8fca3a961,a9b6430ea05f408d,26.2,1.16
31ceb882236c4d74ad017be7c32cf82c,3,abbd25c6ab7b48d78c806c8c0846f0fa,cddbf23e63b844d4,17.34,6.36
fc66cf91925b4925af0b43efc730cbbd,1,594130850d7449b3b589e9f01be09d57,9c9ed17537c64ad5,9.12,2.8
fc66cf91925b4925af0b43efc730cbbd,2,58d7a2a065c14961a8d2c63fa7489abe,6e9445e56a7d41bc,9.12,2.99
fc66cf91925b4925af0b43efc730cbbd,3,847462025a244754bbfd424cd4885447,eefed268aeda407e,14.75,5.63
5b00107a2f8c49b5913e1b59dc2d1aaa,1,590bbbe8dddc48b7b4d71b2743918360,b3fa019ee860470f,11.07,3.72
5b00107a2f8c49b5913e1b59dc2d1aaa,2,2a23fc6c57b2467191253cb4b96dd189,9e0be45c31be4339,32.42,3.17
a196b86b0e184119a8f3f3831a7d6822,1,2f8fd92c39fb480fbf68911e18acc805,11a4670c26a94be5,31.56,2.03
a93ead4ebe5d43a49d153a7ef53e988e,1,53307aab6c004e4ba1a1e3d1c5083a42,d60eebf2bf014678,16.45,7.61
a93ead4ebe5d43a49d153a7ef53e988e,2,56fd809a28194dc88ed78bba47378c67,0953a49d8bc14402,12.53,7.77
245fa930bcef4acaba8b3ded3c5f211f,1,01fdf8d3ee1b4ef0a2bca9ca812fb4e1,24db4f72deb3489e,10.55,5.61
9a528a49f69d48a5b4ab4520bde26721,1,9395412190a64de1b98520d7618398d6,aa9f58bd92464673,31.96,5.11
28174ef0c72245fda07a7ccbd9e1234e,1,a2ce786d8b824725ad3a0aa9022ea717,4e672437cd7c462c,31.08,6.36
28174ef0c72245fda07a7ccbd9e1234e,2,4324fd9a3fd9413b9979d9d3f76056fe,2800fd92b90f46e2,18.42,1.92
28174ef0c72245fda07a7ccbd9e1234e,3,0a81a938dbf24bc69ad0262950e747d1,8e373cfcf216463d,24.65,1.73
0923ff0b10c74061b4a46828d9768834,1,8bd3a30954bb4d8a92c9339f3bae569c,0be583b8a3694f83,32.62,2.94
0923ff0b10c74061b4a46828d9768834,2,93e4c5687e0a4f0e8c35d59135620829,aa6bef6c40e04fc8,15.35,3.27
9b1b3d017b384e61af34c4f717bf0510,1,11963c96d71d4bcf9b9eb072e171376a,c88305425faa45d4,10.48,1.86
9b1b3d017b384e61af34c4f717bf0510,2,c95fdc184085485bbb0aa5edbeeebfc9,4330860348314d8a,32.25,3.83
9b1b3d017b384e61af34c4f717bf0510,3,d3908448d7b646b49ab4998c96168000,6798ae6639f944ae,18.83,2.8
59ac5d06170c41ab9cf15d90af64e117,1,b7267d4f4a0845e28355930cc485b9fb,aedd388c002649c9,15.31,1.8
59ac5d06170c41ab9cf15d90af64e117,2,49a856fbb7d743aa884ab2f97f61e01e,f06e89c2b1344a82,18.78,6.18
641a83a2c00a49869c7684bf3f5be955,1,a777405ddc2d4c27954a52d8feb7beab,edc4df7931fd4326,23.98,7.26
9379950d64484acabf6f3db1f8b2ff71,1,fb27598459734328b2c64f081e6e069b,3918d828ed33464a,24.33,6.26
033a0fcb83ce4b9eb2cac8a853d3a80c,1,4fd64985627143d08d7b36d885a98e4f,f47d6e6d71b149b9,7.61,7.45
09a80556055f4158997d0808442dd73b,1,5b6368723795488998a1a2e625dc4c8d,aa2dc95bf6804ba9,3.87,1.88
09a80556055f4158997d0808442dd73b,2,9055d222a1544eb8a468257f22665c33,ce7a0a32f0694e5b,28.71,2.03
e69c65ac5ac8421da84d628937e7cd47,1,48b688cd9ec246008f37f70ad3141bbd,8209ad8b84254693,22.82,2.15
e69c65ac5ac8421da84d628937e7cd47,2,7900740f110644a28275b3e1fa21e694,9209db67f5c34478,10.03,4.35
55a892a31fc24851826d325605d90fbd,1,844a75312d66427babe812f76374b703,18e5631b4d114b51,15.38,6.73
55a892a31fc24851826d325605d90fbd,2,93dec8f56f1c4ffd91f8111430b3ce2b,4ae70409e9af419a,33.69,1.09
1264e8a952444c489cbed77aa4d3b989,1,2b7fafdfa0db4e0ea0667b9ae8725fda,5dae43a180dd4039,12.8,4.15
1264e8a952444c489cbed77aa4d3b989,2,3399d14444824028afbe6bf26c9ff3e2,a4b953cca5164ab2,17.77,1.21
7779e9ff31334b7fb0788d05e966dacf,1,e447fa25243e46abb631d3ade72ec926,b5250df56f444c17,23.87,6.12
fe4bc61179b241e2b5a0eb129a81ed74,1,7e31f364af6a4343ae4e1d9c1822ffc9,ed11915cb9364372,5.34,2.49
daf5dbb0efec450c9ed426bc8c4f482e,1,b2d9fc54b8e4440498bfbda993dc9acc,aa6b5f9325e84135,28.23,7.33
daf5dbb0efec450c9ed426bc8c4f482e,2,edc5a927f66a4c9a9fc46ffca59f0cdb,d89a3d594257450c,16.01,6.19
daf5dbb0efec450c9ed426bc8c4f482e,3,92ee6be4e6b4460793b9ce9b215ad33f,d9f85f951e2f47c3,32.39,1.47
52f5817e9d354642b5db2cb4a692b6a4,1,55d971634f434f69907d176621c7ece1,acacdb8318034df2,4.37,1.91
52f5817e9d354642b5db2cb4a692b6a4,2,3413fef3715d413c809eae25c744cea2,1b3d2c6ea0fe4921,10.95,3.65
14e4f0aa976941eb966e8ed4a143b2d0,1,f1599d44e8b94731acc21b25d9a0cc8c,09a7ace469084866,15.07,4.29
ac7696fe2fa64a0e82ef4459c5dac42d,1,569c00f883954de3901710f0a4d56ab2,de3c473fa1614d7e,32.66,7.65
d375cfa343094fe9bfa0605967eb420f,1,bfa7133b30d440baa05e805f1eaf0f37,6dfc6b5a0caf4fb4,11.7,7.64
f4cede1e5de04a0499af8bc4f036d6a1,1,66b018acf9aa45c0b90f6e0cc1c65e9d,1406f8ca35d244a3,27.83,3.13
f4cede1e5de04a0499af8bc4f036d6a1,2,2e26208a0de74c4ab87f6f77bf10fab1,d8b8cdc1658b43ed,16.02,3.1
1d8d751d9bc24b81953429d6e761c557,1,91922b7c4e614421916fdd68bb6e44ac,d251b8199de748fc,13.42,4.23
5500fa2e8f21418a974baeb057abab9c,1,77e90c01620b464dbed129ac592f0126,381a1d97c74b4621,16.7,2.21
d058472f58314ace8d9c49f267cee0f0,1,5618fde77ca1425dac70bb3855251255,c963bbef1d9d4f07,23.26,3.91
6b51fe2d3aee4cf9918f6c7579342d77,1,bd9cb0ce0d6343768eae0eea3559607d,779e6e8d56a04aee,31.93,2.67
13b0ef4f11924cedab7a7e6779adb7a9,1,8d9d99e4c86248cca60afe88b0e4424e,0ef9604937e74690,29.59,4.93
0d52dac013c34f38a30c8f4c12335c91,1,e8cd2f6c0fbd47bcae9db3116264c493,fa34059abf01471b,1.87,1.75
5c52c00af07648ff8094189ad2ae1859,1,e1ee3eb41e834442a879246b93409f43,e887366fce9242ca,14.31,3.69
8868ad7c811a47668f3ef0208f082a60,1,321c9a41c511461781d3c52c652b04ef,636dfc0bbfa244fa,11.97,6.59
e760f73f2f6946faa496e3d2980cf208,1,4d5211e7f23c4e29bd73ca16e6b7a7f8,bd87c75ec4664eb5,26.02,2.5
e760f73f2f6946faa496e3d2980cf208,2,2722f16cb9084e529952e6efbb0ca800,e611554f3f074c7d,15.13,3.08
e760f73f2f6946faa496e3d2980cf208,3,6a9970cac40140d9b2a560e124072bf1,24357c4ec7174bf7,25.94,6.58
c6a705c853b2454895a28d2a88b3b238,1,5884124e4f70491f8fc9600fa5bc517e,8a9a164e01bd4069,6.78,5.75
0962e83fc86d4767bcb4b69390aa6dcb,1,35baa33815fc4372bb112abd3a9eeafc,c34c7fecb69841a9,22.96,1.88
363d12ff969b4037b455eb8c384f4a1a,1,343b2bccb7cf4111b30c618e9a49d9b9,754373144ac2449c,7.65,3.65
08241c260117470d803f9b204277ec0d,1,c55ad66243bd409ab0340872864f2a2a,42dbd5152b83474f,11.75,7.61
08241c260117470d803f9b204277ec0d,2,6f1efcd5842a49749599af64eed6e444,28f10de38eac4e85,17.91,3.26
08241c260117470d803f9b204277ec0d,3,0d5bbb8c9c694f4eb21b3a4174053fb9,6f43a7ff71a94b81,14.87,6.4
c35def07552f49e98ed7e0d0e076f79e,1,0bc272672d7d4daea4a8156c7635d1df,8fbdd775c0034a5b,15.59,4.23
c35def07552f49e98ed7e0d0e076f79e,2,48da5d7f081c47779772571fed94c39a,6fd118509e724c2a,33.25,3.83
6018739019db4b0babe9521b22ccaf31,1,00c42e2d7d454e048a6b697ac298b99b,f1c50d44ab7e479c,13.19,2.68
46b0b51439754b4e8ee4e1645b0be990,1,3dd8525999734e7c94d9bb60b22041f2,adba6fb9cdde4684,21.45,7.63
41264c34f4014b22aa620cd7cae85422,1,4ffb2aa447e84855b71956bece82a563,8f14f6b2509e4eb7,25.47,1.11
41264c34f4014b22aa620cd7cae85422,2,8f98e785de754b66b9e427a4e89641ba,feefe5e506fa4b2d,32.3,1.44
06d3d25d3e284031b7f5d7acd0d8dda3,1,e6e36404b42b4ec1925ca40bc8f47ee0,8e2eaf61d9834e1f,32.59,4.49
06d3d25d3e284031b7f5d7acd0d8dda3,2,9b79993a75a548cc96134360ae41c94d,625ba798682348b2,32.5,6.86
15881a1ca00044deaa0cd82f8434371c,1,03534cef460049eaa6c79e71eceea639,e82574e4be8c4aec,2.67,4.38
c3def4238aaa49718e666ff62e9da589,1,532337fae1fd4b279c129bcda2728952,ea5dd18cc4fb4c7a,22.0,6.06
d58c69ad9edb4da6b4e5f0b4f4ad5cb1,1,6bf06fc468154496b81dfb93a30df864,3c38d4a04bd54220,7.92,6.59
2b0da7be7bd64143ac2e52f3a1df920a,1,fd1f1d25b96f4d749b8eb558f05c55f0,5015f921ad944dbf,5.38,3.01
bd90b03c544a4966997979d1a8851cb6,1,e1da02340c2a4ef483c4340ec580e39f,55f9518a43964882,9.16,5.95
f77745c27d6c43f2bdb047bb01caf27b,1,f6b7e7a11e864d6ba74caf0e21a46a39,9ba2e87ed7994eb8,27.55,3.09
1eb108ffae6e4206878d4a5e083023b9,1,3af56f37cfcf4546933e7ae1392bd500,96e906547e6c4213,7.65,1.08
1eb108ffae6e4206878d4a5e083023b9,2,3633e97f265644cca06eb3d1aedc366f,9c53a69fc1b14b20,24.57,2.71
b08a428dac7a410e9e2a1f55003f86e3,1,07df7d9e40da40cb93c61c8067509a3d,72e78c9342c0460a,4.83,4.83
b08a428dac7a410e9e2a1f55003f86e3,2,bc17a99acd124bb38484ce35ce4e7f72,0f5d5f45953a4210,6.72,5.74
67f78334d99a47aaaa830dfd0320c73f,1,9ff96ef0baa64439b862a27055d97e8d,77733e834afe4372,33.46,6.19
67f78334d99a47aaaa830dfd0320c73f,2,024cd3a1ca38449e943a7ee81d350d05,ae627bf9f9724fe7,7.38,6.4
dbcf32b31af74f329209952390b4b979,1,3667757f7a67451a83e1efc97672399a,a513a647d64d48ff,18.7,7.37
dbcf32b31af74f329209952390b4b979,2,f2604bf1d8b647d89774d255d455ad23,637fcd6755974767,28.87,3.56
dbcf32b31af74f329209952390b4b979,3,5039c6e8f4ae4005a5cdceab136f6683,6a46b54cd80846eb,2.89,2.14
dbcf32b31af74f329209952390b4b979,4,23fc299980f74fd6af6a3e5df54a4e4a,99a51beddd94406e,26.02,2.54
471b224987994fe197f3600f794e206e,1,3fd5d8074d6b4d9f9fd9f9f01651c634,240a513969de4345,2.88,3.71
e043178629264d73b987a00d6aa3ce0e,1,db22ed4df4e9433596684a181aaa5b47,4db1f3e28f2f478a,8.96,5.44
e043178629264d73b987a00d6aa3ce0e,2,0d9ffc95ca3e40cb8ef844b36d08fbc9,95052b4ca80c4d0b,26.04,4.33
ae114f1d0d6f4d8dad186a5087d7f66f,1,dbb9a2bcc82440f8b93ab26d22c5da77,fc0afe68f6814c58,6.08,4.39
ae114f1d0d6f4d8dad186a5087d7f66f,2,e095f24b190544238bdbd3d6e04e2cce,2224845f8bd04cd5,11.05,7.06
5fb47bffab8f4aba8ab2d271e037a5c9,1,f46d4f69a7cf42ae81f73af29e13e664,169a20ec257c4e82,19.93,1.83
5fb47bffab8f4aba8ab2d271e037a5c9,2,f4275ca5854b469c9268f292dd889bf9,e230e93ee5b64e7f,26.41,4.91
683276b38b954b2d978539d560da992e,1,2134601493da4a8da90758bc1f635f50,d591a760e4a84953,23.33,4.51
683276b38b954b2d978539d560da992e,2,3af5ecdc93d74a7588ad24bf2adb3c9b,9d930853d30a426a,25.37,2.18
46ffe03acb4c4e7884a09f00c73c6c60,1,3dd0edd4aa9c4807863e3a680146e350,8d363c6d28f14c6f,26.11,6.03
a9ae38eb39ad4aa089ab2fd2fc4aa086,1,dd7ab0631c804acb8f4d93d861c8cc87,3386fc7b83f54c1e,5.67,7.79
a8bc28ab19524cf4870e6e4b14dad360,1,d9149b8aa0de4f64a0aba4d4b5e6f06c,9aac711ec253476d,30.39,3.8
a8bc28ab19524cf4870e6e4b14dad360,2,2850fe5167d847b588e51dc03a2ff98a,0b043aadcf14442f,17.5,1.71
a8bc28ab19524cf4870e6e4b14dad360,3,ea53fa3d99c344c484449bba27f07a7c,17666883e9d543e3,2.27,7.26
270fad1194944feab427b0fbe1b4ba78,1,0de5b8ba234c4d18883875f95077e653,258fe70fa0234afb,18.83,2.81
270fad1194944feab427b0fbe1b4ba78,2,d7b87493f2b040eeb45b3bd51728a5dd,45414a5755e2426c,20.57,5.23
0783ca7b70594e6a9ae1ed3417eda998,1,3b322cbc68d840b69be26aba4ce8c9c9,abd8b05c1ef3455f,21.76,3.28
32b8283745394785a1d8fd2e89869ccb,1,94a290dfc9794a0398d8f6c954efda4e,0194da3eabf14f69,23.49,6.23
6639909b226f419e92c1f4449d6205c0,1,d735ab5adee84f0ab067c1602d35437d,42a1842ea1b54c97,8.0,2.07
2b66a9b0d3974ad8af6c6811a8cb1b05,1,edc1f70371d6419f98f10e751c20ffac,7fff32d3423b4dba,15.6,3.22
2b66a9b0d3974ad8af6c6811a8cb1b05,2,50086f4e16f449beacb2b82a7160f640,5028fcb94ca2410c,19.86,2.31
2b66a9b0d3974ad8af6c6811a8cb1b05,3,76a0e1a34887488bb687818dd38d9c52,b3326c6ababb42b9,18.72,1.67
46337e15f73e4694837933e5e85c1b46,1,58f5a64929984065bd528e33b2da8975,d3a7acfbc5bc4073,12.12,7.15
b46d551458fd4bd3b9eef7c32b640a05,1,f42cb35253b24238ac305a41d1856cb7,56afa3bf67d74c5d,12.92,4.0
05bf8a1c52eb4cfd8afd54b815ed1ebe,1,79fcbd78aacd402daacd2b23df823aca,4e1799c844eb424b,8.0,3.71
05bf8a1c52eb4cfd8afd54b815ed1ebe,2,23fc7d5f508a4e738d443f59a93292aa,1d3a5a8e9c9f4a4c,3.23,3.86
a01c7415b25e4f04beaadb97e3a22cac,1,5de12e9f5f51455c8ef36dd94ced0840,f05a5bf96ce14fea,26.44,3.68
850ae0a3933a4c00b569ef6f14c61f04,1,feb8f54874f648508fa9b4a53a1e0f31,30ceec77a0b1446b,8.43,2.35
4930d160afec463fbd87493b922f2514,1,2bfeee60fadd4a4baa3c8e54d00237b4,bdccf40cc33d4163,8.55,3.05
4930d160afec463fbd87493b922f2514,2,7cd8b7b9524445349b8cb58b892459d0,ce2ad012eea149f7,29.35,1.39
4930d160afec463fbd87493b922f2514,3,b2388dc7f8e54dc5bc54de3a8c8047eb,ed4fb8fd23ab460b,2.1,7.78
c191c06e8f9544e48f3d65a7681038b5,1,8146e9f96ddd4d2caf3d7bb4d4da0ea9,43bd8f404631497c,15.57,3.8
9c81b108b1cb42349a69afbe2b58b892,1,2a361530e9424df4a6ad50731fe70448,7d6d6529dcf04cf4,10.04,3.21
9c81b108b1cb42349a69afbe2b58b892,2,88c2ca11287c45c180066ed9c14b441f,5ddd536532af4251,28.1,7.26
7e0fb147436d4664af2469db861c6b30,1,626739ac315344058b802b694f7447f0,6ce8ea56552d451c,19.7,6.68
7e0fb147436d4664af2469db861c6b30,2,d66e50dc69a24849ab66b9494fed43be,6f1bc58fe01640a6,29.65,6.64
b62692c7ef3a43b49477a2c4765584bc,1,2b52aeabac0b4b3eb20630fc2004faaa,dfacd210f13944a1,25.6,1.33
fe216368b4ee45098a1e35193b4525b2,1,97b571848a5b4ce8b71b768ae8fb3414,eec2aa511bd4408a,7.01,7.08
fe216368b4ee45098a1e35193b4525b2,2,bc35a9c461a24f27a5c18bdcfa3a4cbb,6e611bf9d63c4c2a,14.3,6.55
22b4c006225142998ecee23b14b79b1f,1,ae723325c8b04246b3eb2256193ecf2b,d02c5a07ac28449a,10.56,3.89
4c9be4663e0b42ad8d84b3420dcd8878,1,8fe063e9650846bda51de2727fa4f158,534be79e2a444718,13.64,2.27
4c9be4663e0b42ad8d84b3420dcd8878,2,c4c2712c5aff46ffb284c068a1a3d649,55620eb1f7aa43cd,13.11,6.96
4c9be4663e0b42ad8d84b3420dcd8878,3,7720c3d72e8e416db698b8f2fe075120,a7a426352e4f4b2f,4.92,5.07
a436208f789942809fb5ea2adba299d6,1,c50a9c9619cf46dc8bb3ca3deb3ddb30,067e5d087fdf4b6b,12.04,4.45
03433ef21c9941d7be09a8ef30fc0613,1,dbc8431a9d3044dea2c0d7e464b43f73,5c860878ba7d4fd4,10.44,6.34
cb8d18f9be684939ad224be3b8e449e8,1,28455701606449feba08b9a610d9f0aa,f3d61def64314c7b,3.49,2.92
cb8d18f9be684939ad224be3b8e449e8,2,d0b43e9de42e45d2b8d83df15ea1d825,34833ffa6fbb471e,27.21,5.47
cb8d18f9be684939ad224be3b8e449e8,3,f9f278a29be645679a1ef255bc660050,899d27c5b10044b3,5.39,1.07
5dc93c52fea44d2897e2222c31bf70b3,1,327b2a467b294444ad2b265e99630a69,5fb90652073c46d3,1.79,4.0
5dc93c52fea44d2897e2222c31bf70b3,2,c5b8bd0c38bf416bbe54a42121533646,8c65c40bbb45439d,5.7,5.87
e11c41e41dcf4dc5b25a28068e26a6e7,1,7cd1d7b642fa4bfca487f31c264df865,4404b805432740d1,8.55,3.58
e11c41e41dcf4dc5b25a28068e26a6e7,2,57593bfa984b460a9387cb6fa4025ed8,9eab5f8e6c8a4564,15.76,3.77
72c979580eb44521992be4f8168d1bfe,1,3533ce15453b431798a09b5ff978c900,16adc377dc094b88,19.75,4.87
72c979580eb44521992be4f8168d1bfe,2,d8d4c4d50e2746fea9f18c6184f03e59,b7db7cedf11f4cf9,8.32,5.51
c77389cd30d64152b8f3470e80b536a1,1,eeba6db8b5e6431f959f10de391c4883,7c86befcb09440cd,28.6,5.21
c77389cd30d64152b8f3470e80b536a1,2,06321e9f454e44ec8b2a2abf4b5cf782,37ebe7bd459d4612,11.62,4.97
6cb36c45753e49ce85eb211904f2eb93,1,c13c925827bb408081025bcd67b80da6,eaa426392b9549e2,7.59,3.65
3c8a1bc3d6c545d1a307503c9e938179,1,6fb108e362cd4ce3a129da6b161d4550,8fa12df6de2a4f01,10.76,4.27
4da5f2936c71400bb5a5367b9da0e45c,1,f351e6c045b44727814b254fd10837b7,ed32c076ed104656,29.97,7.65
4da5f2936c71400bb5a5367b9da0e45c,2,63fe87cfc9a44c798d8594aa494c6044,ec4883d46e364df9,31.28,6.54
606e573d71f749bcbba6c598f9ea10d8,1,573c318a832e4798a5c1a8e0c202d9ee,14d6808d205a4e3e,23.56,5.22
606e573d71f749bcbba6c598f9ea10d8,2,976b082dc598400b93875dec62f66beb,82dd10c88d594359,31.45,7.27
606e573d71f749bcbba6c598f9ea10d8,3,5b4461d389574ba7b503548ea3c62193,7864dc281f4549fd,18.57,1.07
a853daddbf1b46aca42a27b61290b5d9,1,59cc13dc9b3c415888354fabcd4c2495,1335083e167443ef,10.31,2.06
71a860da280649e485b268d0c4fc9234,1,c64f1c4a095541c5b9589c90f993d5fe,4a3ff2243c4d4f8a,11.11,3.57
523bbb39da7d4a8a8182850946af4f72,1,2f800a7f696d49f5bfda3ae566d3db33,b9e581dfb9774863,24.71,7.32
523bbb39da7d4a8a8182850946af4f72,2,3ff27d4d074c44afb888b69b527466cd,848a18a40fb44857,24.99,3.52
f3f124c30690439abaa5bb3d0d3f74c2,1,ba416cdf71384a639d55cd0868cdec4a,21823f3ecb7d462f,23.17,3.07
f3f124c30690439abaa5bb3d0d3f74c2,2,7e06c278926e40ec9990c1a24dda6cdb,9197c2f1026b442a,17.48,6.71
f3f124c30690439abaa5bb3d0d3f74c2,3,624fe153142e4b95be9749d5b69b2f06,8cc407784e9848af,7.28,3.74
03bbcece8b9c4a4cadf8ef13b9473717,1,95de92272f8840cfa2c00b13b64e04d8,8e9168370aea4ada,18.68,7.36
cc1be59c37714c69b33026b707d3022b,1,ece4540cabbc4335bedf838b3651e73b,648d9506ef0d4c2d,23.38,4.25
cc1be59c37714c69b33026b707d3022b,2,8c7d64c9fd414161afbf4b7611f33905,f717a829444e4b9a,9.22,6.79
692c1528de194c8f908df8328690820b,1,1bab4a68f40e43bf88b99ba8c673a62b,d3d2fac520b74b7f,29.94,3.86
692c1528de194c8f908df8328690820b,2,dda0384a215948818ef0319d1558cac2,1241e907e4eb4898,33.97,5.28
3d6a44397a004d159b73a9b0f5272c81,1,151c4e11c13c473eaa7b5a9bf23181e1,dffa780759a64a6d,14.65,6.47
6c0917c45255491b9cb52bba2ea95537,1,5f48d0f95af84e10abd9e3076b4735e4,6113eff538c64f22,24.61,5.6
6c0917c45255491b9cb52bba2ea95537,2,9d46e88ba7074da7af0b4a14ff8e4dcc,0747348d5aca4cbe,28.14,5.1
6c0917c45255491b9cb52bba2ea95537,3,07a6ba8731a242ea91dd5ee4cfe568cb,305ac884d1074af3,17.1,3.25
3f4d974db7504f69bbf5f59a235a0247,1,95a580c7aa0541348e8fc5bfa219d04b,cd7f24da99904488,10.6,3.71
89f0dd6a61d64768b479dda29cd706ee,1,508e56551c8f449eb45fd306e8d2d024,d07bbd43c22c42d1,27.76,4.31
d75e08533305469a9a359101b52c7fdf,1,d4126a9ec8454f52af1abe8336372c10,d52168efaad9452d,3.75,3.55
12e88facb2e74902ab72db395b3873b1,1,1ded1a1e3bc849c891102cc65685e3d0,3bc0ee030c7e4129,18.24,2.56
12e88facb2e74902ab72db395b3873b1,2,bca22c737fe74ab0b5b11f48d3511552,9fb4ee4f0dae4628,3.4,6.19
12e88facb2e74902ab72db395b3873b1,3,63f222ec32844e619f17b4d08c5226ca,e7b8fcc622da4062,28.4,4.0
12e88facb2e74902ab72db395b3873b1,4,2348e746533140659624661f2b765e33,8960f53819c948ab,30.67,4.35
e232ad6d45c8448888652731acc1e738,1,93df038c17dd4e899c157ac995b9f728,c0c84619c878458f,33.83,4.23
b910a2dbc3f849408b35750811a83c16,1,9055d6b210604a14b7b237e524851914,435d8ee52feb41cd,9.74,5.46
e3f8a924cc8640af8004d66a4bddd299,1,eb86a2e1527d443a866856f9c5d2e2bd,ba6e81d225284487,10.78,7.99
e3f8a924cc8640af8004d66a4bddd299,2,02349a22705b40b7a31ec7a7d4013193,29e7e40c76804092,24.95,1.47
fb765a5f92664e278960e0124c7c6b78,1,933a066145d8416fb4e1074c3949ebed,1de6857192244eb3,9.0,3.34
80eca926e9d94392a8a4cf1d5696d79a,1,1d5479ef480a40448ca1e32f6650bb9b,cbdd11a204904b3c,8.46,2.7
1a9f3b93620a45b6b2e5a607bac25cb5,1,73d1f2a3673e4cbb8fbab9b7abd84745,88027c05e14b4482,31.03,4.33
1a9f3b93620a45b6b2e5a607bac25cb5,2,721f0faf7411419d8b5f4a4c9abdbb16,8f658cde58504452,21.78,6.37
eaceda148cec4ff8bd0ac44d008692b0,1,a399708a08f14e759f84fcd0ed3cbd49,8dd2777bfcf54082,15.78,2.75
395c86fccb1349cf8f361da6b885686a,1,a051e3338c0a433d9d57dd6c6880dc1a,c7004579f68e4729,6.35,7.42
a421dcbf256a439ab450dda24d31f54d,1,fd69a8c7b32d4c929d602d95b3c57b46,3e99ed41e01b4438,25.73,2.17
a421dcbf256a439ab450dda24d31f54d,2,f5b36dc62f5946948cda58c0dc04be00,99d2243c68924e07,2.25,1.09
0220bae9745343d4b08fbed55adf63f2,1,94a0f914bb4042cc8b3687fea129259f,b8861d543b564a05,5.21,1.12
0220bae9745343d4b08fbed55adf63f2,2,8a034f801c7149e58dd9d0aba0896db7,f2e667c98480410d,19.76,4.93
887e546caf8d47bb8ab5314b868a0bbf,1,18651c41669a45b09f853f1a85207c8d,cd2dd89375f34fc5,26.82,3.31
85a38f2311c74199bf858f7b4228c61e,1,c115a88db89648999e23c20e061e1ff9,b784616fdafa4bff,9.43,5.87
85a38f2311c74199bf858f7b4228c61e,2,912ba22b6d8145bbb027dfa07e07008c,ccab6eabf515407b,13.76,7.36
21e3f3b23948499cb9cd7fd578e469be,1,9396c6a5f1f84df5b0f0d9a9f02d21f8,1b94354dfda74e71,13.75,2.39
21e3f3b23948499cb9cd7fd578e469be,2,f8282ad0d73245c5b8126a92ddc6ed3f,e31542a4d91042bd,23.11,1.95
d8e12cd95ce3458aadc1a3fa13944b5c,1,4585e06b7d344e6d97b069591f950f79,712ddc53c54c4377,24.93,4.77
ea905c5808cb47f3b0618eb970653db4,1,69109099f117485591c94c9a989bdf78,440ee4ff7f6f4928,17.98,7.98
ea905c5808cb47f3b0618eb970653db4,2,6e37588fd6d94609afe4cdef26daef4c,577ba6838e014102,15.96,6.83
2efccffb67e34d78a59d0775503e2aff,1,d2bf07844f5644a1b9dee8c9ac74c56f,249cf64d64324187,25.77,3.69
61a528e82f0a4ca29138563d498c1afd,1,b2856dd74325484db90fb7f3e8d1b6f9,3a31ec9207654223,22.24,7.45
c6a7117acb604fbc847ef395fdf7cf35,1,0bffb4cd0963415bb93f21c9cf3ae633,f5ffb4ca51e6439c,4.71,7.69
c6a7117acb604fbc847ef395fdf7cf35,2,5fe14057b9da401c9b8ecf65a94a0836,e90df3a86d314a52,20.37,4.17
77b237dd1db043c6b51286413300dd5f,1,b154718f755143f7b003d4c516166cc0,d22f5a4b87b5488a,12.17,5.58
77b237dd1db043c6b51286413300dd5f,2,19f01aa2f9e540e79fa1024c9bb2429e,3c6e54e30cf64ccd,24.72,6.29
77b237dd1db043c6b51286413300dd5f,3,d3b105fa0881408eb1ef8b27339ffd67,9dacfe626e19460c,28.9,1.1
77b237dd1db043c6b51286413300dd5f,4,2ec22dadd4634423a98df16e150babf5,7ad82609bd37479f,17.88,6.41
5fef4fe350f0460f8d409e78bba8da0e,1,8922137fd2984e04b7e90d45c33cff6f,8b36f07fe80443ee,21.28,7.97
c6c2ac55d2364cb6a5e9b82b403baefe,1,09db479dcd46402a8b448cde2a79e475,2273876d0e974c4a,13.2,5.06
c6c2ac55d2364cb6a5e9b82b403baefe,2,d0db9c3548084049bcf010d7824a7ca6,78aed9a0fbc347de,31.46,2.24
9a2f5c12405b4c088cbb81baf9d733f7,1,51ef5d094c2a408f87997de6d79918f6,b154548feece4fc0,21.42,2.95
e548d46f37ec457eb10b9afc95f678d4,1,5e482e9b69a14020aceda17eb193a9c6,f664c45884614753,5.94,1.2
e548d46f37ec457eb10b9afc95f678d4,2,576789cacbdc4392a9481378adb7e4b7,8e81b8e4837f44ce,13.19,4.3
e548d46f37ec457eb10b9afc95f678d4,3,70ba77f999c64a00bc7e66f6c98fd3d8,4bf5af203cde4ad4,14.69,1.51
caf18991f2624ceb813bd4ef149d24b8,1,71702c8f11de4ab2b634ddf9d5edf80c,c1d7cfa7233b484b,2.07,3.85
f5a2b7981c6c493c9355ead7c2301540,1,2b382c1b3d054680b2c9200d9050c8cc,f1642d6abd0b4a8e,21.33,3.7
3fd623d9e2cf44b6a36b237ba960b727,1,ab68cffb661f47cc9532f2d331357478,0dc8790d492e4677,4.58,4.73
304654823a2f4afb9fa4df23a716944e,1,2dbf6bdf41404bef8d98e4e5a7d00240,d71ebc05e98b4342,27.63,2.86
f32ea6856fc84176baff1ca2b14d5c3e,1,ce83123344784addb437a74313f582cf,e796d04c80e54e94,8.12,3.69
f32ea6856fc84176baff1ca2b14d5c3e,2,28cd17f9395745dbb354f161cafabb3f,bf1d8ac4ff844c29,34.32,2.01
2b18dd888bcc4350a8edf7bf4b59ba17,1,470212613de14e00a683f1ee6ca6e316,9fb4ae41840e4366,2.28,3.4
2b18dd888bcc4350a8edf7bf4b59ba17,2,f4c92cc19f9041709f286664f187a927,5ecd58dee67145f7,26.53,3.06
2b18dd888bcc4350a8edf7bf4b59ba17,3,e4a8275d15014d028ff6e5430b37ed4c,638376256d354f2c,8.27,1.5
39d6493cd6ad4107a23c40907cf9c24d,1,8f70890b5f974dbf9b0e3649a622411e,98eaa9b41caf4ff9,13.47,4.79
39d6493cd6ad4107a23c40907cf9c24d,2,c615577f08af4bdaabc7c868e6e793cd,f172c0cc6eea4955,21.35,2.48
203e3f5dfd3b44559103c294427744fb,1,de3e320da1c343e28fa1571105f28a0b,8730b979f46c4d3d,31.31,2.29
203e3f5dfd3b44559103c294427744fb,2,772ebd5d552942d8827e1e296d70a0f0,a4dd6180aee54832,11.88,5.97
ca096ba9f2b549c3b3bc80d1da32a6a7,1,8926927f69d941ef9f7fd8d4775fe46a,c7f59914209a4ad5,26.39,1.23
eb59a1132ab241f0818a5513e904aeac,1,f935e0f30e424040b33db6e1ec884faf,696896e9d9e248ae,32.57,2.27
f0db4a3edee544cb9d6678110e108bdf,1,c17f08b7db8e4a06921c138f8f60faca,bbb91fe0e4064e60,22.6,6.74
f0db4a3edee544cb9d6678110e108bdf,2,c3fbe0465f7846cc9156fbf47812b0e1,24c5341ca85d4fd4,20.23,6.99
941ff64adc5b4b1ab3d6cbe8eac10970,1,c54a719975c04f5eaf26ea76017e670e,cc6a199eecea455e,12.0,7.77
941ff64adc5b4b1ab3d6cbe8eac10970,2,353378a4433149e18048c8dffa160095,0d1a5a3e96204e52,2.8,7.95
941ff64adc5b4b1ab3d6cbe8eac10970,3,b3438bd0a3164edaaed971af7035eb54,0d8c8941ae4941c9,7.82,3.73
5ca63bba40bf414781a42a968c1218f2,1,b5e41610f8c442d59935f3e628bc6420,81323f0cb31a4e18,8.72,6.68
82df458542824a8fa58c84ae00f15ba8,1,f89e3ac7285a45c0bdf98caca4cee557,f7f0c8c7f5ed4871,10.09,1.22
82df458542824a8fa58c84ae00f15ba8,2,f030eb5aead240d3846bfb29ef9a1c3c,88f9161965ca4242,31.43,5.58
82df458542824a8fa58c84ae00f15ba8,3,fd5749ba0dcb4ddeb1ee4987dccc5dd1,a79792d930c744e6,19.22,5.91
007c91231dce4cf2978714ba507b50bd,1,a5837abdb9bc4f788c48aa928617ca67,3dcdf3da02264b00,25.01,2.48
b06baca6e45d40d28208c7b6c6a4c5b3,1,2ac8560d822d42d3a5b58433ca8c4351,63e242ad55a0415b,7.34,5.62
b06baca6e45d40d28208c7b6c6a4c5b3,2,9414d86344584a3190db0a1b2dfbbe3e,dd02f2ac900d4ab7,23.21,3.62
b06baca6e45d40d28208c7b6c6a4c5b3,3,9697be1928854096b22358f48dc81b21,198939202c1d479c,7.24,5.2
66d5ad7ab6404a75ad01fa8496713bde,1,5efc25d927504f6189f1431deacf32dd,1a54c659bfa248ff,21.66,2.39
66d5ad7ab6404a75ad01fa8496713bde,2,968bcf03df5b491d87c064166017522d,7893f7df660c4a8b,14.72,3.41
66d5ad7ab6404a75ad01fa8496713bde,3,bd05d59602394e9ba48e6489579d8485,fe636d167b654d02,18.38,5.65
c7acaa614f1e4faaaf7d23acf69aa723,1,3cc8b6b482174349a8dd458a4e5069d1,5f595276b5d74bc6,5.38,5.82
c7acaa614f1e4faaaf7d23acf69aa723,2,b602fab6080343b18a026afa9fc2995b,f9dc61886f304ab1,9.12,1.59
586a59c6eddf4ff98a13a4933329adfa,1,2d2c384b16a448a8929a2a1994f2bd90,e2d530f6e8114226,9.93,5.58
53f1e11b9c25452697ca033b7686e56a,1,a0e6cca875254a759e96e2951c0e09a1,0f726447094743cf,2.47,1.66
53f1e11b9c25452697ca033b7686e56a,2,5dc23f0df22b4263989bbade2f7b3ed8,bd35f63f85074ac0,19.15,4.25
53f1e11b9c25452697ca033b7686e56a,3,dfd44c1e491a47b192c2fe9431bc4b35,fc61b27aa8fb4e15,34.68,4.08
deb0706cb7ce4fb9b351a5ed95413fa3,1,b2dcc10b94904d8599ee69e61ea68a18,e4a9fc3666b94acd,34.06,6.52
deb0706cb7ce4fb9b351a5ed95413fa3,2,2bf0407c1fa2426690a4e095e841faa4,bd77e0d09d314357,16.76,1.45
deb0706cb7ce4fb9b351a5ed95413fa3,3,00dd7c9fb6594c8db4f2cd9cfc0baa88,4ddd5c61e5aa4a77,2.4,3.41
6163bfb30934449c8a7e56d89691c8b3,1,9616da77a912477eae03e496340eb28c,1fe7e46f53ad466c,16.77,2.53
6163bfb30934449c8a7e56d89691c8b3,2,36bcc18bf0db4919a2fd7268a271aaca,8f8c934d6b09413a,19.24,1.64
6163bfb30934449c8a7e56d89691c8b3,3,78e6068cddc9445eb52b5eef917ded79,1ee412faf4104b27,23.62,2.67
6163bfb30934449c8a7e56d89691c8b3,4,4dc2fcdbcf2040229ae9859f352cbfcc,9f1e1a6503ab436d,31.82,5.61
f31af93ed30d4fb6931e0a2612adbbfe,1,d434e2fced134e95b5b7ad7e8446bb51,b6cf6159404645aa,16.61,7.89
f31af93ed30d4fb6931e0a2612adbbfe,2,9ea1604035ee49b28b3521292dbc6d81,d0184cf6db8a4a95,25.39,3.42
34039068c73541ada97219831588f874,1,d8b46e74a937416ab9f93a83a13d1952,dcf40da1861d4c21,4.19,7.73
34039068c73541ada97219831588f874,2,b9ec57278bab4a2284a963409ca2e7bf,7c97c4a695934146,28.33,2.78
2e88dbc67b154b0b8dda76fd0407c5c5,1,98995ad0946346ff855c3a18243ccd3b,bcee4d6786204661,17.66,5.18
013f8b4b808340c6a7dc44235b9512a7,1,2b4ab2fae8104273ad982ff9a74aca71,5a699f42bebc4116,19.66,5.95
013f8b4b808340c6a7dc44235b9512a7,2,a332131399fc4deab388c3c5c26c7f8c,f6cc51f7529a4c65,8.74,6.77
bcd57c541bb2486387e5004379c8d571,1,b27dac440c4b4f8ba1969acc273cd412,82801df4421d47b6,29.06,7.67
bcd57c541bb2486387e5004379c8d571,2,1930b47a0a004f74842cf7990522f32b,2be0755d2ab8494e,28.74,2.14
bcd57c541bb2486387e5004379c8d571,3,c64a3b28244748649bae6be8b75a8e3d,b376539177a5428d,33.0,3.66
72a8d9ba81a04fc988ff9691a87067b7,1,5a127cf402394231aac0c9147794042f,191ccc64058f43b9,18.86,6.24
72a8d9ba81a04fc988ff9691a87067b7,2,dcd68c2db6fb41c2985dd3cca455637d,feb27409a7974cf6,22.69,2.65
72a8d9ba81a04fc988ff9691a87067b7,3,aadb5351322a4b8cb4eb11f270622ece,f6479765f4fd420a,23.53,6.94
72a8d9ba81a04fc988ff9691a87067b7,4,5191f47ac33e4f0e9bbda6557f2e7379,2c4bdcd4666c4ef7,5.29,6.3
de77e6523b07428485638979d28087ab,1,32bb69846c5644bfab2ccd76ebb29905,d44f7c1cf520486e,34.59,5.17
14ee7f3a8b744b00bbe28b7b82acf835,1,50119109629047829de969ad0c75655e,a4bcc54add63440c,21.73,3.43
76448b548a074d8fb273971e56b9961e,1,6e59192b48864e8dadad9ffed5ddcc2d,cd1ab8fe5a7b497e,5.31,5.72
3e89d543b9134947a3469f37cd3a2840,1,579842bf84a044f890a6d374fc3ceaff,31214802bf3547d9,26.56,4.31
7a413ed106b2460f85421efdfea4299d,1,87a2a4961185405299dd94d717c54baa,eab30092dff947c9,20.3,3.2
7a413ed106b2460f85421efdfea4299d,2,5a0b05166fd24467a1e15411e027364c,1fd7aa6c336b49be,5.34,6.93
b4e0b11577ff4dbc82d48af95ec03ff7,1,35aa00ba38ca4694be488ddf5ac4236e,0490ce4fdf2749d5,7.27,5.0
4afd0c97517c429e86b45f70a13797a6,1,300356e720d94683a3afa24b1c9c8937,f62d52b2c1964482,8.77,3.34
4afd0c97517c429e86b45f70a13797a6,2,a61afb6cc2af4a04a46e4929704287c2,199534a2e0434161,15.94,3.89
5e5c038148624676839bdcf041859a2b,1,9c55d0def7264e628bffefdfd9086c76,6e1db56111e341ad,13.54,6.92
3594856e4e8a44a98f09694d1806c108,1,c5c367b308b0485fb0f210bb695c43af,ff54bf36f8c54b32,4.47,7.18
3594856e4e8a44a98f09694d1806c108,2,6cd4b2ae11554e59ae1d8dce9db817ee,331ac1f5385942b0,34.52,1.33
3594856e4e8a44a98f09694d1806c108,3,2bd671e3ba314ba3a070e8c422c9e026,3ed233c95a3646fb,10.44,4.91
3594856e4e8a44a98f09694d1806c108,4,91a68779f3b84de08094240d0a97230e,08c7e391c9d443a8,18.39,4.55
b883c7e4367144938095f2f0b60c1295,1,e0284e045c77405f92d9bf4018655a2a,925f178c8031425a,16.17,5.79
0f0b14915bbe4e34bfcc67a3749ff4d9,1,5898ba906d7a43a5b0960b52da5b6602,34311d8e5d2a477a,18.37,6.03
aea84389c7eb481498e3b8e156e06cac,1,f31e4479e94e42c2b1cafa038d4ee640,7819a0f18c6a429b,18.38,3.77
81c24730639749879d0de6f80a21b87c,1,9f655ca1a84f492a97731cf22ae5a79f,b72a386243b24565,5.67,6.22
2426cb29621d4962b7fc8b308bd24ed7,1,cd1289b5afbd4cf2b60badcc6a585b81,b0bdb66334c94901,21.23,4.15
2426cb29621d4962b7fc8b308bd24ed7,2,fd19b807be3e4234ade4a5a1f6f165b4,6af304d70a164f07,33.11,5.41
484215c5a9564aafba5377d6231c0fbc,1,25ab2aa6865e4ca0b2dcc9f369e7beff,5ceb42376fe44fde,34.04,2.02
a1e3dbd93168440890c124aa85d202bc,1,e312d4c23ec04eba9fb11e145f8459fa,8f90eea5e52f40b6,14.23,4.36
a1e3dbd93168440890c124aa85d202bc,2,b64089beaf454fab8d2f411e1fb9938e,33ab4f8301504f10,24.11,2.29
a1e3dbd93168440890c124aa85d202bc,3,fd81891997a3436c90260434796b021d,5cd2b3bf678146e4,8.25,6.69
d8756d863534420ab05e4eb0138ad8fc,1,8809eb97c30a4732b76701ee8955f2df,16fb68bdd61a4da5,2.54,3.55
6a0e4158ae3647f3a8a64f7b07c67a1c,1,6db6adfa844147fc911bcb4c9e9610f4,ab055d4194d14c5b,2.85,3.4
6a0e4158ae3647f3a8a64f7b07c67a1c,2,7ca955712fe44342984f08ce1f3e4052,fa41c0977fab4cc4,4.27,3.83
cbff05f0f812486e96004f4157b33265,1,eccb76983eff4f578c76dac875bef3d3,64b6bd704c104c68,24.93,5.6
66b908623be84c598f22226c18bb7384,1,5fbb16a9806349cbabd95b1e924783e4,b567443f5078474b,4.1,7.6
66b908623be84c598f22226c18bb7384,2,e29e2ab901ac49e8893b96fcdfe52423,0b0971f7ba4d4f5c,5.77,5.47
66b908623be84c598f22226c18bb7384,3,649b700c783546cbb5e25732aa4c8949,9f0c9c53fcfb437c,16.27,7.26
79893699879a416ca6bf278847040c6f,1,72eb288cffe042c4b3e00bacc487c86f,4efe30fe030e4139,28.17,2.69
79893699879a416ca6bf278847040c6f,2,a1237ca5c3a14ed2a22b6e686546d422,c39f1c182f1c4364,22.44,4.03
79893699879a416ca6bf278847040c6f,3,7477fcfe3e6f4738ade81092549b93a7,8593516b93994968,21.96,5.8
a3d0c12a8a034020be42ff2ff0bc9bff,1,c5ccf08d23164052baf78c32bf57a7de,762df13631af4187,27.51,4.36
a3d0c12a8a034020be42ff2ff0bc9bff,2,db64336255174f3381dcaee6b6e9d3c6,e27571b8a97649cd,26.0,6.45
a1cfdf2bb694477fa7ce52f64d14cc92,1,b90bbba8c27049f096213b0f730314e1,0aee7c0894344174,16.71,3.92
c2f3943ac04941b1aba01951b6de0c38,1,5b3500a9874e416d92d99e306f528112,855ac34f027f41ad,30.36,6.11
c2f3943ac04941b1aba01951b6de0c38,2,f8bacb63527443508c7d56db76cec3a8,8d65d87ee83d4ad3,28.25,5.65
4e5024c0b5084a35b38245e5abc61ca6,1,59018a3b00ee4f07891401504cd04f25,22b49a1cf3114894,20.57,1.12
4e5024c0b5084a35b38245e5abc61ca6,2,03af2333b1134a76b3fbca75fbdf57da,4e52f2645cac4a01,31.23,2.11
3866e94647f7499da4ae2178701d35f2,1,8835abab0c8b4f0ea1ce56388c270d78,089f541575a9498b,19.92,1.59
03eb2ca21c1e4188aa5778c966541d6b,1,8b6ffe0c524e45da87d1d2319d942c87,284270e53ff7476a,9.17,6.31
03eb2ca21c1e4188aa5778c966541d6b,2,a6a1dab383764e89865834e6c5a21c72,448380b74d02426a,17.26,5.35
533c16bc25c4435e8ebd008b37d0bfb2,1,31259826ccd64b6ba0219b72cfbd5657,00465c88ab4a4b2f,25.45,6.72
1c3e77d2049c481799a3b0f9442134f2,1,3232a01614c745c09b7a58594eab818f,5f3d5075c8ae43e3,22.4,4.1
7320383e2a4b4269b54699036096fc19,1,ab1964fd05e14d5b949fef1746002b96,1a1aaaa5460c4de2,33.57,2.3
a4e2d0891dae411ba081af265d85a140,1,95b4894abc774e7eafbb52b7eb620433,3bb4ef6a118e402a,23.75,1.64
861b60eb558641c093763fc88218eb6d,1,53f34535a847497fa9d37a7355385cd7,f6efa6d8c1ea4df5,11.59,4.8
861b60eb558641c093763fc88218eb6d,2,5d0c5a87db8e47d3a0dec4c78b30ef5e,b36630d1a2f04927,2.11,4.19
861b60eb558641c093763fc88218eb6d,3,d532335fa6f34972adc66e16c233768a,bb713ab179ef4d91,28.01,5.68
945bc935eff64d3fbafe4dbf08ecea5f,1,57220c5b8d9940fa8236712a9e6d6c8c,195ce6f6abae41ed,6.21,3.95
945bc935eff64d3fbafe4dbf08ecea5f,2,50d09b513b7e44f6a4d53104a3525152,19ecf835d2634ec5,24.82,4.11
945bc935eff64d3fbafe4dbf08ecea5f,3,9a082c2b55ae44efb9a3e946e14501dc,27031d8869904264,21.68,5.12
b928270ad2364ef881cda7138f40d269,1,b6060e124a4147d1a72cc5d20252cda6,d950579005694792,20.26,4.03
ffe1534c7d204d9da1c9f07d8b9fb5a6,1,97ea400e3bc84d2fa0ea2182c8cbddc3,10d69c08e37c47ce,33.61,2.08
443c49090c484784a883ef4771b22ca0,1,210ab5f201f542d4a01b3e3305fb94c8,5fd600507d7c4f91,9.93,1.76
443c49090c484784a883ef4771b22ca0,2,b415240a135c4bdb8af6904d34a88a38,6eb8e0941fb742e6,6.62,6.1
443c49090c484784a883ef4771b22ca0,3,1238626b7c4c48efb8508d49fca3d388,b766540ac23d43fd,26.18,1.25
2b584529bcf64ed583f1f4707b4fbe82,1,93dd250291df4d8992c3902f384726e0,d4bf125e222e4bf4,20.23,6.81
65e7363d6ad3444b886dabffbbea7eed,1,3c38c1edd92a49b5b1b19927ed3aa54d,43f178fb471d475f,6.46,1.66
0be79933d2ff4c87ade3de0fa3cb31b9,1,823ca5d1abd44e1e886597a0fc6274aa,7bd0ee3732d84806,25.52,5.17
ab5fe7f338184eb5a4a070ef636b0115,1,0116569e164c45c392008e122d32c3b0,f0dec975db9a4836,15.34,4.02
2465abf781a942c9a56b2c4ca3416d70,1,27039eb97e8a48209b0f5b15170dcb88,87379195700f4bfe,18.19,1.58
94ceb7bfda3741c786af56cc36b78af0,1,6acf7b0bb6904397a314bc959512b808,242a1ad79c6b472c,12.46,7.77
867efc871468456c96f653b9fbe30b74,1,4ef18cc8f1d14e4db73123637030bb47,13754939b1884103,21.8,4.97
867efc871468456c96f653b9fbe30b74,2,e9b4166977c148b3b625da878f2c84c1,1397d0cb69b94589,27.39,7.97
e45cd9d30d104c16afedf0bcdec1db68,1,c199e7c5eff647fa88a162d8cbd45671,39dd695955c949db,11.26,6.98
84e7334702834303b0f62bd3859dd6c4,1,b39b697942664cc9b8e1ada10af2c608,099e8d20dc0c4852,6.56,2.09
84e7334702834303b0f62bd3859dd6c4,2,275909c01e784661b2193e120a9b94a0,30f2687c7b254c33,11.59,3.27
b80a80c1e28445ca8366113cf081ce2f,1,ed9cfa397b494a58b58af7eb4f5209ac,f9d45f604f894256,3.21,6.14
b80a80c1e28445ca8366113cf081ce2f,2,e06101345cab413e9983e0f35cfe0e95,9c0e06a8b6154e7a,9.57,3.96
b49710c56d054b11b05dceb18ed9e2ac,1,f519cdb6a69c415b8667e57da3fd6b38,3214df4a10894454,13.39,1.56
b49710c56d054b11b05dceb18ed9e2ac,2,12291d69bc9a4df7892f9cc52f94d403,7c9c8c937aca4fd7,18.71,6.96
b49710c56d054b11b05dceb18ed9e2ac,3,1436d268b2b94374889bca4da548fd40,d01dadba057b4a92,26.25,2.81
b49710c56d054b11b05dceb18ed9e2ac,4,6676f7fc6f334b48afd6cc6fc5447f1e,9fe0473a892a4656,25.42,5.84
78c1d7241e6945439e88a5a61430c52a,1,1f3fed2ba4f943b9a833190a2945b71f,6725aa6d238b4884,24.35,6.33
78c1d7241e6945439e88a5a61430c52a,2,ec6db6f9b70842f088c09e66119393e0,048f5061ec474cd6,5.49,3.53
f48240f9c65c46cbad6b3e75c0426e45,1,0c90ab61b77c4aca9637ec27a9ac19f7,c99334c4d2cc4c61,22.35,7.79
75b6697db39f41a68cb2595635414778,1,b264695ac72b4175bbcc0301b0ecfadc,2a363484ac4f416e,22.41,7.05
f656a69b82264715b382b05e3a1675a1,1,18515d95a268444195f62b3e850314c2,47601ef2f1734330,30.29,7.27
261c74bc82ce425bb6cde4253367520d,1,a9d4d8b189d542a49595c36ab02bf56f,fe6a500f0fd14f39,26.6,1.2
261c74bc82ce425bb6cde4253367520d,2,dcc156c99c024527b6703457164ccb89,93840fe393d74cc3,17.22,6.15
2b633538230044f4a37cb88675bf60d2,1,c198597a41424a7bbbfbd1b95cdc74f2,0ab49924103c4f8b,22.28,6.28
2b633538230044f4a37cb88675bf60d2,2,0e5716e10a85416f8b94c4273f26c472,2a917410ef1740ff,20.98,1.02
cf619ca19ee54ac598d34d248a4dc67c,1,849888a7c60848f3af48d01aa2aa46df,a5d9b95646ea4ad4,2.86,4.63
2fdb25b3698249da893b03d2a50b72be,1,536f1e1ba6e94969bd392cf0d56e904a,ef94968836e745c0,14.57,1.05
2fdb25b3698249da893b03d2a50b72be,2,0e51bc57ac3c4cab8717174c06209ea5,31880f9c4b234f50,21.86,6.13
2fdb25b3698249da893b03d2a50b72be,3,4fd9bfb6160e4c11921dae311fc4e67b,829315890c544d71,15.98,1.27
1312b7be458946839cb805d5262be8d6,1,1ed2457c8c9148ac8dda454928c86529,a9b4b522a63c431d,28.48,2.37
1312b7be458946839cb805d5262be8d6,2,47cd101ebf9f40269bd7dea2c135f883,22c9dc0c0b1f4c3d,24.21,4.68
3ed0f33906bb4ba3b389fd1b8c9c4889,1,f8efd8f1855248619eb091ed77457447,c60e9c1dd46c41da,1.72,6.55
3ed0f33906bb4ba3b389fd1b8c9c4889,2,1457beb5b2e84ec3b1677d213dd26d36,3ea419a10f024277,7.09,7.57
16646ab223eb4892ae4a754fcbf94b3d,1,b33cf661691442bc9046bf30bbacd918,8c8288e831304618,5.41,1.88
8ee130e31b6b4219b98c593da4b7953b,1,999d43d7a61f4a58966f9e552f4121b0,bba7593694aa4f6a,22.99,6.8
27ad58405acb449c8f576a42af40c08f,1,a3d615c7eb424345a5f7708cd250d333,0f6a2948538e49ce,12.73,7.44
0e7aed9fb3c14578b7e90832ed29a851,1,a47ca77a3f3246379801e18ef19c36e7,2117c1c76ac44a5c,12.63,3.04
b71a4704004a405692a175b6723e3259,1,1d13d528845449c5914ff119f203667f,df8c3370a2494f1c,9.91,2.25
eecc0442c47c43ffa2a1a020ce948a78,1,d5198c29dda9437ea10f55ad06fe7c89,8b1b2274797b45dd,13.9,2.97
eecc0442c47c43ffa2a1a020ce948a78,2,26004a0139a24791ad75b19ba2ea9350,4a468b5cfeaf424f,30.0,3.43
eecc0442c47c43ffa2a1a020ce948a78,3,a6be88f577ba4b48bb472ab7ca261639,20d566ba142c4429,9.69,6.09
eecc0442c47c43ffa2a1a020ce948a78,4,bbb055adbdfb4d998907f828dcba0701,0c3cfe142f034568,20.48,2.71
2968cff0d54f44aa94985723155d9541,1,384aa5e687524df387ef90619a7e70bf,ac95694e08ac4bec,27.57,2.96
2968cff0d54f44aa94985723155d9541,2,05889a41736c4bada5309e5656ed8406,0e3adf6053ab4f17,12.37,3.74
47e2aaca5cbc4be5a32eeb3ed921577d,1,5e17fe9dca52463297033b5da688c2b8,ba4b9374f3b94c43,33.42,6.3
47e2aaca5cbc4be5a32eeb3ed921577d,2,57a24a35ece54111ac7a75b90e284407,5141d31d78c74bd9,23.61,4.17
842321248b65466283fee40f08d5da75,1,1fed67590e804e7a9318087dded71b14,0b08e31017b14837,16.02,1.2
842321248b65466283fee40f08d5da75,2,fad5dc6995c74b748eb412199f135262,cf79c7d7585c4f78,8.84,4.72
71fab02e1bc74b23a04b0fbd005c0342,1,13ddbfb1ed7242f094ddac318c051e5b,4c915f8da04d4b2c,2.07,5.53
71fab02e1bc74b23a04b0fbd005c0342,2,0a82a856b4654e289039238e7ca0199f,12f4232880044e18,31.17,7.23
71fab02e1bc74b23a04b0fbd005c0342,3,edbc5e7d8e1a4943b3d518c507788339,4d9a0e56d7e14f5d,32.36,6.58
b60d99a84f0c4cefb8d3011695e70079,1,1fe9fcb2eada4fdb9ea8ac679f4f37cc,b7428feecbf94a39,1.81,6.46
1e3a7152d28b4baca50d333fc18455b1,1,4d86cad3f0da4ccebe3d2ef85fa99149,d07c8f861de3417d,28.93,1.56
339b77069e8a46d0873e9b02e50d0592,1,8794563af5db460d9bb33e9677093dca,70dd5686b38c4fdd,33.81,1.59
339b77069e8a46d0873e9b02e50d0592,2,c88bd42ab6854919b7ea43cf3568d925,f6478cf7050c4da1,25.19,3.22
339b77069e8a46d0873e9b02e50d0592,3,a0a4fbdb4f2e4c93982d356859529bae,cbe1452b75f54ea8,11.93,1.65
339b77069e8a46d0873e9b02e50d0592,4,ec8ac9f685c14777ab3b8c88d3db2bb2,6ffdfb0bf4d746b5,13.76,5.93
8823ac1fd09b44b68117610112ae4a33,1,247e8ce68f844cf8ad5cae22363565e5,eaca8444ccd040a6,6.43,4.53
f236419d70ff4f79a361366be6f6cd22,1,fd701cc76e5643f2af6acec4ffa3a16b,8b1b48ac6a144dc4,16.5,1.06
59094a8dc83e477f9b98eac3a6ff1235,1,e3119fe23f8f45338769bdefc181d987,aa51d43f513d4d3e,22.83,7.81
59094a8dc83e477f9b98eac3a6ff1235,2,767407fad73a442dbf53c48ea4b9c2b6,148464aa97354cec,25.2,1.82
0e630afffd1e4597b9f306b44736cf5e,1,730c6901bf834a819e41dd0e0d6e656a,64c6db72720f478e,13.83,1.2
0e630afffd1e4597b9f306b44736cf5e,2,cc9d342411ea4c449b0183fe5c608111,89b0f673d9cc4951,32.61,1.93
d7c95352339e4d449f5719a6691f06e8,1,d97c14dd0a8a4a8cbfaf57f7012dd89d,295b3851796e4104,32.73,5.94
d7c95352339e4d449f5719a6691f06e8,2,3d0887e8b7fc4b63820ae420244b7970,7b0313e4d69f43d4,24.32,3.63
d7c95352339e4d449f5719a6691f06e8,3,6bddb20152954bfb90953ecd01508990,7c7c314bba1c419d,12.91,5.49
d05f006ca43a4d6fb2842f5d2224b1ba,1,2bab5d31585a4694bc585d4fb5cc08f9,0871af57960f4c73,26.66,2.7
53c172c0c9f84615a28a01fde90d51d2,1,1758ac0101d44737bacc2799163592ac,c04e1665af964403,14.21,7.46
ca0da5fd26354c60a8aa83066d23c233,1,a467bc5133224d4cb8db1216074d9996,569bb5f76cfb44ef,32.87,1.23
ca0da5fd26354c60a8aa83066d23c233,2,8159e9861124458da5cce0a4acbecf00,98be67f33aac4403,22.15,6.49
c6de035759394064a298a8d22967b0e8,1,d450493e25c6458582a8bad65948cb4c,02fbb536665543f3,10.71,3.58
631e883a83e34265971ed77be570c20a,1,a925da5894284f759a1fe48ed045b046,25abbd29c6d84e07,21.72,7.28
631e883a83e34265971ed77be570c20a,2,b4480c7f07a64dac8a83eb0655f8ef69,3047e69c66644112,6.37,7.38
cd85c444502a4230b4ce6b39b734ac10,1,8b10befb9c2b49c1873921dc3cc1241e,5bf466f8e66542d2,6.04,7.01
cd85c444502a4230b4ce6b39b734ac10,2,372ab36421ca433499667955f498449e,0b6fb0c32c8f44f5,13.88,5.77
cd85c444502a4230b4ce6b39b734ac10,3,29162e837adf4026a9d61add82cfd6af,a7a32d6dd4364afd,5.07,2.94
75ca479751bf44e8b837162c145c4599,1,938d1c66057140189c66118b03d39fda,a33345c3d00d471d,2.45,3.27
1aa31e04d5ab4a91940d988e0a6a4357,1,3be27755315a447987fbbd7b956fd494,164be8d57b8b46b8,28.43,2.84
cbf4ef1b6ff540b2844ee558c258ae81,1,8f03774743d443978b26eb021f453c33,69ca0660c50145d6,31.05,4.19
cbf4ef1b6ff540b2844ee558c258ae81,2,433dcff2e51b45c9ac76a0d9245f51ec,26b1fe6d923b410b,29.38,2.13
cbf4ef1b6ff540b2844ee558c258ae81,3,c8ca39cec2ca41dab6c065e727b1387f,94b0722d032d4da0,22.31,3.02
846c140ac5a54483893b53edc504c28e,1,b49a34d63fc44a6a8ef346ea5905d987,381f55a217c7489d,23.12,5.07
846c140ac5a54483893b53edc504c28e,2,186c80cbe1484c1fb895b8c0b91e2e39,a5cb7e9d4dbe4757,16.79,1.03
af0c7bdeeaa044d08ee0d39757f3bcc4,1,3ebdb3a4b15042dbb93425eb38e73192,28bdbf76ffaa409b,33.63,3.84
af0c7bdeeaa044d08ee0d39757f3bcc4,2,199feb5941014a6bb6ecffaa08a20930,46b95fb41108410f,16.46,6.12
af0c7bdeeaa044d08ee0d39757f3bcc4,3,6139314e0e0f447eb9b53f141a048b90,0a2e9f6764384b72,12.77,4.63
98b7d3419fe14c34a8d6ecdb5e4dad49,1,9af9050d13ce41a2a7c1dd64f5775791,6049745157ce413b,4.18,4.73
98b7d3419fe14c34a8d6ecdb5e4dad49,2,44f12d8e2fec40369d13c1a4c5b579f6,25026c1d4e624396,5.01,2.35
98b7d3419fe14c34a8d6ecdb5e4dad49,3,5454533c2a244a129f11a58d7d2fc487,0caa2d20b3ec4afd,32.35,5.22
034eb7f248594a75b65267c879be5e01,1,e9a82aef6a864978be435f1fdf4d9376,b8b80f20e1a74cd0,8.7,3.04
034eb7f248594a75b65267c879be5e01,2,0e83bfb8f86a41b8b5d70743389b57cc,bd9b2f029808425c,12.7,5.71
034eb7f248594a75b65267c879be5e01,3,345a576a371d434fa0bbc3c562db5e43,eccc1473f1234551,5.41,7.62
7b5680d57fe64358b7156aabc2c58314,1,dcc2793024c045d4b0d17869384bcfe4,a55e292b38314bce,19.03,1.6
b142b0402e1a4f8286ffcbedb8178800,1,9ff0de8a8f6449efa18583e6cbbd1c83,7fe5c1d00bcd4c16,26.89,7.45
b142b0402e1a4f8286ffcbedb8178800,2,a11e62aa866a490295f75255928503f7,a46c25fd37904c7c,20.04,5.65
8a8e5c922d89475fa0488f8586aee7b3,1,b64db7bed21944d694efbd22de2ca048,6d4c3dcf074e46a7,11.0,6.82
b96206d4dec8422c81d4439a69bb6ca8,1,ae87b4cb124a4f6d89f4637de742fcce,7fdd75d2a0034c26,32.95,1.77
b8d077ae41d84cd6825a366185b268a9,1,7baaabbca5214bcc8581e5fc8386e61a,812bf2f414b340fe,2.29,2.66
1b4f2c3dc2464a44ab1fe1d2ccb60244,1,99637cd63451425bb34a899952040786,0efa8c88064548bd,6.38,5.41
97822c4650c14422aeadd9524b00268a,1,b2725b272d01446ab752a4887e1919d5,738e9cd19f264224,31.74,1.09
3f972c9abdec4d979b18d03f08851e2f,1,f9faa7aef757414bbbdd5277d48d038a,5498a5306f384e51,17.27,1.93
91baa0c8dc9140b9a23307cbe786fb26,1,a511f0e8d26d4d7180b7e40e216e1e95,b60021e18fbb40eb,22.65,5.15
66f90c2bd498464aa6b7b34632acee19,1,482b5ff64c2d45f780408c4005ccc1c3,706f265c760e46a8,15.04,5.74
66f90c2bd498464aa6b7b34632acee19,2,818da79af0484b6b8eedba5bffbbc910,14276611f9fb4a8c,24.92,7.39
bd3425f135364fcf99f92eebdbc05fff,1,2cbfda9a278646e09367c8767610996f,48bd53589f054c1f,26.28,2.66
bd3425f135364fcf99f92eebdbc05fff,2,6ffecdec9c95409ebb07a238fb316874,e060bb1561584b49,8.96,6.24
8e20e7e71a124e3bb794faa6f63846c0,1,8c4cc7a8e27b43b2b890a5bef56f4d17,c7805e315f3147a0,4.42,7.88
f0d0a598d07045ce8aa46b4ec25eaa4f,1,a235d28a638b454a9f2b8fbc13707bf7,045082089cf145f0,5.07,7.18
f0d0a598d07045ce8aa46b4ec25eaa4f,2,c3ad9a1707e04c55b88144e61166c555,fbf600dea6604ba5,21.95,2.4
f0d0a598d07045ce8aa46b4ec25eaa4f,3,ac170ee44be84b629f96f4e872636a53,cc091ce71d8344f6,31.54,3.58
2fc6daf61f9b4d85a1f3af92abc6684e,1,5f5941b0236e49339f4e2045a46b1c36,5cfd571119e9432b,9.08,4.03
549af53c64f349efb29a00a123d78021,1,cd3fb5e97f2243aeab02051e83fdc0ea,efd0b8ddc2574730,20.79,4.16
549af53c64f349efb29a00a123d78021,2,c46176235c4e45cfa84ee6f44b9b57dc,e076d72331d449df,11.18,4.83
965f916b861848ff96e27d6bd697ddec,1,ec106fae0b7841d7b3334d5b37665c65,d3cd302a2e1e4172,18.47,4.32
965f916b861848ff96e27d6bd697ddec,2,e0440900a00249ab95bac693c354eb56,bad09407c49c4fcf,5.55,3.58
3cabaad30383459d8a0087cc5a79d84b,1,f0ebdf1e7d4f47a1b0b2f35d56f5af78,c58f2362ebaf43e0,30.81,1.26
824d989fc28b402198d0b6a7b60e7118,1,b77ef47a949742e2b8c4cd29c80a9020,4fe8aa19748444aa,7.94,4.94
824d989fc28b402198d0b6a7b60e7118,2,677df78dcc774350a1a076b74a661abe,7401f60162104e2d,20.9,5.51
824d989fc28b402198d0b6a7b60e7118,3,b9b184e2b83d45c083e3233aa24b9f3a,cc8f3358776749c7,27.44,2.2
c84c5519456e41d5af3ffee69b67ab14,1,5750dd91f003418894c009fbf255f1fa,53439b8dc8d94da5,6.55,7.95
3cca4b755a3b44278605c8bf0347b7ad,1,e8dda48bee124f17a04e3ff0d5482a47,ce5c2bac5bdf42f7,29.39,7.59
5ab08db47a0e42248eff65ab3bb2cd63,1,c4328ee682d54ee7b558dc7bec04af3a,0997b39ba0f74cba,8.23,6.65
5ab08db47a0e42248eff65ab3bb2cd63,2,fdcbbe5c806448989544ce10713214c4,6233bf208b5d40fb,3.4,3.89
5ab08db47a0e42248eff65ab3bb2cd63,3,7dae01dc58294e1c96c56a0098a7e611,cc4157fccb78462d,20.0,7.93
e1a3e483eb9442119c8852b6bd66c60a,1,ccfdb3afc68c4b55bd0fcfdc30b66c99,d9662081e3814202,5.88,7.78
4a3dc3aba0ea4fbf862a74520597757e,1,3e54f0e32ad24e13b893ab65902edd49,5f56f7b80b4b4669,32.1,1.07
c494c3d25561426c875638e065b4e884,1,190d28c9585b4093a925f9f2bed03f36,21a922794be94a74,30.53,7.06
c494c3d25561426c875638e065b4e884,2,5e027b0145144feeb15b8910a759fa86,bd3579d756e9471f,7.31,7.3
81c40b2ada4346b8aa1e00e05a052c3a,1,a2af9477ae9249fc8b74148b0f053b68,8a2aa34ba3d54fad,3.72,1.04
ceea660059724de69cc254b1b15b5db2,1,53990086c5e14a138d488f7bf192770b,7f9ac52cb13f4baf,30.13,3.05
42b51122517a46d7bd17922ce182d3da,1,9e58780590404117b8fb921556d9998e,91eedaa32310499d,28.88,5.98
29116238977e4bc9b289fe19de0ce813,1,29b21171814f4877aad0c780d60f6064,24b50b6a99154cbe,31.93,4.05
29116238977e4bc9b289fe19de0ce813,2,3242e69ab40e4276a9f010b650be5ee8,bfdc62e99cc44d93,26.78,7.54
2dedf1fdf582478bab219a5d15da2ad8,1,10a568ab60454c098aac67a34f04c7f3,5c3589185ea844ed,33.58,3.07
2dedf1fdf582478bab219a5d15da2ad8,2,2f3713003f944e3eb1a159a3e7057ccf,5f3b88884d08456c,24.97,1.51
829ca39142ad42298f21adf31966bc2a,1,5a728222b34c405bb0e110bb62950641,d15e9f7d2bf74b3f,28.49,6.58
829ca39142ad42298f21adf31966bc2a,2,cdd5b7aef8394540a44f62557aa69b1b,9a48416d03774cb9,6.31,1.13
c3af1efbcdc64118a80cf936ced3387e,1,e6a888bc367141019ad09f572e3006f3,2ca1af48d253494c,7.57,6.56
d04e759405904f2a97d947103804957a,1,cc417272fec344adb5af85c5c2162b03,5bac8746f28f466e,15.87,1.01
42e91bd7f3174f818c5dc063bb9af645,1,84183bf0565642c8ad6cdfb1047d530b,7e5bd715779043b9,30.99,1.75
c72ef70568104eeb9821ac34fcb9c14b,1,daf6b2fbff3b4a92975a93d0fce2d324,2f2b9eef755b4fc1,33.92,4.88
c72ef70568104eeb9821ac34fcb9c14b,2,f2a329b625544a0a8ab93374ded501fc,7674641d9ac9444c,5.36,2.41
6a1eec2646a745449bfe8ea0c72e69ff,1,db3b9829568244ba92f116c36186049e,c0dc173871d94a66,3.99,7.62
6566cf727e3d4d6a8bcb50a4c36126a9,1,4c77a833e09b4c018b6780fdd69408a5,479d237028db4995,31.4,4.69
6566cf727e3d4d6a8bcb50a4c36126a9,2,88fa9e8f4e0f4bce9f46a830f661712a,d0bab6f61c634473,5.28,5.41
87bc4925a26c460c910e50176794692d,1,fdafbb517e7a4598b92f99fca04becd5,31c36fff8dd147c8,3.54,1.92
87c0deb60e024d96a1b770767a058a93,1,6228a23f45014024ab719810bfb34025,7772d9772d894106,2.88,3.99
a09d89a27c31435db1a40a0902a8a355,1,0dcea5fc25ff4cee82227e4f5dfddbdc,319b996bed01475e,4.8,1.98
a09d89a27c31435db1a40a0902a8a355,2,5ad276172eef4b958a404980e2108bdc,31a7f0cfbcb246bf,29.44,5.75
a09d89a27c31435db1a40a0902a8a355,3,16c0d14cc1bc412d9814148124d9c89a,8caeb2398b574744,24.7,3.01
ccd38a47954a44079936b82fbee0b516,1,1c773bfd18fa41a69a7bcbd3de43c70b,7fd62f35d9704930,11.97,4.03
ee34bfb3b03d40588aa6868159615465,1,1cc3639056814ffdb84358ccfae97658,7720b439859d47e8,12.77,6.92
20bdf9cb436e4e409939d1e1a284fcde,1,782f651de369429ab5aea44d2faf2a43,2c2b48dfb2044a37,3.6,7.13
e862625ab5e540939d15be83a62899a3,1,3b605c9e2a2d4ac59c034a8a4515e4ca,69ca517fc3464880,11.59,4.92
e862625ab5e540939d15be83a62899a3,2,d98ac8a8ccbe47209365a6ee96fc040d,85155f6c7eb547cf,17.12,7.19
724050e50c814655b36e10af5f861f2b,1,07e279d135a84becbcaa2aa12c17b9ad,b15ba9aa2e494a8e,2.22,4.12
9449dc5bcf974b2d9cfb33bee77a0dd9,1,bc73a776c16e4205a1a449f55c135ccd,32e2198db16b49f7,30.09,2.49
a462d2b5f0ea4877bda6de8bde04927a,1,de7ab2dd31bb489bb3a06af712cbd15e,552e5fe0f2874351,17.1,6.6
538474db74d044e494744f18dbfdb128,1,b9e1667b272242cfb720a4687f4d9dd7,5636f32f4c7d47ba,6.54,7.62
9e6157fd1355403e9dd193ced316a4b9,1,639d291d4d9841da88123724efcb2e21,eb1bc65d8a2d44b2,33.96,5.53
9274e6769e9f45908fe9756d7403e2b9,1,9a9eeea4cff8422ead0507f1af808d61,b9b8cdbded1d4033,5.79,2.1
9274e6769e9f45908fe9756d7403e2b9,2,3dbcd3e22540461c874b5823b7204351,121d0cd860f642d4,34.68,4.64
ba9dee3f428344209864bea0dac54dd7,1,d77c91f1bee342e3b53a60083f4b222a,f89a26d9497440e2,26.9,5.18
4db20b28c4254755a7921f1b29cced78,1,f5d9671678dd465abe9b8ac66e54461e,e2d4134b2097406d,32.47,1.42
682ff2d917c64edea94951c7dc09f171,1,596ae4aa7cd04996ac34174202726bb8,b0ee4bf10f994db5,31.68,7.94
229ea94d058b4e8f867c78f323542a55,1,fa5466c46459467492a3e1e6b3c82f9b,ac4afbc5fee14c50,10.91,2.69
17155f2f636746fba4fcc5fe6c59e754,1,4167983af2cc49608def91e17244e5f0,1d3454726b384d17,15.81,5.98
4b0e76047f22473f8cf3fe6f4343ea0f,1,c600304b4cca4b5d9ac1742f54f5bc33,a1fc93ced0784202,13.25,6.64
0456cf5fb4a04dc582f3b5bd30439ccb,1,a4f3f8eadfe3448194313308189cb9fc,0986ca23837246f6,28.38,1.07
0456cf5fb4a04dc582f3b5bd30439ccb,2,97259d1ee056489ba8623f87644798b1,7e0c2ccc8eb4491f,7.79,1.68
e48e06d1cd47430d85cd6d818aaa3bb5,1,533f67802bcd410f93f0617f508ae722,c4d67230004c42f7,25.32,3.6
e48e06d1cd47430d85cd6d818aaa3bb5,2,08cdcec671684d5d949be7a09703559e,82fb5fc7c6b74108,25.27,6.2
e48e06d1cd47430d85cd6d818aaa3bb5,3,810a7207616749d79c0e4edcbb8a6f72,ebbbd7a65bdd4e71,1.8,2.25
42c456b9ddeb4285a2974c270cf73083,1,40bdbb696d2b455eadd73403583715c6,f8917581d583476f,30.99,7.76
68398d3187e045fc850ef999773e3b74,1,98beb926625d44509ee7f9080012b638,3681e6bf3afe43ee,19.08,4.15
68398d3187e045fc850ef999773e3b74,2,16c78362bb2d48c7939815f05a849ccd,f9fce86321664ede,24.33,3.33
68398d3187e045fc850ef999773e3b74,3,58d9c80aca2c4ed5a30126128a8140b3,5f54c2e0a40749c7,11.44,5.99
68398d3187e045fc850ef999773e3b74,4,5fec140459ec44f2b4190b8027198191,17df0fdfa7134725,3.6,7.97
8b950cff439c44e1a4e95ec4bb7f540d,1,13b9db37a0f1404897abd8e7ca38d8c7,6ccfbc88ff334a33,14.01,4.52
8b950cff439c44e1a4e95ec4bb7f540d,2,c85a59da01864ce2a75debe0aed0f1ae,45b13c86b5014b31,12.11,7.44
8b950cff439c44e1a4e95ec4bb7f540d,3,4bd7878095854df48039322cbdee8dad,53a805bc54fe4f99,30.22,6.48
8b950cff439c44e1a4e95ec4bb7f540d,4,1bc4f6fb283d4155adb2a2790c7d6e25,cb945606a6f34b9b,18.03,5.79
3dbac4ad8036468aabc30c2847c6ef77,1,6edfac63b3914ec28c0086434aaa76b7,5adb29a6d78f4ba6,32.0,2.93
5d0ff0300d1d4cdab1fd0c7bd092c9d1,1,0d41e6f83afd42deb81458e67c2b9f12,c3414cbc08624141,33.14,6.2
5d0ff0300d1d4cdab1fd0c7bd092c9d1,2,8fd3cee0530743f590fdd073ba9d7ab6,6b88ee48d3e841ef,33.86,5.69
a7ff5e0369d948f992b79d20ef5f0881,1,68df9ab2897e40ae9c26fb6b0cd72471,3d2465d87e824790,17.95,6.23
7b0711fa90ef47509300783267460dfc,1,b7c2a3900d28421194c1b88f2f114cec,1a94776943ff4c70,15.2,5.12
f229dfc9224342248644ab8bccef2555,1,4aa00b5c38494542be196452cba6073e,472294e564344b68,16.76,7.38
e4645cd08ee6411790c2704e54d15c85,1,c43b5641cd984204bd5ae164b676c877,ab92c31f860b4ab5,22.41,2.39
e0822014b9594301983f6b46e010bb21,1,a1b0ab7f21e747749e599f9c3a36ef98,b43ce324d38344cb,23.95,6.18
2b890c669dfe4bcea089e7891a7ab62a,1,32a2014c0af14697974d42b90dad2137,3b7d6b2284a34b23,34.91,4.13
db415ac458bf419a80f03761c69a8647,1,8d25213c4b33436488211f0cb436aac7,39e4f5ee7ff8435c,17.32,1.0
d7c15c7f2b35484995f0d6f6d561c70a,1,fab67c9736c0494daa9b59e7b59ca905,a66cfa46db2b488e,23.8,5.0
d7c15c7f2b35484995f0d6f6d561c70a,2,ea863e625da347568db18afd9d8bd18f,e17479e03d8143f0,29.23,5.71
e0aea664052f449d97b3c6a821311286,1,034c8a4a823c44d9bdbeffd0b04f3a21,2d21b3cad71d4846,4.86,4.33
55f948a65492441c95b6799623565349,1,ae577ebcc7db4705b4212460d3270a73,8c5c95056cb244d9,22.04,1.25
ab36fcf366fd4a589e528caa454929f8,1,2824e3d1785d49c4aa38e1284661e766,25c475109c46457a,14.24,3.87
ab36fcf366fd4a589e528caa454929f8,2,f8ce9861997e460cb08b13b57d3463b7,6e43e1fc72e14719,2.87,3.22
ab36fcf366fd4a589e528caa454929f8,3,6594c771cb1947c58b938232189e7ac2,3d47d37d558a45ab,22.23,1.7
01494f6c43d84d3d9ceefa145372991c,1,1dab23c1b13c4659a1f523ff6cb514a7,ede1822233654af9,29.09,6.01
01494f6c43d84d3d9ceefa145372991c,2,851db686dae6400abeee793aff5a982c,b1160f81ed834968,2.28,6.57
01494f6c43d84d3d9ceefa145372991c,3,ea824272d08240148efd804129dbe7cd,2f62b8cfcc7c4cc7,26.42,7.58
7bf6488045ba47c3bbb316e045e20cfa,1,9291d1324a8448b6879198e0b94ae48b,70454276b348435f,19.55,5.54
7bf6488045ba47c3bbb316e045e20cfa,2,6d04751a118842f28fca536529991142,aeb311795b42494b,2.8,3.44
7bf6488045ba47c3bbb316e045e20cfa,3,9dbb241a3e0b416fb6fa0d06a21fa44f,e204bdbfffe241d3,15.17,2.23
a6b1a0aa83964b7eb899f3cb46ce93d8,1,cca7056a5bb848f18838193ed94acaaa,a7bf5f3b76fa4f6a,24.91,6.7
bc188d3be4594f1c9687afce4ebcf12b,1,0f1e83b877c44739ba39263a64fb6e58,0b2aafe83f60412d,15.05,7.78
bc188d3be4594f1c9687afce4ebcf12b,2,f48b35c0810e439b87e05d7f7112d889,2528cd08031e4d1b,3.32,2.53
bc188d3be4594f1c9687afce4ebcf12b,3,76b84bd5c67245aab8f63fd93de87bc6,c82f73c562814562,18.42,5.48
73ad20bdcfaf4528968e6bd78f99b731,1,4b9f0bd9835c49a58cd17e38d7fead1f,7fca6210225b4fb1,12.69,1.48
b1bbcc3b07d944199990d7e5a830f60b,1,fd27d5702d97472995b6e138c31b70c0,4e75ea060a734b60,14.53,4.68
b1bbcc3b07d944199990d7e5a830f60b,2,f8e755c229bf4714aef6180a6b0b455c,66355232ef684a77,25.45,6.48
b1bbcc3b07d944199990d7e5a830f60b,3,630fcd5c243f4a8d840d94c7da9c0b38,41bb560d30c44698,6.57,3.48
b4c4d64d88ba43d2a83485e01579ab69,1,a8032c98626e4ffb8049a4193ed86b87,84fa25b791ed4352,6.42,2.43
582398706a42402a9ddf024ab0a427f8,1,90da75f4c4184fc9874a910117b3a1ad,7e917d3415ad4fe1,4.2,2.59
49ff87f2f440428b9c48f45c3e58878d,1,bd3b79fff55b495d9c185ecfcfaaf43d,2e447ba79364429b,3.55,7.56
65aa2abba5f74cf39ec909f03b822d7e,1,8d69b3d379f04d1f8e05a5e98417efdf,bfd0e160ad534de9,14.4,7.89
65aa2abba5f74cf39ec909f03b822d7e,2,e4591450157c488ebfc32427fb817a2d,7a79b810299a4ca0,5.48,5.33
65aa2abba5f74cf39ec909f03b822d7e,3,2fb2f6db3a564c5dae0cb069b3b91ba2,b8d1f08c4a5e443d,29.24,1.52
98026425f56e41c48a7ca6ba26c7f758,1,64ed125efa4e432093de364b3dc7c74e,1e37987b1cbc4931,13.75,5.03
2a386414d778438e9076fcc889d53718,1,df94e8a5168d4c999014ce56c03a9cba,6a38a0054b8542a7,34.36,7.49
80ea21b3e5df4537a31e92139c7d5ab1,1,bbe1e2df676b41ea896fc68ba79952ba,da6d7cf123394dd4,33.88,1.91
80ea21b3e5df4537a31e92139c7d5ab1,2,e954dcb06ef849d3a6715e11ba0772f0,bd511964710a4d8b,18.22,4.9
c7fb3bb4c64a45a7ac77573bfed0902b,1,cc5198e0291a409b83049aa14751efc8,520d18fb55e8404f,31.47,1.55
c7fb3bb4c64a45a7ac77573bfed0902b,2,3a3387d6649e479192946b6bed045116,c22b6836751948d8,13.38,3.7
c7fb3bb4c64a45a7ac77573bfed0902b,3,9f8fbef8d85b47898c01cc00e2e25886,ee124a1eba2747f0,26.13,6.02
f4aa3a8768394f2c9011165d29c774e1,1,f4ef7dba0f1f4363a6d6b6ce7c0979f8,7fcd6d3ed3b94a43,2.69,7.43
f4aa3a8768394f2c9011165d29c774e1,2,0e52fbe3a6754afbbd9ce6d0b1325054,7f8c08d373314fff,5.61,5.62
f4aa3a8768394f2c9011165d29c774e1,3,3af88f4490f749fc8da7b9ca4c4e2785,734a093012d048ef,18.96,1.76
b00bf447c5e045438006ee30a9ba1598,1,d909c33b2d95440dbad5d60e38b470bd,75efed9de1e048ed,3.9,6.88
b00bf447c5e045438006ee30a9ba1598,2,fc119afd75d64b45b82e6f078520887c,abf99b01653740ca,11.73,4.14
8a6351a94a1a46d191931473bdfbeae9,1,9af08c40acd94e4e920e8543c28fea4b,aad0c820473b41f4,22.53,5.62
a9c35fe3eea74c8781e8eb8bad119fea,1,92a6913f4b4a423a9464e2d83b5caad5,6af40e40b12d4238,31.72,4.83
a9c35fe3eea74c8781e8eb8bad119fea,2,5b7b84c10fde4848b28916364a389430,a8e4b65d3ef94d3e,19.66,6.03
a9c35fe3eea74c8781e8eb8bad119fea,3,735fdb933f874db3b66b76b5d95809ea,77a870f102ef4d62,30.63,4.25
d3bb12ba232f49fba2f6a6896af2c69d,1,bdb5b86476ca4763b53f76b5a26861bf,e34b635017cb434c,9.92,6.57
cc9951d5d0e242b3a99fdbb3182492f9,1,c8081d0128cf4f55b8583cd08e645ea8,5cadca614dbf4708,32.31,4.35
cc9951d5d0e242b3a99fdbb3182492f9,2,66babb8cc2c64f3bb6505b71e0563ef4,c90582c84c684072,16.3,3.98
94ffe0646b61481a8489854329f4a45b,1,2fb89f5b44c34b50ab3f750853c18a66,186cf3dbefbf4223,13.29,5.14
a55004049f46471ab265531326eb3416,1,652e846b2e1d409d92bef49e946906ff,e269432812004c99,17.53,5.35
a55004049f46471ab265531326eb3416,2,52528dcd736945ed9220e7f4a96e6d8e,72973d1352f54397,8.03,1.58
a55004049f46471ab265531326eb3416,3,1be9c496bb4b49528369655af28440f6,2916e72b77944d55,17.78,2.21
a3f89f22236446e7a1affbd49fa063ae,1,2724701886104e2d8e0c13c7b2dc979f,48266d43b34f43ac,25.21,4.51
a3f89f22236446e7a1affbd49fa063ae,2,5e2994c041a94552b0cdb798c51d7b1e,6820276444e341e7,9.33,1.12
a3f89f22236446e7a1affbd49fa063ae,3,ab13e2ecc7cf4ab19cd699a7c78f1cfe,683a6f64c89444c0,7.61,5.38
9455effeb2e347afb9b7294f5f51aadf,1,1aa485f663c04ef2abd2a3f311d278ad,a89a5c0893094452,6.99,2.48
9455effeb2e347afb9b7294f5f51aadf,2,f3618f36de3e498c91fa0358480a03ad,7988b5963db843a6,2.47,6.66
8ce893fac89f4bfdb4ad27ea987dfc6e,1,174690f718b1414c9482a9a3131e2405,3df9f0425b964ad2,16.79,7.27
8ce893fac89f4bfdb4ad27ea987dfc6e,2,fc02fff8a10e4143b026ca8bdfe9d10c,28df7e6b5e73415f,5.32,5.74
5e86617e9c0948c094aac1540400eb0c,1,6e57efff99234942a1519d62e4537484,f11e8cfb31c34669,9.48,4.16
5e86617e9c0948c094aac1540400eb0c,2,7db402c85625448f93b8d5b4e12a3288,291c5027d31b4f6a,11.49,7.93
eaba7f0821a94d199d4fa58bb79893c4,1,b040a412ed3d44afbccb3e4d2236afeb,d9af3dbe3df64f4a,27.7,6.68
70c42052f403477499e86d66d89720f6,1,fd564b4de82745999f7256c34605d13f,8ad44a694ba84275,15.77,3.09
70c42052f403477499e86d66d89720f6,2,d544381392ee4d0aaf516978f7807746,ccb1a5ab920b4b11,1.58,4.52
70c42052f403477499e86d66d89720f6,3,1ad6722447714bf7ad77941b3a4e2833,5dcc0dc942cf461f,10.03,3.76
79f66d90bdc7446589b4a107c5190875,1,422b9c5798b447d0aa8bfd3118fa52e8,6474e6f35db74ae2,8.84,6.81
20dd2693c32e4f02a472237c99a13b1c,1,8ddea716e453443e8f4a32c192f1389f,196c9d4d1a6e4c78,28.58,7.22
fe52bf8f5f414f73830beaae1d763fd6,1,426db5048dc0433f8c45bcae6ce870a1,016c415de9734854,19.9,4.14
0009d30a08ea407aa006f26a25cf5a4f,1,83c3af921bc141a28f1d556d7f742cab,1a285c848b0b4c3f,11.04,3.63
6b1b827ff0074a1e9176cac188c7cdb1,1,42d8c9ef193442ff9a439079fde3e5e7,ec77cc21e7444af2,25.24,2.96
41a3366c801748a68850cfbd0f004e14,1,d040fd8a99054ae982e89f343e34216a,95ebc5b344354aff,16.74,6.43
2a73f9f0f7224450837ce4d636489c6a,1,374ddd0dcc5b485499e29fe821617678,31723a276fff4dd0,8.94,7.47
3b7a05ab35c044bbaebf99a96d907161,1,d7e50eef55e94c9d802ac80d3e6e9e2d,313508853b8f429a,7.8,1.05
3b7a05ab35c044bbaebf99a96d907161,2,98f61ba7487e41b8b8132e03345b5882,190d860f23a24441,10.74,7.48
3b7a05ab35c044bbaebf99a96d907161,3,c1aacba597b64478abdd244a1baff624,0626b19669374fb5,1.7,3.34
0cbce9c2c57f4c2b9b97635844e2bb43,1,6d4fae994cb34d39a5c8366908c2e35f,eb254c54ebad4f7d,26.13,2.81
9dcfdf7fe3f34d7db1d438551589b30b,1,9ee887f08b4340e2ad6d8b167c52b8ef,5739ba4ea4224bc6,33.78,2.33
9dcfdf7fe3f34d7db1d438551589b30b,2,b9441a73331d4fc696a387a5e4449b6b,afa4f240a77a4b40,28.08,3.08
13ec0ccce4294de4b78fc93ecd0dd36e,1,e030bcb48a9540e9a4348b5b0cb3e567,8d3fe888f1824b59,16.09,3.0
c172da11c64e48baad1e571812a3b86b,1,6d2c7ee425454bc8a2f6876e2090206c,30ffcd5c519f458f,13.29,4.07
4713f53fcc554e06a84081021366bf74,1,46fc9abef70243919e6bf205dc325daa,4297cffb77334eda,22.69,1.04
e96b3b8087d94ae9ba7528a6d764968a,1,19868173eb7b44b3a4d497e48d034bf9,8b4a152b3af5445d,22.62,7.74
a7587a360d4740cbaf4d67f88853481d,1,641fad6b55ca47ff8dc0de87897ddc20,48973a8965314748,9.03,6.85
a7587a360d4740cbaf4d67f88853481d,2,9656f4b287d1484b82cdb4cf823aa3ba,096cb68df77b49d6,14.89,5.03
2d27d24bd0484c80bd0c89be2f5b795e,1,c7278fd9521e4b858178fd35757353ef,316531ddbb074eb3,32.95,2.92
eba6fcfa85a448449fece903a6bf73fb,1,5978f7f5ce134b629eadaa4e8fbc6b5d,2228ccb4036446c7,7.73,4.81
eba6fcfa85a448449fece903a6bf73fb,2,0f4fb56ff9994292bbc157fc00914e6f,7ba566f86e644b52,6.52,1.01
eba6fcfa85a448449fece903a6bf73fb,3,88aa3743992641a2a747d5efd07cad21,a9a05eeda7c7480e,21.78,2.89
9ba738a8cc12423facd6ff9e0128efae,1,4db62519e7b347299e5b2588c0db0433,b7533e6c4cfa42ad,13.96,1.99
2859a48e63b6441289f6d9cba2c8400f,1,0e175bd025b14939bead572d38e877a3,1a320eb394874efa,6.92,5.04
3de41a6e82894bc18337a9170a88682c,1,848ed43b6f694b2fa041afb4e71d7425,1d99c115207a403d,2.09,3.47
3de41a6e82894bc18337a9170a88682c,2,0df151bdb5254167b8f336ac6d8fe9b2,178fe833a4fa45a8,30.09,1.24
86d4b614c0bf4690a451a4687c338401,1,e75d000350fe43b384a2c826fe0dda1c,ab6deb35f96f412e,34.22,5.2
86d4b614c0bf4690a451a4687c338401,2,6c6a4a77f42b464a99455633ca963c6f,007d1ff7f52a4a79,25.89,7.53
5a9476a8505c4c51857e1e4fceb149dd,1,13a91e779b334160850beb67d5d91bc7,22269be2199446f0,17.19,3.08
0d0d9be2f02b4861912b0d93b23bd4a7,1,d47ae718d9e7464ba842f456ec4588c0,9649661ba17d4427,13.7,2.32
dd3b00390e224e67951b62b52c2fe2fc,1,b40d29f5712c461285a5f50f36e3a9c7,7d2cdaad986743e5,26.45,6.4
dd3b00390e224e67951b62b52c2fe2fc,2,b2cf650b89b04ef89c7d217abaf1ef14,a6bc83482f6c4385,5.41,4.19
97c83122d3014532b654d10d8d53ec47,1,fbdc7f6787ba4e4faa6dc93e97903044,872ea3fab15749ec,33.45,7.52
0d2c01d0368b471fa28ddeb366fd9485,1,4dfbb553e48e4206aca62f119f8504af,8e9bf00c310b4b66,6.63,2.64
0d2c01d0368b471fa28ddeb366fd9485,2,dc61645c71f04884968595ea5522d138,3a3237fafbd14996,12.64,3.08
5a8bb9ff28854781a140ff029ea5cedb,1,84ff0bf739054562be8ed99a6cc63b63,65c348befe464fca,15.28,4.54
5a8bb9ff28854781a140ff029ea5cedb,2,0cc5082f4a554226aba916380b1e4a69,bcd2e86b70d94896,17.05,3.66
5a8bb9ff28854781a140ff029ea5cedb,3,3e14f3c1b5f8464186f5586479710cdd,531c217b90f2457a,11.99,7.83
28dd1034866e491ca4fb7b84df8da08c,1,34a99fcd435640b4bd7fb08277215cfd,bdeb9eff22ff46eb,30.85,7.44
28dd1034866e491ca4fb7b84df8da08c,2,d159d5070fb74d61bad5d7f6acffae23,dfb433c803d7465d,10.88,4.27
954bfb5b35b045e8a73dded73ec3c3b0,1,2d0aff0379bd4795adcc1e279380b702,8a01aafe1c034ca3,34.54,3.09
954bfb5b35b045e8a73dded73ec3c3b0,2,67c2b2aff25f4f54bdfcd00ffab4dc0f,8a34938e42224a93,18.07,1.36
ba90afb662894a32813d9efbca7853b9,1,21052461284441bd8445601659754f04,f1dc5302da9a4f2f,10.9,3.01
091e3b55bf1042a1beb85a21a39614a5,1,262ebb7d523348f3bc27cbfcad36615e,a57e42619b9149d5,14.14,5.01
8c2a2a0e9bcf4541aa62a96b1a0a2712,1,bfac64c47cb1460e9a34837e72ab65c8,c13d5f51f432474f,18.68,5.44
ad4966756bcf4cee947771a1454dca0d,1,29bcf2f01a534afbbc89718017974028,a0d5627dc9984d88,3.8,1.97
f56b366acbe14fff89072a120b4e6a85,1,9c608879c0f540fcbdfe77085b59c8f1,d93e4d2659cd4354,31.19,2.66
ac009d5749224d3f9b991a6bff591c3f,1,3aee56127a394beab42a3ad325c5523b,ff2932c701ee4ae2,24.44,4.03
ac009d5749224d3f9b991a6bff591c3f,2,1886d4d65b1c4be8a888f83b8b19e981,f42e065a041e4320,8.45,4.74
f0742b9391c640628d52996d4f411145,1,96264d20e8144cf7a7a0509d7c0adab8,e9f03775d4524d0c,21.08,1.46
968c3d40efee4fbaa1785107114419ea,1,ee3af86c24184aa488396eaf1d6f7186,882fcd264e794312,14.24,1.67
a5e8c6dcf9a6408a89cb7fed98e30401,1,fa7058727b7543ddb05b488351a67ac4,2e2e031a6e014c4d,20.88,7.58
6ce4488224d24921942db55a89d47d59,1,85346d46faa14671b6057fd7efb1ec25,30f83c7d543d4e9d,26.37,5.69
e74c70c3c0ac473397349d893d31701f,1,9d80144bbec0459baa084770b0b32ca7,72830d2a31404eaa,26.36,3.0
e74c70c3c0ac473397349d893d31701f,2,c8b4a9830aaf4a2d8e9857efe891a287,8446421a62034b24,2.63,6.73
e74c70c3c0ac473397349d893d31701f,3,b15da6b74dc944f88d486ec46bc36be0,5945375a8e9f441c,15.28,6.76
3915f6d58a50406595383fc92b2cfaf7,1,45154aa5d82644c691d1857b854736c4,cd8d288a05aa4755,11.41,2.16
7417439460a646db9a7db808bb66212d,1,8cc8a1ace22f4776979fbfef785fd8b1,360f6652c5bc46cc,14.66,3.7
7417439460a646db9a7db808bb66212d,2,40e041ce09fc4538ac5c42e4a3f3a7ff,6a1448eed17c44f3,29.97,2.52
7417439460a646db9a7db808bb66212d,3,2ebcfd4839474489b06102558779306a,0a735cf0353d45a9,15.67,4.73
881fa951cfbb40aca04e5f10c262345a,1,86156b5dfd32473db1146538ce18d3e2,8c57aa2bc87344ab,2.44,2.32
881fa951cfbb40aca04e5f10c262345a,2,74f2e9b7c11a4ec9a590e574dc47d1e8,0c955a8118ba4a1f,30.82,6.33
0c0a8c2acce84c5fa5df4de1e593e495,1,5a9c4cdfc6be41a58c7af9f49674f787,7e45dd57fc9b4eb3,3.8,5.19
b74fefa0a9de447aa87aedb72acc60f3,1,4e6e35d2bb43430199fa5d8da07cf036,90a0610671bc4733,10.17,2.57
b74fefa0a9de447aa87aedb72acc60f3,2,d3058101451e4ea0bec7e720eab5f9fc,720eabf1260549ff,16.7,2.09
044044296d2d4148b3bb82a5a8d0c289,1,e2cb5ee10f9d4495816a6f707a62d4c7,703f1eeb2bae417b,5.03,6.19
dffa61482beb41f490b595d06eccfd41,1,e8b8f3f5fbc14260bd1130c1f808c5a6,5d9a81a5cac04f83,2.26,3.38
dffa61482beb41f490b595d06eccfd41,2,ef1f8ce5efa14d8cad2c5894c3f0bd1b,a4524bb9f9b74d71,7.26,2.78
9b6ee0f041da4257a5f7eb986ea7e020,1,8919eced55504605adc4e38ecff8828b,103784843bea4e89,4.61,3.49
73aa444327e641e3bad9b5410e868139,1,71fe3ca9a9ce41f8a80e261e42ec0b68,9f24ab8679054ad6,2.93,5.2
73aa444327e641e3bad9b5410e868139,2,977f10e600b242008527835f4f25a324,5349d30807b745ae,23.69,5.71
a4b30b27e1364925849465701fa06711,1,59a39e30e64749aabb5c4bf60e414920,6d6aed881cbb432d,5.03,5.71
a4b30b27e1364925849465701fa06711,2,d3bb52a9d53645599e5d180cbc3d1d57,36778cf41f7847fd,7.81,7.71
e94c267ae35c47e9b8d09c8a239b7f1b,1,831e63344ea14bb5b89b938753513e1a,0d5734eb80fa4f42,6.97,4.6
e94c267ae35c47e9b8d09c8a239b7f1b,2,dedf168387d04ae6958fd1abb586c8e3,306aa9f77ddf4843,31.91,5.4
f24601199d48400f9b57abadabbf6973,1,1df4f75ad5a94a89bbe0e1063ac08f69,fb1d03597e46450d,18.75,1.29
f24601199d48400f9b57abadabbf6973,2,3cb4a53016184d7f80cb7f2e942eaaad,a3d5db49552c4bc0,10.5,7.39
24eb90254eae45b483465978dbd88148,1,e5c9d7c5a9cc46cda0541720861c1218,ee35f788b15f44f2,33.49,2.57
a2a3801fe953413f8688d89becb66c50,1,182fe3493d604b5d956b27e67d90ea48,5ff704b3f1c34c80,3.28,5.14
a2a3801fe953413f8688d89becb66c50,2,4f1e6d1a9b5141289674096e18ecfe9f,f463d23f632c4ac3,3.87,1.47
9e638cfe6b6c4db5939de72f71ca11be,1,dfd29483cbe14a26aa3254036a04d881,5dda8191a6584f10,24.81,3.91
9e638cfe6b6c4db5939de72f71ca11be,2,31045b9f16c24b299ff33a3d2f42c86d,dfa8e7bd2a914e15,10.57,3.54
9a0a2b4b84d74d9fa750cebcfc637f80,1,09aa3293857542729dd33a9f8e320607,7052c7ff0db7492d,16.76,6.11
ede115693c7e42e9b12819a30f12117f,1,e03f91b516914227b2e1b11ae63d6e7e,47f9924ea79e45b2,17.24,2.84
ede115693c7e42e9b12819a30f12117f,2,cfbe500edd804baf86912a7478c4cb4a,5ac92982e8534438,33.89,2.61
ede115693c7e42e9b12819a30f12117f,3,a43f3777b48249f1be2f8ae250325e01,790984b9412f4bd9,11.49,6.57
ede115693c7e42e9b12819a30f12117f,4,f33d4dc751a044a9b2ce4d02bf7d7f33,3e7e422aa18b42fe,3.88,6.4
cb0064b3158646509f5f94859bfc880f,1,98e91052b5364e07b14e504f3c222522,c03fd97c05a34913,34.71,6.18
cb0064b3158646509f5f94859bfc880f,2,ece133c7836949c1b577996ab9762b4d,5df7cd3f15f94b31,13.66,5.51
66cd9446d308449da2c3c597a59e54d3,1,ddb8610b087f4042bca1985741250e52,8db9748126284c0e,27.89,7.53
66cd9446d308449da2c3c597a59e54d3,2,1b0ea76759ba42f699e5fce996fbe378,8dacafeb81b64f60,14.88,5.82
66cd9446d308449da2c3c597a59e54d3,3,ba9bafdcd8174dbeb7253511b4edb87d,bda577a34b3047c1,2.42,2.0
05cc036169bc461297c19e21c41c18fd,1,e8abf637f99349cfbecc13f9f7c2d489,b203cc0d462c4831,10.28,4.51
05cc036169bc461297c19e21c41c18fd,2,e3b3300e96004457af81676224ae1874,33fa3851cce44628,3.48,6.27
05cc036169bc461297c19e21c41c18fd,3,91372a85f5b942fb9983a1c35d54f3e1,680144c494cb4939,33.0,2.0
05cc036169bc461297c19e21c41c18fd,4,aedadfacb23f4f6aadc1239f99f5c1f8,93e48385744042aa,26.18,4.63
c9a87e86a3ec48fd8b26a3d6582e16cf,1,b743bbf56e714e7396a187b242d4156b,e6c3bc019068447a,16.5,5.66
deb938c315024a068a89e0d1aa38e7e2,1,75498df7b8084dec888c40bd0f70ebaf,e9a2636033914edc,32.46,2.33
deb938c315024a068a89e0d1aa38e7e2,2,16c4fa1488b74eafb97cd659aeddfcd2,c6a05012c14d4f07,13.23,7.75
8b879b20cfd1402a9ac3b4ae4376ab1b,1,f10871b6a1274b4e848ea1b17881dc8d,e40efeebfd8b4b6e,6.02,2.67
8b879b20cfd1402a9ac3b4ae4376ab1b,2,5c4a58149c624852b088019fd9869c35,bb3749847e0441aa,5.57,4.73
8b879b20cfd1402a9ac3b4ae4376ab1b,3,72b0574f31834bf887fd2ecd3f8d1df5,9405786cb65c4c8e,10.56,7.24
485de5566de149dbae41473f0b18b7cd,1,94cf54cf6d3b4cfc960d5f41f824e072,d8e10179ac8c40f2,2.83,4.35
485de5566de149dbae41473f0b18b7cd,2,0efc4330a41b417db4ae7b7f649fd0c2,d2e6521fe71b40ff,22.79,7.9
a2f0ccb67dcb41d09c8f0fe2d7391766,1,af055bd403ec40af9cdc7b77c9984749,57c76710e1a0467a,20.1,3.75
616e3930effc46a9af9c7a2c300779ca,1,293ab91e43a14e5293fafc80ef8a5438,3df741f2538c485b,18.9,7.63
c3eb8a0f38434037b84f39e08224ff89,1,e1284292c65e460bacaf3f13a1a0791e,08a260a3c3574146,18.01,2.45
640f427e2ea14e7682d832ee88c59aa3,1,17851fdf96384ff8ae3d33754370788b,a6559212e6db433b,11.38,2.11
640f427e2ea14e7682d832ee88c59aa3,2,c30e018b94d040ffb15e42b21d994c82,121b3d5ba28c4601,5.67,7.95
640f427e2ea14e7682d832ee88c59aa3,3,821552cad6c1455a9a9b5ba36774c1ac,679f19eb407e4baf,18.41,7.85
640f427e2ea14e7682d832ee88c59aa3,4,85b8be584c8646209b77b31fa90d5957,f9de26902d9d4825,5.43,3.23
9a85da8282fb4706aa095d2a7f3cf467,1,1eb5357b41b9444eb560f0d3fb2dda00,69fb8c7782cf4b8b,12.44,4.22
a4e877815dd14ddb83cc81b77652aa51,1,6ea8ddccaa644242bc40f2dc0b8c6511,9040b922378a40f2,24.25,7.78
a4e877815dd14ddb83cc81b77652aa51,2,5e997931fdd3414f9e53851b2bbf2d60,ae00cc17a3514585,32.58,3.81
99936f5f04344c5880fdb12dd7f28c95,1,aedb11057ba849b099123874478764bd,8dfe60e834884b5d,23.1,5.42
99936f5f04344c5880fdb12dd7f28c95,2,7d54927c75194b1f8336039a9d9a9074,37e2380d7efe40f1,32.48,1.71
a894b84387fc4bf78d5d9cac5ec46902,1,db0547e81a70454ab0fbb90c5fd9737d,10af477f19a24318,11.33,6.18
a894b84387fc4bf78d5d9cac5ec46902,2,e333b3d37e3d4349820d0eda1aabd612,d89fe13ebfdc4f3a,10.32,7.92
a894b84387fc4bf78d5d9cac5ec46902,3,87ab8bd439554e29b5f106790e2da0c5,16b1857751414a77,7.01,6.4
8969c7943a87451e98fc6d3fd9e1f0b5,1,0eefebaccc4841db9a55aa43b570a93f,8dcd4617d67544a1,10.35,6.11
8969c7943a87451e98fc6d3fd9e1f0b5,2,ce341bb40e2945a385c64237b23898c7,719f593bc5404c7e,22.9,1.0
1edfedf00791475ea2aca1b35d1f0d54,1,4a236ad6f01f47eb904d59b50e940605,f9dc62d4f49d4e67,29.21,1.51
9cf016d6cf85405ea61c11f3e1007672,1,06a4553a610248f7a482d57e62f92795,453a944ca7534992,11.11,2.91
9cf016d6cf85405ea61c11f3e1007672,2,2ddea587003e49389bec58315d3613e3,192a39a89dbb48bc,18.99,7.43
9cf016d6cf85405ea61c11f3e1007672,3,b8711240232b4a84b20dbea4673d9811,af62acdf8c524a72,8.57,1.13
dd33b063568e411594943f07d4416a08,1,ac34556438ed4a49becc477a06b3e686,c6be6c3ae06e43a9,26.7,6.94
dd33b063568e411594943f07d4416a08,2,1ffc4919e0c54cdea6147eaa31cc1d95,40d3f924bff24f12,24.77,4.25
848bdfdaa8e1481983b6d0d88e02be52,1,2953d9824d3e4073b9e8cac64d853562,6295967b39ba4310,12.42,3.3
848bdfdaa8e1481983b6d0d88e02be52,2,0356d97daca94d03b587eb2fb6743047,d9a7ae2450994e12,7.5,3.16
848bdfdaa8e1481983b6d0d88e02be52,3,83dc2a7e4bf34d519f6e112f8ddbc055,fc4479ff1d654b69,9.94,2.05
3ae214b8b3544be2a543407df80a668e,1,18a57c52d89e4fe095af739549023710,f19183456fbb40aa,32.01,5.63
3ae214b8b3544be2a543407df80a668e,2,e7e0a5abd2bb4a12b721ef2a23b3d6e1,136450eae8044891,32.17,5.16
cfeb694da1d14fc7bdf44eb5f5a9a72e,1,b794dbdf9fd849b482a3a33af05226d7,d9c64495ad8140ec,22.84,7.51
cfeb694da1d14fc7bdf44eb5f5a9a72e,2,b5286a8bd8974609a40e7cc91cc69668,d4fca671e57d4f8a,5.97,6.32
7e745cb2c1b64cf1bc98c13e0ec77cff,1,b512029f00b64c6ba26914a87d96d099,49f1c71c566b4dc6,8.69,1.97
52b632583bc44bf394ec7a451b5ac199,1,54a85b74509d458b9ffa033f7412a2d3,158ee13606a4480a,23.4,3.58
caf062389c0e4b0aba347d77625475d9,1,d276d8bd684b41648cfd9c42124b6a4d,e1562025446946bc,10.72,7.58
6752e57648b044b2b37af25e4c7bb86c,1,c6a73f2d83c5469f84e27479bd01eb45,818aa22fb3634020,18.08,3.26
6752e57648b044b2b37af25e4c7bb86c,2,d39cc2ada0fd4c048ee338117ae8df99,f410fec929404ad7,14.76,6.02
8fb5834aa96e4f758c136f3d301d7e55,1,0cf8f3229c214cb09a48bfbcd0e036ba,3d537de4b95745f3,9.12,2.7
8fb5834aa96e4f758c136f3d301d7e55,2,fc03521770bd443596028cd009e3cb7d,4450e6d9a7864fe4,4.05,5.62
8fb5834aa96e4f758c136f3d301d7e55,3,433c9f3b2435415f8018de2bd4e418c4,8c46e3d20a714f2d,5.37,1.7
8fb5834aa96e4f758c136f3d301d7e55,4,6c32e1ed66954d7aa2e63233dc1ece86,3d706931189f4ed6,6.99,3.12
ec914bb5e3fd4c55a011fbc5426c6907,1,e5135a952841443ba6b64ec9862ab579,99345f7ba74c49c6,28.67,2.19
ec914bb5e3fd4c55a011fbc5426c6907,2,8aa62a602e6846c9818b97a25596e1c4,2d80ddfd365f4795,15.4,5.72
a926b0e1ef0a479aa1aa3a7c35c6a3a3,1,987b4163967e4f36bd9cc4e787a009de,1e29d28a0c1f4289,24.19,4.1
9fcd08fe25a8471b8110839ebcd39d47,1,9841c973b6f34d3492edebe6d8bd51c4,696717b43f9f474a,33.92,1.05
fce3523220b248dbad4e17f815a6d15c,1,ec02d3fc102d4f828dd28a5cc17b3d62,78d3b68038a14422,24.98,6.07
a98d13ba231e4408945763e7df4decc9,1,862d58cd93894ace989f7ec50dd16e28,56d45c5bdd7e486e,32.66,4.98
9ae9244b7bb846bfba18cd44e6b49a47,1,b1e3dca473b84a108a2f3f533977a26e,15d64e359e3349f8,14.74,3.85
b113d077800d46ea98e90e67e2ec7c89,1,df5b7efc0ba547b5b4034e3b7e892413,294c7b4c90914389,5.96,7.25
1651ef2bbcaf42ebbc9f517267ae1331,1,6a8a0f9d46034d16908fea137fc7b22f,d9fa0562d6a549c1,22.08,3.36
1651ef2bbcaf42ebbc9f517267ae1331,2,dab750664eef424faf56d3ed162a7bb8,d1654f8ff15e4106,12.55,7.64
07f020c1603d4404a156554fe5f34844,1,c40300fb87ee46f6802595e8bbefa5f4,0021e28c752e4999,8.17,7.87
07f020c1603d4404a156554fe5f34844,2,544efe2c6b7942699fae3aabecadc0a5,0d4ec83cfb714611,30.78,7.12
07f020c1603d4404a156554fe5f34844,3,03667793dda4402ab821c52af142951b,4cc83cde21cf4185,8.44,5.4
8b8ca79775da4484a0da04d24accdb79,1,db7439207bb641b3ad996be1d27549cb,1b3005a0443248cd,13.49,7.67
8b8ca79775da4484a0da04d24accdb79,2,e69cd42629ad4990abac7dbcea9d6030,46426d39f5c84a15,18.13,4.98
1ce43e6a4c76430ea3ec727653eedd73,1,89d4778fbf0d43d68ad120585b7674cd,69b355dd71a14a13,11.08,4.26
1ce43e6a4c76430ea3ec727653eedd73,2,b4dd5b1afb764156b2e16cc184d392be,b4f1cb1815314a66,1.84,4.48
1ce43e6a4c76430ea3ec727653eedd73,3,fea75d35850d48b7a10b4bdf60c8d195,afdba46a36614172,32.59,7.73
1ce43e6a4c76430ea3ec727653eedd73,4,708270ca204b4cccb0a8262030e9e5c2,3b7a3951d0404a1a,6.13,1.79
cc93e502c0764057869a0ede9a1231df,1,1e9592366ac344f9b3b427977843dab8,a6cec06068364a7e,9.79,6.71
cc93e502c0764057869a0ede9a1231df,2,6688af5997ea430cb85650743019279a,efeafd066bc54b1f,13.11,7.82
eff0dedb068b4566b74543aaa794529a,1,bb8b1df0841947c3b00651864e507757,78220feb12834a9d,18.01,7.15
eff0dedb068b4566b74543aaa794529a,2,2baf7d4ca9374df6857b1701b6ca78cf,911612eb192a46e8,28.23,2.44
ad829b58b1064c298cfa84b2fd637823,1,aaf7c8e05c5147d29c99142e8f6c1cb0,e09547fea16542bc,2.71,4.79
ad829b58b1064c298cfa84b2fd637823,2,e8724763eb5647bbb128088b5a766ecd,5a0676d06aad4902,25.24,7.8
ad829b58b1064c298cfa84b2fd637823,3,ee1caab85aa54e8b936c8460d3d1739a,f697c7d7d1f54e70,28.0,3.95
a27e8e29fbd3496ab66ace666c27a536,1,5f6f61a6b5144275a1a390fa7c1a3c88,af643e6f37da48cd,20.54,1.44
a27e8e29fbd3496ab66ace666c27a536,2,5560e40293b140a68e93a7280e3add9e,f685f0cbe5b04f57,28.63,7.07
a27e8e29fbd3496ab66ace666c27a536,3,aa04b2def01b4209a55ddffb2d04b049,8ee6d4d3e0ee417c,18.31,4.74
3657152e370a453da2281b84e35b7651,1,30f05f2800e9472aaaa59f931ed7c49e,74965114fb3f4045,15.98,4.02
3657152e370a453da2281b84e35b7651,2,38378ed9b0334f88bc4c18b94cc5be2a,493bbaf25b88456d,27.11,2.38
e4206d8a1a0d4609aa200817b78524cb,1,3fdf56515fa14df18c98b29c611642c7,95c931088b0b47c2,33.99,7.35
e4206d8a1a0d4609aa200817b78524cb,2,b77e96ea72524e2cabb8534d26155377,75d343510b604877,21.15,5.76
4bdce5f6b0104c3ab84a0148b66e06d4,1,0e95545753f74c64b549d2e4e2a6e2f7,736ad7d326f74c2d,24.96,1.75
5ddc28bc8226487e8afaf605a1d39690,1,440e849fa3ee4772be3a984917c4669b,7edf9005e6cd4a1a,12.48,2.2
5ddc28bc8226487e8afaf605a1d39690,2,51d375b6767e46b18838ab1cc69da8c9,f8d4da2a1212409f,16.46,7.11
bd3e5e4d4ac7414e9140fd2f183dff4f,1,fffb9aadd6d74810ac0e655291dd9bba,2e3d946b55544a96,28.87,5.26
bd3e5e4d4ac7414e9140fd2f183dff4f,2,77a0a10663e447e0818acd502ef77994,196169fadd56418c,2.05,1.05
ff0f5d9402c84a5e8050ca28c045813b,1,008d79b726c14c4688163a18a336eca2,9b711bd806824dbf,34.44,2.3
ff0f5d9402c84a5e8050ca28c045813b,2,2be44f14b983440ab31f1d7f9dbb92b1,27d7f6de81bf4dcf,12.9,6.61
ff0f5d9402c84a5e8050ca28c045813b,3,1474f989e9bb49a0862c4860488dd2c9,eb9ad07437cb4ab5,10.79,3.74
6926f57311e34cd8add1b137dcc53d27,1,c29dcf0d58e049e4bc584e940e265c5b,c118d93faad84064,11.4,5.72
6926f57311e34cd8add1b137dcc53d27,2,ebfd8e7d10cd4ea1896f14f5461e7e54,90b502c444654a7d,19.8,1.82
6926f57311e34cd8add1b137dcc53d27,3,134f9e6461e9458a96531b1c66bdffd2,646f6125e5cc4161,10.84,3.66
6926f57311e34cd8add1b137dcc53d27,4,e7afa7377f7346bc8d52b59f5e39c2b9,cf7fe087d5c84185,28.37,3.06
5b59439c959b4b87b6eeea6e1d6b42a7,1,5f4080819b4a4fa9bf4973aa3e8109cd,093caa24deb543d2,34.73,4.51
6681e9a34545487b8bb303bd57dd6685,1,811867c4f5c3467e8519e48e0795457e,56603f7e44b5465e,4.59,2.68
6681e9a34545487b8bb303bd57dd6685,2,3b4d20b1c38545d5bb99df05833d3588,1264444b98bc4dcb,5.57,5.76
241a3f0ea8734be590af6c0935b05531,1,e5b129883ed94b17bbdc7136e628c494,99a501af281b49f9,7.79,4.87
abb56d24d1124cb497b75c427a6429d9,1,0509f21a6ac74c50aeae940cc5093daa,16d73de108c245bd,17.0,4.36
a05a424f930d4781876f256eae31eb83,1,df5d65600f144c628cd364eb0fbf3ae5,158f837728a74098,11.51,2.63
c7772f66e5fe41d9910233793dc4d4e5,1,87d96ddebfc840da91fe1a0d6f066c6c,b1e7e8c990be4a7a,20.46,6.13
3f2de0238c734649847e3cd7a8b75cf8,1,65cf3ff7fdae406ba6832f6c76c6488f,b0272afd613d4f78,6.8,2.57
265e09d9d3bf4fca859e38fc32957323,1,f12dd3dea635423daf7ed3f1a6780e01,76591409ba354e22,4.38,7.45
22b730e9531249a5a7c03350e2da18f3,1,7f885d3fa0484dc683cfd37551dcac81,b68cbc9796254666,3.63,4.85
22b730e9531249a5a7c03350e2da18f3,2,f2c87a8603214a0baa6106c89645259c,324d31d897764b95,8.87,6.68
9648c9705ade421383128d8fa32cc57c,1,1175204a36554659a15f1d0a8b7d8875,2cae139d00794bf7,22.11,1.41
9648c9705ade421383128d8fa32cc57c,2,5b1dd21cb2e54b94a788364b6af57f70,04855acb29614c04,8.52,2.1
ad9ad64066144080b2d8d73796323b79,1,655ca5061c9d4192b53d7108831c032b,d335f1fb37a34c57,7.05,7.11
4b4069cba78345338be9463055214b58,1,dde9e9daaa90492eb0931ed313453fa6,97ec60bb9c914567,8.65,3.76
4b4069cba78345338be9463055214b58,2,cbd08bca001845f4bf3f74792ec1d933,1ba5ba130aa54b13,9.41,5.83
2400ecbf95ea47a6afa7fb7374a773da,1,d7073bccd5654a8f8d01b6630b997728,d334656cf2ef4edc,10.81,7.68
cb5f1a3168604da789fbd60faacaab5b,1,a78bd92d224c4e098039b4b5160212cb,edefff455a644800,18.72,7.8
50369b579d864367bda88fe725a0c1c8,1,e8e54bf148514f31a1e8f03fbd0957ea,9299f9aa0d9846e6,32.93,6.44
50369b579d864367bda88fe725a0c1c8,2,d036c574623a46ebaa0c36f3d8683e82,80cfb104bef34569,24.13,4.92
50369b579d864367bda88fe725a0c1c8,3,32a0d5027d5d4930b256ffd6d36a8e15,37e060d67ebf4132,28.36,3.17
18512821cdcc479a9bbe8961ba926e46,1,073006a858b947348949001f7f45bf9b,f5676ea799d54e34,33.75,7.85
18512821cdcc479a9bbe8961ba926e46,2,ce796c220c22438ebdd49b4bb024db03,6d6b6a21d85c4df0,6.12,3.51
775b6af7d65a466791635f6ff9fd3fd2,1,14e7ea8db96c4d69b761419417bbca32,e83c856c8f8745a9,25.78,1.03
775b6af7d65a466791635f6ff9fd3fd2,2,6ecaa9734dcd402c8cfc71f2fcba426e,062f90b4d7154e89,24.88,6.87
e13822f329234040ae3182d0d567d128,1,756c30b1586040b0b566d83b852d2409,b320f046c0024568,3.96,6.17
e13822f329234040ae3182d0d567d128,2,3d0218e467834706aaabf84e40a4251b,ec77eb614fc9421f,30.71,2.45
e13822f329234040ae3182d0d567d128,3,4544ebd0881b492dbd91438ecfe386e3,03890ef60ba94099,17.29,1.38
e13822f329234040ae3182d0d567d128,4,cca76f31c51c4692a4a1caf145a2d7c0,80f781ba8fc34b66,16.44,5.25
a2f71c35b1734a83a884be2bd69cfabc,1,11ef5f870833495fbac6e4e9fd38f4f8,16f073e77cd94957,2.55,4.25
fe833693cfb2427184367c64fc1b6b17,1,0b30e16eacd244909a88b62934fb5139,472ef2da364d4520,27.99,6.94
4d32083943c94553ae4eecc447540885,1,b8061329da2644c38563a1b92c8ad15f,d360d66d5ad341ca,21.35,2.49
4d32083943c94553ae4eecc447540885,2,a5512c754fd9427698f2f54c6df5b0a3,d649993ff9d74b16,7.15,6.52
c7ed282a28bb4527838156c72de0d6b7,1,f10c03e7d30b470e9f21b8b6e8f2df8d,80eb9b8da048438b,13.41,5.17
099851c93f664c70baeac6172d510aad,1,c63249cc01b344a897078a0e35cd0677,b1265aed0a294fac,2.06,6.86
f7816a60ec8e462c9f41d2d3d4229fc8,1,608720a495a1403aab8663723b0d91eb,42c30a2be8ff4de3,6.44,6.71
f7816a60ec8e462c9f41d2d3d4229fc8,2,8281303cbefb478384219ef53af5b416,50a9ba0fba4e4a1f,11.47,6.85
7bbbd90a318e43229bf29e0d8c593f2f,1,7e6ae8c127594094b808aaec8e4f50bf,cc9941fa456e46db,22.51,4.43
e078ab37912f457a9ef0ad624a96f31a,1,0a5688880192475b8975a451185b746c,1ccae90fa6d94129,1.77,7.75
60bfbb3677a54b33b7eaee9735ef080a,1,880052d48f374d38bc556eae834093c8,0b3d0a05b063486e,7.16,1.17
60bfbb3677a54b33b7eaee9735ef080a,2,58f0c4dfb3e4471a9539eba0ab0736f6,46d031d0255343aa,5.63,2.95
4fb1f1b612914f0aa43cd53d32dbe42e,1,5db45df82a4c4e4db134621af8400159,b537026e0de24c83,23.98,5.89
4fb1f1b612914f0aa43cd53d32dbe42e,2,bf79a8cfeef54812950028609456f236,637ca2ade03142f4,18.91,1.92
4fb1f1b612914f0aa43cd53d32dbe42e,3,0d7f0a87b91340e080ae61e0716f6ca2,d0464917a16b4074,31.33,4.85
ee10c21958ac4692867c1e044b3dfd5b,1,c08fca4297504b0c8e97895500b4df3e,814434f2e6e64958,3.9,1.82
ad885b543a474918b5766c96c6fd8ded,1,58997e10af704171a6c62b72f507cf79,c2bbcb76664d46c6,8.73,4.36
2a07d7daa8214839b9a975f07bdc8c1c,1,378d5a0e188c4e099e9f3c241a184bd2,c311b32bb6d144e8,10.31,6.85
2a07d7daa8214839b9a975f07bdc8c1c,2,3df7449426b6433dafb4726419465e80,041b2444a67349df,14.9,7.96
229a1ba148174b359a2bf8052821f325,1,c22648728bc34e14be569e5b44108823,afdd2da732b64ec9,26.46,3.59
229a1ba148174b359a2bf8052821f325,2,1536ead29c6448e4ae7b6d7743cd0d74,47e123ff99034d3e,24.03,4.66
964b44ce8bc34694af64315a89f472c7,1,0e5870476ac542709ca65db96a60b712,db26f95f6aed447b,22.05,4.1
964b44ce8bc34694af64315a89f472c7,2,13b99608c69143ceae7206345a96f403,af2c3c2457044369,4.38,5.45
964b44ce8bc34694af64315a89f472c7,3,98a4d80b673a4695882c69e3550cc8cc,08243490de3f471b,13.95,1.2
3f25105fa48b4bff970add52637b5ba9,1,e1a75e95679f4831a53a355e60d4fd6a,0d358d6695b740ad,28.23,6.21
3f25105fa48b4bff970add52637b5ba9,2,63bb2ee5cf6d47a2ba1ea0172cc2c6ac,4ce7864294234e6c,27.72,7.97
af361db392244a3e8cbca637e8d2323f,1,453dbeafcb5a428883c4ffa03656f5b8,91ca9968892e422c,28.42,2.19
59b8a882ac894dfa8d3b5f734ea70213,1,6c067887641b49ab975a7ec50144bd65,179fe9bca1134927,11.56,2.12
59b8a882ac894dfa8d3b5f734ea70213,2,bd46d0ea9f0441849338189152e739ce,792cb665728b4b81,27.29,4.67
934fe22e29534dea86cda79e4fc7bfa1,1,2f84e173ec7e4001a50802a330723477,2473d7aef1164280,7.13,3.01
934fe22e29534dea86cda79e4fc7bfa1,2,4f49c0a0a0c74c59b13fe482974ac8c1,c27028b3b91f42fd,7.57,2.61
934fe22e29534dea86cda79e4fc7bfa1,3,2aa6c33f551b42a7af6efa6eac88b80e,433fda181e854e4d,6.28,2.44
efe49455783b4513bb785666b0a5c169,1,213cacc4428648e38bff703799c29c69,6c9c1ce93e154e15,22.82,7.4
efe49455783b4513bb785666b0a5c169,2,95d9588af156491a857a3f0bba50b8c0,f515fb2212614170,3.38,1.64
38b4ced1eb3a4e76b4d55e024411d932,1,3905de279ec040d9b1a8a3e6ad5c09b4,76ea3b8552384758,19.89,6.63
a40100efdb5547baa19f48773a5993c3,1,6a59f6be6e49465f954606a79c6f88e8,0f26c2da6e9b403c,9.37,2.87
a40100efdb5547baa19f48773a5993c3,2,672083cc07b64262a69d10af1c10f535,ab97069ca3a640c8,29.22,4.16
05591dcd9448447886a05a0fbd617096,1,4b9da63a96be4a44b9ccefa4da56f66d,1065b39fc8194534,9.0,6.63
05591dcd9448447886a05a0fbd617096,2,51de72436d4c4c77a052410c2d6fabcb,b1ae77052b4048d9,25.6,2.04
05591dcd9448447886a05a0fbd617096,3,ab717bfbbf47486bb05447074e15ac62,4298a87162924168,26.83,2.37
828d8d64a2e4499aaddca3899c947aef,1,29413e6d801145f6b4aa3de2a2156bb2,8a9fc6a8fff645b5,31.13,4.38
828d8d64a2e4499aaddca3899c947aef,2,253301ab16ec4e5a91d92a92594b602c,681dbdf397894c06,2.1,3.98
93d5c82f4eef45adafe9f9b6f6f8b064,1,47e5a5b9562a47cabb481a10a236f987,ccc8c2110e10473b,7.8,5.01
93d5c82f4eef45adafe9f9b6f6f8b064,2,bdcc67344dbb4f218e7c81ae5f42bcaa,1c97949e26654bde,22.72,7.16
17b07c6d8e5445eb97e7725d5e3938c8,1,5ed4ac8341ac478b9b2c3f07c35e09c6,f7e6972bfa4d4b48,16.19,2.32
4085004e73dc460492975fc56d2b230d,1,e7dee9b32e8d40348f71f703e01ec94d,27a83fcebc174894,15.76,5.61
8adf6c87f8c646cda1b30fa88bc19fbc,1,3303fbdcadfa4f51a0c969b8e647439c,a6472a7ec4274487,13.01,7.38
3f22dce861c54946928fcee8a43fce06,1,664d351b90ac4c269d7ddb26389e654b,4de2c6e9bfab417f,17.58,7.88
c76819ef41dd4315ac6d64db960a7ae2,1,71b9d3420160459687d177112ecd97eb,abb31f0358114457,19.27,1.85
c76819ef41dd4315ac6d64db960a7ae2,2,348130e808d64e1fa5cd0963b29ec2b4,1d44a0bd53964d10,9.32,3.78
d5fb8fb6099c4a568f0741532a537be0,1,bd9d44b89fa84cc3b453f179440cf39a,e2ddb3a1135443fc,20.92,2.84
8114708ef78047398d9f1a63a0a38a68,1,2588176831b44d6ab2114063f0018679,e7452da8600146af,3.29,1.88
8114708ef78047398d9f1a63a0a38a68,2,03d43c7f687e4bbc999cd109437bedfd,f53a798992ce4168,19.57,6.13
5acedc9e9e654411ac8f0529582ee0f4,1,7349db1d637049738df42f016bd91bdf,8aad486e0c324e07,11.2,7.12
82199d51e01a49bfa5d60e7101d3fdda,1,6f83c77b841c44969bea45e2224cfe9e,03200eb413464cd1,20.57,3.18
494563f8ccd64fe89e17fe635f118414,1,91f7cab7180f432cb83839479e17401f,2ac7ff7f265f4659,33.75,3.73
494563f8ccd64fe89e17fe635f118414,2,a372e4ebc71a43309665a6d20053ab77,b80f162cbb614c01,34.68,5.1
c26332d5749e4b65a58657423ef6e49d,1,eeb8224172604e8abc827540c7ddb1fd,a8c20a0601ea4c66,3.58,5.36
c26332d5749e4b65a58657423ef6e49d,2,c6a82dbbc65848479e7560dbd4e366b6,5cc8257b95cc4e0c,11.36,3.51
c26332d5749e4b65a58657423ef6e49d,3,9c93e208b7b048ff921919ae64cb7f58,1a440d8293f24b59,5.08,2.06
153f9309ccdf4e3f863a36b088aee1bc,1,a81092d40c72409d990d893f6182bff0,8e2f8b7f15284b2c,2.22,7.91
ec1496fe00c7498c813ee2a931c4e819,1,60310e36c3d145349963c29f782fc29a,a8b27775b8594468,20.64,5.43
6a7276d0c05647d7a82a3411f5e95ff6,1,2517c57f801f49bab3a825b49b1f8d54,e9445526ed6e40ba,15.71,5.77
6a7276d0c05647d7a82a3411f5e95ff6,2,ad03146a1151435a8db4e0397498f286,d63b79b591cd4711,17.41,1.62
f66d1bdf9a9b4f0ea4662be6969f0646,1,b2975bb78a294cd79f7cd89baa1746c3,eb17edb1d2274195,15.58,6.68
67210dfb413b4182ba42bbfdd777b74e,1,2f65d86fe4a3498d943ca43c10654ba1,80884419a1574b8f,1.56,2.81
bd8dbe2afba74bb8b867f143fff16853,1,bb10c2008f084e14b605ef6fc8c086ec,7c0f06a5fc0340c7,13.43,2.1
bd8dbe2afba74bb8b867f143fff16853,2,366378ccedc84b21a7cf622987179019,d3b903be2d514989,34.91,5.25
bd8dbe2afba74bb8b867f143fff16853,3,8a7b08ad205e4aca9f412c93cbeffe8f,d2e816176529494f,18.84,4.91
d5536d69e4924a35af62046294623802,1,e166bff2726d447ca7d2199a0b648795,068e8e9a77e8442c,12.04,3.48
2590420742ed4410b8892ef03eb3eff2,1,c9aa662f4ac248cbb565854d8681ddd2,932594393cc0449c,27.94,5.68
2590420742ed4410b8892ef03eb3eff2,2,3b1e791a5ed14e0b80b6c421784de2af,c53b398a911a4d1c,10.59,2.18
2590420742ed4410b8892ef03eb3eff2,3,ed7efaa0720f41e6be1846f89a1974f4,c12e5006325e4696,18.22,6.32
861d4adfb31d4e038b72ca53b6229936,1,7f83106256a748a5b6f57d28f34bea0e,d4339ac06016441d,33.55,4.88
861d4adfb31d4e038b72ca53b6229936,2,2903c85188a5493a89e6cdecab1ff579,54fc7a890b634419,5.74,2.61
861d4adfb31d4e038b72ca53b6229936,3,03cc011d66894a3b89bd4e931acc77fe,449fccc45f46444a,19.86,1.67
6aee8ad9bb2347d78d062cf9c32a5c0d,1,3cb8621278f84f21bbe82235df8f14f9,71ed4fab63bf44cd,8.13,1.78
0423c633e6b1410baaf6b2a99cbd601c,1,4041c6be4cbf4c43abe55127627892bf,1eb3626907e6431b,20.09,3.0
0c2766d9ee5047b9a1f19bc8f22a8723,1,70d3a605ce894c52b74cec3e232e31f4,3b8096635bbf47b2,13.91,7.26
56d9478445de4a82ad25d7ba2e092a58,1,b3fc0f545f8f4befabfa9f5dc479f8c3,cff883ed296c4789,3.19,7.85
56d9478445de4a82ad25d7ba2e092a58,2,f0ec669333eb40b885678487e7681c95,495faf98d7474cdd,30.58,4.31
56d9478445de4a82ad25d7ba2e092a58,3,65086193dd1a4733b23a62e472eb4e7b,b27d8d7177ae4a67,24.27,2.53
f4d94a9bdbea4e01b45ef07a8f20c89d,1,185c151f126343aca97fc7f922345835,790cf5e863034344,17.36,7.2
1db9005c9a424ab3b13557f749e7c7a4,1,332cbb1d425d4825b98a5d0521479dda,bcd4d195378d4ad1,22.35,5.65
1db9005c9a424ab3b13557f749e7c7a4,2,2a27675cae7f40bf93f876bf4e0763ab,952dcb370694444e,25.78,7.08
1db9005c9a424ab3b13557f749e7c7a4,3,865e9e0125144de7a076bb7112ee2a6a,1c47139400114b99,10.84,6.94
416ad82e48f84293b03af5bf33c97b0c,1,84c08a33837548ec99977054a10bfdc7,3e07c27ae17b43e6,27.43,1.19
6944af6eaaa04eea9489ce11aff92f92,1,f80c3164588c45c489582109b4f841e7,2836751766824970,22.64,3.92
87baca8402e04a76b0dc9b0eacf1775f,1,85460c350a4447a8a3593be3909ec87e,322e38c643db4a7e,19.97,6.76
87baca8402e04a76b0dc9b0eacf1775f,2,0704d7579c0d448580c79517b1887832,a14ff8a3211d447f,25.24,3.86
497ea140514c4b83b696911fb7f46fda,1,aaa11e5c7b2a43a795b287ad6ce7f0d0,5e4ccda9c557477d,10.73,5.83
fde431748e9342289d61e8a92b427581,1,908d8bf942d24ab58e03a2a2c41cf2b1,f771b13e5cce4a04,19.45,7.42
fde431748e9342289d61e8a92b427581,2,ac77b79b994546a4b93d6308e0a3b0a7,0c2f4c043e94467b,20.18,4.5
76b97944841844599bf16ad1da704664,1,0a80439b1a244622873eed6d6f5aec65,3cc45fc5172f49e0,21.84,4.77
c062a103141344f4bc6150a8c658f033,1,7bf1c0673a4c40f598b02f258b34ff8c,e46c20b082b841a4,28.11,3.22
c09e2d4e4f1748d189068f6b11c683d7,1,3f67d918cabb474ca303892f5e63940c,27f042aeacec4dfd,33.32,7.48
c09e2d4e4f1748d189068f6b11c683d7,2,d9b36d49ddc246dd856e250664ed1c59,7417874c38ea4a86,27.36,4.83
c09e2d4e4f1748d189068f6b11c683d7,3,e7bd71fb503b4f17b1c710cad5f57f12,c7a6ff38250e4688,17.79,5.21
5ebdc2812a6f48e482ec52c7bc68f2c0,1,72ce71a0ec44447cb5abab9d51078466,dc644acc6197442c,27.75,4.54
5ebdc2812a6f48e482ec52c7bc68f2c0,2,3ddb7e31ae794fa699bcffb9229f3122,a9448f8e0baf48f7,3.25,3.66
5ebdc2812a6f48e482ec52c7bc68f2c0,3,845ada0dda6f401899b4284f6f6a00d2,c74fabd0368c41b9,27.5,4.28
f5b892c831c14237b49c102756dcca16,1,232778db4fdc47c8b16fb74c9793b193,8eb32780969849f1,21.46,6.1
f5b892c831c14237b49c102756dcca16,2,917634e41be04698b05e7c019ba9df49,0a78327f9f7c4d84,31.16,5.96
0f25dad371a145619fdb1cbffaa5f908,1,d1b14e132c63409fa13c14edafd1ccc4,4136c437ed864980,24.7,7.59
0f25dad371a145619fdb1cbffaa5f908,2,59c10666ed494fe18f26bb725a6e93b1,8c013014da0344ff,5.8,1.61
f44db67fa2ef4d799ad3186edfbe382c,1,ab5eeb001e6f4577a32cf1322b72fbb2,3af070b7dbc64f4b,12.54,6.98
f8a69eb62f614ca3b9daf00352538c7f,1,a0d9b0c49953404896aa1d24a34e91a9,d947851b4ca04ba8,32.93,4.82
e31309ba7ca14284b7ad44da70cfb192,1,470e9aee1fa044c18126aa793580a73f,e96a94a9d30c468b,29.11,6.48
e31309ba7ca14284b7ad44da70cfb192,2,9531a507e8e14bb2a87bc882e3a018e4,a7f9db4c399141c6,18.45,5.84
5365a8960b264f69905752f58ecf2a1e,1,ec2ca18a522b4958b3c8c330b23547c3,1c957fccd7d54118,28.08,5.33
5365a8960b264f69905752f58ecf2a1e,2,7469e28630e44343b903ce65adea432b,eefe03eab50346c3,31.04,2.38
7e030bd50a3a49309b2c479cf4e31c6e,1,ccdbd2bbba0a4dab8e949d589dac1249,ea5dfb20a7064fa3,18.05,2.87
7e030bd50a3a49309b2c479cf4e31c6e,2,a4d797be6cb049ed9dc5ed0f524af014,d37ae97495e846f7,32.79,6.96
7e030bd50a3a49309b2c479cf4e31c6e,3,a1017dd165374d89821a66d20fb9437a,d699954b0d1e4cc4,22.36,6.16
774a20d2a7cf4a8495ab290009691719,1,2780f3a3c2884fb7af0d57362604a38a,7a3eaf18eb4a4cbe,18.77,3.94
774a20d2a7cf4a8495ab290009691719,2,7b33cc3e4f784af1ae8f869d534501b3,329a9a79e21443bb,30.53,2.09
a02ecc81e8814159a60286647f7f802d,1,ab5b75d41298430e9e5cb5c0c22a15c5,4ba017ec3cb84503,30.56,2.36
30003cf502e94881be7f386517e0cd33,1,993cc95977d348e9b694963579012bd1,872ccbe50e4c4247,2.67,1.82
30003cf502e94881be7f386517e0cd33,2,06e3398d089046e08bdbeaf81f2a932b,a38e41192d2344ee,22.92,1.77
3c5c3d03b59a474faca97dab5fdf754a,1,2a8664cea9ad49c79ecdebdc133038bb,909bfceb3e3749ef,16.25,7.91
8064581539c94ec59122db58800152c0,1,641ec7954f1a4b1e8f784ad1aee9e3b7,a0266d6723194ac4,22.3,5.13
8064581539c94ec59122db58800152c0,2,69eb7d3f905143338b98c00df78fe900,6461497dc0f04320,10.4,5.39
cd806e061a2e4d99973978339ebbdf94,1,26ee60f3a9e54561adc8b6209a1fd1ed,64ec2a612e87495a,23.34,2.7
cd806e061a2e4d99973978339ebbdf94,2,a42a0f6e74f64431a5f5739e8c1b0b24,6e9f0c20a2f740e5,8.26,3.86
0fce93cdf0ec4be2b18b81901be51604,1,ec4794f8856c46b98a1137307e0a89df,745a35e4b7c54132,15.91,4.26
8bbd1326547f4c44aeb98920fc8b5b33,1,0cf794d8f8cf4eacaca31b834dd0eee7,492fd295d63a448e,8.12,6.13
e3ee683c010543c88cadb0055865cd2e,1,d3ee64d4ce014f1d93e8a86b2fdba67e,22eeaeff0e3341c7,24.63,2.51
fbbe953b521546689c0dc819e8b410b9,1,1d5e44dbb9084fe1afdf0934d8e62cc6,f7d5a672c3154f57,25.26,5.53
fbbe953b521546689c0dc819e8b410b9,2,ac70110a7afa4ee5949b4d3d804be428,709dafa25c474c04,13.84,5.02
fbbe953b521546689c0dc819e8b410b9,3,9bd48b7ff10a43acb45b181fba976ef6,6346750f102e4ce9,3.05,7.68
7e4e780c9e564b95bfea22a97e221d68,1,1e712393b1df43f095230a21e8dda84f,5828762c3b0847cc,26.44,3.15
7e4e780c9e564b95bfea22a97e221d68,2,a7c2a171c66047648a7c861ab875551b,e2cf976e9b524eca,18.48,7.88
0f8f1de5de1c43cf8095a5e6920e3378,1,1117bac619ed4e90bcb4bb92cba63a36,ef630c425e744018,8.19,1.54
5eb077d9b55744748b0da160b60bd2a0,1,a363213ab4094a95aa1a3871762d50ff,55e29103d6c34cfe,18.04,3.15
5eb077d9b55744748b0da160b60bd2a0,2,8d3266b0d9d54451a26b4e85553c1429,1fae2be0267e40e3,10.09,6.97
adac0e7bf1014c47a6ebc5af899c5352,1,a80251edde6a43d68ff484eb886661fb,43bb01b6716c4642,33.65,2.87
772de5d4dc3745d683222fd55e627ec6,1,b0622b76d26d48c9a50aa18b71a82cd0,71f65c48e2cf41a4,3.89,5.59
772de5d4dc3745d683222fd55e627ec6,2,ddece41a0b9a4dd69a6ed62ee7f16e4b,840d991c5160480d,3.79,4.06
772de5d4dc3745d683222fd55e627ec6,3,bbac8a497d924b9daf522a5d2b735646,515e993521574ecf,12.33,7.82
ba85cd00e35f4212956b71c55454129a,1,00984afa46b547a8a49370071174c1ba,6761cf18fc6b4504,8.54,1.99
ba85cd00e35f4212956b71c55454129a,2,fe393384a5be47688ec0957d9c71c596,0f50f2f359be47dc,32.06,6.3
4c65ae72fd43483dae4eb70751fd6b6a,1,daad637a2c8f4ae1889785cc2c7b18c5,0c56875f651549e9,3.75,2.45
4c65ae72fd43483dae4eb70751fd6b6a,2,5e1f7ec9c8e343d087b812c64213b76d,0641868eb74e423c,25.3,2.59
4c65ae72fd43483dae4eb70751fd6b6a,3,84c17e9d3c1e414088004d19b2e0e14e,50fac6e73fb24339,14.39,3.09
853370890be14518ac44e7187806398a,1,1881ff6d70e24ba6bbdff7ed9cce621a,3d387751cea34e2f,13.04,3.0
2df3aaf681df40e59ddd266906346a12,1,eb9d6e3301114a1aae20f0a7ec835340,5facb0d0a8e44af3,1.66,1.21
9d57a72008e743fab51cea61f186acce,1,606524acf55e4a30a5cfd09aff3a3608,60398c754dca4052,29.05,7.59
92d2091fec944fad8689d5b42ab3dc12,1,a9329d56f8654d0d937ec45c223d141d,b10c65e06a764a37,28.72,1.97
92d2091fec944fad8689d5b42ab3dc12,2,033aed4b6820406e97fb375cdaab6dda,29591e52414e4203,2.58,2.64
92d2091fec944fad8689d5b42ab3dc12,3,1c8cdf04d40247e3a19a6728a574f69c,5245f51b65134c1a,20.85,6.13
69537c7cd0f54a3c80d8fe2b5594bba9,1,da95d4cc611448c5b47eb4a0e22cadcc,9ced97acdf6d4f87,31.1,6.45
69537c7cd0f54a3c80d8fe2b5594bba9,2,d84077b8a6784716afd58ab4e0a81a75,a64ab9ebc8c14bb8,12.04,5.25
69537c7cd0f54a3c80d8fe2b5594bba9,3,99e2819bf79f42da95e0b390a55c4827,64f89d3b34804636,6.87,3.05
69537c7cd0f54a3c80d8fe2b5594bba9,4,d668a63c94c44c02b266a870e12beea4,c5d64bbbe0054851,3.19,5.43
e037b76aa6a945eea04c8500cd4c444f,1,819c810e2054404c8576306fdb54db2f,e9e2baee11594a45,34.26,4.78
3a004ecd900642148a5b0e38de4480a0,1,26669db8a801479b9a76253463f5f4a0,c495252ec1a04626,6.68,1.2
3a004ecd900642148a5b0e38de4480a0,2,37afe0ceae8d43108b49a9e90b48a0ad,56c26ca958fc4651,8.82,3.33
3a004ecd900642148a5b0e38de4480a0,3,4038c34408e64080bdee3906a825ec4f,c97c648fed824bc5,23.64,2.76
3dbf640a516042fca1e7075fe2d39d6a,1,58a25ceb1f7f4fb18c4d15160f196cb1,b4a48c431a36407b,19.87,4.47
1d26d48ce84b479789a2719b75bf68a2,1,d84e7d11d23e415899525f144c6ece2c,9335ee8a04584bf2,27.68,5.5
1d26d48ce84b479789a2719b75bf68a2,2,7b90c9a3e7774927a2967640fd439b2f,568b63595cd745f6,26.01,4.09
99c42646032b4e9581e32d5123da02f7,1,10cc990c8ed54b7d91ce6e58eb989fca,c3f272985f0b4cc4,31.86,4.95
99c42646032b4e9581e32d5123da02f7,2,e63b1aa624e243388e52106177f17cd7,8cd2f9b0606445d6,29.04,2.03
6b5cabde1ae240eaaf2781b0db36b4c7,1,f1c37285401243b89ffd6ddf62e08516,e288d001cc584890,31.88,2.33
6b5cabde1ae240eaaf2781b0db36b4c7,2,90b439c32afc45ccb77c6c37dfbcc428,5ee4183c8d0b4ec2,16.86,7.92
150946ab543c4d919ab49258f121a90b,1,f6c5b1f22b5a45c987009348adae56c5,d607792e31cd4f60,22.44,5.22
150946ab543c4d919ab49258f121a90b,2,dee699396b85406bb2c48358587b3129,37034c0c64fa4f95,6.84,5.01
150946ab543c4d919ab49258f121a90b,3,7548182bff73416e9214856309112599,b8bc4b937eda47b7,19.92,2.64
5bac85937e8b4743a12721021aff9fb0,1,23cf9839edc64cdaad828e312c4eea55,2352b19064414224,24.83,1.77
7db9cdfe0b014c748d06409791a792e7,1,0a0beacb1bc64bc49601a6d381a24b09,6258315e68864a5a,8.33,7.65
7db9cdfe0b014c748d06409791a792e7,2,23dffdf6a3394a5097190d080ecc8778,0b2a4b14d2b446f0,26.59,4.09
337d82dc129f48a8b75b838b915a2765,1,d48e3cce29d644aca98f7928ea46ea53,c9898d190ab74716,9.27,5.04
337d82dc129f48a8b75b838b915a2765,2,618597d1c79f4423b22d249e6dedc9eb,a37254042e7a48f9,14.66,4.47
1e48c064192c41fab53bd4158ff5f0e4,1,fab78b6ddad64dada35d2b8a8df7dfe5,351fa3a84a3d47ab,21.0,1.86
1e48c064192c41fab53bd4158ff5f0e4,2,92c3a6eca6bd488e823057f7aa2e4ce1,106bf4e01d8941b8,21.07,5.94
d1d8b22327794c8491eaf57ac74a7cb5,1,96c60ebcf1cc4a49b919b9122d497db8,85792b1c40f44a7f,6.64,6.57
2858170041714b14bc5ee79bf126f12a,1,24c40c6d96074c60b28d5d02a6eed828,902d4c77f62e487f,4.78,2.8
2858170041714b14bc5ee79bf126f12a,2,8579167f3a5a40f2b4aedcf1542ded45,6be2ff177ef94787,34.21,1.85
2858170041714b14bc5ee79bf126f12a,3,64b4ae53c15e411daf3c2157f42bfd1b,82beebbc32724e1a,30.17,4.44
2858170041714b14bc5ee79bf126f12a,4,abd2417d37a34d3db2dd0c24f5c1c21c,44eb032158db4514,6.4,2.05
62d2fe4390d7484da751227bfb4fbd79,1,692d9b022483400196db524454079769,111c43f3c91c4563,2.15,4.6
62d2fe4390d7484da751227bfb4fbd79,2,039b41a71fbe4089ba6c9a7e81f52ea1,797168a5b5da42b8,15.57,4.22
2ee94ad148d04c1f8f9a90fe582d1c68,1,6bafeea89946435daf4f1d596e3b4488,2612225b5ad142d5,30.97,4.52
2ee94ad148d04c1f8f9a90fe582d1c68,2,18a7d224b62242a6af74d8eee606d58d,60a586aab6384a80,8.5,5.39
024d3e87dbf14a018418edc634dcd86a,1,e2f807a78ff041e2b8c0d38cea195c94,9cac76f9e2d84493,19.21,6.26
024d3e87dbf14a018418edc634dcd86a,2,f6fd8cf6bba749b9b8770e7e8ec4895b,760f7a77978b4248,27.48,3.09
024d3e87dbf14a018418edc634dcd86a,3,545f8a4a543842fe936159a2cc48b6cd,ee2676cdc8694e6d,32.22,3.8
a446c968270447889abff162475ad574,1,adb186d2ae444d5597c4933cee6c118b,75836b31f9b14c9e,11.39,5.46
8d11bf77304c47f3843fabeadfca550f,1,73b69b98996a464abc31db1743f042f4,53fe253a6088436c,26.78,1.53
8d11bf77304c47f3843fabeadfca550f,2,91d41ccff7ad4f53b5116112a0ae6b4f,7d79f0354bc1471f,10.1,3.92
3914421141c04b2a90379356c233be27,1,b789285133284248a1c4c58956e1e79d,e25ba7f5546841af,23.17,1.71
08d987079026403e9b4354ecff3c1343,1,1ffb40ff823f4f3293517a92f957f673,860fa8d2a7e746fb,30.27,7.35
f68ab5116b5a4c088954237555c14fd0,1,0432f22eb2904bee8bb4d16b971654ea,44b1e18f59494f0b,33.14,3.91
b47a8d5a96a5482086cc4471701f2926,1,c618da3369e54f6095ec69d252c47659,3d456563cf304adf,34.89,5.36
5b2f7fadf3c345748d290876aeb343c7,1,4c2741b4e64b4d10a3375409dd6d6e36,cbcfb4d5a8f94628,20.53,7.67
9a622c28fd4f428d93cf22ecdb5d3a12,1,0c5aa7ebbd5343d79828060e6c115d95,2f8cc297dcd04b16,5.92,5.85
71f7ebb4144c4691bf55ad45e058037d,1,344028dd07924c0396053b7617137443,ad9c465c64ee488b,5.15,7.69
017dfbe7270c49b9857d79599e005a6a,1,7e653991bcc44ac999268e68281eb4ea,361dda486b034698,5.81,7.26
ce959fd202254c1db883d1af30d268a7,1,688ac74d52b442a098e9d897a43f51b6,1311335ebafc4c77,17.93,1.49
0abe4046735f4686afdfef2cb856b1d1,1,64ada6cf2a5d4f0e936b99bea4c89fd2,30357308b9804c71,20.01,6.94
0abe4046735f4686afdfef2cb856b1d1,2,c5ac188afb414950b4568918aed56d66,959900a272334514,3.55,6.55
0abe4046735f4686afdfef2cb856b1d1,3,1e54a1f8ec554bcab95f108ff1903995,704443f5c02e4b43,13.83,7.27
0abe4046735f4686afdfef2cb856b1d1,4,2a51412104664f7da4eedaf7bd2c7ebe,57ea03f2399d4df5,27.23,3.35
d178d597cd9744df91a4a41a7a895265,1,63cb1da7ac6f4310bd7769540bd81fea,6d700f950c0149b6,24.07,5.31
f9287446fa7a4a2395a4e2a8aaf4722e,1,76c9f77af5074fbd912515f392f8514e,91bb4432da854e56,10.25,1.8
c3bbe48626094830b3fa8f43ceadc002,1,59acda8d865b4366a3d5589df459e3db,6e875be0d86f4061,15.37,5.11
c3bbe48626094830b3fa8f43ceadc002,2,d4da5f3e220647418f18bafbfdae9760,ae6d6b2871664daa,13.17,6.67
5b509a02daaa4fcea70b3e1d2ac9f465,1,8d672b38abf4425ebf7b90ad9f94a6ed,e2ba87c491634218,11.43,1.13
5b509a02daaa4fcea70b3e1d2ac9f465,2,76eeca56372b493da58ab33b36700e17,960e938a4d9345b1,13.68,2.27
94f015c791ec4cbd8d3933fae8f06f65,1,cb9e01c8c6dc488a9b4d1753a50ce740,568b94790bc345cb,6.5,3.19
3e1437d8fdc844ddb9bab9c806171834,1,c79f813fb2a340a0a7e62fd1f5b303e0,7221f411c1694a3c,3.38,4.43
1cfeb81a0a0b45ad8dd5e94ebf3473f7,1,058b85afcd6941a095bbad21ba7d21d7,3ac4d88751fe4a02,18.35,4.56
5f65e0f6d2e24c4cb646f9502af98c13,1,0322b06727244fec9a5139366f77d685,bb001fbdaacc4879,11.41,3.62
6d11b15f87994be78c4a05643b7a3c7c,1,b2c962e614a44a3ba32e566b543f0c08,3c98ae48558c412f,20.69,6.03
6d11b15f87994be78c4a05643b7a3c7c,2,9d075b13b5db484d921b63bd79f59886,01d6db7eb18f4c36,15.26,1.0
6d11b15f87994be78c4a05643b7a3c7c,3,fcaaee885dca46d2bcc688ddc654c8ae,f19c73fd8f4b4379,12.08,3.8
f8ffdf45a4fc4c69972e449f361d9158,1,56f74b5ac688431a8b35781ab1f1513a,33cca54f6dd84e03,12.26,5.59
996e4ab4bd814d859fa38c4998c47c6d,1,fcd31ecdf4a7438d9c3e761cc3cc2dde,38ad3b3e60a74e9d,32.87,3.81
21848ddfe09e40e58ccd860f3b290c3f,1,148ff04835e046ac88ab9b50df46160c,edd54b2f63ba4316,30.56,6.17
21848ddfe09e40e58ccd860f3b290c3f,2,6f185a27b26b4f33a9baac35cb66ad04,8fee2616a8164b3b,17.74,5.06
21848ddfe09e40e58ccd860f3b290c3f,3,1432068aa5b7408284d9c7b25cf09033,208dd7ae1ef640eb,5.31,7.98
3a4f315c513b4571b8b2bb518a3b3de2,1,483f5e8b168c4c56b8be58652d44c8e2,3319fe50ae0442dd,1.75,3.1
3a4f315c513b4571b8b2bb518a3b3de2,2,7f6192b4305749efa640bbbb4f248419,6f21883d83264f7b,6.93,4.62
7ef79a6694b44e0db952abf54fe29d0f,1,2bcaf482e93d4f4ea6997307ae402161,2f6288859070420e,5.6,7.17
7ef79a6694b44e0db952abf54fe29d0f,2,17336eb392444a98af4ca77d705a5ba6,9d0313e291fa46ce,30.45,3.91
2d77ee07230245ada14225c26353b71b,1,b362a6bec25b4fb1b107e657568795ca,d2f1d0d94a6c4093,19.47,7.56
2d77ee07230245ada14225c26353b71b,2,b2df52adee3445a4a6b425047da834ea,72d367fadbcf4aaa,18.28,4.34
d2191892ddc64a169ab4b3859a7a0187,1,7f856df8dcb34c06ba72f51010f1071e,a2e721a7169149b7,7.99,1.74
ec4002bc4ea0444eb1b7936eceec9df9,1,7a54b14db26741b885c70ea34797f475,2d59c67f4cd44251,23.51,4.86
0ee8c781fe294405bc527a781e0dc79c,1,466722d174a1450fa93cb3db076278ae,003d9df072bd41eb,9.93,1.36
cd9a99e211ae49bc8abc4c2c92cc4458,1,b56bd831bce246cdb1d96885c901dd6a,290e69a55cd64310,9.83,3.95
cd9a99e211ae49bc8abc4c2c92cc4458,2,7ca79e8fff4b499a8a4b97cdcfa74af5,fd2065e70592474a,34.31,5.85
cd9a99e211ae49bc8abc4c2c92cc4458,3,98b95a70873243e891d27e29d6a83b67,f681bf7ec01b421d,4.27,1.8
c599d2a4682e4df79969eac0da4c7cb0,1,3bd68a47b52f496aaa62af4afdba9df2,94333b0dce684fbb,31.79,7.03
0b14e8ceb81f4b91be83bb4a77bdb6ea,1,461dfde2d00748c6aef0be1d65a3483e,ab7916281db949b9,24.5,2.0
0b14e8ceb81f4b91be83bb4a77bdb6ea,2,af589a2b6996498aae9b0e1ecf372db7,7757228a63214cd5,3.57,7.51
0b14e8ceb81f4b91be83bb4a77bdb6ea,3,c56c6b550b0c42038187ed2759096db8,2edcd2d7ab354e04,11.98,5.17
689a9ebc66884fa28df96b8efcfaaa9d,1,d494104ba0824ec89639ef8f2a8352f0,8dcf6e7dd69a49a9,28.88,1.87
43cf94fcbae740219f3e8885263eab63,1,6c7364897dc94a2982031cdebba5667b,eb0e59a39c0e4f8c,7.43,5.9
43cf94fcbae740219f3e8885263eab63,2,26f4d373a1024377afdb7ddda7e64880,5367629a59824b17,33.72,4.52
b1c494f91f214d41a9b0b7a216a920c6,1,9e5f40ebde72484d88fb89f7022231b1,098c01967e5f4315,12.17,2.89
b1c494f91f214d41a9b0b7a216a920c6,2,011b7729ad774549a638ab0adf893b7b,62243cfb9019477d,29.01,5.89
aba142959e55419cb9e95d920bdfd612,1,c63cfc300f6047b1a19ad1d1af4e2971,c5fbf992e2d54ad9,14.97,3.41
aba142959e55419cb9e95d920bdfd612,2,dfd456819def41068e73305c209413c8,0fcdfb75b45243e7,27.15,4.36
aba142959e55419cb9e95d920bdfd612,3,4bc76967314147feb4000130fc86312b,640d0a5d705b4505,17.14,7.79
062d512ff70e4cad8e315b09b3749d71,1,290a8bbefb664e7b8f91824602111752,b872783254254333,27.02,4.55
062d512ff70e4cad8e315b09b3749d71,2,e32a651e83c543eaac8f38d51204188e,4a98ef2ca68547c3,31.75,5.52
062d512ff70e4cad8e315b09b3749d71,3,055cc5ca6c444348a0524edfccd29bc0,c4c389ea420f4409,30.91,7.99
062d512ff70e4cad8e315b09b3749d71,4,6a79fa9b6eb04cb4ae4fe749c82123ab,75f5724214404444,29.91,6.64
49a9c4eb62b94ca3ab1fb86f5c28438a,1,63e936a773d54d8b869d07de7105c2c9,afb52544a48c4035,14.04,2.65
39a1cea26ae74bc3879cf3dfd8f3b2e3,1,8865eec158c24225891c1bea73658038,c9f5aad9e02e4127,14.93,1.79
3bb84c0b3d0a48978d9b1be50474df9d,1,5bdf6a948e8f4a63bf2cacd06e78156a,fcac47c09cdb4ad5,24.35,1.74
3bb84c0b3d0a48978d9b1be50474df9d,2,27cf81859878433495f567fb8eeb9dd5,fc58f708f8c44d56,32.28,2.62
830dcc7df42b41459639da4170b12e99,1,02e912e9c92d423f9de407ceef822d99,f14c06daba3a46b2,5.0,7.43
830dcc7df42b41459639da4170b12e99,2,de2b815aa6954e78b3ba4a7c362d6947,05170180f80e4db9,23.33,5.82
bb35628c10fd4b078c9efc2f7ef9df72,1,a32f62ce10d74ebdb3fb7588741b27c5,7f7ef6989c0f4c5e,11.17,1.16
bb35628c10fd4b078c9efc2f7ef9df72,2,0a4b5078d76c41cba659cbf7723a1cf3,13335e64ba234134,2.89,2.19
bb35628c10fd4b078c9efc2f7ef9df72,3,f9f24d944e00463790c31884dc66ad9c,433d4370d76b4f8e,24.92,6.11
0ef0833fd5f44da8b597f89239b82898,1,70e26cea82b5428bbf31f9c7cf3fb40e,e11a649a8ce646a5,25.67,2.72
0ef0833fd5f44da8b597f89239b82898,2,fe714c337cd545f9b2661b7a23261603,5091be42451647d7,10.2,4.59
d5a045102a2d4ccf9785a3b732193181,1,2d845b353e8d48829b8b8294901a9b7c,86518df3b91e4595,30.24,7.95
c2c83525079b4089b6819c7ae2b42a83,1,36cb882c22074e24a0963c1024ba5cdf,bd42a6c7c26d4583,16.29,5.76
360bd1af1c194719bc8366ba90e482cd,1,455c4d2c08894f62bd8db6197182b27b,da667af365644772,23.22,6.22
360bd1af1c194719bc8366ba90e482cd,2,9c7f38cbda9d46a09df95c6a95c6d71f,504ed4692bf64814,10.21,7.98
31bcb94cfd9b4c79bf8377ddb21e351d,1,26c601ac6bb34f37a2acab13fd08cdfb,0ec2b2add69c448e,30.64,7.49
deb5d3e4c45541bba9f5c9c1e440ce2f,1,03ae85c9767d4c268d48478efde40257,f74e016fa9234c3d,31.94,1.45
deb5d3e4c45541bba9f5c9c1e440ce2f,2,39bff6a3c8c349578de67694c5b65120,176e3c2c942a45a7,23.63,7.59
f96af38261104b0a91579f031647a81e,1,4fb6b788331442eb979d95ea1c3999e8,2b1f7e3567f04cc0,25.61,1.68
f96af38261104b0a91579f031647a81e,2,88e4c3235f064485a541148f457853c3,94e6b1eef66f409b,4.19,6.15
157d3d1a71dc4e86adeec8e7f9ee10f6,1,19fe99cdfffe47cb96fd2f2e6a7e1d08,88b90acd142943d0,31.9,5.87
157d3d1a71dc4e86adeec8e7f9ee10f6,2,bb42149d2a91463593b8c96b6514c0c6,a6184cbfd86f4a6e,14.76,6.73
dd76839ea7cf412a8535a287227f8eb7,1,a5bc57f0b3a749e3994f3481c00ce544,9cb9a19a6579445c,7.86,7.13
dd76839ea7cf412a8535a287227f8eb7,2,c7bf22df76de4b46803ceb588636f28a,ef96b25cb179499b,14.92,2.91
f117cc07425446008dc21248444d2809,1,fc09bd903a3b4e65b113be5e895665f9,0dbc61d7f7c54a1e,32.53,7.24
f117cc07425446008dc21248444d2809,2,d7e63badccc74bf2aa9a695db0b35547,042765e4f43645c6,2.62,7.85
32354061560b40caa33fc4daaf6a6266,1,d998ef3028684357ac8d22eaf959678c,651539ebfc8940ee,18.65,6.36
1753b57cd4804b7b9bd1c1c7b19dceb4,1,013bbae1ba45472ba23afa00f7c34d71,2e78162b517f4e94,30.1,3.0
678d025e71ec4d9d8af6814fa53e3e42,1,e884d8666edb4debaa1a570b9aa1fdd7,2cb3f77a90194676,26.19,7.76
678d025e71ec4d9d8af6814fa53e3e42,2,8f23b713829a4d85af810944e5806cee,c1572bd31ed94eef,34.95,3.22
a7f2299287c34d268deddc65343d7a2b,1,405f03d2a95f40b386cc484f544241a3,fee49e7a8b844146,33.24,1.32
a7f2299287c34d268deddc65343d7a2b,2,49cc0c0edb6245d299d24690887713ca,c50bc735a15344e2,1.56,6.76
1f796f4fa4f54f438b9a06858147cee9,1,8c1251ae35e94932b9b88383bfef9100,a3832d275375473f,26.81,7.51
2e999c5fec7b4c52b17960f8144b47ba,1,52ed8712441346b1a05fd75dd749c097,5f8b26922b4544de,9.68,5.77
2e999c5fec7b4c52b17960f8144b47ba,2,5a7f68e463404078a131ff5246f75197,caecec9d9f574c0b,23.08,7.0
e3e25090b56546279ef59d249c37fd43,1,838c9114b303406aad4824f82a90fd84,f5e5e16a6f4e49da,12.12,3.9
4fbe9883a0274098a8e84663c482cc27,1,306644a3fc5943eab5882d9f3e8809a8,d09a9077f56f4424,14.78,2.68
4fbe9883a0274098a8e84663c482cc27,2,432cc73e13e3448aa7c6c56e6dafd79f,e038d84b0b064e63,3.01,7.71
4fbe9883a0274098a8e84663c482cc27,3,29c4a3e6efae40619b97c3840c0ef447,aba99be31b354b24,1.82,7.51
4fbe9883a0274098a8e84663c482cc27,4,620d740825a344499d1a99d6b42a8708,2662540e9d644a94,10.05,4.28
70aee3b41bd5414faddbfd8588ef6819,1,77955ded69c549538de5d93c3e1bd0ea,ebdd4e766d864cf2,14.61,3.94
fdb2125e826e490ab689fc3b0536941a,1,435d2677f35441919b2f2dee9655ac4d,3d7123944c9b4e55,12.01,1.87
fdb2125e826e490ab689fc3b0536941a,2,2b33f829eba44669b38b55c6b84478fe,fd82def7bd6048ab,24.19,6.44
01a9692ffcc04c9ab1f88aff0b64631f,1,575ac2e3cfca4e079f1c3b5266cdcb76,6fa6095dc7e94bec,14.82,7.75
9755a7ea3d21481ea5cbda8a1e3f4ea8,1,e93d4fff00054e3a8b661812af3d4596,96dccae7d6eb4e35,30.01,2.3
97e86283f8aa4836b849656d683da22f,1,f3d74cc2c36f4bf5a5453b1337f7011e,8fd23c11aa8c4f19,24.0,1.5
707df2e9bc8e4a648d1fe91bcf46475f,1,4ae0e2a8cfed45269f656c135b5357da,7f6761cba6a14c9b,32.86,2.22
20e15304f0a348a9a09cd002ee94a8ed,1,2a215c333b0843b4a8a340d673621124,f0e3a50537634afd,3.98,4.19
20e15304f0a348a9a09cd002ee94a8ed,2,5d128a0f37a247d5ad8cf2c7172d1e79,3e0f5e17d2754250,11.1,3.13
24fc367872f743aa91414a24d1cc2af7,1,84540ec73ffa4424a9bf3ab0014f50dc,871bddc680cb4cfa,15.01,3.97
24fc367872f743aa91414a24d1cc2af7,2,1dca400c194a435d8c8f31a1c16b8d00,6466c559904b48cc,31.91,5.0
1554f02e35fa4550946f70919ad1a163,1,d9ed6a6474b847c6a5f646440631dd2a,ffffe056626a4cc5,8.18,5.52
1554f02e35fa4550946f70919ad1a163,2,77293bfaa9fb43aba541e5d3795b50da,b12c4c3a1d6e473c,5.01,2.46
1554f02e35fa4550946f70919ad1a163,3,cdb92bb3c0b04af59b9ee42d35f39d97,30675df9f5b14620,3.63,5.96
1554f02e35fa4550946f70919ad1a163,4,35b169712c9d4da0ad72a90c3004ddfd,13a9b879522e42e4,24.17,4.97
692e94bdb4334f0da65f166e7434515d,1,63fc70c2855d47949d81871a33892ace,a1bdc9ad3e38404d,14.74,2.13
692e94bdb4334f0da65f166e7434515d,2,cdd81d016f8b45c3ab3ee2bcccc748f3,5bd987151134469e,20.65,5.16
57d2b721ae2d435d90812d73c59c8a69,1,6ffb57dc525e4b639a547953794fb6f1,25e224379d634748,8.4,3.73
57d2b721ae2d435d90812d73c59c8a69,2,fc50f3cc6bb54b57982f464b4432e81e,86fbab2c404e469d,2.19,2.96
57d2b721ae2d435d90812d73c59c8a69,3,2d2cbfad76284320b0b6af75959f719b,37e9e066611845f7,14.67,1.97
f7ebb0952173454689921d636f3ce0a3,1,01bd2ce3619d425c93e590d5c7b60b6d,11740665418c4b87,20.44,4.01
2c9969cc381641a799a7dcff83496e43,1,76984679562b4dd58f56c75a4a300fad,5735e43bf55149ab,18.39,3.8
2c9969cc381641a799a7dcff83496e43,2,dd8bc4407383401f8abfb01250db8b21,dc793747ce864f85,2.39,4.84
5be2ef9e15c546b99ecb88598b1758e1,1,9cbd90a0f2934c378cc006fd3365f3f2,9223917aa6f2430d,29.4,3.46
5be2ef9e15c546b99ecb88598b1758e1,2,94fffa3d80b0401ea068a31ca9ec26f1,324fd5f0c2584308,5.55,5.95
b97540889172425a84df7db9be1bae1a,1,e7ce3c5dd46f43bf9b0b0b660bf2b801,d87bc649cd574051,9.14,4.64
b97540889172425a84df7db9be1bae1a,2,bfdf96f0904644c4b6231b379bfa6f9d,03ac4caa60b949f6,18.23,2.21
b97540889172425a84df7db9be1bae1a,3,8cb00ba787c1403f853e01c07b707052,19ad317da60547a7,18.09,7.85
6992fe3a14fa496c849bc2fe6b27ade0,1,95697a2e665f4121a6235ea5f6c2be21,0e850affe2fe4fe2,31.16,6.83
6992fe3a14fa496c849bc2fe6b27ade0,2,cd20df9ca05a4d23b6901bcdd02065d9,06ff04f1ae364cf0,3.77,7.74
6992fe3a14fa496c849bc2fe6b27ade0,3,ac13bfa2b7c543e6b97fd5c66cd890e1,aaa7395d06a34ade,34.79,3.16
6992fe3a14fa496c849bc2fe6b27ade0,4,7eb3d11c28a8497898ad8d22410a96e7,fdfb5273040343bb,31.22,5.74
34537c00d25f470d92eb392742d3c65e,1,722ca20991f64d64b661c05872ab9c73,913e05971d324409,17.69,2.34
34537c00d25f470d92eb392742d3c65e,2,aeb63f316eb747309837242de9bd53d5,caabc4167ca54ce8,15.71,3.51
34537c00d25f470d92eb392742d3c65e,3,cea1a3ce07f842aca6280e0cfdbcf3ee,5d8a2be5f43d4f09,4.14,7.1
b79341358b91466589efcf2c2e01e0af,1,ceea78118bc041668f87930a1881ba4d,175a80c5452445a8,2.88,2.0
b79341358b91466589efcf2c2e01e0af,2,e76b0f50512c40238d7fae8c95c7f541,f5a6722d3bce4afa,22.99,2.33
ae043fe0424c45bfa07b610f9da7c469,1,90202488d0954fdfad780f8751d08529,7d6c6c8a14fd4780,2.64,6.66
bd49c026b41c4d48adb9d803a236eb7e,1,28d8358fc4f3407d9ddfaa525857c976,562493991c1a46ec,15.84,6.41
69f2d28fe5484ccd85503300e0ec1485,1,a8174577ae7b4df989f4f4e0b89a6536,a97a541b611840cc,8.9,2.82
69f2d28fe5484ccd85503300e0ec1485,2,0a088c0a124243ca9a97b59bd27744cc,69e020f21596464d,4.46,7.14
69f2d28fe5484ccd85503300e0ec1485,3,c2bbe870a95740f6911b37c67520ede2,f4ab79f0cdcb42bc,28.86,5.52
69f2d28fe5484ccd85503300e0ec1485,4,fda79823da584d3cb335728424506a97,7ce4211fc15f4de0,17.13,6.27
471841b5dd5a4aa3b14a107a3628950d,1,ce1e1b99072946b79bae6289e7871362,add6e218bad9457f,15.86,7.91
471841b5dd5a4aa3b14a107a3628950d,2,324a28d322ce416fa0c21e6e0e2d3b85,76bd65f6ab6e42c8,26.04,3.98
2c04abe5d69a4d97a1090c8c9c36b64c,1,a2d27cab77154db293458471060d1f2b,476a6a411c0c444a,10.34,4.08
2c04abe5d69a4d97a1090c8c9c36b64c,2,36a00a0cbebc488abd8b58bf04953e3a,8d13b873d908434c,19.85,5.61
2c04abe5d69a4d97a1090c8c9c36b64c,3,cdc0cc9a3044473ba7ffc989c5671f9b,73370b11da154637,32.73,5.42
2c04abe5d69a4d97a1090c8c9c36b64c,4,fed12b917fea444591cc23336e24f765,01257722b5df4e1b,7.93,2.72
6805bb05c5e84e699acea4a28b8e7140,1,2652c9c498724f159399f712c6e40afc,e5e365a2bf244b41,3.49,5.46
57dbc17b1bdc42e19cbf2681aa398bcb,1,78f0f26259914c078b629260e4430d5a,fc4d6f950c534316,7.21,2.9
c02e6ada8aca43c89c9bed0990bb1673,1,0f6e34a9011840c1a4a65b8ad6f4c4b3,75f92b86ad7e4fda,24.32,1.57
be17107672fb4d9ca0de802bb0e87766,1,42adf7510b1a484994dcceb541005654,c6bb3d3655704946,34.72,7.77
daba25b581ca4304bcf62bd0c3418913,1,9c4ce809d9694328bebad474cf1dcabf,c65203d5a4d845e4,18.84,7.2
daba25b581ca4304bcf62bd0c3418913,2,eb6411126db9470a85da36db660f5906,6f691d9cf46142fc,27.48,6.8
bc5a4ecc799043eb82c39511280a9a3b,1,b42dbfb130dd47b8b5a29780d7c5b008,1aea72e6d94e4e5f,2.36,2.63
bc5a4ecc799043eb82c39511280a9a3b,2,00fa5c0ddfe04df384e474c43983a8f1,8cb96b5789514e54,16.85,6.04
bc5a4ecc799043eb82c39511280a9a3b,3,3f713fa2ea88490b91f9c1e65176ab87,7d21ba501b634164,25.57,3.33
d3f87221a3bc4cce92ec0a48c73c62e0,1,52ca65f3b201405989618287970a91fb,a31ba98269d042bb,26.18,6.98
c6a4bd0bda4f46e18ed07d162c917c94,1,d57f561934c149699ab83c63614d5280,2cb29c9023064090,34.31,1.67
c6a4bd0bda4f46e18ed07d162c917c94,2,405bdbe312594d50864d6c548b52c292,89cc1d7efd144940,8.24,7.56
2dc8ec42bff64bb692231e1ea19d9111,1,c34afa8df89440ebb58060f608ae2872,ed48f9078d4d4449,24.58,6.43
2dc8ec42bff64bb692231e1ea19d9111,2,895cbbe27e7a425785eefb1a0851a582,a26ade89109c4287,20.51,7.37
beddeb566b634662aa648cf9fd3a18d9,1,b986877a9c80486fa2c3695c83e39658,f4461577b2324d93,22.65,2.47
beddeb566b634662aa648cf9fd3a18d9,2,fd1d2fb8a8104d17aa1c204dc74a3295,169f2ad78cca49a9,11.14,6.29
d5772bb5bd394fb9b5fb66462e3e2754,1,10233f804fd14628b544e7efe4189ec4,9871af04c2164e4b,6.62,7.27
9db449b9b1654546a0269bb9c777aaa0,1,c45ad43337d1490dbdb5f496dd117b89,51eadd5dff3a4302,28.32,4.04
9db449b9b1654546a0269bb9c777aaa0,2,215129a3daa74a88b9542518faa55ddc,74efcd0eaf8f4dfd,24.92,6.1
9db449b9b1654546a0269bb9c777aaa0,3,b98c739a5f264339ab129b1131878c64,6506e2010a0e4b31,1.67,6.36
9db449b9b1654546a0269bb9c777aaa0,4,a051f52a03c34de788ab070619119e76,4ee9b92a75584c87,30.16,4.25
d28ea240d03a4f30962a84990cc8dc7e,1,6cb91b8de1f44af9942c18caa3da1487,a3a7e3cb1e084e01,4.77,2.1
dd6d46f919c44bd59b97650ad5437bba,1,ca24c2d99d6d4ef0b86058975f1dc676,21154251cb9c4eae,22.52,4.23
0d8d45e4f1bf4e1192236f2826069fa7,1,4af3d0f3846f40e6882b67433c87d818,f2f34aa810c8488b,33.24,7.71
d5a25dc80e90486f9dbe2e295f74969c,1,e62fb95520514eed9eba091df519e52d,459a317bd308407b,12.94,6.78
d5a25dc80e90486f9dbe2e295f74969c,2,7b9c0ba64cfe4fafa89750a15ea262f7,d8d7560fae94458e,5.53,4.12
d5a25dc80e90486f9dbe2e295f74969c,3,26bea74faa1148bb9febcc08c435222c,25187358649d42e6,29.05,5.63
2809ba8b49e64d2696745d838da7df55,1,8262a102ae71497498366a5bc34fb3be,48ed4ec5b8964abd,23.21,3.0
2809ba8b49e64d2696745d838da7df55,2,596667cfb6a24beda934c6b290b1f9cb,5dadff4090934004,11.58,5.14
2809ba8b49e64d2696745d838da7df55,3,5f55cb2475ec413198e0bb87cd8bc401,f3983a948695439d,17.52,6.46
a3a0f89d516f47a78dd0cdf148355912,1,b166313e54f54dcfa4b237f9dc2f44fc,065d661f5cf94498,15.15,5.25
a3a0f89d516f47a78dd0cdf148355912,2,f65336f35e114c109d9dfaa3e1219276,6247d1b146b94f55,18.55,1.04
a4d52209dbdb40c18c161c6a210bf70a,1,214e8ee6e52d482ab8fbb93d945c87d4,5957d2cbcdd04091,6.36,3.85
a4d52209dbdb40c18c161c6a210bf70a,2,cc1c51cbcfc547bcbf6d44dafd5a02de,e838326bf7574726,29.62,4.93
a4d52209dbdb40c18c161c6a210bf70a,3,2e2939aa10fc4ddd86de40baafac5321,c77efb86b09a455d,4.71,4.84
cf7e3a25c69d4fb29014f1add4d8cf30,1,16470ec2fea44af696d7cf675ffc9013,00bfd9d0b0b546ca,34.34,7.69
35e2ac69ab194c3bb2233c1e9c0af7fd,1,dff13c96fd174a9b9de3989732b579ab,f1b0e7a9b63c4bc2,25.27,3.73
35e2ac69ab194c3bb2233c1e9c0af7fd,2,23718eb7817f451f8c8b64e45cda380e,ccb7b259a2334133,12.37,7.98
e84f130fafb24edf941dfb9b7aa8ff24,1,756c15add19e481aba45ec373ff11b58,ef94874771ad4d48,11.49,3.43
e84f130fafb24edf941dfb9b7aa8ff24,2,9c7ad582ec7f4ce5a55d6576539d6e97,a45de935e7814ec0,19.25,5.93
dbe2b2e7f1894953ad70f8da036c22a6,1,09324649dc18401fae193b9f1a236dbe,0ed14588cbe64f60,30.63,5.35
dbe2b2e7f1894953ad70f8da036c22a6,2,5eaea19484fe4b16a0d28d9b51119995,97b5012f59654093,14.66,1.53
ef3395d8321b42ccb108a2b9be9df0aa,1,1ea0c6b1ba524feb9bef31c0134bfa62,95edc9dfef4d449a,24.83,4.65
cc06c892859d41eea7481a071ea556d6,1,7ec32f8fa6cf4214a6c759112a3f8425,149bf861fe9743a8,26.47,1.86
41b6349d24c74508b91d38de4deae4c7,1,8635d8638ab64b00af8a67dd34b57d61,3760e71d2b784c9e,15.25,2.67
db1ff4e691534245a6b8aaa79d8e8a69,1,55da093af0aa47148b61281818c95f91,817c7445bb6a490d,8.71,7.86
e123fdf4262e481bbc5bb0a00c7eadfd,1,86a4640c6b124e5fadf2258f6ced8a49,1768f450a9f2436c,20.77,4.05
98867bb7e0ea4b119eb486479952d9a3,1,7b5e3dad4b9e4ca3a68798c022a0d8ba,cc7ab4e922254c97,2.94,3.41
98867bb7e0ea4b119eb486479952d9a3,2,824bec7460894ac5906358fab5e266c4,6d83e16a072d41cb,23.97,4.4
98867bb7e0ea4b119eb486479952d9a3,3,26dbcf6091424582a06deba79415ed0f,87a653d8eb674fab,23.99,7.94
389e421233334e99bf3921f28ee10e36,1,c1b782b6531841cb9360f75f2fe20616,450aa443ba8b4537,21.7,3.15
389e421233334e99bf3921f28ee10e36,2,d0c6031559ae4dab82cbd01439bcd757,b1b303eb8ac54f48,13.43,2.7
d37344d23d6144fda35e4b8151c5e278,1,64725c4ce51f4ecc97249dc247317a46,c43cf9c5f4e149ed,33.53,7.67
cecd28671d8145fab2252cfc1ed15289,1,d0ebd276fb5d44d9912bc915528e6730,9ffa6fec6a944f27,1.68,3.81
cecd28671d8145fab2252cfc1ed15289,2,3ac275a4765343e8ab7396069ea2073a,d3db5415e6c44ebc,18.33,2.93
039ff184d73949728323a9a7fde8271d,1,3f6d1b60378c414e87e5743df4509ba4,5510ab5c8bf14427,17.6,1.86
039ff184d73949728323a9a7fde8271d,2,57aa5b97984343838e32be26619c8217,cfa1e36ed46b4e9b,32.59,5.64
039ff184d73949728323a9a7fde8271d,3,6f77ab497e4d4bcf9c3aa3f934420d06,45f880e2c40943b0,20.28,4.57
eeb0f8e8cccb4dd8a33c8c0552855fc2,1,a4bf7cdfa9804d978004c8d5dd844c4e,590c330785b148e1,30.61,7.98
eeb0f8e8cccb4dd8a33c8c0552855fc2,2,6286bd34db2649be861219a3dc0191b4,ee677de4c603409f,9.7,7.17
eeb0f8e8cccb4dd8a33c8c0552855fc2,3,527786b79ab04494ad8395d75530719f,77c4f6519d6c4e83,17.65,4.81
1b277750082d4fc09c8757312a137d5b,1,0174660c159b41e3ba7be7862677c575,850c813f7bf341ef,3.8,1.74
1b277750082d4fc09c8757312a137d5b,2,df42a6612202432fa5499f0ebc6dd5c6,8e0ba22e38644954,8.74,6.75
fefc12851fcc4af988df9959464d179f,1,b1abf1590c434494870c2509dc83f757,551d87f2c6d844e7,29.68,5.61
fefc12851fcc4af988df9959464d179f,2,53d6949d7d69499eb8c31f00d1bd448b,a555f1c674fe484b,22.53,5.72
fefc12851fcc4af988df9959464d179f,3,a35bea2c853640ea9cea88f42dc79cf8,d0282754dd9b4076,4.0,7.49
3b6927b8e4324c778c292b5b3503bbf9,1,f509be8ed055437c82926cf8e6eb21aa,7079d7718a0e487c,4.24,7.02
4fc25bbd67ec44f59848d64fe2133eb3,1,18d0a0da6f9d4ee4b0ed140b69a95e7d,8fb07b00b143494a,10.96,4.5
3ab7c39e452f4a818fd6ff82fa00337a,1,7dee6e82265544df8f2f369e62d307de,3c71c22e80244818,7.17,3.66
3ab7c39e452f4a818fd6ff82fa00337a,2,79784826f7364b139cb195411fc80135,c6c27e0a8f964a51,29.06,2.04
fefbfbdb4a3a453eb9ea526e5e307e2b,1,0c4002c8a5e74013aeb3433cf1a9cd70,f8a681da2c0d4f51,24.09,5.7
fefbfbdb4a3a453eb9ea526e5e307e2b,2,5e241befb0224083b29debc7b95bbbeb,d9c90a4d9cdc46a5,6.94,7.55
da2e452c07b54468ab378c41cc586146,1,650a3fbf7bdc4ab08bc11805108362ee,edd64cdc7bf24e7b,23.05,6.57
da2e452c07b54468ab378c41cc586146,2,0da2b09421cf4cd3ace1ba3784c019df,e360655385434641,34.47,4.49
da2e452c07b54468ab378c41cc586146,3,6c0cb4df353b42f88a1236ec21a1a0a7,04682b806a0545ff,32.27,3.14
6864bd6486b64ad493baf9177433ead9,1,c4d979486db0437c982f9e11403d1f7d,05fc8ce1a872415b,18.37,4.01
00387d6d6e064d7a96877164e6dc6d84,1,4d4fbb12abe54dd9a7029a9c7817a94b,808cfbcac48c4fc4,8.63,1.99
00387d6d6e064d7a96877164e6dc6d84,2,8e0820801e1a4f5797a5bc013c2ed5fd,7326c47b0f464f1c,22.93,2.46
1f5fe64794eb4248b72f91a8882ecd34,1,b49316e4986245f7bbeaa284f1e6e72b,e3c2be21645f4e30,11.63,2.62
1f5fe64794eb4248b72f91a8882ecd34,2,524a1cba03c1445ea30be6dc40a7975d,a0bf9054261a4142,28.54,4.59
d53bbd18eb4a4672b03b5580394a9c3c,1,d580da31aff84a12ab7fe53af24473fe,31cd3e48af5142c8,8.68,4.98
3813528d8f6244c7a8295f5cc233dbc2,1,0fbfa9c52b4046c2894e2b86517bafe2,34249cfe91654d0b,7.89,3.12
3813528d8f6244c7a8295f5cc233dbc2,2,4a940463470a4507908acc657933af3d,a2fa8922123c4679,21.08,1.74
24677f0356b044f2a89ce58790565c11,1,d144b63333dc4ccc9052f6347ccc5fa5,032b2bbf4aad4feb,25.51,3.26
62d416b3d476497da50f8e5ae60e516a,1,2d2f31daa4404846bf7e07120561e78d,5495f8c86f824d24,25.41,1.09
62d416b3d476497da50f8e5ae60e516a,2,b305191195374bd19854d7c5e7a0828b,ead13043fef64c91,10.66,3.13
62d416b3d476497da50f8e5ae60e516a,3,ea8fce9c3be94c42a943edec2cd411dd,92160eeb65654c87,12.68,2.44
62d416b3d476497da50f8e5ae60e516a,4,11be080b9de84b37a44830d6959bd56e,3a09c6324c734c0a,14.73,6.5
681b8b77f836465bad92e01905c22d73,1,fbd574377bd84deba9b5184726e511f0,7d4a5ebbac0b4e85,3.54,3.88
681b8b77f836465bad92e01905c22d73,2,442951ed5e0a423da3cc5b261e846089,7f66716052554620,16.82,6.81
681b8b77f836465bad92e01905c22d73,3,eb229667565c42edad29737866c18633,60fba4116592431a,32.2,2.49
bab532760d0c42b7b3d9ce011693d606,1,85c679957c114879bfd1aa57e8144eb3,6790e89a61704a37,13.74,3.41
7dd6388572094df8bf2dd12e124bf9b1,1,7f20dfce09284611a154855525ad8e02,c3c90f50f20b4c1a,7.59,1.99
7dd6388572094df8bf2dd12e124bf9b1,2,b940cdacc0724228a846724227248484,b53f9f25e7c94825,4.71,4.26
7dd6388572094df8bf2dd12e124bf9b1,3,08601661344646ddb7f27bdcd807d2c0,ff7a4a1f62194509,14.74,1.13
90f9f0d0156845459ec80631c6d04240,1,484e795157b041fb81b675adacadcbd6,8f1f47cf4e6e4594,28.67,2.88
f2c251d4b36a44e4b509a8faf4ff36af,1,fa3670e54ea4456cb45c85bbcb42886b,663b4590d74742fd,26.34,2.39
583a16654a7e47778ce27072017cbd9e,1,2fea2fcf33024c7a94e2e8a4c5736329,32006bb61f694d83,2.88,6.95
93976db81d8642ef879d87e240fa5e03,1,1688f128ee084ea2ae632fe4b1398eb6,963be9dd8cc94486,3.84,7.13
93976db81d8642ef879d87e240fa5e03,2,197099722ae64b11abf0fa24d1f06fa6,eabad2a602544d35,15.91,5.05
855c6ebb46544efe9b578c84153d3740,1,7bfe37feaec44278b7dd07c1e512df9d,88a257ba02b14340,31.58,2.95
1bfb95a4c1ef481ba5169442b3f5398b,1,5a63719ddadf4a788a49768d748c8878,fa7ffca1fe044e70,28.82,3.97
1bfb95a4c1ef481ba5169442b3f5398b,2,8e51987f1f694880b702fbef1e53f0ee,4327e5f8e4c74030,33.95,7.68
8ea0662df2644ffd854ee2fe64625928,1,0864012f4b1e4e81b5a965d5d143f05d,b32ea4ac2fa54cb4,10.88,4.06
8ea0662df2644ffd854ee2fe64625928,2,caf585a0511f444ab3d93c5cff44f776,f7942f4c135b4f2a,8.31,2.99
c08749c9a8cb46519334cd95060eb892,1,0deb8763ebc942a89c77a6af0e636dc1,2d86b1a7ab6d481b,28.79,6.69
c08749c9a8cb46519334cd95060eb892,2,1745d5967f5640e3ae22b270eb9d8618,1c745b294f7d4799,5.45,2.78
c08749c9a8cb46519334cd95060eb892,3,fa21f11aa8ed4e51aa20f586df003023,93ed8074ff0243ae,13.72,6.76
b1634ecff5384eee8d61ee23dfe12fef,1,5d067661fc504a969386e3351d138a1c,3e5a92db07a84ef1,28.24,5.5
ef862f144b174a2597a3ec0cfc2af76b,1,37a43364e04041559bdad2004a7ddf69,7d1922bf0fab4081,23.62,1.55
ef862f144b174a2597a3ec0cfc2af76b,2,1a0954761d1d4c008694f14fd1ea7e3a,1a71c20cb6ae41e4,29.39,6.32
ef862f144b174a2597a3ec0cfc2af76b,3,d54a609fdfd5458daae367b4d69ac955,e40557569ba04889,5.14,3.75
ef862f144b174a2597a3ec0cfc2af76b,4,d7b38e95678740cfa913ba96a99a8f5b,df0a017a2b144e16,18.37,4.7
1be624357c894c188af731c54def87ce,1,0a1fe5f5e44e47548f4c05524e815ba0,378443b96bd74817,16.53,4.2
1be624357c894c188af731c54def87ce,2,3f0bb4a0c86a460f9721bf726b0f9b13,ab85304a112649e8,6.29,2.29
1be624357c894c188af731c54def87ce,3,592bf8e31bc040768c7e6d7c0add8ba4,11617e10d0214983,18.77,4.42
3bf40d6729394af2bf649d7616adc3d3,1,aac42e5483ce4c24974d012814bda3fc,1154e2d841fc4a0c,18.3,7.2
3bf40d6729394af2bf649d7616adc3d3,2,06d6677bb9b341d1903eec7176ce3b91,a7f5519ae20c4e9f,28.53,1.67
72399de54ada41f1b80d56d74b79e786,1,e35170ec9bf94180aebc695b4856d326,ea0b9bf938174677,25.97,6.04
2b0196a6e0cb479d913262a58d4eb236,1,1e649cbd41e742dcb6055b6678ca46d0,04a1828c020f4640,10.82,4.66
d8a7248dc01c45809451049aac7b0bf8,1,0446c2b02ed44f4a95dd7b4c1f0ccb69,30d891f52ee844ec,3.45,7.68
d8a7248dc01c45809451049aac7b0bf8,2,88dce7fe2e884a8a886aeecd5bb32998,ccb789569fa845f6,21.28,2.97
a520933a35774aef9d4cdb9d13700c9a,1,835d94f3c29e4c208280c77e51cce1eb,1ae6451df10b4271,11.36,6.13
a520933a35774aef9d4cdb9d13700c9a,2,0d8c716607d743b2859964153d1b3265,e1d8a38b8b3d4ecd,29.91,2.98
a520933a35774aef9d4cdb9d13700c9a,3,a01ab120e53a42a6927e557d089eb40c,4e12940e509648e9,25.57,5.16
a520933a35774aef9d4cdb9d13700c9a,4,48353b5c2dd8489583578efff02164cf,4d09d9a0b79e45e2,21.45,5.56
97d84a82c53b4bb19bd3e5e26564dc45,1,d4a50f0d28494f3a891d5b1f45f591f4,6cc3e20d1fe64f73,9.67,7.47
87b7572a446542cbb499dbc4e0c364d1,1,bbbbd753ca554215aa0009ed5e35c0e8,7fc43b16a7e1490b,13.69,6.15
576230bad85b473f9f53374d2c162377,1,95cd4dfcca52460787ae81cd7391ae75,fb58a4d9d7a54e7d,10.43,4.16
a18342a851b24f36a531760789e9edb7,1,13f452c409874299b95459bcf67aaaba,bb9a865869cb42db,16.37,1.82
4466f7c4f1e0498397bf56b8e40cb9a7,1,28e33fc11a3e432c817e6962853f66b4,8f2faa3a326849ee,31.82,7.21
a8bc59eac3c14aad8780f0067c642f8b,1,a26e8e8433bd451cb51f7b4bb7ced370,dbade29cd7524767,5.42,7.52
3c2823cbcb2f40568cf632ba6e5d4c1f,1,6defdc3141da428eb4e00dde86d468da,de987d2cb45544e6,19.52,4.91
d5674b4274da44c7beebafb553e7166c,1,4ee969fba42c45129a76a1a9469cfe56,a74975aa4252462e,8.7,7.14
d5674b4274da44c7beebafb553e7166c,2,606784db62b94c9fbbf0ffaba32e3261,f0067d4826914007,3.07,1.81
d5674b4274da44c7beebafb553e7166c,3,8ab5b1d1288242bb9e3b4b77e856acbd,daf2390efdd84cce,16.35,3.62
17776a04f74e4eaca11d5a4e95036a27,1,731c7aa2fc444875a428ebfa54780ff1,7c16708f0fc245ef,12.59,2.09
345c9298d79b40d6ba24cd64155141a1,1,7e05c1a50d8842b98e2d85aa6ab48f0d,2af56eb486774174,25.16,5.42
9e488196d13e47a2a66c1b22717820cf,1,54e1a10c31f44f27a97c4366d1f634d0,0445279600d944cf,6.8,1.32
9e488196d13e47a2a66c1b22717820cf,2,1ac87ce8a68944c1aa928a0fd67c2a4c,41906ca704d341c5,32.84,2.6
a5c717fe81034defb4a07640624d78c4,1,1a921fa30a1f4c35802768bd634ea6c1,3792973e459c4e00,10.99,6.72
a5c717fe81034defb4a07640624d78c4,2,ff71c53de78f404285dd2b3bd42cc6ed,55bda265f07d4bf3,12.23,4.96
f954c2effa6f423abba71efd1517a948,1,ca9afc22e00f44088bf5d4a2073c3ad4,80c809718e99477e,4.7,2.45
759b5c865b834de6ab8b555d91eec6f6,1,a22250d37b974c9784a5a8fdeff3285d,7428bf92c01349c6,19.46,3.56
759b5c865b834de6ab8b555d91eec6f6,2,f50bf30cc05d49eab71f07d63286788f,86167fd38d5b4cf8,24.12,3.73
759b5c865b834de6ab8b555d91eec6f6,3,0ae3dda7b5734e56aa374e05f46b34fb,a5f9c86cfac347f8,4.84,6.34
759b5c865b834de6ab8b555d91eec6f6,4,29abd414ea5f4fe4a51517a9aa5763bf,798b8ac215ad4f48,3.43,4.76
c295ea754e6d47cba18e2567265c9d1e,1,7dbdec1a46914a5d852c62e64f8633f2,241771f48d684d5d,29.04,4.31
c295ea754e6d47cba18e2567265c9d1e,2,d66bfeb7b2074fe2a3051077ce74b701,24faa6aa41b5499b,20.51,4.16
c295ea754e6d47cba18e2567265c9d1e,3,48835b2667d34a4bac6ab711f8be235e,81d08586cbc24085,30.53,6.02
3c5ea02383864a60b9a2151df211704f,1,3144bf8c190540e6af5734cc72c1e6d2,5f00d5de1c62405e,32.44,6.84
ff65e87354dc48988c2abe0ef14c56db,1,d073f0b39d074ab3a0403115829355b3,50ab9775f6cc41a6,30.01,1.29
9affb8e0968f470a919d09a722a7f429,1,27b706796d644301be38ea2ca7a86baf,948ce92824644a36,32.28,1.42
9affb8e0968f470a919d09a722a7f429,2,994b92d1b1ca4eb6ae5314bcbac9c514,8d623ca443234f18,2.78,1.74
1ebdbb65b4f544478d161d7c7bf0b81f,1,7af478bcacf94c39891c45857e1d0b5c,bbf7715a3f6147b5,25.95,2.38
f7f529abd5914ff0b76726322dbc993d,1,d3dc91447bca4316b0cc978d5162d59d,4010edb4a15240c3,17.52,3.3
f7f529abd5914ff0b76726322dbc993d,2,b59716b98baf49a0af4f58baa7ec1111,ccaa1c78ce214c7d,15.54,2.21
f7f529abd5914ff0b76726322dbc993d,3,4e1a19f2fe3947f986e6375f90b1df05,28705d87be3f466e,11.58,1.28
3c612661ddfc4b02912d35f72f614036,1,a42a3c153c214d6b8278aa2067938c84,2672e778418c4f55,23.63,6.11
27ac5bea0aed4953aac2ad9ff8b9b529,1,961b81cd922e4092b193af75ea4a00bd,0ab7a6f9648a4229,26.29,7.18
27ac5bea0aed4953aac2ad9ff8b9b529,2,11b87cf894b6411db62446cd41c232b4,9fd8a59c2d6c4759,8.41,7.04
85412aea9a334de59fb8521351810a46,1,6ac0a45b0f964c0197a1f7538ff1b37d,2cd743e8ee2d4e5c,32.61,5.8
35f9e232ef1b4ed0af1a60e1391f2c3f,1,6dabfd0177b449118b9d7059975f0b02,e6f9a06b942a46e3,7.72,5.26
35f9e232ef1b4ed0af1a60e1391f2c3f,2,4618269e1a7244f381e6b6512e3027cc,d78c27db72814c33,31.95,7.2
35f9e232ef1b4ed0af1a60e1391f2c3f,3,f84a98320bf24e38aff8d53acd9fbfbf,bfa7feebdedf44c9,2.03,5.62
a988e698262a4d718b4d90a922bae890,1,15a7bc69afe9473ea7594d3b48cd59fb,bb3d47e4055241b5,25.09,6.14
9b90499a8a67403d92675d33653bb287,1,f261dce6fa6d4f0f8824d1765680bace,5dc6ce380e314dbc,24.17,4.04
9b90499a8a67403d92675d33653bb287,2,1ce2039315ce40b89520bd5a606ec9e1,238196a10d3f48ac,4.63,7.29
ef328bf65b984543b81ae8bf437bb0a0,1,2df2ba330a194203b0ca846ae9f5fd8b,3bc2977977e34649,27.77,4.67
ef328bf65b984543b81ae8bf437bb0a0,2,d10ca607132840089990f692b86cbe40,709f39e889a643db,6.48,6.54
ef328bf65b984543b81ae8bf437bb0a0,3,7ada57c5fea845f7b8a156708f09e357,ccb0f72546f54faf,23.89,7.81
bd75a59f806f4dc3b860c187dc02302e,1,2eddb20c9cdd48e383c97916d6debe20,28df725bc6ea4553,32.9,6.12
b41059e6bcf24b60819818dc45d611f3,1,cb2c80f0223147e49eefffbdb4792b9d,1f7a9d498c0342c3,23.13,4.79
238bcf06009243e8a157316c1c1ca264,1,c5ea155165b84e608632ebd2a117a970,8506a859f58b48b4,13.23,7.58
1c2d2cf5e3ee408aa4c6f99b01288887,1,57475acf1f3c48f7b1d059af96f615b1,ec5a9147ed604e5c,7.75,7.08
b952ba7f17774e4cbfd989bc5a722532,1,b126110822f2473ba3d75c8e7e4eb5fa,9da3d565c6944411,25.54,4.14
affd71aad5744ec7ac9f0c6f68056545,1,767564d3200748028333d5df33335c75,a1108b885b69459b,13.81,3.6
affd71aad5744ec7ac9f0c6f68056545,2,2ac979734723407fa6f69081172d47b8,18e32ff0b6dd4f31,12.89,2.82
affd71aad5744ec7ac9f0c6f68056545,3,f5ff483a40404c1494719e430875d67f,ecbef441fabe4d7d,23.76,3.68
e1bd7cdfc86545b3be0971e38226e02a,1,8413810888ca47aba139db15edeb4022,d31ab9d58a804ca9,28.93,1.25
f969fa1e8bb0468cb36db66790f160ab,1,dab3c57de50f43f18d7229858f00ea54,6ff6598c93f74445,3.26,5.91
f969fa1e8bb0468cb36db66790f160ab,2,ec209d01c1df4c6b867fe8783b5560b6,d2eafeec92a44e2e,5.98,3.64
f969fa1e8bb0468cb36db66790f160ab,3,8c862724892845cd9a3421d83e7c2b8a,34f8b6e8f9c2499b,10.99,4.35
c1a94ae2f4434e3ab7764b1abd21e05e,1,3a96b12356284129b66c16e08f9f904d,2b8c8ad6aa854eee,1.55,1.89
c1a94ae2f4434e3ab7764b1abd21e05e,2,da8c1c9f141b46a89ee367200d1301c1,b110f8e2c63642b2,1.86,6.75
88d452b4edf1498882c74ca7459a5325,1,893b7ca947844e6787b6b1166cda3d70,981d1f58e99e4f89,24.95,5.88
5194a8ff14a145ed84c5f9c0ce4cf021,1,24904d181b164bbc8a90aa1fc01d279a,a37ceb673e034899,6.8,3.27
5194a8ff14a145ed84c5f9c0ce4cf021,2,89fccf030f1243cda2ad909f90175001,48868ca991044069,5.35,7.35
ec8d4ba2ef7b433d8a7c071f21fd3d2d,1,b979b8caecfc4d749c490ad087b9b07f,6781bfe5b8ca4411,18.67,5.59
ec8d4ba2ef7b433d8a7c071f21fd3d2d,2,9cd36e1f688d42599691d53ffaca0db4,be02ffd310ab4304,7.13,2.89
731e5182075f4cde934aaef255d5b6fc,1,590600e70114415c98e8fc71c3832830,2850925f45654265,11.89,3.39
731e5182075f4cde934aaef255d5b6fc,2,3a45d0c6dda840bab5a8ffac5c3f8f85,10e0436eca4d45a4,5.46,6.38
0094da0f3dad47d1aecf56fbc4c046c9,1,cbe18a23d0b04eac839692afe7d56898,d3ddf40070ef4ec5,30.57,2.26
ef6a6854d1cb490f867a4f9bdfc0a089,1,fb1b5d29c4354ad0b0882aef7d192833,553f794cf2734266,5.26,1.53
70ff9191683d451896319e22cdb82333,1,8a56dbd08a4b4b0b842e49165382e669,129d8cfc6b9e4c58,13.14,6.05
252baf82bbca4f539cfbba6bfb79838b,1,7ab09e5ba5c34d86b48333b512962f0e,a9f14f1370524d77,18.27,4.83
613267f5828c4c5e9f1f7ecef40c54e5,1,ec6c91d2ca79447f9e355513ca784c9d,980607462b6a4c7f,13.47,1.54
306985ddb21540a7b1aba00b0ff7fe1d,1,5fe108e14fcf4033bfd2d836e0ceec10,2590fbdf754443cc,7.44,3.46
db86ef2e7006493284e64e8eb0d4af5c,1,c8f160bea7cd4fc8929886c6c5e0f5be,bd892363cb924378,13.25,5.66
116b26444ca14bd8b82af52c56005f66,1,375cde813228411cbd8f863b3afc7d3b,08a2434e890e4f40,2.98,4.53
116b26444ca14bd8b82af52c56005f66,2,97283d479fd24854afd1217886139b44,3d957dd6a4c54f7b,21.96,6.01
370f31c598e44fa496ebfae0b794e93f,1,6fa504e583314c29be358cae1ff2bb39,3856f4385fac4a7e,20.18,7.17
9a13be6b6b10409a9e19d8b623998f4c,1,dda5ce2959bc417db83ecc081f545f89,33e8bee214694c74,3.6,3.1
9a13be6b6b10409a9e19d8b623998f4c,2,8f6b11dd42c042e1a3d747aa4c35341c,f655aa5e549f4284,13.65,5.7
d1c7968ee642418c93e7929627911191,1,65ef786efe214ceda7ddbf2020f59d9c,c6cd5206d50d4aca,20.18,2.25
d1c7968ee642418c93e7929627911191,2,ef9c57599a5b4652b440fec152929fe6,52306377e8b74ef0,8.73,3.66
d1c7968ee642418c93e7929627911191,3,ffd2cef0008046a59878efb3bf830d4e,65cb4d4e90164dd8,14.2,5.5
4dca231463f144969499b0482a9060f2,1,4124287088c643b1885baaabe73b3b55,16ee236d76914ba7,21.1,6.7
f262fed1b07d49dc912e177a8b65e850,1,e834927c69504a6488346818ed095991,0e5f2ceb69fb4537,32.9,7.0
29a30c450194490d8c60e104bbe288b1,1,69654c11524c46368e33c2e4085ef158,664f3d0b21264316,8.81,4.95
29a30c450194490d8c60e104bbe288b1,2,cbe52337d1084c1e8e99095301cc6d3a,a4145b21e4604d12,23.39,3.4
c82efad9583e4a9ca1022685f9ed2575,1,5b9eb74a7e6f4183896b746d5bcfd96c,d9ca785021e54f44,6.48,2.6
45fff3a117164c4da6334afc1fadac61,1,ae82e00b97074895aa3d69cd51220928,3fba58cff9f94597,20.95,1.29
ed6cbdeb42c44d51b85213556e9111d9,1,78c6b7bb3e3e4b95835b89d8077d03bf,bfaf172189cc472f,17.02,1.96
ed6cbdeb42c44d51b85213556e9111d9,2,f96a687b7e044a69ae7a5fd82ed61ef0,3dd4d3e4b75844d6,34.02,4.61
ed6cbdeb42c44d51b85213556e9111d9,3,4f13c55522aa472a8539f561a0f23a59,93804dc6783a4eae,30.1,6.14
d0370b639f274450b4aaecb201d0d861,1,82841759cd774d05a22c32e0118baf54,30d36922fc8c4522,5.94,4.51
d0370b639f274450b4aaecb201d0d861,2,ba00e2e389b64bb386f340a17a2e5cb4,66fc904c77de456d,21.94,7.24
bac7441ad80f4142ac538adbe9ca5f95,1,67ebaac0148540fd901d34a33e639a91,b165f129a8c5434e,24.35,6.72
8fe1270f55d643e096e40c10f913a7c3,1,fcda681dc4904bc5bd9744645d950b93,362bdb36eccf4b7d,14.52,7.07
8fe1270f55d643e096e40c10f913a7c3,2,e08417d819604e9da623531cf792b78a,8b46005a7e584509,4.53,3.22
6cf27fe055ab4b6381b183639254c37b,1,adb7931e50754367bb408cb66c6d5ae8,aa03acbc8de64a4a,10.16,1.25
6cf27fe055ab4b6381b183639254c37b,2,b9ca91f7cd2e4e6ebaae2d25c1811c5e,0270a342b62a437f,8.36,3.7
6cf27fe055ab4b6381b183639254c37b,3,612ee8b2c93042da97e7434afd0151f9,5ad0fdd5e3814f4a,15.84,2.05
b3bff68bfe1046d2a77da42ae637a65d,1,6b5b02853e1d432e84f0f96ef522d3b8,812d21f3830841fe,28.89,6.05
b3bff68bfe1046d2a77da42ae637a65d,2,1534cac6b2d5447fa61a3113af717daa,61d27dc0c2de4f75,8.17,6.59
98618756f07f410b880b66e777dc875d,1,0540582369db446ea0788a0e0d1f22c2,b47b62dd92c54a52,15.08,2.28
c76b713a3d5741a6b91805f0b517bda5,1,0901ba8fb7bd41c9ad0340aecdfaf381,577917a307c14440,21.65,2.97
68a2e35329194aaa9dcc1a0e381c52bf,1,267657f1dde2433da7f9a2a61204470a,735faca41404448a,33.41,3.42
68a2e35329194aaa9dcc1a0e381c52bf,2,d8d90960085643da9c74de34b4579c0f,573e0ab7abe04d1f,28.52,3.46
68a2e35329194aaa9dcc1a0e381c52bf,3,51a0debd43434c3fbbb4240bf05b22a8,70ced52c8b184cc8,25.99,5.48
ba2f580d279d4fe8b2b7f6d0f0dc4d42,1,60c798e9109f4b41940192b7f50093b7,062a8fb435354596,18.22,7.0
ba2f580d279d4fe8b2b7f6d0f0dc4d42,2,0d29214ec68d49d5aba4ac4169a5cdae,8bdb91f501204d0a,2.36,3.24
ba2f580d279d4fe8b2b7f6d0f0dc4d42,3,d4e7ed795e454fb7a6f9d5afc2f072ce,ec09857bf3d34b88,34.96,1.25
cd70e9f998c649fc9eb069dfeaff58ba,1,e13e589fdf8f42b0bf06044e8fd827d7,6665ad5631f84200,22.68,5.6
cd70e9f998c649fc9eb069dfeaff58ba,2,5e26f075a7a14b36a378c244c520b0bd,79caeb35ab074e9f,24.01,4.05
cd70e9f998c649fc9eb069dfeaff58ba,3,73dea138a14e4e6e82eed193461f777e,84290a0e8ec745be,11.99,7.42
06bea3bec580442d83d9520edb2622d1,1,c90b6ff4d59547b2a2093b1635d9b772,6d26ed1dcd0643c8,16.51,2.47
06bea3bec580442d83d9520edb2622d1,2,069836ec18b1421ba213af2bbb82b989,e617925412874c7c,16.85,3.02
7af16c98261c46a5b62221ab490dd05b,1,b51f263df99945f881667f7f2ad3a683,9c6d863369bd4081,23.84,4.51
aee15d8970964bc3881ff1bc83d160b7,1,1e045ba9d66e4ee7abe94648caaf9d4f,6cb35cb39140480f,33.67,3.46
226410e523384fef9275df19a930216b,1,33995a4a586241c6a2009c33ab3a9380,2f909e59de2f4c63,24.29,2.27
226410e523384fef9275df19a930216b,2,6bb6ca3e12fd441f862c78e318079d65,0a0395b810bc4e59,14.93,7.43
226410e523384fef9275df19a930216b,3,822b1f92ad8048f7a52897a970e78fbf,8800c61cee724e36,16.17,4.17
586c529f48674331843bbe961cc00e5f,1,736698b1fd274a43a159b2ed8cad88d9,ee0145816a744b93,13.12,5.2
586c529f48674331843bbe961cc00e5f,2,49aa8ca4c43043c58d59f35b07621c2b,fdffdec4314249cc,4.12,1.83
abbff46232b3482c94ce329dd345e8a4,1,d40f0d83696d4c20903c41fe3b738400,9bbe8a4cb2a24352,29.37,6.6
abbff46232b3482c94ce329dd345e8a4,2,e8bce266b9864f4292d09409849708d9,509bf9562efb45fc,12.68,7.13
f1cb01b7295a4dea981dc0ea97576c75,1,30aa249e8e0645949ca22944b00b4491,b8a4362d58444895,33.98,3.62
f1cb01b7295a4dea981dc0ea97576c75,2,e81dee715ae447b59b5cd6d63b7d1ef5,3d2e29b1abbb4831,16.42,3.79
a81a609e0223490c805745d737e0376e,1,f8c3a6d6956449e2a1f0ac4e61c5ab1f,ed8c50e95257439b,28.32,1.6
a81a609e0223490c805745d737e0376e,2,a44f4e9bedaa44f2a80122da0a28f1af,32bebcfe14b2416d,13.52,4.27
a81a609e0223490c805745d737e0376e,3,85e75ea568f74d1f98c88b29af5f07af,4bba907e40fd4188,32.99,4.78
6b02aeec1ccb4ac092c3e01012506188,1,b68f656de25e4e2b989f2c7aafb1b1b5,0957499e9fbd49df,14.35,2.36
ed5d43be1c514fd6988032133f3cd7b3,1,ac35fdd1e552410fbb01cf1fe008f70a,cdb1656fc0764c85,11.09,7.33
24886c700e2746c1b8c0a2dfe7b2a94e,1,ce6428368ab54661a4f0a53bf0ffd2ce,7989bc3ea8804bd9,21.68,3.56
24886c700e2746c1b8c0a2dfe7b2a94e,2,721452f7768f40f5a3ccf6d8f3c008f5,b5f130688d7242cd,29.82,3.38
60735a37091a44e4ae30287629563016,1,261338c7e8ed40ff9811ae767c8f9d74,4d708f0527a34780,34.52,6.91
b3ba9f9362d748e49eda393a840f8c04,1,89801d07390f4d079d18ce63c76ebdaa,63970ee21cfe4184,19.32,3.11
bfa32d3886b64028b7e7f6db09977347,1,f78e87ccee7b47569f58dbfba674ec85,4b470dff4cfb4dd6,14.58,3.09
3be762b1d2314d8f9601f8044ff3729b,1,20a7e7ee556b405199a4f41114ae1f07,6c83a6e601dc47a6,24.19,1.2
3be762b1d2314d8f9601f8044ff3729b,2,5856dbe417f945a0a2e5be03bdaaf903,8fddc18230254f3c,6.22,7.25
3be762b1d2314d8f9601f8044ff3729b,3,4fb07170606549f3a998a5d2d059acd1,306be759fc744cc2,2.85,3.3
3be762b1d2314d8f9601f8044ff3729b,4,eb751fa2abb540b4be6dc34b9ad177bd,98c86ad4b8824bda,9.69,7.66
aae93b0a3e334822b84129f5bb95bc6c,1,4cc588c91d1d4c979e1c338b115a254b,60e6788e2fc74cc5,24.67,6.76
f3832fe7247843e19f5bb8e1a6c26082,1,501f367e063e4f8baf6b62a62ac27415,cd446e671ad34859,20.64,5.96
c0fea41b0dd54e7395b7157cafb22cc2,1,65c4877503bf4b478edb49c6012e4fac,2e208be1f3194ef1,20.38,3.04
2be8000a7618498587ca218191d5107a,1,fe2e0b4c4aa1408db54467b0196f382a,d9e97f09bd2a4fdc,14.62,5.8
94d64dc1b6234dc0b9baa1ee64b30142,1,b307dbe6e3764c2d91b9d89d0510ad79,90ef09880c6c4501,25.43,4.35
94d64dc1b6234dc0b9baa1ee64b30142,2,5fb09ff880bf416f8ab153fa88f87ba7,a37f8702f6704d07,20.75,5.47
e751c9f5f1524211b0c545117781acd2,1,6fa6b71fa81b4497a74aa93e957be613,c38edb03bfd6473c,18.78,4.24
7ff30285533d40bb93a929496b7d9ae9,1,f0bab708db7e428491c8af470eb6c875,b5ce202fe14e4209,13.04,5.78
85b21fc2d8904dca9786a03757e5ef38,1,83113830cc57484e95baf5230448ad11,8981ce8e33d54ce3,18.25,4.37
85b21fc2d8904dca9786a03757e5ef38,2,0206cb23f8014764ae6c1bbc1ecb0dad,56d9df1eb91e454b,31.6,4.98
85b21fc2d8904dca9786a03757e5ef38,3,b7911261e33e4057912d290a96664396,83d6b3edfb9e47a0,16.57,6.92
85b21fc2d8904dca9786a03757e5ef38,4,bf028385e0a24af7a9d6c97f96ae5d95,23888d00ebdc4174,2.35,7.05
8729b534bb984605b5db56e30dea5d30,1,53b33627b63c415aa1386c0d656db391,60a98d7b2c894af7,24.01,4.25
8729b534bb984605b5db56e30dea5d30,2,886e827c77ba41688542e58fb13937af,f01e1d18b9ea406f,14.32,3.62
8729b534bb984605b5db56e30dea5d30,3,615b02740f3b48aea3ac4344e9d407bc,19eb2402701e4e52,24.83,6.4
0d28668d8ec641e1aec80a00042ea4c9,1,eff1fb21bae7438ab2b5a2930e5fb49b,dfc0f77bde554497,28.87,5.57
d8057e2cc59d45c89ee7a9c2825f807f,1,a22f5e600ae14c7a9f0b97c105d27767,c0f517b1b2974fdb,17.15,2.97
2575840ee258448d84af7555742c7ff1,1,d40a9fc595134f23aa86dc16cd444573,398bd853ed394ce0,8.02,5.48
ed3d8b64a09a45df85560a10885d6628,1,3233b9f930b541efa1f16c8b1384924f,713cf22dde51484a,19.95,6.09
ed3d8b64a09a45df85560a10885d6628,2,825f0bc3838e48af8079c8e39ad529b1,fa4c7c208cfe4dc8,2.55,7.27
ed3d8b64a09a45df85560a10885d6628,3,a03bd143c77b4a97a162dc8bbf41c7d7,d1e2dd4c82aa4508,18.78,1.77
ed3d8b64a09a45df85560a10885d6628,4,f26ac0fed589454b9ef81560ac7690d0,3adc669bd5084dc0,20.11,5.95
192930f615f146f7a483f49858046db2,1,fd8e039c90464c698128adf752f3a739,f7f65bdf208c4602,6.3,7.47
bd31c1525dd343eaba85ebd7fa50ccc4,1,f30a501076b248e3a2895783f30c29c2,e357232797cd4b65,15.81,3.41
bd31c1525dd343eaba85ebd7fa50ccc4,2,a7a81eb4b5614c58ab67bfb51f839d85,665dd39c52fa40cf,8.4,6.88
ff94394198ca41b3a5d9c389cea86707,1,219b402ea14c457e889fdf6f6162acd9,504c8cad90544eff,24.73,3.94
ff94394198ca41b3a5d9c389cea86707,2,c3fb444333304c37a517dfabecee4714,c14d551c49ee41ef,24.6,6.92
c1868354948e4c769f2bc1e26a89e8dc,1,c320957f148a4d90a4cab84fec19a965,224f1817526a42b1,28.55,5.36
29714edeaf6a4c239ac869d27f582ecd,1,b642d100cf6e4584838ed1969e39fe24,fc11444403fa4cc2,11.1,4.61
29714edeaf6a4c239ac869d27f582ecd,2,c3af811680af4c4ea98be09ae48772b4,9ad51b0586104801,34.01,5.32
29714edeaf6a4c239ac869d27f582ecd,3,c9ba4c516595472f8ec4c98a890b58b7,942836623ce144be,18.85,4.08
29714edeaf6a4c239ac869d27f582ecd,4,031bafcf5f5648aeb12e54a6090cf6dd,f904682ddac5489b,6.62,6.43
bfa8d68084ec41d4b07bf45805954702,1,66b9dce458dd4d149129199d476cf4a0,06ed54244f04403a,33.2,2.1
bfa8d68084ec41d4b07bf45805954702,2,a4fb8062f08745b697eabfdff2950b6e,d6d4ce0601ac4246,15.51,4.21
bfa8d68084ec41d4b07bf45805954702,3,6dc1eee1d7bb44028776a5d7e13d114a,6082dde0bade4f52,10.46,4.34
bfa8d68084ec41d4b07bf45805954702,4,2db35cd254e949fb927c24d78f457378,335ec403472e486c,23.69,1.22
59b0bfe1139e45678d12f3026af0be0e,1,8ce518e647954be8b5f813dca8ebfc16,f71a12c0f383406b,20.12,3.85
7cc882d1086b4ed599a7b4387f268013,1,667c09877aff4934aea9c759db8634d4,dcefdd2576274907,24.33,7.77
8bec7377391f464f81f6a2a7f73803f0,1,1672f1c29dfb440393d2ba2bb6861d33,45f49abd7be64f01,32.71,5.08
8bec7377391f464f81f6a2a7f73803f0,2,22e89f177f354fedbedc82f64d42537c,7c5e7e53a86e4175,5.03,6.44
8bec7377391f464f81f6a2a7f73803f0,3,d30ed98d48f042fdae1d073ef4e1d389,cb366bf6ca7545fe,11.42,6.59
dc90688a55e043f29b75d1816039e0ab,1,01dc03b3db25438cbc10090408c9423f,af60708558034981,11.52,1.72
30a1da0b4f85435e9b57fe19c7be89b1,1,7884e09400ae4e05a51934b280d74630,1884f76fcfc44c1b,25.89,3.29
2da0bb7a033041c6b7f3be947d537c5e,1,6f8b2d41dfbc44ddbe322d359000dadd,56cbcb126c1a4df2,3.46,1.3
2da0bb7a033041c6b7f3be947d537c5e,2,14a53cfbba8946eaa8ef62f1ff86dbdb,36d01bda7ec040b3,29.56,7.69
2da0bb7a033041c6b7f3be947d537c5e,3,7c1a9a507caa475ca8ab1133e945a1cc,96d1b73c79f34382,25.82,5.41
815dfc650f184b6a9d52f61edff5ae4d,1,0cf87f7905534fdaac7435e0878b9a08,d4410db4e6e947fb,14.53,2.77
91869c8c8a754bbbbaeed416eddcad11,1,e0e90eeeaffb464fba5e03a28c3133f4,6491dde552674760,29.94,6.55
ae17b55e31744c7aa554736e793f3141,1,010de53bd3a449f2b1843995eb65f149,4a62eda5bfa14a0f,12.98,1.22
ae17b55e31744c7aa554736e793f3141,2,46da19292c5449c099309219d4b85581,f0aec3327b7b474b,21.98,3.01
e675195cdb39463284166d9dddeb0840,1,f140fb497af84da7b451e15c69a9b198,12ac42bf418c497e,13.01,5.89
e675195cdb39463284166d9dddeb0840,2,7957bdabc57d4645959b0cb84e3f7302,4e7fa49f78e84f29,14.5,5.45
2b23d51163064475837a695db0a83023,1,89a03897c1c64d2ca9d7ebc4c4448776,e942ce600aed4caa,25.83,4.7
2b23d51163064475837a695db0a83023,2,4c3d94a21aaa4842be90019362c05c69,b0f248781e5a48e9,3.72,1.69
2b23d51163064475837a695db0a83023,3,188a07b80e9c46a3968d38445c9004d5,6ad5ec1e9c8d4065,2.36,1.51
8716fe61a0654f24b640f827349dc8a8,1,68b09fd0f70b4d82af363f791b8e7441,ba94c4e1bf0e4dee,4.1,7.29
efc649a0d5d441a4b1d652a216f99b01,1,2a4181b86bdc4ea9812153ffbda0509d,1f718c3eeab64240,15.31,6.46
efc649a0d5d441a4b1d652a216f99b01,2,5332596d5f4840aca904c78baf27e11a,2fececca42c741c1,16.06,3.47
2e001d2b8298454091cd6133c4e30d1b,1,028796f64c8149ba96851f46b82ec9b5,08ccb3453a874beb,34.59,1.59
2e001d2b8298454091cd6133c4e30d1b,2,1e7fed5d70444d3384500fcdb0f38439,da10007bc28d4dee,11.08,5.85
94cb2c13c7304eaaa6593fcdada07cda,1,9c17ea6b8d1646cb8ed88553cad39134,c13e9f5e34354270,3.22,6.83
3683293d399c4196ba8c60ceb0993b8c,1,50bbda1d176345f087e1417a89df6b46,e609c9b9a1af4eb2,32.04,2.5
3683293d399c4196ba8c60ceb0993b8c,2,e1777d3eacb849c58f77f3964c7da8f0,9401f4ebbdc24e94,31.65,1.45
3683293d399c4196ba8c60ceb0993b8c,3,4645a009c397431990c238c25185ef23,cd0d4cdf668e439f,23.11,5.06
33fb7f07f68e4854a6f49436f0b2c1c8,1,2ec8bbab766b4c919dfcbdb4b1925965,38f14f760ccd495d,16.22,5.76
b994d9f16ece4e8892ca6d8ed903fbc7,1,8131887b4ae244c493e0e4c9589ddee4,ed829a03a2b245b7,24.8,2.66
b994d9f16ece4e8892ca6d8ed903fbc7,2,2ba5e2c1639043ea93b6880579108636,33caba8c1d4c4c5a,12.83,2.55
1217762ebaab4edab308ec16a5350e64,1,1781f43e3d6a461ba2f447030134e451,c6f3bc54ce6e48e1,16.37,2.6
db474c2192174f1b99d75a75f202129b,1,95120cb73ca043c3a84298154d5d778f,5e62fff85c6f4317,5.55,1.08
bc685d90542c4ee5bce3bb1ced957e02,1,be7527d9de0b49e38c0143eb4f17cc23,01fbf994216d40fa,29.19,5.41
acf0289f7c60485bbb593024c0fc6725,1,6ec87b41a5f14b36babfa8469b01754c,40257ed788b64fb0,23.83,2.07
609bd5d92a7e43b184d6b1dd0b6ee982,1,efd0706f04a3477092872973f376e090,076ca42b279042e1,6.23,5.55
27b2fa99dd274285821d31717a848268,1,4741e57aebb44de2b2b8ec63aea37971,4bd67f58f7264036,28.43,3.0
27b2fa99dd274285821d31717a848268,2,ecb62ba54c154a1286c3ba9b93c4d736,9bdfdc1c9b7f420e,19.81,2.74
5519dbcf8ac34266be6e9afaa1104b3f,1,92bf2e21f71d41b3b9589c19e1e91a02,076d66082b25479c,29.44,2.79
0d18b6c01b1f44ebb8760e29abf41c13,1,bab47e100fec4e84927e4abcb37f6ec1,6fbcf281981d4dab,33.71,2.84
f94d2ae8103b4adfab25db86f53374d4,1,5ea031aecb85428db237ee5238deb2b1,e54545d25efa451e,14.3,3.19
f94d2ae8103b4adfab25db86f53374d4,2,8a54859b573a4a8cac16ef1f8fcc3cea,a0a02380b8ba4d69,32.95,3.08
1c052234e7174d129e278da51e796405,1,062aa7ef8b9444dd998ce11d18d7304c,c85ee13424ed4a2c,25.29,5.94
1ed3769fc9bc45a398932a99dda6301b,1,a7fcfe68386b4f02894c5020618a8c76,bcdd1b68f6534efd,7.32,7.74
a7dc3e408c454d3f80e2bf35e97978fe,1,f73b541362484271a7020bb1696351ee,825e631ee80f4fe1,30.83,1.5
a7dc3e408c454d3f80e2bf35e97978fe,2,240b4ff70de2456ab42462911e8ad644,e183aba2edc847f7,19.66,2.77
a7dc3e408c454d3f80e2bf35e97978fe,3,21e0333f70bc4b5dae61ec4ffda0dda1,f54a92c9343a4483,13.3,3.5
13471264c6eb4952a31e271cd9cb9eb3,1,c4418b4238c6454682215f85e02cd930,b69f73b1169d47f8,6.68,4.81
13471264c6eb4952a31e271cd9cb9eb3,2,1291695239fe483284e53525b211d534,3e298cc4acb34d04,27.57,7.03
7a696410e28c4f818387aba175ecfd56,1,a215523cab2e42d5ab3e8cc19d517a6d,f11e59fd2dfe40c1,29.79,3.47
7a696410e28c4f818387aba175ecfd56,2,19db16be14c847149e1e6f9d5ccb7106,2ad1afb27e91413b,3.55,4.05
76f1c219aab1461d9f538b77d1839196,1,0b54b5501a274e079aded148dc624d2f,b11f5ee27923427a,5.85,6.06
b7e0c6b072a54ef794ae392e1b6632ca,1,0959048ce1794d54941e94d6f2d430a2,6570c186a67b4b6a,3.98,2.81
b7e0c6b072a54ef794ae392e1b6632ca,2,84c2c0d831ac4aca9efef701246a2e8c,bd5e435cd40a4cb8,14.81,4.63
13c69a6d6f304b64b6d79a3bcf63aa17,1,58942caf56a44d518cd5d66fe1918778,8c3d7e29873f4775,24.53,3.93
13c69a6d6f304b64b6d79a3bcf63aa17,2,2b3a2438e36340f886410118c40368a3,b3cc92540c704715,3.73,7.02
c9e4133fc2c74a50b158cb5875478fc2,1,de964d62216e4d96ae43c8aa2f381d00,5664d0878e2b4486,10.59,6.82
e19d7d500ccf49088d94e9ed4a329163,1,3ddd9b7aab3645c694d637b5097927a4,ec1053b9ae91430e,19.14,5.53
e19d7d500ccf49088d94e9ed4a329163,2,f9cf9fbca5414dbfb09dc1f9e2fe25eb,80385a6801b34f5e,19.55,7.53
34fd71ff73f44044bc8b76120b8a5726,1,ddde984b619b4d03ab75ca33233f6c35,78be8d8e9758464c,4.78,4.56
8df3129c24fb41f5b5b17146ad967be0,1,797c5309c310477885071b7c9c3a3fc0,3399a4089722490e,9.92,3.02
01b9c08f473e46e18cd7e9337d20cb57,1,514526323cf34270b17d9307bc1c72e2,2adcf7d3ecf64539,28.13,3.08
01b9c08f473e46e18cd7e9337d20cb57,2,a9dd6780c3c94368971c6b34be180097,0b05a41e2b184f55,9.15,6.81
b763c3124ac44e2f929e7eb91c1e5ea0,1,4a52753e997c4fff86a71ee121d4d7d4,b145b2f190a9488d,4.19,7.31
b763c3124ac44e2f929e7eb91c1e5ea0,2,562ea6003ea14fca923b1989a2411822,04ac2d42d44a425e,3.34,2.44
cb40d207812740a7a0a9cec3df7945d6,1,52d73cee757341a48c3b142b83cfa504,931497fe114d4518,32.27,4.29
646cb65245ad49baa613d85fa65c6d71,1,8e13d25a779f49e0b8a53cd4a7f8570a,5d23387332c2461e,28.21,5.82
0acf8bf8af444a1899009948d0d23a54,1,4450f02e6a8b46c7b1a45d0ccb7d1e4e,14d0b4491306469b,12.66,2.26
0acf8bf8af444a1899009948d0d23a54,2,05d49a43c30145f2bf7f8fa0d80683a5,65d8dc516ede471e,26.28,3.49
2f8d1890b91c4cbc8cc7c843a5aa83d9,1,4d4c526824dc487199f81486b2e662be,ee2a7724adcb49aa,11.11,7.98
862d9694910b41d7adaa49cca4a65517,1,7587754184fb422d9003cc773627e70d,2f6900c1bb324bcf,13.88,3.67
d3d419c4a8414c5687318c060b710587,1,f2302b793fe145c58e9a2476681d6c41,dcc91159cd004597,23.34,4.73
8b03183f19c64f57980475f75f7e1e39,1,bac4744df143482389bfa9ba897b6803,d97f79954d4f465d,22.86,3.04
5a8285b6f1df42c6b1a19180665e8878,1,c83d7820d3a04ad3bdd600561bfa1872,d84a8837a38e432a,16.08,7.65
0e514c4d2f0a422c96cb60af5c91bc4d,1,55b5c63db12349cf8d0c28d4d413ede8,37e78fb93dbd4ef6,34.23,2.3
89206a34c84545fc97a3b404a60b32e4,1,8ad44e3d2c7840c3927e778baae3301f,bd25cb5c3892483d,11.44,2.95
8b868641241d49eb9d384b83ff8986ca,1,56767740ec9543eab198465ccc1e9695,c683002490754de0,32.32,2.58
3dbaada0ce1042b29f857f6eb037302c,1,ff495e1c755a4803b87054c57acb37cc,5c7e0ab9ac1346a0,7.11,5.23
3dbaada0ce1042b29f857f6eb037302c,2,42e48311cf0b4db2882b00f5985213ac,7540fdf5afc04b20,23.05,4.39
eade941ae7594245bae31f8e2caa025a,1,4e7424e0ba22471fb55a0a22faa5a938,19f76b5aa8ed449a,22.36,6.74
eade941ae7594245bae31f8e2caa025a,2,72909561b8a84c918051f6871c066c1b,61369dcbf31f4af2,7.28,4.77
7ae801cab6b04241a130c2a239ea9643,1,6248175b91db483aab2ec2fccd857133,74ffe61bb21446be,15.09,7.84
d9cea0de31e74c9886c655f71fc8540a,1,d4a7855491da4595ba9801f66defb34a,5eef254ce5e64358,3.74,3.29
65e122a470e249298a1e1bcf3d030de3,1,a9ef0dfbdf07405f993259cca66d28a1,e0c50fafef45449a,29.8,1.77
65e122a470e249298a1e1bcf3d030de3,2,e0d0e293be154812956e4ff7b4740322,9b52c1815d70432b,23.35,5.23
65e122a470e249298a1e1bcf3d030de3,3,856c63b5766a4cc280aa8f287522212f,0d130110feb344a4,11.35,6.75
21ba619236c444e9a88a18a7419a5d00,1,65e224faad06457d891e455f98fc66b5,733fc3c47d4f4edb,12.13,1.56
33a97d85ef6149cd8172b633f558c3a0,1,2cf9a0360ddb4a24b7321fffe4c11d3e,a84fa19bfb074934,5.7,3.14
2ed75d0f10e8438fb50718258a9da84c,1,f8efab608a5a45f4bb9786627290fdd2,4fb3b13792264ef3,21.72,4.38
d347ed225c054cbda41c38be98b8fc8c,1,4841931ee3134aa9a251e008f45148e7,10823ebc29e54207,6.14,3.44
3932c3d28db34fd79d2453908ce6bda8,1,3a6a847336154501a6649fd875788189,0595db67316a45c4,33.59,7.17
3932c3d28db34fd79d2453908ce6bda8,2,bc68df0b2ae44044bac0f275289b7b3f,cd74e5cb59c2457b,26.64,7.2
b4a48432f40d4be3bc6cb08e8aa286d4,1,3d6d0999d5b34e0dabcb6212c215bcec,a9750af7f0db4d9f,30.23,3.35
c551434d2a2043438013cda0032e4720,1,7246eec8bd4e4b26b40e86db314a4b7f,75b62263f93549d3,26.94,3.6
c551434d2a2043438013cda0032e4720,2,47e9782e56e84c16b49c98efcdb1a501,2e3be103e9604bd7,25.71,6.39
74792ef2ef254d30982630cfe239d484,1,dfc638a54332471997dd5dc9bab75d37,bffbe5940e3c4a7f,14.86,6.99
f3edbd32308e4e71a3b087026da98799,1,1241e570ae424da9a9bf8ebb63877d49,e0db6573b4f745b6,33.94,1.28
f3edbd32308e4e71a3b087026da98799,2,3e68e0c31e4947beaf63ab3531a9cd51,02fc06d18ea24447,21.57,6.96
f3edbd32308e4e71a3b087026da98799,3,7704af609efb41c0a5598838637aa07c,ed5bbb84e9544395,30.89,4.43
ebace79996c3479fa54ce3de69c9d127,1,915dafb457c04ef2ab7b348221bcfd1e,026e126635ee4618,16.96,2.06
900477623c604949bd09fbe80d6497b0,1,98b7ed0af3d64f6b9ab5d5c6e7c18f6d,d219ccdcd3ba43b1,16.79,3.5
900477623c604949bd09fbe80d6497b0,2,af17bf9d57fa48198c62dfffbb42e729,572f13c447f946eb,9.96,2.22
ebdf892c356a464a93185ad41d86f0d2,1,7d968094634943849c32f59fbaab2aab,48660eac8916405d,6.68,4.0
ebdf892c356a464a93185ad41d86f0d2,2,2a78bfc38793492ab2a149599a3148b4,10f8f75e70284f23,9.14,5.42
9b90b7caaadc46368a6e517b2fc78fcc,1,b9f2cbfb13f741248caa9d9cfa45a004,2701e49329514510,28.86,4.42
9b90b7caaadc46368a6e517b2fc78fcc,2,7e801f0e2f5a44b4867e0e8052be17cb,3501ff71eae94c90,29.36,4.63
9b90b7caaadc46368a6e517b2fc78fcc,3,a8dbf23c606548f0b65c4b6596fd72f7,d4c103d008ab4f9e,23.16,1.69
91f5e32661444fc2b565277921b1fc67,1,453cc74cc4c04d22872f627cb86f18ce,860631cc7c314b24,22.9,2.17
91f5e32661444fc2b565277921b1fc67,2,71c5d3c8e7ad42dd9dcad0d29cec0103,4dcdbd7ce01b4513,27.03,6.43
91f5e32661444fc2b565277921b1fc67,3,aff2bce81ee74beba1584123fe437a00,63b771e3ec8d4d7b,33.92,2.57
91f5e32661444fc2b565277921b1fc67,4,a158757157e64676a666653db1df79b2,1a08787861c84527,12.04,2.46
c354a8270bc7430aa19a4a911ed461cf,1,ffecd2fea3a24354ac6764150c7fa644,9e340c8f3e174ba2,14.14,3.48
f0b8699161ab4833bc1d254a5e80b8b1,1,c33b95edde504445a5c99647733eac6b,64e037e091364e15,20.53,1.28
f0b8699161ab4833bc1d254a5e80b8b1,2,381e5b85d6ac41d0828de7e9cbd39802,be1cef998289408f,8.27,7.42
c1a99bd8a5a94aaa8e9207e8f9b574b6,1,f7bb226c37cb485dad023d3bba039339,aefa2e0e054345d6,8.44,7.8
c1a99bd8a5a94aaa8e9207e8f9b574b6,2,3fd5fffbe4f04304b22e51c905ca3baa,4f9fbf34d8bd4803,24.54,5.23
c1a99bd8a5a94aaa8e9207e8f9b574b6,3,92970eb1d8494583b3aa8d2aa296b6ec,c1f787adc2b54fd3,11.71,6.51
28266b4a293943b89ce92137290d8c57,1,1d0cbe5a1d8042bb9b6ac7db80b9fa7e,9368b117ee8840a8,24.3,6.54
14d3f0ef90f943618480e73267112591,1,a7e0e288f799448abbeb053c2c847a97,7e53049da25649af,25.71,6.04
a24d0ba825244ee4ae2137619559b32f,1,b79887deee824f04a4c0f23d064e2547,60bc9ca7e7174d48,5.74,5.71
a24d0ba825244ee4ae2137619559b32f,2,b37bd1dbe8b94ded819b7304db0fc4ce,6f809fa2bf7d4dc8,34.99,7.14
a24d0ba825244ee4ae2137619559b32f,3,9c4b5b0d82c6484ba36a976e08e698b4,2ea4f9a3b47544af,17.78,1.33
a24d0ba825244ee4ae2137619559b32f,4,b9a04671bb7e4871ba58a93aa8c37419,f4e0a1bc99934259,13.71,4.6
b6413afeba4b42179f91763b67723e6b,1,cf303d5bbc444b1d86e4603ceb924bcc,166ff3ce55ed441e,33.19,5.37
3f94939e58384e90b5142ad0d0911e29,1,ccf51807946745488d98d8ff8755adb6,02ff8266b7e14819,22.29,6.58
283872f09c6f4fa7bf2a257b0c00ace9,1,08a3a02e804c420d91fd3a210f9d1190,7f2b89c06f2f46a4,14.34,1.53
619df9a2c32d48459db0a36c513df40b,1,7d764979ceb5429d9c5142badd4fad51,29d11d83f13143e5,2.26,3.14
619df9a2c32d48459db0a36c513df40b,2,a0b4b9b764424f83af202991270152b9,c468402d6c7b4a9c,25.9,7.54
99a78cc3a2e44fdbb998db38b76e7e9e,1,b84183bea550468eb4260588dc763b9e,8bf4007d0b174082,25.26,4.64
99a78cc3a2e44fdbb998db38b76e7e9e,2,dcf766a000bf4846a9b5e8a821d85b45,fa1720a9fa394921,21.12,2.86
aec538f4d70c4e9c867446b66fb3016a,1,13fabffbcdd84bc0b9bba8cbbd07d007,479cdfd8ae4a4798,31.73,5.82
aec538f4d70c4e9c867446b66fb3016a,2,4f3ab47fca8e4370a478063a63f07a6e,c7ef95471dc74e1c,30.48,1.18
aec538f4d70c4e9c867446b66fb3016a,3,552ee5eeda324485aff8905a55c18494,0d2ef49571284cbe,9.72,6.4
aec538f4d70c4e9c867446b66fb3016a,4,6288bbdc648d47a5a07eacafe6e92d9d,af2bdf8f19354cfa,4.97,5.09
bccf01a7ab7b45e8843f5ca2518a17c8,1,1a6c994012644994af9c88a15495d7a4,ff72fb2a90c64f17,2.8,2.32
bccf01a7ab7b45e8843f5ca2518a17c8,2,9c491e44a93a421293eeee9cd1f247fe,4de7cf73748a4d80,8.44,6.71
bccf01a7ab7b45e8843f5ca2518a17c8,3,763d336be2144b48a006a17e10e4b31b,3a8be40ec7574a91,5.6,5.37
c4c943bccb434ff582c5f9ca9587a6ab,1,faf8974c0f7b4048b00699e6e04501a4,84c597e03e4b4673,17.29,4.9
c4c943bccb434ff582c5f9ca9587a6ab,2,2e539f67b35546699181e1dd65c98566,6f1b668b105f4244,4.49,6.49
374c59108e2847f19920d725e1aa7849,1,82a33321c57440f998352aeac622d927,b27ce53d00c047b3,32.81,3.73
374c59108e2847f19920d725e1aa7849,2,1cce8ff69f574e3a983d06af72350156,168175bbda664e98,12.04,3.73
1cb04e4714d548d39008234902e29963,1,808ebc95e7ff4b31924b5d802eb92eac,f9e2ffde051b4a64,17.84,5.06
81bab39dc2f04bb0af3a37866dd066c4,1,544d6b485777409ba663a534c92fb5b7,9b49d62b80584d14,29.19,7.41
81bab39dc2f04bb0af3a37866dd066c4,2,7a72dfb2ed994470baf43a796b5e0163,d1d25e90f75449b7,7.87,3.96
8a633069ce5948dfad2e3fd1b975de86,1,bc111b80d2164eafb00ae63400ea69b4,b012a497afeb4541,30.21,5.36
8a633069ce5948dfad2e3fd1b975de86,2,3fdc03832087471196ffdc1ba6a6a29a,d3e6ddb1496047dd,23.25,3.34
d14bffb007aa4179ad567c948dc39fd8,1,1813df0fa6cf401fb776b9493114fd98,27c0b65097e843f9,29.11,4.62
72c53b5609ff4e9b91460dae9dd8d213,1,8708a5c942204505905fd5c554ece3f8,f1c9243ec94c4d64,17.82,1.51
691b880cab0646b7a4ba7b7daa4fe534,1,2de12673b6c64abda4bbadd3853807ee,514cf0ad4fe74282,21.5,5.24
8ca9ec0eea064054bed9338988f7d3b0,1,033bef79aec04a70983d0bd8766f883a,6800f90e385540fd,14.59,4.98
f2d850ce25e34cadbd41979155d9afcb,1,611f34d4a8264d25abaddda3ccde4e33,94cee06d88f24977,9.85,4.21
93d905f1865948e0974e4e21ea5371e3,1,50fae2c2a3fa496ba3955d6a31c56137,1a414d5443f54635,33.23,7.58
93d905f1865948e0974e4e21ea5371e3,2,0d07f90b61f74601b76874e62912bc1f,0d007e13aa074582,2.31,4.48
93d905f1865948e0974e4e21ea5371e3,3,8fd4b1551ff04092bb88c0ef8586e7d0,22d9bf6c243043d9,30.03,2.71
af735b0289c04b799031b0f49880f876,1,0e601752068a4b0bb9262a8e7709a303,0820e374abbb4abb,9.04,2.48
af735b0289c04b799031b0f49880f876,2,23f7fbf4395a4b6884776e7556f45ef6,f36f610e2f1847a0,19.5,6.01
af735b0289c04b799031b0f49880f876,3,04a6446e286f45bb8efb848f94d5ac11,6db2f5fb8b3644f7,10.47,5.08
af735b0289c04b799031b0f49880f876,4,b0b8ef6d530a407ebbaf4fa978cea2ad,af9ee8fce75441d3,16.49,6.56
f3307ba9f3de43729d0c27a360f62ded,1,68bcdd4acd464fe7ad1a06565e683cb3,1708b9bb50c64a7f,28.85,2.46
f3307ba9f3de43729d0c27a360f62ded,2,0210e25992aa4e1fa12d999822a06119,a12d0fda0a47419c,25.96,7.42
e092bb1eb58f4e49970816f2a6dc4c11,1,263a44a939484988b74e440bea579e65,c05a2b0f1de24f20,14.35,2.49
e092bb1eb58f4e49970816f2a6dc4c11,2,7569376a85ce41809bb38ae631fdbe33,f0550e6e3d104480,4.52,1.99
71231f1cbf8044159c1fd4c8d2b816fd,1,d69b9380181f4446b90585c65bec5bbc,6afd40d35fbd4f68,10.01,6.18
7f144cff11f94f1daa22d310a5a91676,1,6092b48fe6e248808c60f5870ae04e8c,aeb8488dd7214ed6,6.83,3.95
7f144cff11f94f1daa22d310a5a91676,2,2f932f7d05ff4ead9107abb05e934ece,b5a19bc15d5a4747,11.61,2.34
76efdd7523dd4ec68f7af5e1d8145077,1,a2bf9b47f8ee41ba97cd73429c6c3854,309a533eb12d4a79,5.51,6.87
444c742ee9a24219b258fda3edbed5c4,1,df296f569d254f37bff054dfd9adf209,5761e58725cb44e9,21.1,5.11
444c742ee9a24219b258fda3edbed5c4,2,963786895ff3453799584a1de4d1fd4c,5417520279184b37,16.95,2.38
444c742ee9a24219b258fda3edbed5c4,3,03e39caa00ff4ce2a17184a8585dda77,651c32dd02134d53,23.85,3.73
75238d33ae61402d9edd3793bc41baa8,1,e9403512c2a047529b6ae776066bc670,6e200696710b41b2,32.76,5.54
75238d33ae61402d9edd3793bc41baa8,2,2f7136392a114245b53663c26ff92faa,1a19ed524d884d25,31.15,5.85
dfcf8b88b6634ed6bcc13558725bf5d7,1,bbdabbb1c0ea4d3e891a5016657b4fa4,8ed9509f238943fa,32.81,4.84
dfcf8b88b6634ed6bcc13558725bf5d7,2,8a2e32cd85254d8c9189fc03d798f05b,96be5bdaf0cc45d1,29.4,1.12
c279d552f5ec46ff94fd2803bf0d07d6,1,dbf2e535cdfe4a36bd439e541ab566bb,e913beed6b334556,14.68,3.33
c279d552f5ec46ff94fd2803bf0d07d6,2,b128f0da228948be976f81c953a28dc7,138808e4b2e04f2d,21.98,6.39
e3585b06449f4cc886d14a1c2b87d1dd,1,f741d6d8df034258a8619fd91205a29d,eed374e9f94d45ad,5.12,5.2
e90ed50bbc3240d0890603cdda3aac9e,1,53378f2062264c7b9838fe3b0fcedf07,de2bc90d04624624,4.17,5.85
8ce3d72d7d9f4469941917a8f2e88be1,1,50091a8dcecb48829e4f85c65e6e1e8c,08f9112996d64b10,3.66,3.02
1d02de4e0b3a42209cfa3aca97234db8,1,884a7d48395e4da09a4934434622da7c,309d13173fef4487,24.56,3.37
1d02de4e0b3a42209cfa3aca97234db8,2,3da7d1ff320c45a38ba8f74310f70bff,5c27ac23c71543f3,33.91,7.97
dd5b59ffb9094ec0b2179b8e49f650db,1,8c40bec29e614560940c3700bde32aa1,d3f3d830a79947d9,8.65,2.44
dd5b59ffb9094ec0b2179b8e49f650db,2,0ad89a2aa512480c96f08d2a74f713f3,f4617c83394b49de,31.2,2.75
e509f46a65fc430db0ca4edf33f726a7,1,ffa5ec64146a4111acab9fa87772195b,928895a9d6974d8c,24.91,2.74
e2585e817df94f5a848cb7e0d4d6905d,1,200523ba79c54a25a8fa8792234dfdba,819052f427234358,19.62,6.49
2162938e145f47bca757cf2d31bef331,1,602200fdb23647cc8df7b894e5f263bb,fb29992857b54474,11.52,3.7
2162938e145f47bca757cf2d31bef331,2,589cdf64f9864c96be4a21bfe6a71759,10e82cb4f44645db,31.16,7.69
2fa81fff1cc1488f901883b4044a09c0,1,50c2ae47a67c4c05b9fb1b659907ed51,bb8b11f6b84c47ce,31.82,6.47
c9546c754dfc408baab7b883e72d48d1,1,0fef8ac31add46f9aa2d89558d3b7526,0ed3656f45974b3a,29.93,7.74
2b1f260761da4eaaa8888e8870d30aca,1,a1e7715743814605b3b048bb9a0a10f1,781c38039afc4b0c,3.49,7.32
2b1f260761da4eaaa8888e8870d30aca,2,34d1d76d6b1e45c4b29a8fb7cebda13a,5b8ff3cacf1843ff,5.33,7.85
2b1f260761da4eaaa8888e8870d30aca,3,b2b590a5a78144dc823dc2a5c4e61804,037791d0c5fd4a24,24.62,4.06
2b1f260761da4eaaa8888e8870d30aca,4,91261f1eab4140bc92adcbd64b9f5aac,eac8752a18f74a7c,13.35,7.81
163cfb7e19d94d949eb7d8e50642d728,1,f7c6acb436ef4260b4bbfae8f81597ca,4d8a698b93374de0,5.5,6.52
368589ab3ea3475f8421a54325d808b6,1,75e53c5d085b4e65a2304b74fc2b3e95,cda6cfbd2d244de2,9.5,2.01
13b1ee284af54066be02b1a6612249db,1,9f02cf5e858444a6896476507974469b,ef5fdca8c3c243b2,33.69,3.81
eab49732580c407dbe0b717e919d2bcf,1,8a5db8078f334b76b9192a90e8701365,4ab9b508d4d14207,21.81,7.77
0cd991d2a8a347fcac0e5b1a77f2af88,1,4657d95cde5940fc8e5286b13b39b04d,a9cd19bab58e4e3b,14.68,1.23
0cd991d2a8a347fcac0e5b1a77f2af88,2,48407bb8bd2a49d0af657ea267bf4bc8,e5c2ecf260da40c2,14.61,2.16
22e7f7641aaf4c8fb301e82babc30d95,1,99aa8eb1807b4d3c993976ceaa1024bb,00a3d6472d324195,3.41,2.72
a8c456163dd84472b3ef7d0c881ccaea,1,c47907a66d24457a8db9bbb1ad444a9f,1087fc8863174d63,34.1,7.71
a8c456163dd84472b3ef7d0c881ccaea,2,d2aed26c71664a1e862d782d2d50bfbe,96a9cb39d6f14d55,4.48,1.46
5bec0ac1337147ef87679194e162509e,1,364e45babd294c73a8eecc76ac69adcd,fd09f2331f624a84,13.69,3.94
5bec0ac1337147ef87679194e162509e,2,5c1a271fd65e4684870155dc30d3d544,b1061655b0654ab0,11.23,6.87
5bec0ac1337147ef87679194e162509e,3,f004101f263d4d42b1fedb2b3b4dd882,91f4dc7a97a840c7,13.66,5.69
66f59cb48b424b4d9eba312ce458ba73,1,bd9e1c8a61e6428f8c9ffde55a24df3c,c3b2f1f2ded4456e,1.62,7.94
ae8c0af49bc94a4384b66e623dfabb08,1,1a586e2cff474601b2f6ee4e3cf284f8,6ca591a477d14881,2.1,5.65
ae8c0af49bc94a4384b66e623dfabb08,2,35475c6a01f44eb08b155fa4cfe8fef3,2ab928ab4c664da3,2.99,3.49
ae8c0af49bc94a4384b66e623dfabb08,3,2303b1e4f7db4bfb940aa3663647f656,dfb0aadc6b7d4058,22.42,2.94
521c27345b2049f79eb8195c0e1b407f,1,2e0ea05b96284118953a4f1173f048c0,06c83f326c6e44eb,7.61,1.65
521c27345b2049f79eb8195c0e1b407f,2,166f4fb5ea404ca2aae975fc39e83b70,81e8a42a7b8d4de1,19.55,5.25
2b4236bedd6240b3baf9c6c6c2013898,1,a6a62ee4848144e3ab832780f6cdd44f,f8d87806f32d4221,5.95,3.1
9bdef6b61d9e4cb9a8dbeba2113cdbcd,1,a2f379cea7f7411a9663f9a5b77c5eea,7d38d85e67384ed2,10.15,4.08
0550ea1431f7437cbd2884ec852cf56c,1,52217003115c4ec9b9b370def99a4c7d,a0fb737b37d746ce,15.54,1.45
0550ea1431f7437cbd2884ec852cf56c,2,641442886ac94894b4bd1670c8103a4e,e5d3ac86e0304d08,27.23,1.53
8cf7603e3bb24d24a625f23672393e37,1,e9fe3ebffe9847c4baad38e2e058b17f,c48d4f9843044588,22.28,5.74
f86bf4236b764603afd7e8e32f409311,1,12de4fa40b474c3bb9addd2a7a551515,82e05d77b02245d4,1.81,5.53
9523a933266b41f388df03dc2cb0c33e,1,f74622edbbed47918c80f09f02eb3092,a1fa609429084275,10.18,5.36
9523a933266b41f388df03dc2cb0c33e,2,ebc5821b5e934f6b96a1b31fafc68040,937d76a7307b4baf,4.48,7.32
9523a933266b41f388df03dc2cb0c33e,3,e5d09ee6dc5c48c6923cc66bba3f48a8,32a05d9994f142e5,22.1,3.51
cb2e258fd35f4b6ea40225fb3a2a9b23,1,ffa98346cb794360908579b6025d1e0b,c82bc976ed4d43af,3.65,4.98
cb2e258fd35f4b6ea40225fb3a2a9b23,2,36f36f29aa594ad9852ea281dd24268e,c0911461acba4d49,30.31,7.22
0f5e5ba815ed4625928e854482d6e24f,1,77366e231c75451489cae174326fa884,a7bebe0fdd16408c,5.1,5.87
3c773d4cb47d447193f78a9abe39a806,1,cf8311dfb5434494a0dedf83d25d671f,bc7b6f49442d40f2,17.66,4.63
3c773d4cb47d447193f78a9abe39a806,2,236e67a58acf428b9c4b04d495cc390e,aad8aad49c8d4b97,26.93,2.87
a2c7badb9c034ccfa3268b8a355c8a45,1,d71782fdd5434ed2abca27590694e3a3,a9e0bbbcf0f54b15,27.44,5.94
a2c7badb9c034ccfa3268b8a355c8a45,2,11d6af87f04a4f98aaed530d3c34e421,90009e384c914e07,24.69,5.64
a2c7badb9c034ccfa3268b8a355c8a45,3,67286bf053f041a18e2141999a80f6dc,de250b7ac93a4c25,30.89,5.79
5f93a48ea0734e6ebb93d53f33b6f12c,1,b17c535b45b341c0bd31a394b5d3bd8f,19d1252ab1f34009,9.06,4.54
35a63e388f8e4311a223852ed55becff,1,05b6afd442574e7595f6456de2e3da36,247357a7ca204df0,18.5,3.26
74181588e0854d45a6222e943fdb6dc9,1,cb8c2dce1e474b9083ea74a13d64afd7,fe1e37295fbe4a78,10.29,2.08
74181588e0854d45a6222e943fdb6dc9,2,e1e4a9e90e1940a196bc214242475345,5cda840b943049db,12.81,6.95
74181588e0854d45a6222e943fdb6dc9,3,9c9e4b8f094242c29b90b3e6cbc139ff,d725143a78ee4d6a,20.07,4.32
89598cbcacfe4811b443118251df9212,1,e444b2c33f464da0b22827c5a9574268,ca58d482a3254fd6,5.65,7.97
89598cbcacfe4811b443118251df9212,2,a67d34376a0149e79d058b3c0ba6c542,dbde994120c44b5b,13.26,6.43
c0db23ffcf564b578e3260914f41f8e1,1,ac99df871d5f448585018a27d086c3a5,24bcd35ee5ea4080,34.92,1.35
c0db23ffcf564b578e3260914f41f8e1,2,f7fa2363a3e048a8b6948ac0af9ac590,40e04bcc65334c23,3.08,6.68
162640c634cb48d6b332a10a1f1d3749,1,a861f86cc97d4f3fa6f0de5078c3c0a3,b5acb3aa619541a9,22.23,7.23
162640c634cb48d6b332a10a1f1d3749,2,61a111fa34ab4860bbf5617b0d0bf3e0,b004e56719094fb0,16.47,3.48
fd2c2dd4b30648bd84ed230a822581bf,1,a59fed4a944d49759fc45018a19769bf,c5737730a63d4134,32.05,1.37
fd2c2dd4b30648bd84ed230a822581bf,2,5fdaa39811b249b480387f27f950af6a,4d53554cc7634160,16.91,2.02
acbc9a3e6bd2407d9da770e7f83ab255,1,8cbdaeb750624b208eb199a3c7f3abf5,550c669664dc4182,19.72,4.09
dd7e69ddff124606bd767ef810d6d2b8,1,d2a81fd0c0cd44fb8677013ca96dadee,b53f6d6886554c06,32.76,6.04
6b59c97d5fe04cce8e7cca0f58557994,1,96385705c8a34e5dbc7c3f49c12ec440,b7fe52032dd84000,19.0,4.04
ce615c00ad87494ea8d46d7d043f1c97,1,e5c3e165e75042a382d57a8f3ec8f5e9,035c2eec6abc4868,2.57,6.65
d12b541953974b63adcb44e72c9eb0a4,1,674197d250e449cabfcfe844f4f77ae9,bbff975b09fc41ca,27.7,5.39
ef24dbb05b894d0eb2866bbfbe43175c,1,c3b2bb1134424691a32ef9fc4967e0e9,eb85150efaf541cc,26.09,2.17
da90435cbd9d4f39944e06d66b05f968,1,c7fc05bdca2c4393ba7ac720d6d05a32,327efd02ad024e4a,21.87,1.31
13e0ce0b6ba94e3e95e7b23ac8d353fa,1,e0f4a05086084a31af1e7290500de2e6,c3d92942197e483c,33.91,6.07
a82f2416984e4842b078f3139569b00b,1,579009f52dc54d40a0de0d45829ff3c2,a0de91b083ed43b5,8.99,4.23
35e81c9d8316423683aa2e71baaa6cf6,1,7dfc0b5dfcbc4e37b88c2e932d6605ee,8eb59a76d20f4ee0,8.95,5.81
35e81c9d8316423683aa2e71baaa6cf6,2,57c84e1f1ed84b0d8de6e1a64543bb70,60e968db35a9495a,34.98,6.35
45ebb5f338e6411da181c7af8ef0f028,1,8157ffc2fd2645a590572d000ef6ef91,2f155b3b3ae64b00,9.88,1.64
b1c7400407524741aeec09c10238d047,1,13d293a205c1403da30d4340e316a1dc,0888340da06f4e48,6.66,5.18
37ca055c494b4f27a763914a0fa60054,1,41f02eb9e3ac48e0838f722db30bc7c2,844bac74fe0c4be9,10.78,5.86
f2fc70cbd2fe4f25b7b4725123bb0adf,1,4627bdb919d3440da2d4c83760239809,6382c35b34d24ab5,6.19,6.77
f2fc70cbd2fe4f25b7b4725123bb0adf,2,a935e1276c1a4d9199f42586e25d165e,959c3600cf204a2e,20.47,6.36
f2fc70cbd2fe4f25b7b4725123bb0adf,3,8aa0720b217f4a9b8f65f2af3299633b,6ee1209c253440f5,23.88,7.9
f2fc70cbd2fe4f25b7b4725123bb0adf,4,0a069234f73a4ceb985fcc581a076f45,97b3fcb74f4e44bc,26.22,1.22
3731916d479947dab05f9b1fbdca060b,1,c95487330ebb4ef1ab6c06cb53c0b3a8,d14ee174dac04260,33.38,7.46
3731916d479947dab05f9b1fbdca060b,2,e9da6fd153704a88ab3d6c6cc589dd4b,5691dce46130468d,26.02,5.17
3731916d479947dab05f9b1fbdca060b,3,424f23a416cf4b589be9dc6c40365020,1de7099134a346da,10.29,3.89
89aff14e373842a7bfc23863a0a82779,1,345d369b998a433a9d1b3ed7ada3c021,0c96f440051448b1,14.64,6.89
89aff14e373842a7bfc23863a0a82779,2,6d798a7b146c44d9aca53dde6f68a66e,b4e227d69aea44d1,19.03,4.24
ee4f3c432a62448d991263e306a9da03,1,c33deb16d1d74202b30aee9a9bf5eb78,29ac26557d5c4abc,9.1,2.39
ee4f3c432a62448d991263e306a9da03,2,4066700dd5e1441ebe09db105dc25b77,afbb79e0ec2c40a2,21.86,6.0
ee4f3c432a62448d991263e306a9da03,3,7910889dc9344263b363387c6fa2287a,359710fd648345bd,18.02,3.91
a0e732485937477ab5688fd3cf4a80d9,1,5288a7a646e44674ad512488d2762d23,edc297956d2f456c,32.95,7.8
a0e732485937477ab5688fd3cf4a80d9,2,59d0b2f0fa6f44f4b43b66ba5097e69a,773d715774444170,7.34,2.36
a0e732485937477ab5688fd3cf4a80d9,3,d561a8088d52474eaf51bee3ad49e705,3a3d642f9f364929,9.08,1.97
c5e7c2fd30504d4595e40b4698c0429c,1,f30105d4c98e49daacbda6cbbd671331,eb85201a4dd94c91,8.51,1.39
8664bf82c0e146889ab4ffd266e99f16,1,51c17aae7bd145babba030bcb49a01f6,1c866468780849e2,13.99,6.08
8664bf82c0e146889ab4ffd266e99f16,2,668d6e305661462b9ad5edd6c184df37,6d96bb150cf64461,13.67,6.06
8664bf82c0e146889ab4ffd266e99f16,3,add0d8268d0e44d9b3ca5a4ce4568168,2dd8fcb186ad470c,3.4,7.25
1420233f26a349c9af922500e9801f42,1,b2de0003d48a4090b8cfcc2ca123e56e,3efab212b50e4efd,2.86,7.19
1420233f26a349c9af922500e9801f42,2,ee06df410bdf41808135a927428bbfe6,b1437996a8764e75,20.42,7.67
1420233f26a349c9af922500e9801f42,3,a7eff4af30c24755b6a491198fa4efb9,a08f1659d7204f3c,22.12,1.29
df49d64c480d445898bd983d83a3b2b2,1,1be75fe0a70a455ebfc2c6f39422c7eb,630b357370124f62,4.37,7.71
df49d64c480d445898bd983d83a3b2b2,2,ad01d420972e46c692091c7520f47b07,ba043585b40a4341,30.77,1.56
e4d3af4f3ce64a4cb774e725adfa030e,1,3da38402d21a41139bb05d2c2226fe75,0e5c430f7a1f4cf2,30.24,6.54
2051bef717ab461baeda2231167a33e3,1,a10003f520754837b2f863a335594a19,9cd0256917294f39,5.66,4.93
2051bef717ab461baeda2231167a33e3,2,cbcb798f7279415e813d068038c7ace7,214d729eea9942ec,27.08,7.18
5e8e7cede640478888420e9ee94f1d68,1,3490d77ca827479d9905c92333884457,3ccc06ef92ec4629,15.51,3.35
5e8e7cede640478888420e9ee94f1d68,2,7b00f3e80e0f486bb7e8d7adeb412944,3955f35fd8624f21,2.71,7.77
5e8e7cede640478888420e9ee94f1d68,3,214dd00f195549d7b9ff91e3e15c739d,403d5242135c41ea,20.37,1.46
5e8e7cede640478888420e9ee94f1d68,4,51cdefcfd35d47ed9a8db347b4a60d7c,8d6a59f88b304db7,14.23,7.19
dd1b449810144d34a7575c6c3af55f87,1,d02975e1ea83466ca6145cc5bed978bd,2c0e9994560b4e04,8.39,7.51
dd1b449810144d34a7575c6c3af55f87,2,8e90ef6b35154dd0a9b3115792bfdbf6,ea220a9540c24d1d,4.86,5.65
dd1b449810144d34a7575c6c3af55f87,3,f76fb4f625234a048068350abb28bfc4,6c62bd7c8bb14079,8.46,5.57
023e0107919e4703a29ee949b2893e07,1,bfa05e0102b54d23bb5ce9c8ea58c340,33aa99b9462a4d3f,13.33,5.93
64a411fef4374e999b482a1d1ab1078a,1,a451e74e9eb442609a3b64e60b2ae446,4d9fa6f823954b3d,6.43,4.45
64a411fef4374e999b482a1d1ab1078a,2,94afe957ccd94c509dc82b4562d90cbe,0387e1419fd44c0e,26.57,2.82
64a411fef4374e999b482a1d1ab1078a,3,3c78aa6c029544dca356800fe86649c8,e8238bab75974dcf,19.86,3.96
64a411fef4374e999b482a1d1ab1078a,4,2af5f5c1065d49a9b7b9b47488960d68,32f9c3810ddf412c,1.65,4.04
f1361f0f63f143949f1cd0b54d6310b8,1,d0d480f267df41a39ff58fcf1dec31ef,97c144d7d3684b8f,30.52,7.72
f1361f0f63f143949f1cd0b54d6310b8,2,319c1c876ac847739b37b09cf8105e9c,60356a2bf90d4d78,8.73,6.89
5491a5cb618b49ac863edf15e797bd69,1,26f90dfd67704e50a5a05f5abb64ea43,589aff1079934fbd,27.88,6.7
5a4fc817f50c4c289a884e2c837da4aa,1,6827f859a9b9446fa8ab309d8b0f83d2,25dba4268ca44d6f,15.05,2.19
8a414f9f3eb74eafae08ecb8fc8d6608,1,5b902e114ec34d8080c48979facb93de,4edb721b1da44c45,29.51,1.84
8a414f9f3eb74eafae08ecb8fc8d6608,2,d7ee06d63c904c5ca50609195a4e5b0b,7831a569865b4785,6.3,3.37
68d4d4092c0f4d43a040d1c7e287e83c,1,c5c95b5d747041629addab861a7b14e5,9be51a2fc9844986,12.84,3.31
80ee9e994871401f856b62b97e812661,1,610c0c06104b49e7b54adcf445b45671,7ed1407165bc4f4e,11.9,7.75
80ee9e994871401f856b62b97e812661,2,1e2101ba6ce24874885a32c98780d82f,52edfd8ce72244c6,28.42,6.3
f5f75bc8f2b9445a9b9538ff49456f96,1,17a099472277481ea17a801a36721317,012e99354bb746bc,34.99,4.2
f5f75bc8f2b9445a9b9538ff49456f96,2,c12ced187b124c5a91645ba6a949dc0b,e6d4ba6faac443e0,23.13,2.33
f5f75bc8f2b9445a9b9538ff49456f96,3,5547150133df4725861ba7a4cd49e561,4e3fada9ed1143f6,3.73,2.42
f5f75bc8f2b9445a9b9538ff49456f96,4,e8fb833a6cb94bd4a3dfbcab198ea08b,1330117910ec419e,3.38,3.59
6d9192ba92df4b519238fa720904da7b,1,77501f6c8f8243539383fe562b944e2d,f0aa8679e8fb488f,3.07,7.83
d03c6372976e4378b69fc307ab9eeec7,1,63bb650f815d4d82a9941bc0b0dd0e65,e303ac34475549e4,18.03,3.42
d03c6372976e4378b69fc307ab9eeec7,2,e2f717cbc4d147f1aea99bee3a170952,6e82c1c53c904fcd,23.62,5.35
507f95bd8a0a4181aba0980cffd495a6,1,f9d23e52b1314ee28a4763f60ff3acf6,75508b1357b74110,17.28,3.59
cc08d569a8b048b2a6aab814ec2ba9e4,1,be24b4cfb15b4c02a8dc70ad2b0566fd,ed95b2cfa70c41e0,4.9,3.33
7af101897d294a528db64afe0ad8a842,1,04e252aad66c4558b8c511f31b00ce7f,181877dc186f47f0,15.54,4.22
7af101897d294a528db64afe0ad8a842,2,42ab3cd0072b490a823a08a8edabd63f,7ac172973ecd4f23,3.02,2.26
bf48356e935e4b04a139fc9b386ef4a2,1,09a966c6bdfd4ea6a3ef89aee6813d82,4aa484cd6c034951,27.66,4.83
f722383d9a5e4c53bf595463276f768b,1,0b7de64b178e4f81bd61a6ba6bb125d1,e8ce70d2e4ab4317,17.43,2.86
f722383d9a5e4c53bf595463276f768b,2,f09fb51a47634d1a93ce9a4570119bfa,487c172a569c4a2f,15.28,5.49
f722383d9a5e4c53bf595463276f768b,3,8c7de23a3795430ca02a6c1855e8f5d9,802395f8b9e449e6,11.15,5.86
f722383d9a5e4c53bf595463276f768b,4,377ca8205ba142ea94a08204c51b1c1b,e7499112b9734607,32.93,1.42
523660e3cbe74c05a2a47cb4f8ddd1d2,1,e87c6ac19492486184b8cb0e0ad608b0,e25abf04b6ed48b8,23.21,3.79
4a3ffed60f7d436197752f309213edfb,1,d4093d81d59b44fd8dea2421c15cc4b6,10f5710b65044eea,33.52,6.48
deb8b67427ca45b0b5f067a46962c3c8,1,7204fff44d594a188f12159fbec834a0,adac3cd50f0a4969,3.02,2.33
78197efbb04046fdb44b4141482217ce,1,751e936c04714fcca3ad06dcfc31030d,afd6ec91ed7d4002,9.61,4.36
78197efbb04046fdb44b4141482217ce,2,78f73ed7fce845c88fbf836ee915a011,d5c2af38b8654e99,7.03,2.52
fd225d5864554ce790e0a31e030f687b,1,4eaefcbaa89e4485b0a70b57c70617fb,8b563802db964bbf,23.05,2.13
fd225d5864554ce790e0a31e030f687b,2,108313ad455945c6b69402e0853c7db3,53c9dd37ce824b81,28.96,4.95
50e25d595ce24f2681e3293c0a41635b,1,c1fc5a29bd1746a98150404a69d0404c,a8da9a1ea1264300,16.07,5.27
50e25d595ce24f2681e3293c0a41635b,2,e306c5f2123d4e0b88de10e1a4cc28bc,bdf58c538471467f,19.1,1.54
519f378de95941d491445f3459600f24,1,94cb91a935da4f09918f9b74df982a41,a18225674f674222,27.42,2.58
519f378de95941d491445f3459600f24,2,0caf28adc3f4441987d9c9463f222e2a,a936b94f248d4f00,2.03,4.68
519f378de95941d491445f3459600f24,3,4587382643d44893b8cb66a3ac40eb81,3d302067162b4e0c,22.6,5.12
c3f373caec5a4b6aaf712538bdf9e05d,1,7c2dc775d3b44877a0e9f840b4007b4c,7685cd2cceda4d1c,28.06,5.66
c3f373caec5a4b6aaf712538bdf9e05d,2,1039dbedfc7b47dcba36a8e28c8c22cf,26e5f0095883461e,23.28,7.93
79289c6d38f94358be8b9cadba78496f,1,2c61fa4cd2f2458ba7f758339b0a90cb,fe535678d8e147f5,2.89,2.1
adda815e9caa41a68959a4e03753c222,1,02be93426bba44dd98b4d90fd2b49d4c,c5a4ccdf84ac49e4,7.28,6.32
adda815e9caa41a68959a4e03753c222,2,0ae6d0223d864bb986618cdb44daae1d,ed0b4770231840c5,19.33,2.9
37b34b6a6f5d488693c005c4d632a7c6,1,e880acc9f9764d9d86f2f1599c6a0c56,e72b515403734167,31.0,6.7
f8cb0f05dd2a4a37b74da39212fbaf03,1,a60b3d1c62764333bae623f076d4f800,09a03135336b417d,34.37,3.52
f8cb0f05dd2a4a37b74da39212fbaf03,2,2f71010ae96b4254855213fed389c1be,715655b49a344861,33.17,2.86
f8cb0f05dd2a4a37b74da39212fbaf03,3,cfa89798327e445f9755f01e380dc94b,59ee6cd3a7194d58,11.03,4.07
f8cb0f05dd2a4a37b74da39212fbaf03,4,63ae0529f7bc46dba6da9befc0c9903d,41d1b65249f04c4b,18.27,7.49
fc84b606ffd1422eb807e2e962464e03,1,6ad634dcc2c647629626c5e61899bfe3,23cc0ff9909b4948,9.79,3.25
fc84b606ffd1422eb807e2e962464e03,2,711b9c8f8af545c2a1b8a66ff82c77ea,b79827ff819b47ed,14.6,1.27
fc84b606ffd1422eb807e2e962464e03,3,d2f2dae48d514f4cae972c1b1a1cca59,7beccea565714513,17.56,4.65
4f42aa408b654c0794c9a3bb71e3f450,1,0a7bacd9d8924003b9285f8fd8b3b4b9,7c61690b651e41be,32.33,2.34
5b686cb2ff9e43b3820b2bdae0d598ed,1,26b2adeb01d547db89644449724ce8bc,747d78412b114a6d,19.37,7.08
2a1d87de0f22461fbafa84ecb89f86c3,1,0f709713f52e4e3eacf4c0b863fd2feb,e6612e31ddf64c03,19.74,7.32
2a1d87de0f22461fbafa84ecb89f86c3,2,18ed908b4f5149e8b235255b09298a71,a19bf2ffd00d4752,16.62,5.22
2aeb38cce90b452687f94f8e5ca89b49,1,41928ffd7198476984c6e81ade3665e5,81ec1986303841e8,16.79,1.74
2aeb38cce90b452687f94f8e5ca89b49,2,eb27d2b7d0ed44cc90309eb0651461d9,a83bfd516238437e,7.97,1.08
2aeb38cce90b452687f94f8e5ca89b49,3,77de7057a6cc42b99de6d93505e608df,c63e00fff1a4403f,23.37,2.62
2aeb38cce90b452687f94f8e5ca89b49,4,cbaff8d225e641ddb23da36b4ed1b919,027ee78f325f4292,27.38,2.3
d568e0361fc74e8ab0603e265d9d9a95,1,9bc26da2ff4a4c19b2b100f6d49f1cfa,f41efdd74712450e,15.29,6.84
d568e0361fc74e8ab0603e265d9d9a95,2,62160c9b82004109bbff8dabf2f7d22e,ce456c3602b845dd,32.23,2.22
d568e0361fc74e8ab0603e265d9d9a95,3,5642d104ea844fa9b1ec0fb6e5efb031,0e0a2a257bdc4ef6,17.58,3.81
d568e0361fc74e8ab0603e265d9d9a95,4,9a6a919787244635bb34b08a25472b4f,448aeb0fd50f49b6,18.16,2.56
beae867800e247b480c4461abd373230,1,85fbd65efc96471b99e252affd60b802,56f6a2454a3e4f45,7.11,5.01
77d6dc8c744b401da82487ff02206d2c,1,4c7be5fe06cd4e1f907a23344336c2a8,2640d06cac554439,1.72,3.36
77d6dc8c744b401da82487ff02206d2c,2,f4c8de3e963d48528d175cd9e4458219,ac7ee6d0204c48a9,26.06,4.7
ba5993f0b0fc47abb67e1d75ceac2ed0,1,c4b35b5f74f54c55ad194918212a47c7,cdaad2a9c5564822,20.34,1.5
ba5993f0b0fc47abb67e1d75ceac2ed0,2,a7092fec3dd9445b8534f5fe02e65cbf,02f6ce0853774dc1,13.37,7.11
308d89447348478ba7d64f3ab09bbaff,1,944d3d0bafa049a0980d6767399b7dfb,2fbfb2d273e54eeb,30.66,4.1
8a2b9f02794d4cbb85c096e5cad66694,1,f73847f660d2469384a9361eee6baee4,a0219b7f2798435a,15.34,6.2
8a2b9f02794d4cbb85c096e5cad66694,2,5522d9a215dc4239a9f7ee76761647a9,faf0d9d38c114008,2.77,3.92
7e8b13887e5f444a96ec77674beaf408,1,9237792e967b4cd0aeb8a304ba9b9690,4f74095983f543ac,4.05,5.28
77591599bace47d49a13fb9b9b7c65b8,1,978615c39ce34bbd8c7f138339eeee50,9d7e84435ea04d50,25.75,7.92
77591599bace47d49a13fb9b9b7c65b8,2,e47d9a76622b4ad1b11202cd349c87c4,184afe20e1b641bb,21.5,2.0
9ea49982323c4d21bdecf8ab70fda349,1,98dc4cb9ff884915a5e57e2ea9daffb6,1cfbe1c9b7ea4161,13.45,7.45
9ea49982323c4d21bdecf8ab70fda349,2,a11212d78f55419eace90436e2a594dd,a208f54678ff4760,11.81,3.82
9ea49982323c4d21bdecf8ab70fda349,3,05244c0559eb4d94a5942d7b0e3f6d03,cccaedceecf544b6,17.76,7.19
0b3179f970b34d908e27bd7ca2d8281a,1,4aabfbd8ec41453ab6ad484595f51280,335ed6f6bf864772,18.99,2.6
0b3179f970b34d908e27bd7ca2d8281a,2,4c3f2744d7124c2391457070568bdeaa,595379c3a04a46db,24.58,3.76
a1bdd28ccae340d6bc1962b385529b8d,1,221e9f087386493b8afb87685501873c,f7de5c98ca314fcc,5.7,2.15
a1bdd28ccae340d6bc1962b385529b8d,2,3236ba17e4e14331a41637bfe9902bc4,bb305706ecbf455c,30.64,1.38
a1bdd28ccae340d6bc1962b385529b8d,3,16874b7b4bd540949bdcf770492647cb,1d81a35e15ef46fc,26.29,3.83
bb49b6a58493413ea8bbfa6b63032185,1,c48eaf83fa154cccbdfcba0888bf8b18,bbb0ac2fe16a4e02,20.63,2.5
62e05425a7b74dfa974b0cbc1e82c870,1,622b5333693f4c7f8b3d7189dcc8e504,0baeb33f12854218,7.54,3.38
fdc2c5dcb1644120a54493ad50ae52c3,1,cd5d3f74d89c43148ee3f65d09246981,b9294dccecfb4cba,23.55,3.75
fdc2c5dcb1644120a54493ad50ae52c3,2,da954169aec640f4ad88d7ced7ffd589,2f8ae905b33643e8,2.48,1.64
d1ba7a1cb9c14905a01aa4f1b1a6a5e1,1,3fa2da61c9924ef2b51f7f340ac57949,7cb6a11172e84045,13.37,3.79
42bb8af4ec72473bb604f47795a254ae,1,31010bad28c54d95bb2c847034d04634,7ff54a3d026b4d8b,7.49,7.4
0a20b6840fae4e9cb13e3c29597d3d52,1,cb624192c17f4e8180024d1afbbd200d,f5f07af720424bee,30.79,3.71
0a20b6840fae4e9cb13e3c29597d3d52,2,2182ad56bed341d89bfcdfc06ae4d06d,6ab742f8702e4b25,18.71,2.6
3fb5d76f811e442d95c5f43bbfe616b7,1,0ac03e85f34441549fc940e5e7c008c6,3ba3109b287f45d2,18.74,2.57
3fb5d76f811e442d95c5f43bbfe616b7,2,3c6c81ae0fc94be8af3642a3a1a5d116,b1223f9e690342b1,16.11,5.58
3fb5d76f811e442d95c5f43bbfe616b7,3,94dab3074e6d4ab9a2e9a39ec7fcc823,98f7d9607b0146b8,31.08,6.17
3fb5d76f811e442d95c5f43bbfe616b7,4,7bf8db54c6a54e40af708d338b4ca20c,ab46ee640ce94d4d,29.8,3.62
d535b1e4442b4f85895b737a0e621bd4,1,0932f7770bca4d11b285c5c1b0fc7aa8,da49d93bd6d0487e,25.56,3.73
d535b1e4442b4f85895b737a0e621bd4,2,cad8eae7f84d44e5a10a40c0749b40f6,daa7c27b8273450d,14.63,7.1
d535b1e4442b4f85895b737a0e621bd4,3,a0d12829273f40d9b496f18a9be7d29b,0ced478e37484ece,19.51,6.43
8a5d8217a0ff4920960ce8453db757aa,1,8553fc46ed934e598401d345aea394db,c337a0cb60994eb6,3.69,4.13
9b29a4005b654e2f8d2ca10c2692bd86,1,2d09f595cd894cae9ad8f52ef8162625,1c9735b6948c431d,13.49,2.17
9b29a4005b654e2f8d2ca10c2692bd86,2,fb19d1a7ad5e468f8df77fe198cc8c78,a9bd39ef1ff948d9,3.84,2.88
9b29a4005b654e2f8d2ca10c2692bd86,3,fe358a8a6b564e20a1268dee474ba2a7,782d97b164474e1a,23.84,1.81
9b29a4005b654e2f8d2ca10c2692bd86,4,af73cc2f20334ee39920743e3e0de7e0,500c4910beb64988,25.67,7.36
f40ba09e15e24b7894154d620bee983a,1,182f3b62646a443b943a43a80f3dc2a4,7582764647254722,22.56,7.12
f40ba09e15e24b7894154d620bee983a,2,a7b0e6c3f31e4f629f60354d63007420,7dd6f58b6a834ef1,20.71,1.16
77c061552dcf4797a92eea1b3b6f28a4,1,dcac136438594760877487849da92ad7,586bd700ad344fd3,31.6,6.11
6f3920c9eb824a29a0488f1f6eb66f19,1,2b3b8dd287e74475a2ffafd9c95ff26e,7630089e8dcd4032,30.68,1.8
6cc9b60e74c4449aa43f88920fad434a,1,bb95a619ca37416998e87e6bf96b11f7,29cc363f29704adf,15.67,4.95
6cc9b60e74c4449aa43f88920fad434a,2,aec1961095ed4a5683b5277ce06d6ce3,a816108324c54d84,13.01,4.88
6cc9b60e74c4449aa43f88920fad434a,3,a5c135d87de14dae8381cf144d635ac7,11b5138218b74d2c,8.82,4.29
21674d73b36a46eaacaab5cc364e19c3,1,95e878de39574017933d2acc003fcba9,de5df021484b44d9,3.13,3.74
21674d73b36a46eaacaab5cc364e19c3,2,1ba340d545d249e1bb6b55096c2f9b36,aa5cb05739254f3e,18.68,5.83
2316dc14ed654ac49c4a0c61ee168847,1,30dfabb3e8f94de088dbd0ec3aacdb83,f36465d656a443d1,29.31,2.26
2316dc14ed654ac49c4a0c61ee168847,2,a15f5b8dd22940a4bca6abed408baf8b,3b17824a5b204606,31.18,6.76
10a79c80530546d1ad1b5e935d49d5fa,1,4209ca3c1bc040dfb452f714c557f61a,28a7b96240cf4f12,9.04,7.48
10a79c80530546d1ad1b5e935d49d5fa,2,cd2f4a4e77664c61a3da44f38ddcd25c,4eac406922da4864,17.78,1.99
10a79c80530546d1ad1b5e935d49d5fa,3,bde85689fe1640ce8a38548b6f40dcb1,78d3519967e44b44,15.08,4.76
c542864473df40e4b1c4aa6253c34c2f,1,ee4cffd401a749e1843c736b50e8beb2,77689fd0f10a460c,14.69,3.86
092c84968e504ffeb7c4beee9b301e70,1,9d1f4fc8fd844ef29cb1fedb9a950902,87adb8157ccf4565,6.71,1.22
092c84968e504ffeb7c4beee9b301e70,2,63b4f7c9fca443988ca9fb5fe4c3f446,25a001ffc4c545f0,3.4,2.89
092c84968e504ffeb7c4beee9b301e70,3,d80d330d35744bde800a4b0d3a5405a3,fb6d2392f26d4393,24.09,6.43
0d3358200e60408b8d39a7ad9dbfe1ac,1,2062ad5dbe334a86a2b752176974aa40,4f436b440c8641ab,31.35,3.17
0d3358200e60408b8d39a7ad9dbfe1ac,2,d0453f6b34c44d36af7d4a4015d6c8ba,707cdbcbbc644124,18.9,2.74
0d3358200e60408b8d39a7ad9dbfe1ac,3,cb2344f324e54500aa01dd6fa3dc4ec0,aceba4f5dc54406f,28.34,2.63
2d938457decd401da2896745a89fe084,1,1c6b0b5b5b504899a730f998fa88b251,25b02d739283431f,30.56,7.18
827bbb08ef9d4a0cb4d7d53d5cd7527a,1,61f0e0caa38145f3a9194678bbeeeafd,647f0ae89eb74bc0,19.62,4.56
827bbb08ef9d4a0cb4d7d53d5cd7527a,2,84f47f79a85d4ed98a6dcde8c53a1baa,34e2d01941a5435c,26.59,5.47
827bbb08ef9d4a0cb4d7d53d5cd7527a,3,bc439cb6232b4545858cec4d18708634,cf12038a434742f0,16.32,3.23
53ab94f779204f74b6dcf0e05c5c855f,1,03d76c95db0c4fdeb8f1648be56a8fc6,562656b19bf844bc,18.34,4.17
dc012a1a2a4e4f9ab12517144b1f6932,1,f3aa1b466e104367b8063c6d4fea8b24,80ca9358a0514c25,31.26,2.85
dc012a1a2a4e4f9ab12517144b1f6932,2,32812d1e9ea94c56ad35a95225109cec,cac7ecf354e74b09,18.83,6.72
58c22007cb414af2958eb8c4d7e7f039,1,84536c9e8ae446f69b4fd990d04c942c,10febfc8afcd479c,15.01,6.96
58c22007cb414af2958eb8c4d7e7f039,2,327c549f327f4c218f6fb824f8c90ea6,84196f1c20124818,4.67,6.48
58c22007cb414af2958eb8c4d7e7f039,3,209da18bda9448a187189cdfe928fe59,fe344349faa741ee,12.0,7.43
337e02738b1241cd842d3198c05dcec6,1,7b7491583dca43cea33659cc46737276,d22c127f107344c6,12.37,6.52
434c89f4efed42cb80b8ec0e3ac43657,1,b648a45f993642c58421dfe3d51ec300,b582ebba096e4db4,21.56,2.08
1dfa437b8fc447c997aceb474cf1ac7e,1,e8599b7a05e14fb0afd8d1643e790ecf,bee738efe60549cb,31.77,7.62
1dfa437b8fc447c997aceb474cf1ac7e,2,9fbd8a26bff64bb781f6f2ae96f3c52f,a0252c5f15e74c67,28.39,7.84
43da629147504f4cb607f10e45c0ee6e,1,752baa2761a2468f99decea504dd7eac,56e0cc9d0b0d45b1,30.02,4.91
36ce9269266b46c187db87b88afef501,1,8ff439567fe341c5b9e940a4ab264519,4a1b0d7820c6403a,12.31,7.23
62a36e85fd8a4375b86e3b37e605b720,1,e9d34d4c60264767a4138e71bf4e1178,c93ac437c4c24b9b,6.27,1.2
1815bc67c95a4c3b98a8ea9a4a27cf01,1,a454b80399ce4eab888d3e23971df4e2,309fcf9d18f7457c,4.75,4.58
677563a6d7b94ebe90c91784f431ded5,1,5a6b9c850502488e9ab82f4b0d29aed2,436f9321c054495a,8.53,2.34
e1deea86547f4334a738ed283c4feaff,1,61a8fbe966b14f07bb49dfb69d2b1fe7,7b2bbdbc03a2486c,12.61,3.58
6de4abaf332845ff91379ec128d007ac,1,1701047a744145c3b7e210090f637593,1b4ad56baf394472,16.27,4.58
6de4abaf332845ff91379ec128d007ac,2,0364134b35d1426398f2ed3bf87d9dc8,4240874bef2d4422,32.2,7.87
972aa6b21149469795e805aad5b5861d,1,2339ceca243042ad82564f3ded356669,3528cd89af3240ee,12.45,3.5
d33fc2a147244fc8b2abd8ac00549c0c,1,ad47505f9d0c4e08971b72f9686627f8,a73d0bfec1804a78,26.38,3.97
d33fc2a147244fc8b2abd8ac00549c0c,2,51d69b6a574b4dc99c03de8a1d065139,6600e62fe30f475c,16.77,6.46
d33fc2a147244fc8b2abd8ac00549c0c,3,27a5f90f145d468c8e5d4329a6721f25,4dd366ad80e0401f,13.97,4.41
4986d22889714eb883a61365847f119a,1,19184b76335246a7a37b62f2dcae2684,c072284fd59b4174,2.93,4.34
abe64fb1eb0542b3be23178d302c640c,1,195ab6cd84854b4aaf3ce8a69246d544,f6d64feae9f44d95,34.81,5.07
abe64fb1eb0542b3be23178d302c640c,2,dc1526b70e304fd193f3dc435c386136,228f0f3c60744343,23.27,7.41
abe64fb1eb0542b3be23178d302c640c,3,b4d273e8e3184479933ef9bee77bca28,f6e33f0a05314554,33.68,6.72
970e9873e2c543c1b666e3e12a25b2f4,1,c5257e44a3e2460ba5f895f0de6476d3,fe8944108e044968,26.9,6.94
3be6f48149134baab53854dfe575b3a7,1,2e9e2e793c0f4270b7ac982a1486e9bb,25df8847aede4408,11.01,3.89
3be6f48149134baab53854dfe575b3a7,2,c0db666b390247129a441333c72663f7,1e407494749c4b65,16.83,3.63
3be6f48149134baab53854dfe575b3a7,3,fa0b87b5a4b9407388ffc17177d33cb1,ebd071ad4134428f,14.34,5.19
b6a17a9ad116487f877c4ab0ddc76811,1,e1939a67b61d4e4da2a7ba1de22d34f4,0a57ba72a41249ac,7.4,6.62
02598795e0bf498ab9e874047b08793d,1,1f38623b27ad46258a2a7a7497821d20,7b589cd418014d5d,12.66,4.62
02598795e0bf498ab9e874047b08793d,2,89969588c1d84454963f79dd38f40047,62b89fbfce1243d3,24.07,7.71
8565ac83045640c1be0d614056ed45a5,1,5c350da6a9e14429bc0de5205bf50010,e24b32d6a7264c6c,12.03,3.19
0fe074b41fb54bbfb5639b5d88d7509c,1,48c65cc5a4b9428ea8630a4f2e6bad88,1c5b9f083098404e,27.12,6.52
de222a43c3554befa1a80dd755be3b6d,1,64fdb73da61a4c4090dab6d3f932f6a4,ba577ff6e47a4497,8.46,7.72
de222a43c3554befa1a80dd755be3b6d,2,8ecabd6e7e7f4d96933a7e9b6869ea82,efcb5c1017b14441,20.02,3.77
7b395a615bec43f8a91a23d35bce5eeb,1,c0d67af042ed40b985afb369b4dacb79,f9c58ba5056440f6,12.89,1.48
baf3748d282f4492be8546d9d7f5106d,1,85b26a52163f4fb3aaa79f88e429d88d,a22b83bb1bdc44b0,8.31,5.59
da88fbdf33b94d3487d7380fa4e88bfa,1,0dba2c2bfc434b52b984295cf1c8c816,83670074ef3b4bc9,30.0,2.37
da88fbdf33b94d3487d7380fa4e88bfa,2,448ee1f59c16493180ab6707e787d492,406cbc57d5d64970,28.32,5.92
da88fbdf33b94d3487d7380fa4e88bfa,3,54a7a96c73af4e89805eaa992641f18d,886839e69d174e88,13.64,2.66
ef906c63975448a08a72805def904c5b,1,fc5595267060404c877c687f4febe8d0,7636add2de6e46e8,33.29,4.78
ef906c63975448a08a72805def904c5b,2,cfdb462cb4294b749ef197af58c508bc,f706121d646e4ba4,13.24,5.75
6f67a99beceb46fbba974b73fd423708,1,1d0b2152b53a4a999f4561a430f9c676,817bef871a464c9d,21.73,7.57
6f67a99beceb46fbba974b73fd423708,2,dd147f4dfb734756b91ceb79cfbbb1c9,71dde69a39a847a4,28.5,7.44
6f67a99beceb46fbba974b73fd423708,3,84ade97c45294bd2befff92cd117eb5e,05d495b7f8c64cff,23.32,5.58
0cfbcba288964a6ba4fdbb8e2c3548b2,1,110f01ec2b4b41799e3d597485de6f45,be992b966afb4790,7.17,1.94
0cfbcba288964a6ba4fdbb8e2c3548b2,2,13fa27d9a6a14a599c24f84977c584c5,0eb80d8da4594fa4,34.0,7.39
838a63eefa944fd49b0e0f9af240667a,1,e061320ea4a740a58b1946324dc23219,c8c44a38c6d44263,7.49,7.74
a88344fc36a6488cbbe24dbf63c761c4,1,f761f43b05b64422984c21f39ebe2c6e,1caad5ed6e6b48b3,3.84,7.5
1f5ee6c21e474c63b895dbb2db4222ea,1,31dd423667d542eeb689f5959b9f06d6,7316693b15874137,10.59,3.18
1f5ee6c21e474c63b895dbb2db4222ea,2,2bbf895cfc864e6fb27bd5660e007ed2,fa404b8ccd9b44e0,1.59,2.19
1f5ee6c21e474c63b895dbb2db4222ea,3,94db10d2e5cd4c379fc89e727bd516a6,2cc32778b74049e3,11.94,6.3
2ce734cf0e344b499068903adac29587,1,7d326439832c48c3b4116a4f8aa3de20,599fabe8982f47ef,34.62,5.26
2ce734cf0e344b499068903adac29587,2,69437d71b1c14cb1bc73225da97c14d0,f95170fb75be46a3,30.28,7.81
2ce734cf0e344b499068903adac29587,3,663b8d4cd7f74b019e698e3a96d6c57c,3d7d38cc3b994346,19.16,7.36
056749cfc77c4d82b29373217832301b,1,8777b84804f741b0a9da41ffd11b90a0,7dc06e26854b47bf,29.01,2.76
056749cfc77c4d82b29373217832301b,2,0b2b081734d7428a85f2298282a95151,a570c8a0bfc3492b,2.38,7.15
056749cfc77c4d82b29373217832301b,3,d795469bb47e45f697dfe3d10cd57a85,19408fde398845e5,31.41,3.63
9e09196579a2498ba69dc0eb544d52c1,1,3f30e5f8dfcf422394e90ceacbeb2fc8,bb6a90eddacb411c,22.66,2.36
9e09196579a2498ba69dc0eb544d52c1,2,6f7f517e4b484511b3917306fb12d49a,3a8f1e8e7270412c,26.01,5.27
9e09196579a2498ba69dc0eb544d52c1,3,97dbec4f07434426b6686bd9f66daf78,e49e384756f64e32,32.56,3.65
059b237246fb4249a6d8e437527385d1,1,6636ef7392474a8a9f57a08d4bb1d7bc,74075f0e20644d5b,8.51,7.09
059b237246fb4249a6d8e437527385d1,2,d7d82092aa9a4e8fb0c8e589e2289b6f,e9948030ffa64400,27.97,5.85
6f51834e0c02493992bf28d388337aaa,1,891fbdac3dfe48ab86fb3a149ce9570d,a123bba223e84380,29.98,7.94
6f51834e0c02493992bf28d388337aaa,2,4368ebacd85a4b6a80698c1e46df4c4c,5c4f1972839c4255,12.36,5.88
6f51834e0c02493992bf28d388337aaa,3,5ca3a829ff874997b74b423993e441ca,c12affa67ebe4e4c,6.73,2.29
6f51834e0c02493992bf28d388337aaa,4,dbaea50a1b9c48beb02def7e3c60ead8,80060f91ba2540bf,19.27,5.43
7a587bf9188b4ae3925469b2bca4e292,1,b37fea109a13417bbb742be3dd08de54,bf3d024ba3324b89,4.93,3.67
7a587bf9188b4ae3925469b2bca4e292,2,3bf2eee036c243a79b1730580beaad38,4060878436294a57,26.5,6.08
7a587bf9188b4ae3925469b2bca4e292,3,3a223671fb5f4c3fa977bcd68f087ef9,a21ef8d35f2c427c,31.55,6.7
a25ab6dcf7304e968574635e88653114,1,90e605de248d4d86b9d99a3dffe95319,05cdb2fc10354537,9.02,1.0
a25ab6dcf7304e968574635e88653114,2,de1806bb4167452cbc7bbeac05ad7ffa,f9e9b50319594498,22.08,2.32
a25ab6dcf7304e968574635e88653114,3,1a84baaa5ce54f5ca730d34dc13a0698,0e8a753041524cee,34.03,5.72
a70904c0995041d390e455dd3da2600b,1,6698b42b45634af8a174cc17d70d1d4a,b8bb89de62f0479a,32.65,4.12
4a1b5796749f43bcb1c9defc557815b4,1,6ec720cada264f228ab4212b693d1fcd,14cf8ee600e84d5d,16.63,7.89
4a1b5796749f43bcb1c9defc557815b4,2,0c26f96159bd45c7a7c2fb525c1bb534,2977409cf5984041,13.42,3.52
4a1b5796749f43bcb1c9defc557815b4,3,0041da5ddf3d402da37619087171f570,61f8b873f0a64397,25.44,7.92
4a1b5796749f43bcb1c9defc557815b4,4,64a7cf431e284a3f9e1e28e4fdbba261,18f1e7272898478e,14.36,4.83
410ce9536f39418593034101d91be4a6,1,ff184e35eea2472988cdb99a46dca198,46ebea57344d448c,6.62,7.94
e630810efb0e48e9b7127ab18f624654,1,646208aac2a14163ab0ae10140cb6d56,1f3dcde757b24947,7.44,1.63
e630810efb0e48e9b7127ab18f624654,2,b53f5cab377f4c809f8064749e42688b,9aacbc73eb51487c,17.63,7.94
fec8b6033852447ca3672744afeebfed,1,2962f362005745be9cc199994a352267,f2b4db5159be46c2,11.69,4.15
fec8b6033852447ca3672744afeebfed,2,1128450599f849abb8bf2196eb0201fa,74216dfd2238447f,16.67,6.17
fec8b6033852447ca3672744afeebfed,3,25470656dac64e89953e3938264def16,ba0fda0fbd6f4a31,28.24,5.54
fcea8a898c3f487db2bee0c84a8753d2,1,f762f3d62c354d4c9b3e18a22c4f853e,92649174d9934176,4.35,2.46
fcea8a898c3f487db2bee0c84a8753d2,2,761638374ad2439d8b16858824aadd19,d85a804df83843b6,28.08,2.97
87bb20c141b2471ca8f671e7b651c819,1,800474c4067645eca66d338eeb5b9b0b,7a155b5e26174e95,9.11,6.49
69e3f9755e074dcfaf9cb26a9e4e1c0a,1,d529256335c14833b66aa55e341c69dc,2c08e656fcd84bc8,3.2,5.38
7c649579c31f41d5bf5a1113b33b0ac8,1,5aefdc19565245dd8f5bde2b8b8fca3c,8aae89ebebf646ea,7.77,6.53
7c649579c31f41d5bf5a1113b33b0ac8,2,167b50b2993b4bde9936050c3acb6c08,e26722e64cb9481f,12.52,5.19
d5b00c3c9b96457cbf2aeaf83e967767,1,0c9f31f7c4df47cb9dbb05085a2ec4b9,fb77499b76bc4d62,3.75,4.68
d5b00c3c9b96457cbf2aeaf83e967767,2,8acc59e340a14c0391a6e0b635250f48,49da9c6e8ed74abc,25.08,7.75
97741978c899406bb793e08ab1acb6a5,1,f3aaae4620ea4afea062280c624a0d3c,670668b48ad9471f,5.72,5.48
97741978c899406bb793e08ab1acb6a5,2,fc4bf4de0fd44170a5b2127ceef22bdc,af20977c97a24454,13.41,2.64
97741978c899406bb793e08ab1acb6a5,3,9629001d500e49b1b40cb2b4d331374e,7ea732644ca843bb,3.13,2.55
cd6d625f770440ed9ab8124ee251ffd6,1,f3a07d06c6954049ad48ee19f5340ca8,31017420dbc0405b,19.85,2.2
18dd2baebe644f119e238dcdce561273,1,41fb1c811ad24ea58941fc01136d5532,3b156ace7eff407f,33.02,3.71
18dd2baebe644f119e238dcdce561273,2,bb40990a311543059832e86e33e20ea5,76d11358614347b0,26.76,1.92
61ab1276ee4043b6ba72d76b5b33d126,1,b9cf3aed89804154b4bc40e96290ad1f,5393e27535c64055,19.03,1.75
61ab1276ee4043b6ba72d76b5b33d126,2,3efb19dc348d4896988424bcba17a996,b8e1e5e632d140f9,22.5,4.73
61ab1276ee4043b6ba72d76b5b33d126,3,78f2ffdfc35e4cab8b314a51cf00ad93,c3ed323a4d2f4bc3,23.39,5.02
c04c600d434e4bbfa255361290d846ef,1,6f7d24af12b44160a3cf3f15557d19c6,ae3edb5b081c4faa,25.74,4.85
c04c600d434e4bbfa255361290d846ef,2,559b1117a3604c979f59d66b17b58c4d,24d34b64d5624d24,30.94,2.48
995e97fc688a41bfb045830eed95086b,1,bf79661b1fb0427aafe31da1b0f923c2,ff4a25cf8b534756,34.32,5.56
976fb6ec74f54c698f249606086f6ba9,1,24495d4162424c5cbaac0506c31db0d6,f04fae2395b14b72,11.8,5.4
586361b7b2654cfcad8fe1a60c5de2c2,1,dc8f8cf9df6841a58839ab0ba7966edc,ec70c92653b3411f,13.93,2.58
586361b7b2654cfcad8fe1a60c5de2c2,2,aca1f646abba44caab45962fab014ad1,29220635efa1402d,9.89,1.42
7b860bd3d3194be79533b1e74652ea59,1,98c1c8f46d544ed0a58b7e62048cb701,c268976b771d49c9,26.09,4.24
440f6d55643e4c81a5f505386514cb5b,1,d9bb4b59bd5a47f3972fc821f175536c,0726061d542e4ef7,16.71,7.42
440f6d55643e4c81a5f505386514cb5b,2,3a99969bb08144909770460eabd2e601,1aa725040b23413a,15.68,7.67
c206e033b4bf472e935c5386e45a4a13,1,297dc69dc05a43b8bd4fcf510a490a07,7573098a17e94006,5.67,1.01
683ae5ba929b4f4cb0ce083091fb6738,1,e39843e4c8bb4ea3bbddcb445ca3812f,b6d1fcd8a490449f,11.01,3.03
683ae5ba929b4f4cb0ce083091fb6738,2,7d9e840f2fdf45db95f20071a106af8f,eab1b323a2014e7f,30.82,3.15
683ae5ba929b4f4cb0ce083091fb6738,3,2391b4f3f2e0420daecafba2108aff4f,8baba745b0564465,20.33,6.2
c1f66620640040788267134db6335183,1,565bce20be3a41e9a72a01069b618f10,00122439b01f46a7,32.68,3.98
c1f66620640040788267134db6335183,2,16ed696f197e41a484e57d0228ebdd02,0308a4dc4e5c4c65,16.81,3.78
733dbe94125d47e3ba58751aea38dd63,1,3329d8c047b549a2babb28cdfd5aba16,dc0fb8eaae1b454d,34.74,2.78
52ad8e7c1ab1481eb14e8abd3a20d276,1,9dd2c26108d54c53a2503922fbb0487c,e31cc20d01ba4b7b,30.36,5.15
52ad8e7c1ab1481eb14e8abd3a20d276,2,a114d87212314ccb99a410fc8fc93fde,8ba842df48274a67,14.56,5.06
52ad8e7c1ab1481eb14e8abd3a20d276,3,0e788d0354f7422a80e3d04d456c42db,57787ead47e44c41,16.71,5.36
9070681aabac4f23ba7d2b0b805aed3e,1,3c0c49b64be24dcbb629757cd3cfa8e3,81564556f1524885,3.62,7.2
9070681aabac4f23ba7d2b0b805aed3e,2,a1edafddec9845aebd6fd14d75889662,bbcf7733c9384172,28.2,7.42
9070681aabac4f23ba7d2b0b805aed3e,3,75aa260d2fac403f9a71f55621040a89,5de4c79439024570,4.9,3.34
b3eabf06086549d78d140a0e36e47363,1,c595bb50a16b4dcab5245c7b4e09fd64,3fed94369280473b,5.13,6.35
b3eabf06086549d78d140a0e36e47363,2,a0eee24405794a849425b5150d595367,87e402e91f2c4e36,20.53,5.24
db4a579f83cf4b6b968eba20d5c76486,1,508617db51c742418f32ab0a990c5d6a,d327f36092b540a3,31.19,5.96
0356aac6e6d749eb99480981ae1f8244,1,e5cba582297b4e5b9029b5a96fc8fc7b,c68171c2943e4de5,12.47,6.37
0356aac6e6d749eb99480981ae1f8244,2,6470d765a78042d79b199634e7445471,e777f903234b4272,14.55,4.05
369e3885e23c47dc9c3cc1057e8a8068,1,736a3c6bf93f4e0dbb62b95f50b9d267,ea2d831f8e744eb5,23.32,5.58
59d5c824b1524bacb6e135b5db9f1b94,1,cf09eb230aca4ad5b8925565128b0e1f,4c90897d9f0148ff,34.08,7.91
2b98f5bcc8a24ae5ac5e04b3a2e800a6,1,83275092d48f4b78985e3bdcd038b152,308c27fcb16b47ca,25.98,6.83
2b98f5bcc8a24ae5ac5e04b3a2e800a6,2,3d95b119fddf44f69c0e40533a1e294e,5eeeae6f611f415d,4.63,4.44
df066551e0e94646bf4c3fdaf0c5f700,1,527a08f13a6f45178b7296f7d263f623,62456bc6a46e4b47,27.88,5.48
29794e294ecc4f3898cd7f78599e4821,1,59eb0b8130f745b18006f934f277ffdf,881ad56077404325,17.77,5.97
29794e294ecc4f3898cd7f78599e4821,2,d7380fdf2d174d54b5dbb8375a16a7fc,21fdf6209c8e4a7c,29.87,3.06
06ae866713f64fdcb1cab93435557285,1,92b5a987a59047729bbd6b12330b41f3,06e3a5158fd744bc,6.65,4.47
06ae866713f64fdcb1cab93435557285,2,b0df49caf13c4815a9cce562057715f9,6c4f677e87cc4c3c,5.62,2.65
52abb6fc24bb407d90544659ac2bc401,1,7df45524c0aa4144891f08559f0da95f,ae7e99a65dce424d,32.26,6.26
52abb6fc24bb407d90544659ac2bc401,2,bb997d5de67d4f1fad8f237bf14c95a7,6ea28cc573bb4b4b,15.81,6.88
aa58bcab324a4ec29edf2223633e44e3,1,e43c1a05fd2a40c185cec3eb9b74687a,0ebc3fdc228a4a31,2.76,3.56
aa58bcab324a4ec29edf2223633e44e3,2,56d68b33b49f439db9f5c3bd36754541,8df74d14ffa646f0,14.0,7.35
2e3405a8ac1848e09786c384a6419bd4,1,e2244d2c93af43bfb1271545fd5bdc3d,3ea030a4b66e4c43,31.77,1.69
314a844334604204a74fb3a9235182ae,1,0089529eb3884ab2a1b8d64b2b718261,9f20d1a1270740b6,25.68,1.45
bff6bfebe5fa4b3dabcbbf3e5867429d,1,ef8b1cb4a38b460e8059bc9280639e06,30deb56124994cee,29.42,2.73
fd5ebd88a370425bac61f5c057bc61b7,1,b38fc82b2f394639a31390938fdf03c9,24af0417a5924181,17.76,5.65
fd5ebd88a370425bac61f5c057bc61b7,2,154cde90e48f42cd90a70f4ff22096ec,735f2dc2765b47e1,29.52,2.79
fd5ebd88a370425bac61f5c057bc61b7,3,1a97571a9c9b4cc78643ddff24609662,f064bc06608f4ef7,26.01,4.28
769cf7390ea6461492b9b3c26a87af38,1,23bf643659c04cf38cc77f9761234cb3,14a65dee76494ec5,33.53,6.63
769cf7390ea6461492b9b3c26a87af38,2,1b70c8928f5a4cc48362f86d6d4d2017,eab0f802b9fa4f8a,17.36,2.66
769cf7390ea6461492b9b3c26a87af38,3,254435d8aaa04a91bad6c897fbe82472,2ccf06fca5304397,18.86,3.9
d4a6faef5c564994826c0bf9a0f76901,1,eeb6a2ad7d3f43b5a2d795591462c807,c6178e3178f64dff,3.1,6.45
4acaaddbef1548cca30e7dc8eaebcd15,1,cbe4d927cf6746a1bc067ff1f8a56146,bef72a52f5e64299,14.77,2.61
1d287aa705fb4d6fb9bb118204e1ce7a,1,7e0cb594d4e341f2bd8564f54bc42012,7ba1c36f6e0d46c3,22.57,6.65
1d287aa705fb4d6fb9bb118204e1ce7a,2,f91883b362a34a50af8c0cd81633808f,ec005fab4e164a93,17.43,5.79
1d287aa705fb4d6fb9bb118204e1ce7a,3,191a6ad578ac4487897125be0325b4f3,8013098b6dcf4167,32.15,5.81
2600f2dd7e7e4dbca80e3862f9eb3c1b,1,5dcb5a24360b4b979f3b64540e1d70d9,9923428738174b21,33.84,6.47
2600f2dd7e7e4dbca80e3862f9eb3c1b,2,1b84329788384eaeaa61f3212e9b0c4b,f8652212d34e4805,3.17,5.97
3ca1666e3faa4a6b87e036522ec9b139,1,ec002aa8948b462f82ce8e18b68b6c51,7a329a42a40d4fcc,29.75,1.83
8f658f724a6f4d019fb62f36e22af883,1,7fcd41124eed4a8480fbb9742355a6d4,1769ee8843f7471e,30.39,7.52
8c67a745bad44394bb0a0404023c132b,1,3da708529f6d423b9f0e5fe774469a7c,1279c7150c564ac9,28.51,2.2
8c67a745bad44394bb0a0404023c132b,2,1ee74b289d3b48838ce2e6631b1caab4,708bcf2f0c7d4e38,29.38,5.35
66b612a604ec4c8494c8f25899cb66d0,1,5b6b1a9fde2046168c25e27771d50d27,259318ef2bac4089,21.24,3.38
66b612a604ec4c8494c8f25899cb66d0,2,0f2efef98a2f48ea9faea5e954c6911e,c83dd360c61e432e,27.04,3.3
ae0dfda465ad4a3da62e691cb7fdef00,1,7e0ab68984f043788e6b1cd37ca0ba3c,b038058704cf4fc1,19.24,6.56
dcebc5c836a549a98809fa6e1885c0f1,1,161e17c692ce4cff89154b57a7ce2143,59bcbf688d1d45e0,19.18,5.53
15513cd6d7914ff9a0742352c646cea1,1,899954a47fd24a5e9631e5bd5c6126bb,30ef2a8b196c4957,30.61,8.0
621b33654c764c88a5c2885ba85c29cd,1,b38e43f9ca004208b17ae45f1f2c5ffc,793cf2ca36d74bfe,30.97,2.76
8ed1e4f661684154bd22a42073fb2e74,1,306cca68c15e4a36964567c2537f5688,ed3c138a5e384334,31.12,2.36
b1724408b3644e8392a4bd9930c94212,1,5b1b90d0080d49f2af4c922764b2d313,7ab91646284243fc,10.46,6.4
8e3bd72e92f0440abbba42aa8ca5e095,1,77ed6e463c9c47178744883112f116c1,a167688abc334b68,34.39,6.56
8e3bd72e92f0440abbba42aa8ca5e095,2,702507f1946b44efb9e7e6cd159b1069,1b11a24722c448a3,2.17,1.69
8e3bd72e92f0440abbba42aa8ca5e095,3,6d3d907460fb4085a3a0d59970d8099a,bffb13ca11fb4fdc,21.44,5.04
8e3bd72e92f0440abbba42aa8ca5e095,4,777d5ce7aa2444a2a8d1d8f85f15a179,b4c4639106f1434e,8.38,4.32
9435cf8bde2e444f89b525ad633d69c1,1,d52c2c9dca994bea83ddf5c536772974,4c1c914fcc784c17,24.12,5.55
9435cf8bde2e444f89b525ad633d69c1,2,d910b4bbbeb347b8bee99e5ba0b2332b,649047bf7d84447e,22.54,6.28
b231e60596ac4c71bbaadd323379a1f5,1,74aecc6272ee4cca8f547a1b8c1f87d2,c5b35dc28a6141d4,33.25,2.28
b6196d6ca25c4b6491bf1508524ab4dd,1,16817cece3364e2e9055398ee3dfa543,3e3deeb35bde4964,5.71,5.68
b6196d6ca25c4b6491bf1508524ab4dd,2,2b79806a915944a0ba13eb290a876160,0cf621e628004e9c,26.38,2.4
b6196d6ca25c4b6491bf1508524ab4dd,3,b212f5ceced5407f9c0dde4debc02fbd,5aef3513fe3a4353,9.01,5.01
bc5c08822a1442eebdab8041fbd82eff,1,2413f9720656449592912fceb7550edd,d0e6a8cbc9c740b0,9.08,1.74
2c6a82d41b74401aaa4d98998a327bac,1,6454a1e610704976bb36d49415ed7357,c964d9af12b140a4,29.5,6.24
ff6f16fecedb42f187e9d9553dcbc766,1,b7ef11972a1042e0b2f2f61c5e646ce0,05be692e4fc4460e,30.8,7.98
a2a09846520340d39024eb0e3b54730f,1,ffa752d6f31f4595a66de8ffb797f261,9750bfea557f4273,25.66,3.42
a2a09846520340d39024eb0e3b54730f,2,8dab736a0cf0445db44b315ce8a91c4c,0375a2ae007e4d1f,5.08,7.5
a2a09846520340d39024eb0e3b54730f,3,16f64792a8d64c38b9d7cc5f2506efd7,59fcc4ca289d45a6,8.35,5.74
a2a09846520340d39024eb0e3b54730f,4,a279bd1983b54a46829b1b257d6f7ebd,c16ffe228dee43d7,17.77,6.25
afa639c8314a4102b38424a51098efc5,1,992a58a628a24d34be71018c83682ab0,9376eeff883d458f,34.39,1.36
afa639c8314a4102b38424a51098efc5,2,d5cdbb35e13944b3a43b68e57ff1aed4,d4943fa0b83d4da7,7.34,6.86
b85b2a6264dd46ad8886a27b33fb9865,1,347b64fb046f4321b921aed2330c5114,9ef1e991dc4f4e6b,3.33,4.08
b85b2a6264dd46ad8886a27b33fb9865,2,a65ff6a88c414df2af5d16d2bbed4d91,80e84ad8e54d4da6,9.62,5.62
64d26c29d5a04dfea081aa7f875b3f9d,1,78f9792cf09440edb0aa6a35be91ff94,000851eddea84844,12.48,3.58
64d26c29d5a04dfea081aa7f875b3f9d,2,d9ce303957ac46cbb1faa84a1ad1d80c,c4e4e80444904f35,26.95,7.21
8b559e71fa554dfe9d94b04dce9b77fb,1,83eda596c8c2450e85b2a44d03fb0ee7,ce940e42239d421c,28.54,3.75
8b559e71fa554dfe9d94b04dce9b77fb,2,c2461930c1504b5594c196b0c40b7019,5d86c23bb70d4f5c,7.7,7.27
2f622199f0ed4e5580ac6f540d5ba5c7,1,eab03feee8a74cbeb97b91da46da4d7c,1433ef7c6ea14050,24.23,3.8
c4626039865d4dfca89741fef7953c1c,1,c19a79b3d94a4289bbacd2701e4cec28,ff785553aeaf415b,21.32,4.32
c4626039865d4dfca89741fef7953c1c,2,ea0be80a75304b909a7e153b2d179dbe,850e02dd9ef2494f,13.11,6.85
ccbc0092d1494907bfdaa02de536c4a4,1,f411f09c007f402b86f189fb13d63953,87ddc1e52e34448e,22.98,5.26
2be57559648a43588f18898795c171cc,1,0b4b21b0517c4a04af3858f0cb54eac7,03e25a48d6a8433b,21.37,6.05
2be57559648a43588f18898795c171cc,2,78bbfaf6a4c340459aca211f9eb106fb,7a0b686104c044d5,30.35,2.3
2be57559648a43588f18898795c171cc,3,201297a82f6940c1b46e985fcbb8fd29,d744ab3219f74b85,2.22,4.65
8d02005e82cc4ec78896cee5918a20cb,1,ed4c0a7172b346f28fec8e3ae8b993d7,e74ef7c619d64626,3.89,2.2
86574f318fbe45889cd4aec9998a5dc7,1,bc01807b56c74c128d5351ccb0e31365,dfe57f78fead4ba2,25.08,1.56
5e35bf3715b84702868f044f34dcf3ed,1,cc9ed5d23d114f01b5110a6b8a4b59c5,dd0fa9ab0b4b47ed,32.74,1.98
d15aebff379a471db005cbb93d7b66c5,1,1beb077419c5452bbe62165410359bca,ad9d5f474b6544dd,6.55,5.01
d15aebff379a471db005cbb93d7b66c5,2,73410d6deee54b069a09e28425c1f7aa,35fcac2f64d44427,24.44,5.97
bbeb32b37435455f913b8dcbe7a3bdac,1,faf6f79465614e9c93d27636ba2a16de,6069ed38bbe64171,19.56,6.58
bbeb32b37435455f913b8dcbe7a3bdac,2,baf928d0e7074ccb9b93c42f5c40b256,63a8a065f0b4493a,24.2,7.59
bbeb32b37435455f913b8dcbe7a3bdac,3,c222b474833c4aa5bdb2261582461d53,92f672cb37a34a8b,13.34,4.28
bbeb32b37435455f913b8dcbe7a3bdac,4,b68cb576423747439e7a6e7ae0dfb649,ba8a662b92444970,32.93,3.97
b003b164cb4d42e6913ff8d4e0c1e490,1,c0325b516faa47b996f2a5a898c8bb1c,fd10ad4b9e75493e,9.83,1.34
b003b164cb4d42e6913ff8d4e0c1e490,2,007a311e5ac44be1a8ebcd466f3ab515,7e93a0592e204f85,12.45,5.94
5adece95992746e583227adf9112f3b9,1,497dae612c744524964bb08b21dbe233,9e7f24e7809d4508,2.19,1.38
5adece95992746e583227adf9112f3b9,2,7efb431e15734daaab201b010cc59278,bb2e64f2ce474b1f,24.49,4.13
41ccf432b3294d4181b3e4e879d6c3bb,1,6c1fb977b18543d09402d6e68ff4c1f3,a9593f0f34844eeb,20.78,7.51
41ccf432b3294d4181b3e4e879d6c3bb,2,71414d93a7f44f8491c5c45b63a94d1a,3249f52d733e4433,24.78,5.08
41ccf432b3294d4181b3e4e879d6c3bb,3,139c866543f540b3855298c30e4d79e2,aa1694324fcf4b74,28.68,1.31
89a64593775246b79e55acdb654f6159,1,a5efad583193486d93b02e6c2e54ac66,d9899f518cd546d1,26.7,7.37
e2f94d83bc424f57a67a48ba1a0e4062,1,ebefb2d456994037b1776ffeded5dde0,3c316a6358034a05,1.56,5.37
e2f94d83bc424f57a67a48ba1a0e4062,2,0b64249b6746464b933f1932cdcd57cf,c591eef006d94032,1.93,5.51
e76278fdd1be492eab24349333a659d8,1,7b940ea3e25e4142a1d0d3e369ab5b72,6c0596e44b534ca3,30.81,3.39
e76278fdd1be492eab24349333a659d8,2,578342ac33224e0ea62a0f5c5022420f,4f7499149f674cb2,27.44,3.02
e76278fdd1be492eab24349333a659d8,3,da99da9ecb054a80a32721520f3ed48e,e9d63080ff8a402e,8.12,6.11
382fe016227e40cf9fb09b9a5dba258e,1,e12ed848b326485da8ebd096af59fd9c,0a98b2758572482c,34.76,3.13
382fe016227e40cf9fb09b9a5dba258e,2,9d2e780827dc4cab99de29847952c03f,d8d1346e6650450a,20.7,2.29
382fe016227e40cf9fb09b9a5dba258e,3,154db6ecece4477999a1193fa34c1d1f,1cb1c34afd53474f,11.18,2.32
66f220982bf54830a30703557a20ce36,1,84dd20e7f487482bb3b7ae57f266e3df,901d8ca6627d4951,9.48,5.35
c2e8cce713ec479dba1e673fed94d873,1,93719ef6552b469c9bcc1db6effc8580,cfa020622b514bc7,26.56,7.65
c2e8cce713ec479dba1e673fed94d873,2,cdac2d334c364f95967d87eb00dab4c0,580b30854c2a4c94,13.48,5.1
9eb50aadc706464abdccdc6a692a4b32,1,a419a7c6ac2748b78651df6b5ae2ea01,f3b7b74c91644206,13.9,2.23
9eb50aadc706464abdccdc6a692a4b32,2,9be97d7916e647a699c2abdc91a1bbf6,0fb8bd1de70444a3,29.39,6.58
9eb50aadc706464abdccdc6a692a4b32,3,4d2f223c822b4d37a30500f4e0064adf,69ce1c6b796f4aa0,4.57,6.07
9eb50aadc706464abdccdc6a692a4b32,4,d33852308c9b4957b474b9ccaa7cbc12,05f7e22056374c8c,6.02,7.16
2c8a3cafd2d943658391680580e9070e,1,f59fc835d07d45ff96ff13b58a8b2438,e57578cf4ca94c5e,11.68,2.25
2c8a3cafd2d943658391680580e9070e,2,2f02adb56fe64150a6c210cd5c4b4018,fc03259b134a4811,28.56,4.21
e7d20de4f6774129ba69a452e7ea0862,1,1fdf2b76c54b4abca16cafbabadb518d,458083fead284fcb,13.58,2.33
e7d20de4f6774129ba69a452e7ea0862,2,33b62d8eec69458b91166451bde3aa74,13063c93acae4cf5,31.72,6.58
ef3a696fdd294dff8f577aa1a6badace,1,352c5cc6ebdc4af99a289546c28ac25b,ec4f6c6f38f64c88,11.99,4.99
ef3a696fdd294dff8f577aa1a6badace,2,7185e4ffaa034ffb8bdcea078cc6e14d,45a1efd7e4b0454b,8.88,2.89
ef3a696fdd294dff8f577aa1a6badace,3,2f41b54c4ad040d28f8076f6d0c6361f,4aae7151e5994967,26.33,3.69
0201fb794cf64bd2834010090c9fffdd,1,2d521bff847244e99adcd44ebe473b4a,60c1cad9ae384bd7,14.97,3.67
0201fb794cf64bd2834010090c9fffdd,2,e0566b803cff444b8e697b2fe85c7e2b,f39ec8f865304fcf,26.95,7.08
01f0c1af357843d69814759fa3c9d12a,1,1f4a40ce3c444008b43b46341b7066d3,acdf8f5a7c804b54,16.82,3.85
fbf9251c897e4675aff8687fabd8d4df,1,340950a4ad614887b0ff6db65998f59a,c7d17d21d5704a8e,25.31,3.36
fbf9251c897e4675aff8687fabd8d4df,2,08e8e3f4b3e042a794b5c0419ebc0106,fe88a4a021994ff2,3.35,7.64
fbf9251c897e4675aff8687fabd8d4df,3,7a15194d17a1430e8d83052dc399dcc8,6a5b7274aa5c4ad4,12.28,6.34
93cbda28d2d7484e84f37160451209c5,1,4fdf20d4b97e4f6cbd211633b18f7bfa,9e2601ad802c42bd,16.85,3.09
93cbda28d2d7484e84f37160451209c5,2,ea2d7366e41246919acd1b77aa122737,52ad3c4c6d644fad,5.99,7.75
93cbda28d2d7484e84f37160451209c5,3,197a009ad5d448b08b9fccd5f915f75d,7ce2bba80ee546f7,6.17,6.0
5fdc4ac018d446c9b2c0d4a6d3bffe36,1,8911d47d47f547cea041073cb443602c,da7bb847b46742d7,11.27,1.6
8c17d31586cc46df866e7ed804834cd6,1,eded56f00c404231b9fa445a28f7137e,4e402d4088f54dd5,9.25,7.15
8c17d31586cc46df866e7ed804834cd6,2,6709bcaadc6f4760bf90336b7ce60964,ac0d9e15906a43ae,4.6,2.02
cdd5fd65cc66462d9b525dd965cfc19a,1,e9e9c05f8968499d8f55f6df9617b79c,f4d9d1f2763f410b,31.27,3.55
7e9be315d8534474976a9ebe55eaacb0,1,24953590d3d94b008f0f298105f016a9,1f19ddc5b09b4f7d,5.4,5.42
96eecdd7f4cf4820af979352025e7258,1,1254c1b5c0ea47c887c6b08a62ea2cbb,22a17c78a48f44d8,6.97,3.28
96eecdd7f4cf4820af979352025e7258,2,f682a29766b046d184e4b63bf644ab2a,835fde4590b54eb6,27.48,6.15
8c10fd75c0c44e3e9edfa03950529a35,1,029e6e407d3f4d738a70515d43b20244,231a0dfbd44d437f,34.77,1.54
d4e8e80e3cfd4242a0b294fce3c61a98,1,4cc01ea5ecfe4afb891fb702f207de9f,951e75a09c694d1f,31.5,7.86
21d4d5be5cab4f5ba4da142c149d0e53,1,7c17036722f64c9095fdb6e6ea652c25,75786297ebf44447,10.68,6.67
80c117ee9aa04e01bbf1c3bf6c55c0cd,1,f022bd402d144c31b6bd50b9ed1665c7,d09b874cf2bc4b63,19.94,6.67
80c117ee9aa04e01bbf1c3bf6c55c0cd,2,ef0576f085444354bf1d798fe2c52394,f6c534cc64f44db0,29.61,3.66
ff4e6fe7995549c899b48a6c75b50d7a,1,0e5903f061074bb19ace2b4ca0ccd74e,c84d16ef78784aea,26.91,7.92
ff4e6fe7995549c899b48a6c75b50d7a,2,01504811238048d2b64d664d9f61c07c,d17d102127254e1c,3.05,4.63
958d99bc91624769be221ae1af1c4cf6,1,1dae754366f2436d9fe360dde384c013,ea17ecdc0d024de3,1.81,5.64
7af29656a5ea4c708bd9b84d01e46f00,1,e9d015f47b034219919622721d0d31d1,7b906601db6b4e8e,28.94,5.17
7af29656a5ea4c708bd9b84d01e46f00,2,91dd21cf1bcc4b328043796e55f67bcd,ce11d386af0448dd,20.34,7.71
7af29656a5ea4c708bd9b84d01e46f00,3,f0d2b4f11ce54387a2501b658d4e001c,d310c11002f74468,9.42,3.1
7af29656a5ea4c708bd9b84d01e46f00,4,011e3efb94b945ddbf7826e25e0c0ca3,6691e232d73f4afa,21.18,7.11
3bf75fa1d8c349be9fadc8f1d31ad04d,1,a9a35a08055c466fa007878ca3c4da28,b307a23cd1f2490f,30.13,5.17
16fde4bae2c64238a6b7ca3316eec0ff,1,e28cb0c06ea4470bb58395e3efa869a4,c62b29e83d7c42ad,7.09,6.88
16fde4bae2c64238a6b7ca3316eec0ff,2,c77881280de14293a6abae20303420cd,ee5cb0cfe03b40bd,6.53,3.09
62e7cd8b652747de8cc86774f87623c1,1,e0500ee0b6ed4b2cad1a6704fca8a949,671a2fa7c39248a5,4.6,2.9
62e7cd8b652747de8cc86774f87623c1,2,35470c65339a44a0a093709e77772f48,0e60f65732a946d9,5.71,6.77
62e7cd8b652747de8cc86774f87623c1,3,9b6bc42e94e2453cb8828e5f78627804,a7bfa40e40e14d23,16.47,2.01
62e7cd8b652747de8cc86774f87623c1,4,abee5abec6c14261b82b1db4d683b563,378ef8be953548d5,33.0,4.82
d9b2cbd9155b4598833fadcd85e01714,1,574f4a644ef04331adb1b1c1f49c2f8e,2c83cf0671f14eff,23.21,6.66
bd6091b96a2d401c84c4c5cac17b2a79,1,29f8cbbf0bba48cd8298e0743cc6ae6c,abd765e3031c41ca,8.1,7.84
bd6091b96a2d401c84c4c5cac17b2a79,2,8c73e1f891f04598aea1f8b2b4906346,67d9b621f71a4f26,7.98,4.82
cb1d439dbb3c4fa9b9d7f09c81e98d4b,1,f88c3a288b424389830760a60b775025,d1794b4097694863,15.95,3.77
b440f90fc8bc4c7ea00066efa9adbabf,1,bf1009beff944feba66f2234c77cb5c3,5b123dfda31c4818,27.99,7.04
edc38567aaf54b5da0c627da96967ed5,1,0e256c0486d34a12afbe8e042f01bc81,1507c35411474e54,8.93,7.09
e5d54e3c3a954004b0dfb2a1704c8f34,1,9e4b6c47bf5942d8a742850c954d0642,a3b2ed5c2e834419,20.52,5.77
e5d54e3c3a954004b0dfb2a1704c8f34,2,2108f66ec5124a188b8f7de5f951d821,fa72bf51854e4b4b,14.79,7.06
e5d54e3c3a954004b0dfb2a1704c8f34,3,0bc634dc078f46f8b3e293bde73334ac,de777c1083174b53,22.7,3.24
5603ac25e5af43e680d8b8e7257e91b5,1,2734fada1a0c4e79aeaa262fdab03680,543c5b01e10343da,24.55,4.19
5603ac25e5af43e680d8b8e7257e91b5,2,af0d5e8b4a0140738821185d4cf9a396,2a54cabe2a0343b9,27.19,2.07
5603ac25e5af43e680d8b8e7257e91b5,3,6c0cf9b166bc49ada942e78f8bf01bb6,93f5268891fd4c25,3.96,5.32
5603ac25e5af43e680d8b8e7257e91b5,4,d8717cfd1004426092457fe1671bcdbf,c30ee87488ca4cbd,22.09,7.67
4095ecdb135a4e1b9a324052d5e7948f,1,7a8b8ab5536849d488a209cd78209153,3155f6005cdb4bac,9.34,7.18
423801ed9d694dc79bb0f14e11e7b7ea,1,5f30645a87fe4267afd1dfba2c754550,49587e491d8049bf,19.87,5.16
423801ed9d694dc79bb0f14e11e7b7ea,2,b39cbc800f694d22b9c7ffd0e5cde666,08ec4f9d3c814f5a,19.72,6.97
ffa8aeaa88254e7a82aa1d0153fccb99,1,7c5e9e7cdd7946bf891bd956e5ff578f,cdb0fe7e7d3c4198,7.05,3.37
1ea65f84f8864fe8ac669e2acbd3d489,1,9ce590fc1b07495bb4214639145028ea,42e2ce54218d44ea,25.72,4.32
5966d27d61e94c0592a0bb88ba5aa8fd,1,6dee63a6ee474328809a5b5fd9511a68,4186be87a0264e41,5.26,2.28
5966d27d61e94c0592a0bb88ba5aa8fd,2,b145c99ef48b49189a96ebbb812d6c8d,735f74a81bcb4daf,31.2,6.4
5966d27d61e94c0592a0bb88ba5aa8fd,3,645269ae60cf4a7e93fd5951ef4b4d3d,45cdedc018604d0e,20.91,3.2
f3617c69652247d19b4028002c8a40aa,1,96898058c2f84295945e6c99745af20d,a1b1514669ea4214,22.44,1.59
f3617c69652247d19b4028002c8a40aa,2,05753fe991634239b1d2d30e1b92730b,1089749f9e3f4a76,4.42,6.56
0196939b3e9d49b4b6df09631d78c2be,1,ef00559afc2c47d4ba864481b635f854,e9851103a95f4694,19.14,7.32
0196939b3e9d49b4b6df09631d78c2be,2,68a12bdb32e04ecbb4abe63eb20bd292,4d84ef7372ed48ea,12.52,1.93
0196939b3e9d49b4b6df09631d78c2be,3,90da9157b8a941b7930f153d277ec36c,1e2b33ca19214487,28.39,2.36
8214323f2bff41bbb765fe2f5c6bb43d,1,a88432cecefb44bcbe119a505d64a467,fcccb8f51ed64519,7.5,2.21
8214323f2bff41bbb765fe2f5c6bb43d,2,2ebf47dfd1f840c98e1de15e37a042fb,a5cd48eae73f4bdb,5.25,1.07
1c7dcc63e8fc41b590d9b6758ff4c5f7,1,9ead4d0f9eb546538d8a22e5673c731f,d0e44914a09747e2,2.58,1.85
7b0b619adf1e4dab9923cab08c9e29a7,1,0398b458772f4cd8b90056193247e459,f2250323f4c94278,26.79,6.25
7b0b619adf1e4dab9923cab08c9e29a7,2,8540cecfb2634634abfcd426bd103650,002a0c775ae942d4,13.03,5.95
7b0b619adf1e4dab9923cab08c9e29a7,3,62b8bea621bf4aa99967c668a1a1db27,1b746c3009fc4e3d,3.4,8.0
02d5fd3074c74412ad42f7b41a2d1df7,1,a54aa85ff82a482387b04ab3355d1ab2,5ed5dafa49ef4008,4.43,6.7
02d5fd3074c74412ad42f7b41a2d1df7,2,3e2a41d3dffc491b9af9fbeee1cb3209,0eda7b0f13d44681,26.82,6.4
3d7d04c9a9ce48e4bdb2da0295b36c05,1,7fb60f3869464c1489480f8c5d4d705f,cc0e6db0e2f347e4,8.43,7.33
3d7d04c9a9ce48e4bdb2da0295b36c05,2,a00a7fba82c349ee8bb28890f3a95ce1,83e4db7201f84a56,3.13,7.73
3d7d04c9a9ce48e4bdb2da0295b36c05,3,0c6d2194f910402b91a545faa0bea681,8dab534ef28d4071,26.55,4.57
024dd2ed472d4f7e87b7210c909ba2bb,1,d63eb0ed8c3e43209d7e64fcae8c6c91,5808643fd4714195,32.71,1.84
6dad4cb317794d2ebfce3654cb768a4f,1,bca3b88d95a04522aaabfac9edef0c33,d86ec0c200fe4577,25.55,2.25
efd78b6ee7e84272a6e3756a1c20e949,1,a2b25fe58cdf44f0bdd15a720b87a168,c5cb2b2d9cfb429b,19.75,2.5
efd78b6ee7e84272a6e3756a1c20e949,2,e6886cd3002546d585f82efcea814cc8,8e81e462a29542fe,5.89,5.05
efd78b6ee7e84272a6e3756a1c20e949,3,187a29b9518a4e02b4d03ed922c172e0,c47ed157fcd74d11,34.09,4.71
efd78b6ee7e84272a6e3756a1c20e949,4,b85028b07d5a47e2bc9e331aeb92d169,68d86695cb36411f,26.91,3.07
080fd12b91ea4923a6f7f60189afa692,1,f373f12dc23b432dac5044d614dab5b0,a980d0cd76cf4855,7.18,4.23
6d0111cedccd47ab92f148306c1c1e4a,1,6ac6f39fe2084466ac57335e09c9d6d5,80f40186fcb74d75,3.94,5.36
29ceb2c787814c55b85d9dfe0ccc7ab9,1,1acb753a21764ecd99e96fb8e0937005,3892dafdeb364639,12.34,4.26
7c7d0ac5192d45cbbf9c34900ffc4b24,1,77b70b77aaac45fc9480ef55a505debf,b6c59c5f7eb148b2,8.73,5.23
4f1e6908939041ae8571afd616698116,1,c2914444959e419580411016b912284e,9917e2fdc6f54071,13.58,7.26
b5d89227017e484ebf1dfbec1a654e0d,1,c351f51c4d68412d8ff5fa7a80d215e5,5601552df8964d2f,24.99,3.76
63ca0b64d10e45fdaaf38d0eca66859e,1,d4c523f7e5e8485b93b31f81c35942ad,232857759159468d,33.29,2.4
63ca0b64d10e45fdaaf38d0eca66859e,2,4ab1e1c981d54d1dbb5b9456f8594cb8,6bba36b9344a43e6,8.03,6.62
dc72ab24dacc4215825bae398013980a,1,afd0f9f299eb4e43b28a7773b71266dd,6238190e3e504665,10.01,4.25
b97de052f867400cb40b2b95906beeba,1,5549b1698bb1401ab8a1036bdadf394e,975db355bf014352,10.83,1.46
b97de052f867400cb40b2b95906beeba,2,55c90c4aa9a34bae821af0f01dc9d36e,de12a147ba58456e,21.57,3.53
e71cb83e31c64eebb6f500786b555ae4,1,3aa4c6aa13bc49e389097c21f6bd58e9,dba948d6038f4681,4.83,7.68
e71cb83e31c64eebb6f500786b555ae4,2,1a228a348f524beda566b64af8299f91,046b8363e7f449c3,24.49,3.91
5b67ca32d5174bfca29bd614c8e7054d,1,a6a8168a0791446ba5fa60b1a2e691c1,0c8187634a2b4a02,22.78,6.43
5b67ca32d5174bfca29bd614c8e7054d,2,962711c27af74446980d5686dcf6bf9c,f60caa7b8e9145d9,14.28,1.79
a8f303f703a54ef98650cf35671a02f4,1,6ca3b1c8d5b64dd69d36f11ec9ac9e9c,412d2300692a4a0e,13.91,6.58
a8f303f703a54ef98650cf35671a02f4,2,8c28ede3aba34825aa6f55389372120b,ac9f2a9a45b845de,12.09,1.53
a8f303f703a54ef98650cf35671a02f4,3,6fc5c31156d641bd8915c51f5269fafd,57f506d669724a0e,34.52,3.26
ee230123e661405e95d7ade0b7ec155a,1,990782bae85c429ba680d1c25a5e9e33,1f1a0ea16af64864,6.99,7.14
ee230123e661405e95d7ade0b7ec155a,2,dfe15213c1d14752b00b582682dbda4e,7fc8f68879b8493e,16.91,3.9
6fe7f511bf854750ac6d08125f31dc23,1,b46b69b16c9e46e283568524124aae37,8549e06a04014826,24.73,5.37
6fe7f511bf854750ac6d08125f31dc23,2,4a1f5af8f6c34aaeb0346f012363d8ab,733c47d1f10f43ac,21.33,3.85
5c2c92ff5df144709d349be7aa31089b,1,a4e6a42a25a54490bdd3ede27f77f329,b76f77fa32a44ea0,28.64,4.46
cfd80296b3ca4890bb953d0ed602620b,1,1bd1202410f54fbdb930cb08e0303a52,14595737e98a4878,20.2,3.05
cfd80296b3ca4890bb953d0ed602620b,2,87980b82074d464e9b1c740862ced8e5,d6141985fcf04aa3,22.64,6.43
