order_id,customer_id,order_status,order_purchase_timestamp,order_delivered_customer_date
68b05626c62e496d93759dc7f0a29a4c,327fa9a402844568a6f1907c9fb0cd9e,delivered,2025-06-17 09:22:00,2025-06-20 09:22:00
11405c32e94a46569bedd2398b76ea61,56b84bf2b8c74198a711c699d87ce0a7,delivered,2025-09-19 19:58:00,2025-09-27 19:58:00
8eceec6876664a7ea33d2c84da1d26d1,0f08abe901f8464d863569f8f32d434b,delivered,2025-10-21 20:44:00,2025-10-27 20:44:00
3b7e4863bf1745589c803baa057e9991,4e54089774ae47deb2a75eaa9a388661,delivered,2025-02-26 09:49:00,2025-03-07 09:49:00
303843ba41e64cb88a2403bf5179642c,39eb97876e34447f90d1c5567a5f8707,delivered,2025-10-26 07:15:00,2025-11-03 07:15:00
33554335012247ccaf36f116b0683378,380e081b9df14e4bbdf684289f4d7b95,processing,2025-09-14 21:15:00,
d466e9e91d6e4892bca4e30d76808ad7,59ab5ee42d234095b47465365861a051,delivered,2025-06-26 06:48:00,2025-06-29 06:48:00
4ef6d97dcf5c4358a076f66cbd7d7516,bee8e992bc65491fb93db26185af9ab9,delivered,2025-10-22 19:32:00,2025-10-28 19:32:00
8f0cea5cebe74b2289e5c3a2b6e87ea3,c7c9cb062eb74acebc8d77dd5f76195e,shipped,2025-05-18 13:44:00,
14d28c55cf6d4be5b744c8c80c0fb7bc,19b8ee83d426438cb1163d813efdb742,canceled,2025-12-17 20:34:00,
ab46f46f6c8342cbaa10b662d555c3a3,4a78ac8cf62141d9b2beed7afad76656,delivered,2025-09-09 08:21:00,2025-09-15 08:21:00
c9130f83f22d444cb13dc9f7eab8a4cb,cd4f42fa37ac4724948ea6e85e3fe666,approved,2025-10-18 16:43:00,
4004fe96eaab4c26b1977b0a4fb1633b,8c44400a44c94defbca76dd9f2e14e34,approved,2025-11-01 16:51:00,
352a63fa3adb4496af5c1eb2961738bd,03055c255fa04144811b6648da0b045c,delivered,2025-10-25 15:28:00,2025-11-06 15:28:00
537294efc9b14fa780e1d076dbd97a9d,dde0336249344bc69f6b29aadf374ad9,delivered,2025-01-23 20:05:00,2025-02-03 20:05:00
d6ee9ae88ecb4f5688cbb2cb36d9fde1,fc25680b74aa4f45862f5ac8ee2531f9,shipped,2025-12-27 07:14:00,
f6a854c02e9e4f9f8bbc256153c69c72,6685a1d0116e4eaebe2b29a3a0a481ff,delivered,2025-07-25 13:57:00,2025-08-01 13:57:00
57801004d0c04fba92bb74de04862a7d,eb0dcdf126b941e39fdb2972c5733df3,delivered,2025-11-17 21:11:00,2025-11-22 21:11:00
34051695825941ee910c7ac011bf10e5,27ebf7e773ee4f82a92ef0be9479f839,delivered,2025-06-23 08:23:00,2025-06-30 08:23:00
3b41274e87d340a8a6c14872a302d66a,2454d09574e94388af69d55819953d6f,canceled,2025-10-06 19:26:00,
69ee6773b95f47c99265f8f58e470180,b816f624d0db4747b5877da1bfc5e884,processing,2025-02-26 14:42:00,
b3783de364044e6f8232f45e3f025c45,32b939605b5f4d32b554fcfd59608ea8,delivered,2025-01-29 18:07:00,2025-02-01 18:07:00
e416ab6fe7664e6bb25171c565ff60d4,29418aae53d04e3e932636eeabcd985b,delivered,2025-03-01 09:54:00,2025-03-14 09:54:00
9756378228a04ae5a500af74cbf84974,113243bf008e4144bea13d05ed9da280,processing,2025-11-14 16:39:00,
5e6246d2ff294c6187f4f44a1b939ed4,2502fef8109743ef9f285dcdfabc8665,delivered,2025-02-28 10:46:00,2025-03-13 10:46:00
f5e581f2cdf5428a9006aac08d38d235,caea8366dc7647778d7baaf78bbd58e2,delivered,2025-10-25 16:07:00,2025-11-03 16:07:00
56ec1ebdd0464372a80af1c05d699e69,c95f332490c343688726ec73b72db517,delivered,2025-12-01 18:27:00,2025-12-07 18:27:00
0e9e06edb80b4f51b2a5451ad87a3971,91eb7a59b8fc43c6a0f1d9cf1c3197f3,delivered,2025-04-25 08:13:00,2025-05-09 08:13:00
8df9cc59a4b044cd9f7ce28bb5d1f8c4,1c0152b24960463782b73d99520a507c,approved,2025-01-12 06:44:00,
31fcb2876c1b43f8a255cda769b3af22,90493fa1aa2941ef962ee0aefe79a83c,delivered,2025-01-30 09:52:00,2025-02-02 09:52:00
5225a4d3e148480fb44d1bc6f62c53de,d68ba190d67440da9b762ac6e8c88eaf,approved,2025-05-07 11:11:00,
8adee705a9ad4df4a89ab264cf0e24ef,ff7ea7c5e0a243b4aa131145728e75b9,processing,2025-05-01 11:24:00,
4f9e9ff9b48f4873865282fb49b96a60,c0778937ebef493aac2a8697c3cb9d7a,processing,2025-10-19 16:05:00,
6bea31825f2c466ab0f9a328ef3c635e,75485b49754e4b74bcd84ae259efe8f1,delivered,2025-11-17 22:07:00,2025-11-29 22:07:00
5f755551fe76469ca0e1a6b66cc76138,626961c490224f67a99bf37a99fcc0cc,delivered,2025-12-01 16:54:00,2025-12-08 16:54:00
ca60156920d141dcaacad96d4ee8c33c,301acb89085949a88d19c5f7da62d38f,canceled,2025-11-03 09:22:00,
806234ac9a624372ab10cc194de515b3,a247181eb08d43d2afa6001eb61fcb25,approved,2025-07-25 07:57:00,
38be4b386ade4b7fb44fc29c41f03a5c,0f6131d6a68b4a06967382bf7e142145,approved,2025-05-19 17:38:00,
566b778ca30346e5b05de62ec71d3577,f34969b57484456cbad3313fb416af21,delivered,2025-11-01 12:01:00,2025-11-07 12:01:00
85e9f1f708de4016a3c1603aacfca6db,dd6d77ebd8dc41cca5dd2ebae12fe7ca,delivered,2025-09-26 07:38:00,2025-09-29 07:38:00
11ac63742ab34872b576d7a0d410117b,40e400432a3844ca8d9f3c6cbce79eb0,canceled,2025-08-02 16:25:00,
fba90bc386d04bd3a2058a08501dece9,4d4d25ba8d13401da23e302a94fd684a,delivered,2025-11-05 12:12:00,2025-11-10 12:12:00
63034dd180be405aae9856e27e241749,8c1b18fb8259430c915308325347f9fd,delivered,2025-10-29 11:24:00,2025-11-12 11:24:00
118c71904a7a46cc9d8936c5659dcff1,6473ac7b1bbb4af5b534b0e8e719d3fe,delivered,2025-12-25 13:45:00,2025-12-27 13:45:00
08c5b5f446c34451be44511f5c9bd17e,18d902b22bb541798f88114d7e092eaf,delivered,2025-06-22 06:41:00,2025-06-30 06:41:00
c6f17ece5287434abd882d1b516adacb,3ce2a2cb71344d7d937e79b87535eb1c,delivered,2025-03-01 07:24:00,2025-03-10 07:24:00
378c3e671baf4cd5977e93ac1658528f,8cab4545d96b4e48b2887274970c53a8,delivered,2025-02-23 20:39:00,2025-03-03 20:39:00
66623a4b9c424209902cd577b27b23b9,d31ee5442f0e4c3aa21cbd7e9280f195,delivered,2025-06-16 11:53:00,2025-06-18 11:53:00
6706cbc5d1364cf39b576e10c54e4e05,f77aee15f3ad4135ab7fcee60808c698,delivered,2025-04-21 21:18:00,2025-05-02 21:18:00
52deb346f7c94e31a107369ac68eadd0,c20684accbd649129c69bca307f9e01c,delivered,2025-07-02 12:38:00,2025-07-07 12:38:00
7bd43dca50394f4fbafc09740767fdc6,ee70cac3a66b4de5bd6360a7f9859b26,delivered,2025-08-11 18:46:00,2025-08-24 18:46:00
b2e6084aaeb943d682ee70b03ba27a4d,71e4dad24d7b4008be3a15c1175eaa90,delivered,2025-10-17 13:16:00,2025-10-26 13:16:00
40f08271f9ef44eb83fb251238c75f32,535eba1249664bdfab91f9231dadb113,delivered,2025-03-17 19:33:00,2025-03-27 19:33:00
93002019b1ab4c79a290075a149f9f96,3a533cebaab2429bb4f6792d5c18a81a,shipped,2025-01-04 21:40:00,
91282ff6fafa4b6c934ef89ad57350cc,5cd82554de7b418c8283d58af4ae20cb,shipped,2025-07-12 13:11:00,
b9dd73fc42c940758d4c09452634b675,74538173235449739a34a43d622ad4bc,delivered,2025-08-26 07:40:00,2025-08-31 07:40:00
8a2e6fe15ba54486ae07306f9ac2ba93,507b6e8cf348402bbd4e8a8e93a0e5b8,delivered,2025-09-26 09:29:00,2025-10-09 09:29:00
15f8edd5520c45609716ff2ff68db783,a3e6a1a3509f4b02b51cc8805dd4f907,delivered,2025-03-30 16:21:00,2025-04-09 16:21:00
2e6e9dd779d649bbbc90b0430e0d480a,250bfab3c7424c76bcf2d980ea3af87c,delivered,2025-11-28 09:10:00,2025-12-11 09:10:00
60ddb9176a1146f6843b4de2a1790761,9fce4a7c2fe540b2b59b2a33f705dccc,delivered,2025-02-20 17:54:00,2025-02-23 17:54:00
1c2265c549af4fff80843b7f027daf61,264d40cd1f71492f934b1b748db2d6f7,delivered,2025-09-15 14:19:00,2025-09-19 14:19:00
7b535353948c4d03a16e28367d2260e5,d1da9d7098124ba896ddca569761a4a5,delivered,2025-08-11 06:03:00,2025-08-17 06:03:00
a2af1182d2644183a90f559633c11185,26388398cecf4433b9fc66bb2d22fd60,approved,2025-06-26 20:56:00,
7ce8046aa10b4c0eb27f34d3541dec4c,524bd699896145ae83b7e07a9dd00ab5,delivered,2025-02-17 11:21:00,2025-02-23 11:21:00
8ec4a0a558e843fcb2a686c5de7f52d3,f91c072912d94ddbab0f79d7f3fe1f1e,approved,2025-10-07 15:51:00,
a54169112abc44cf9e63204b3f6e6174,3cada8b8cd6c4ac3a26f37dd74c5cdf1,delivered,2025-06-30 08:38:00,2025-07-08 08:38:00
595627d3e26146afa3d1b8b67a13e348,eb3ffa48cec84a9298a80da82ae69c39,delivered,2025-11-12 06:54:00,2025-11-15 06:54:00
39b11d19fedd4c1f8418f3bb30558b78,8e26198e3f734d9daf49268520a600a8,shipped,2025-01-15 06:21:00,
bb2e41fef53946d8a49de5eaff91eac7,18bdc0195432443aaabfaaf52b83b294,approved,2025-06-03 15:54:00,
e191fdf2ad374130b78f1aba8bd4607b,6d2e5a4db8474627870e79a0a31fe117,delivered,2025-11-29 17:09:00,2025-12-02 17:09:00
9c7a2c78009e4b5e84ea7599ef415efd,e7abf9d43de248ee867907309fb0ff48,delivered,2025-10-10 20:52:00,2025-10-24 20:52:00
db98cc05b17545fe8ce51f334fe4e011,acf000b104914ba78e367691eafaba25,processing,2025-12-11 07:29:00,
7c3a17d6de4c451cb12ad5c1de9bff0a,6bd9f45d72b54202a3862db2296f3cd0,delivered,2025-07-25 21:22:00,2025-08-07 21:22:00
c613c47ee2ff44edb0225e11f63ac2ee,4db38ad2f1634f65bf772b6593b6a523,processing,2025-11-26 15:11:00,
8dca6a7564524641856b51df5d9b5a4c,21569511c2ff4d178be65c4c80cc6f2e,canceled,2025-05-04 09:53:00,
62a2eeadf8ef46a1be6e19c8cd7881df,1a587243fda94f52b1725270b150feda,delivered,2025-10-31 21:00:00,2025-11-08 21:00:00
bb7a01a6f4394d698d1b268f7a05158e,dc593239a49d4948aa3914066868c601,processing,2025-02-03 09:08:00,
bba3a5fc77a14d798bf858134e450695,1e1e3da169964b948aafd074db779698,delivered,2025-01-30 21:28:00,2025-02-09 21:28:00
15644010cca040a5a9c6455f342530db,104da6764a4340798113e53733acf11b,delivered,2025-06-17 07:43:00,2025-07-01 07:43:00
2570105ad5294a2fb24f03ccfb48e267,973c30301a17410ab3780355efc494dc,delivered,2025-09-19 07:55:00,2025-09-22 07:55:00
7fd552fe3271431996eeed9c2c71c294,bfa392eee2b74f14be27461c2e7fbf01,delivered,2025-03-16 20:07:00,2025-03-30 20:07:00
b3cddb626642461095019da01f4108d8,e92aee34e34e4d0aa265f021906c895c,delivered,2025-04-16 13:22:00,2025-04-20 13:22:00
116d0ad569084d2193e15c07b402a79a,ab2b660910504dab8340ae203bf57de5,delivered,2025-08-25 20:11:00,2025-09-02 20:11:00
9b644497294e4cdda68f7cae95fc539f,d96889156ea8457db31c09c6cd1c3c93,delivered,2025-02-04 12:08:00,2025-02-18 12:08:00
a1165e9b3ec44f8e869ea100d64e2b1b,faf03e51e43f4ee7ad999fd4182f2fb8,delivered,2025-06-21 14:08:00,2025-06-30 14:08:00
625f965ed8834c418d72f30bad4cf25d,4a3920defcf84335a62c3f6c45b7fdea,delivered,2025-10-10 10:13:00,2025-10-15 10:13:00
205b94f67bda441aa4032615bae8f7e2,2330640a1865441684f8cecd0acd9b2d,processing,2025-03-09 07:03:00,
cb2698d76c9c43a69f53a329d1a2f70c,e51d9977c9eb4d69b86abbc3aef4b164,delivered,2025-12-17 13:02:00,2025-12-23 13:02:00
cf30018dcc9f44a4b2273bba9aa1d41f,89070d9b1e104a52a41d964677c8a4be,delivered,2025-06-08 06:49:00,2025-06-17 06:49:00
12338040bf6e4929851a448d4055a8e6,a9392530c4204be48f70493702ebdab9,delivered,2025-07-10 13:14:00,2025-07-13 13:14:00
8e48235ae7944d7a8c596e00630464f3,b57ba07a28c84119a009780480f2a498,delivered,2025-06-01 22:14:00,2025-06-08 22:14:00
1e1a7b8c5a414346a707094568f7a923,f65bd7188bb941b9bf1e313775dffee1,delivered,2025-10-12 20:21:00,2025-10-17 20:21:00
eac01b1ab0604cf0bfc479e6a6f92f29,58a5ecc20cca48818bf520165bc8ac46,delivered,2025-09-18 14:34:00,2025-09-23 14:34:00
42995a07039f47bf811b6ae8cd6d057d,0deaac672e1540eead72dad32d12ca74,delivered,2025-10-16 10:07:00,2025-10-23 10:07:00
176338f6b8e943e28eb65a010d99aa86,6e2b4032da7d406f8ebb9c79d1066e8e,processing,2025-10-28 19:16:00,
c83d7efbc77945ceb82e4e2fbeb20ec7,b3ac8f5b24064cfa86e164807e6deefc,canceled,2025-08-28 08:24:00,
33cdc48117374b7a9c047d52c5aaba6f,ab5f13a9f1f54a6e9b4d6b4b25eca7bb,delivered,2025-11-10 12:45:00,2025-11-12 12:45:00
dc6d288579b941b5b1fac6f31867872c,d9e86d8abe6c45fea5e26085267e2ce7,canceled,2025-03-24 09:27:00,
a85de805437a49aea832e92b590300f6,dd3d8ed277e84a129bec79b6cb9af894,shipped,2025-09-20 07:29:00,
bbb1ddb8c82a40de80169a8d0165b074,a59bc7bb8cdb43678bf4d69680f8686f,delivered,2025-03-21 08:53:00,2025-04-03 08:53:00
d57349a5b52c4066a4031b342f06a137,6165fda9bd124481a4f4103f9eecf38e,delivered,2025-05-15 08:57:00,2025-05-19 08:57:00
6acba6fe731f4f568cc695d1882630c4,11ab58cff1424d45995ca9ec3b2a3ae5,delivered,2025-02-23 12:56:00,2025-03-08 12:56:00
056793dc2f07473bb0dbbbc4684d06cc,ff3436db30c5427785b0a7599efbbdee,delivered,2025-11-30 08:30:00,2025-12-11 08:30:00
09ca61d5122f45429df08e844c402f8d,f68ef29f32a8489ca3edd413bcdca342,delivered,2025-06-05 14:44:00,2025-06-18 14:44:00
ac45d22b1afd4dfeb329f13cfa97f95c,699a35cc346a4ca89bad0fcca0cf8370,shipped,2025-08-31 19:47:00,
7c66c5a5542f40fb860470958de63aa8,62c009992b3b43439a09f80c597bc68d,approved,2025-12-31 18:09:00,
e7c1284a887a4d209d46dc179669b3cb,d9af601a441b42959d767c15c60ef20b,delivered,2025-08-20 09:06:00,2025-08-29 09:06:00
b1e986f689544a2fb2116549f56456a8,7e66174af00043fd91e06ab7b6b37ca0,shipped,2025-01-23 13:19:00,
4d7263968c774149bd6fb2a221b143ec,29e1a55e26d64920b7a848ae5def7bda,shipped,2025-09-03 14:07:00,
b99cac0ee5e44073b0b728ba332e1fa5,85e69a209a884bfe9393d402ecc09dbd,canceled,2025-08-16 16:24:00,
ebb1dcac3acd4ceda92453c9d95209e9,8f505114df6f4f6f837bef5376e659a4,canceled,2025-11-13 11:13:00,
87468a69860a4999a43c64e4f6a4e2a9,0f9133739fa0466a9ed143af62c5187c,delivered,2025-03-08 11:18:00,2025-03-12 11:18:00
d742c825e4904cbeaf347e1870a4386d,33d9d56370504604b8ec3e9104cdcb9f,delivered,2025-08-19 08:25:00,2025-08-27 08:25:00
fbd55b3544334b5aa7ce8656ed35c4f3,270dbca43e284d629f2ce105c178bf62,delivered,2025-04-22 12:47:00,2025-05-06 12:47:00
a2974f01736f4a52a4e38a817a888543,2e3255807db14c7eba2fd26bf9609884,delivered,2025-02-13 20:40:00,2025-02-26 20:40:00
9619450c116a43adb6f2e40b29f49b83,2c3906f419ff465f904d806fd9968a43,approved,2025-02-03 08:20:00,
7dad62d7041f463a950e020dc171bb33,ce66e40efd1d499899a71c4d05255cae,canceled,2025-11-11 11:28:00,
cc74283ad3c04ef4b8e8886be70c7742,48b28d017c0941c0b40b743d80756be1,processing,2025-11-12 12:46:00,
64ed8b987c764d7db61f0fd26e8384ba,f3bdde052b904f5a9f0db9eca2856b18,delivered,2025-08-30 19:40:00,2025-09-05 19:40:00
d47d7e49ceec4718a5bfbeecd4a5827a,13aaedf446ad4b4fb16fe2021e46701c,delivered,2026-01-01 09:46:00,2026-01-15 09:46:00
823ef7d312b34b5491f68ede4c7ae45c,a49e3174a36647bebba498aee114c66a,delivered,2025-12-22 13:04:00,2025-12-24 13:04:00
a0b5941fea464081a71d6cb15559e23a,9ffc895d223b4f18868c31c9820fbe27,delivered,2025-02-28 06:43:00,2025-03-14 06:43:00
e35387a23c6546b2867898807829e424,bf79a0c1aab54aabb99261575ab2fb5f,delivered,2025-01-25 16:11:00,2025-02-06 16:11:00
a5d5eec17ff04f1e98d85cda4df46c43,0e7ddcaf65564690892ee9541b53b28a,delivered,2025-06-24 18:57:00,2025-07-02 18:57:00
379aa0d305064114b65310b0e90507ff,194b2553b0054c69897bd34fa68a834c,processing,2025-12-30 17:05:00,
29bfea88979e40e4b54f6f25f4d14966,0a2b552b636140e28f6de18e6f9d1b62,delivered,2025-11-02 17:13:00,2025-11-11 17:13:00
8fd6852b52844f38bd77dddf04878888,b8f65eadf7f64c7fa344183ac102f2b8,shipped,2025-03-11 20:49:00,
985364d77a084b528e4edc95c1104e1d,32bc6e1e9eb3475fb7cf6c76d021a70c,processing,2025-04-28 11:47:00,
ebc788b926a44d07979b095260dbed30,44aeaca18ecf41afbe074f344d3a4323,delivered,2025-06-24 12:11:00,2025-06-30 12:11:00
8b7f6914ed2240b4bb9c1e3caaceb48e,d2835b4bda234479a247d8f8e5a365ef,delivered,2025-10-06 06:31:00,2025-10-20 06:31:00
81571c656cac4b69b6dcda514b093297,b5fe1deb5ef34efbbff5dca0fa8d59fe,delivered,2025-12-30 19:22:00,2026-01-08 19:22:00
1e96dd1d26d742f49b12df4469eedb69,1db47e4bd7db4c409dfa753e7a811042,processing,2025-06-11 15:13:00,
b897668722654cbbb198edd50cdfe837,f0679fbf36974c8a9778ed872e54c509,delivered,2025-11-02 11:35:00,2025-11-13 11:35:00
023176703a824d0b949557fb7fc38702,b2a4f909cd24463dac7d40bd6080c96c,delivered,2025-05-01 08:10:00,2025-05-13 08:10:00
94619486094a41a6a2120c83c633bdf6,e2d27528dc4c45f0ab6280201624ad5c,delivered,2025-05-02 14:29:00,2025-05-08 14:29:00
8dbf2f6c0fa746f08517d23606a38e88,9d26255e3fda46948dba47e2e17aa5e3,shipped,2025-02-03 08:25:00,
66bbf4ed904040c4a30434c4b0bc0593,b560a8c1e26c4418bbc4b66696ab1214,shipped,2025-05-16 20:34:00,
fdadd9294ecf47f39e600d9113659168,b370b072a4c84e5a827895f0634f4ab7,approved,2025-10-13 11:09:00,
ea59a50343684e8f8057192bb4ca05e1,fe1aa6a5fc9b43d7b6e41d8af554ea19,delivered,2026-01-01 14:43:00,2026-01-07 14:43:00
5394472739fd4e10847c63937dd04197,fcc22f52bd254effa2b6053e300572e6,delivered,2025-05-29 14:29:00,2025-06-12 14:29:00
0fcf867d2614475d86237d3d3efa491d,5cd79116b3f84a86925096933db841ed,processing,2025-10-02 15:33:00,
804acad327f144ed93d9c51da225f961,3293d71168c94367935a908025e35f60,processing,2025-07-22 15:19:00,
ae55b83ac9b5454c8a567f906033dd94,d1530d82cba8497ca5cab2336a285563,delivered,2025-05-15 11:07:00,2025-05-27 11:07:00
ed1562def8fd4727bf930470b08cdc33,2e3ee94c713449579ce374c8b5400556,delivered,2025-11-14 08:16:00,2025-11-18 08:16:00
f1651bad58ad4a72af5a346c1cf950b9,300c4487afd14440a5a921dee41d3534,shipped,2025-09-03 08:14:00,
11ac2af446bb4855b32a4bbe15df9457,40da7d93df434aa2b5d7186e62f5a0eb,processing,2025-02-13 14:14:00,
0541f4765d9045a3ae7275c5786faf41,6e832c8cae32495097dd5c760e62b6b5,delivered,2025-07-26 15:42:00,2025-08-03 15:42:00
1f09d25e738d49f5aba07648a0e79ff0,1f7df62ea9b640628f278c9683517f37,approved,2025-03-09 12:46:00,
2f482cfdf8ed4f4693f878471a4b267c,c4306a36b271448eab6a84fd69613fef,delivered,2025-05-16 17:47:00,2025-05-28 17:47:00
bc6d6f6516614a1f922dd2a16ffff1d8,389eb5035d8c4f62bb0f3d0994699707,approved,2025-10-20 09:53:00,
bea90aa5518344b8844f691d7450bb7d,e0e43c77f1bf45ceb26d1f6b665f9b20,delivered,2025-01-06 19:50:00,2025-01-15 19:50:00
30a2d4aeae81404485a4e168dbf79443,54b5906e9cd64123959eedb1b88c0bd8,shipped,2025-12-08 12:03:00,
2300da9bfe554c739c26632cca0f7f03,08f2eafb94bb4bdfb0344b9aea45621e,canceled,2025-08-24 06:15:00,
ba02b641e1a14cbf95f44bf52a1c6ce9,e2940a7cc2a1429baa38213833feefa4,shipped,2025-04-20 14:25:00,
4450dae74d1341d99aa7660449f29a51,08dc37b62899407bbfdd5bad08986cfe,delivered,2025-01-27 21:21:00,2025-02-01 21:21:00
884d3c33e48c4e8bb35113e7291c87f9,fd0fae230d184786a83fdfd7c3a04fb7,delivered,2025-11-03 08:48:00,2025-11-15 08:48:00
24450da314524ceab957f4f1451ff29b,e4509ab4ca444e3894da75680ea71409,delivered,2025-04-08 11:33:00,2025-04-20 11:33:00
f524dc6faf59412db406326dc95a92e9,8bea0feeddae43ee936e78688929be44,processing,2025-09-19 12:56:00,
1d38b73080ac4f0c87efe4a04d39ad7f,717a00ed16704802a1e80c14931fecb4,delivered,2025-08-15 13:39:00,2025-08-25 13:39:00
0ceca94aa9c049a287b250ad4d987f90,aa59f4cf993f4e9f8a5071462cd6aafc,delivered,2025-06-14 16:00:00,2025-06-21 16:00:00
138582f701bb4f95881bb382244b6f94,2dc886df88cd433ba297544b9f2be1b8,delivered,2025-03-02 17:06:00,2025-03-14 17:06:00
10d23c3d86de473bb1923ae30dc109ef,aeea355755cd4187bb88e91941b54bba,delivered,2025-03-10 20:32:00,2025-03-17 20:32:00
abb8a626dcb34005a210b77f6e62fa17,9c129a0fc4b24d09bf674b6e36c608b0,processing,2025-11-21 19:10:00,
d1820f241a4c4c8ea465a697f9f48595,baef5bd1f41f49fc9f55b074010ce12b,delivered,2025-12-28 18:59:00,2026-01-01 18:59:00
870cda0f44754894bee4a91785fa36fc,00fd3affbd6049ca8ef0d947c95ac370,delivered,2025-04-01 15:14:00,2025-04-11 15:14:00
05e51d10304243e3870e04e104286c7a,45f65679ca4747abb94fad9642da4390,canceled,2025-06-06 14:55:00,
c86863e4515d412a890ac641054db122,c41a0c54a04740ef92dbca0f75d78f0d,delivered,2025-06-29 08:45:00,2025-07-05 08:45:00
5c810a140e944f25a5d7be0f01d05e84,ee6ab0e8126e4dafa967b0f4fc01014d,shipped,2025-06-25 12:41:00,
69ae7590c6974b25ad3fb2d5d5cbe5f9,562527d5a6464e33a3cd7bd1a9866034,delivered,2025-05-13 18:47:00,2025-05-18 18:47:00
ca8b86136891436aa9adb3fbf8218e6a,e62e72f06afe41a8aff786dd91e2b167,delivered,2025-06-14 16:18:00,2025-06-21 16:18:00
a48c5f9b1d5b45309e074e7de36ed4eb,f111c4d57a8a43f8ab7028ba20ad3410,delivered,2025-12-02 10:08:00,2025-12-05 10:08:00
bfcf62fa5a3e4344b783866776402d4b,dd6d77ebd8dc41cca5dd2ebae12fe7ca,canceled,2025-09-24 22:19:00,
a4c24b0b32394adbbd831911e4e0e822,0f5ec75ec41a4602a6bd863bcec050c4,delivered,2025-02-10 10:03:00,2025-02-17 10:03:00
503edc8a79a647c688f2a5d7dbc2ad83,de50462fde564105b7d380e31b0b88a3,delivered,2025-10-11 22:39:00,2025-10-24 22:39:00
b8609b61d1fc4fb2baa62b92a3c04b01,c2bf2c78186d4543bb6107584323318f,delivered,2025-10-17 10:41:00,2025-10-21 10:41:00
68772ede71b14073a5610c66638fffd8,26217f508e1442fd8af9e911ece76813,shipped,2025-03-26 15:56:00,
c932fe09863b4dfd96aa4bf016e27133,f172ee502f9147bc9e7fb0a15754ae48,processing,2025-08-07 19:58:00,
f2c6dcecf11347c6b74174d4414ca809,d9e7e25c0f314f259fd3b1a49f2dd511,delivered,2025-12-15 18:55:00,2025-12-25 18:55:00
3a0ae20b150c440a8c8ac552adb6d565,59a83a1a225b431cab7bf8e9ac13d106,shipped,2025-03-23 11:24:00,
5e787df2efda44278d26b53de063d3c9,b3e2b3efbb414265ab94a4bf9ed8d77f,delivered,2025-05-29 07:43:00,2025-05-31 07:43:00
d86d38b732214df28b5e58db7b116780,75485b49754e4b74bcd84ae259efe8f1,delivered,2025-12-06 21:31:00,2025-12-11 21:31:00
2586a4eb937c432ca46f78e4dc2a676b,8cfb0415e9914265b6acee3b3282d09b,shipped,2025-05-31 19:11:00,
4451cee3e32949b293ed3fee199e9e21,3f41b07ef5ae4f31adcb32449fa1f078,shipped,2025-11-03 17:37:00,
9c77b54c70ed4585ad326c0974dc730c,da8032b2053b46e0bc010e1e07324746,shipped,2025-03-14 08:13:00,
4f1591872093486caff8e806cc6bae37,060cca3a6e38440b8cba483bae64dc84,delivered,2025-04-07 07:07:00,2025-04-11 07:07:00
c5e50d71b97b47b4b04ec513f32ecbaf,7d87aceae4404f21b8bc31b931f69ac3,delivered,2025-12-17 12:27:00,2025-12-30 12:27:00
d72e79c8e86547878a66a0a836323f12,82eeae06b5274669a4e04856a56baf84,delivered,2025-10-25 13:29:00,2025-10-27 13:29:00
40c1228334bc454eaced8d5e29ebc6c2,8ff605fd9dfb46b99437b6eb7d7650c2,delivered,2025-06-18 19:19:00,2025-06-24 19:19:00
4d84c9611822455e9d245e32068c3f62,507b6e8cf348402bbd4e8a8e93a0e5b8,delivered,2025-02-14 14:32:00,2025-02-18 14:32:00
0c246459d47a44c599dc14c5eb24e315,6911e8eb505d496cb024603113c8c6e1,delivered,2025-11-14 14:58:00,2025-11-28 14:58:00
95c0037149f2446991fb12c2e2dce54a,d13ad1110af04ec29cd4dffd4c03199c,canceled,2025-12-24 21:11:00,
35ff2856e2aa4a7181f42d8172480e38,2e0cc7c1ce43485897501be8380803e3,approved,2025-06-27 17:20:00,
b5218817e3bf4ebc9fcb9dd1e457f572,0d61c3a131e04ad7812cc1cf25795021,delivered,2025-07-23 16:56:00,2025-07-30 16:56:00
8e7d274c33ec447ba1660a15bc3ade74,b523ffac3b2940a6a6df28e90312dfe1,delivered,2025-07-18 15:51:00,2025-07-25 15:51:00
87d781fe98df42468f1f42a5b984e8c7,83e79dd636254e469c431b1818251f32,delivered,2025-09-25 12:46:00,2025-10-03 12:46:00
30cb86d616104da09b4b5c14fdda90ac,20c391014a5841189adb0850397d6767,delivered,2025-03-18 22:18:00,2025-04-01 22:18:00
980d93bfdaa742dba28c3262538304c6,e99204bc838e4e4082fcf3b6ba18b868,delivered,2025-10-24 10:50:00,2025-11-06 10:50:00
dc4ec84b5a124084bd8574a98ab10b53,682ba1d942844542839fac2ebad58510,shipped,2025-10-14 19:56:00,
14c7ec677219445b9b3393d6bf67aa26,3c9f4e9f0ea141d1aa9987fe561f9030,delivered,2025-09-28 06:06:00,2025-09-30 06:06:00
b1ec43d3a6a94f7ab5c03881e09722b9,17e9b490997c48a48b1fdad3a8a475be,shipped,2025-06-24 11:33:00,
a7074a2f02d34669bb3f26c4c042d789,8f505114df6f4f6f837bef5376e659a4,delivered,2025-06-09 12:02:00,2025-06-16 12:02:00
31d3050cc4e54eb895ebd2e185e43b79,4d582fc14c644774b851dc347b55f283,shipped,2025-08-06 09:16:00,
78a953f546404bafa7268e7267f00047,710277daf1334f8fa27b06683ff6e549,delivered,2025-04-30 20:01:00,2025-05-09 20:01:00
fe59f7e8145845008c257a01c57f4613,3a6f0e8f40df479e871bc97d7d08f06f,delivered,2025-05-14 10:57:00,2025-05-16 10:57:00
426f068f910a4e478dca974824bfd6dc,a8f842e6c0ad45a3b23fa262ee0deb25,approved,2025-12-04 17:03:00,
f8fcc4481b0f430387eb81e9d4f91ab6,ea2b056f73cc45f28df6e42ccff394d7,shipped,2025-05-31 06:56:00,
4f7e57a028024917a2379e3df439c887,33c40fcd66b247fdb7723a0acf19332f,delivered,2025-04-27 20:30:00,2025-05-10 20:30:00
837760c7db3c47099a83840e1be5f9dc,6f63d25b8bf1480a83087473b83ed906,delivered,2025-02-12 07:59:00,2025-02-18 07:59:00
d96beaea8b3245f5950adc7d1861bf19,a190aee85d20469e89334750f2d6bab0,delivered,2025-02-21 17:49:00,2025-03-04 17:49:00
79517962e3e84bdea4d3acd32bc55e82,24b92887603c4ceeb1243990b2c4bef8,shipped,2025-05-16 11:56:00,
b0b6dbc7af504abe8f9dd974a3639882,9523955678a643e7be509520da388fe9,delivered,2025-08-17 22:18:00,2025-08-29 22:18:00
fda1149097a04c26b4f0b2f3e793d47a,5bcd288eb06548e3b114e4e1c8158d24,delivered,2025-06-07 21:06:00,2025-06-13 21:06:00
5f6d1e937ed04a73a037eb6ea87a2d2e,f5dfe7e01f1142e0a1213e72c07daf91,shipped,2025-09-23 20:31:00,
4ec5b9bd46004e81af398cb6bfea4094,2c19516f9b3349a2b27339b78459aa90,processing,2025-02-09 16:44:00,
ea3f2d7e246f4d91a2b2c770ea1fe027,7f5c01d4e27c4bc5ba88ef6894c1aa77,shipped,2025-03-24 10:37:00,
4190a47b69094b54b1204b7829f1abf8,2a646bacde574276856c17f618d9025f,approved,2025-04-13 20:40:00,
1d446bb400a047a9a19adc46b258df65,5da0549c89bd4a4b9e0ce004ff684256,delivered,2025-02-02 18:35:00,2025-02-12 18:35:00
77fc4ecc8f13475c933e6c522119b348,41aed6e89f4745f7a477d8ecb00a49bd,shipped,2025-06-07 21:54:00,
65ca79b817b94f7685f6d1c9161d46d1,6bd9f45d72b54202a3862db2296f3cd0,shipped,2025-04-28 06:49:00,
2ae285c63434430785c4a8d3e0677d32,0ac6df06c4eb4e05a2a4b85a9b674f87,shipped,2025-10-25 15:30:00,
e993fd13d9f1428f860f836041685650,2b250b70e0424dda8ed63c93e4c55c1c,delivered,2025-06-06 09:57:00,2025-06-13 09:57:00
f2b085c0e45746ad9389a30c74dd01cb,cb57b89d2e004c12a0a4a9006cd36f39,canceled,2025-10-23 11:49:00,
852393e71aa94faab8fed625d9606176,097c229099804c008d93ae6795bba975,delivered,2025-08-28 18:31:00,2025-09-06 18:31:00
0b5265f3e2c0426c930b51f26e5ce876,3ce2a2cb71344d7d937e79b87535eb1c,delivered,2025-06-22 13:49:00,2025-07-01 13:49:00
e546800511464d02b760c6b5529120a2,26ba9b4a62e641a4abedbf547fe0b281,approved,2025-07-12 20:35:00,
d06add65855a4973b97986dea558457b,42b2a59472154a00b651cff6e36b52a2,processing,2025-04-16 20:06:00,
b5d8b3927b254f9e8900fcc47d06db05,6ecaec12bd0b430fada3c45533227588,delivered,2025-07-23 08:41:00,2025-08-05 08:41:00
c3a627a5facd4534b888d01f819d86d8,a6fcc4be232e4caf88a92599f8cf214e,delivered,2025-07-27 22:23:00,2025-08-07 22:23:00
923ccc8036c6459eb29fd23777a008c5,c5f45a7a0be845ea8a7575e40812ae29,canceled,2025-03-12 15:04:00,
49f50f4425d54394b3ebbfed2ecd4137,24096034c00b4b91a26d7f15e12ad8f5,delivered,2025-09-25 21:19:00,2025-10-04 21:19:00
70eab8b229414bddb8970fdd2d355532,e9046c5b246b4906ad9360b59725101e,delivered,2025-07-28 13:17:00,2025-08-10 13:17:00
4a6d119afcb24ff98bd18bc1e45c267a,af8c60bf111b4467a6b04473200de21f,delivered,2025-02-14 06:07:00,2025-02-17 06:07:00
98341d577b2e4c09b0a11d2c92bb131c,325bbb6e4fd94a23b62671a05df186ed,delivered,2025-10-13 22:12:00,2025-10-26 22:12:00
6520c9a7ec814e30b85a13c05f22ae42,48013a460fda4c649293b2c7810084f4,processing,2025-10-20 08:17:00,
4a7a5b312c284fd1a4d1a2cf50bc7343,74f14f86ab92412c80331b4790232de7,delivered,2025-02-15 10:02:00,2025-03-01 10:02:00
d583232ea53949a6aed9b988d2999fbf,67f047a1f0ac4e119f70ea3a1f4aa958,shipped,2025-06-06 20:16:00,
f7831d823ea04299980f2e8ae3fee9d9,0bcb3126f24249908dddc6b8333a114d,delivered,2025-06-10 21:36:00,2025-06-18 21:36:00
04c70a0b09b54e4180b92f52ea154fa2,0338952a8b6a4745bc497f56c0705373,canceled,2025-05-21 10:12:00,
75411c880f664610a5d1095fa0006c9b,547d07189ccd4b35be16e8e0daabb7b5,delivered,2025-02-04 11:16:00,2025-02-11 11:16:00
66775f767c6c4adc934c7f6c5ae82db3,98b52ef3e2e0446d87f8b22bc6e14805,delivered,2025-05-15 21:47:00,2025-05-17 21:47:00
60be4ef281634eeebff34d3962c757c0,548bc4724b4a43fe9ac7d842e1a05c10,canceled,2025-09-13 07:37:00,
87b7a41786324907b3fbd9264f4f0284,34d2f69b69aa431cb920e96ab10aedfd,delivered,2025-11-26 17:28:00,2025-12-02 17:28:00
b417f049a3fb4dd38991599d7ad8f47d,54fbc7fda23f41abae88632ca68d56a8,delivered,2025-12-22 15:10:00,2025-12-29 15:10:00
cb35fb74e4734f2ab6f6208e2d455156,9ff748dc2b3c4469aec75645595d740b,delivered,2025-06-08 20:03:00,2025-06-12 20:03:00
7b2fc008cfe34a24a8ec49136c698691,1c020b1d150f4ca7a7fb44ab8eaf8856,shipped,2025-02-25 16:52:00,
ad65e9ad7d2e4a88aeef670e5e37d5cc,952638796f37474583445fe4514476d1,delivered,2025-07-27 19:38:00,2025-08-08 19:38:00
81677cbdaa944a9f9d7bdb5cc71208ff,ce32176982fe4c71aee733ce9ba26bfe,approved,2025-01-01 21:49:00,
794610dd179249c7afaa1f6696985bf9,48ae37177395493da888cbeb9d1231ac,delivered,2025-08-24 10:08:00,2025-09-07 10:08:00
4f85cb1e87d949eb8de90185efe80d25,31a35531e7a5481e93f54142ae294149,shipped,2025-09-25 20:01:00,
1ba3a2788def4f96bc2faa98aeb62ab7,dc33132cf50b43178654fad909f75bce,approved,2025-12-21 13:13:00,
8bc840989e5f400daec0bb17bf265577,90967f7a6ee4460ab9041ecf13a766c5,processing,2025-05-22 17:14:00,
e8d4fae7cb5e442ca2199751c9208842,fa86f37ce3244f88a4e1bde147700eb7,delivered,2025-07-04 07:35:00,2025-07-08 07:35:00
446d45051dd04920a288904ff155f0ed,d4231a6ae7474c0c81e871e4bf8f9fde,approved,2025-01-11 12:32:00,
a2936513c13e41eb853ecb8de2739549,8eac6823a9894a44a77c238ff764796d,canceled,2025-07-19 22:02:00,
dbe89a94d97649f2beb22f3e65460a1a,b8e3c5ae39e14bf8a6d2af3ff2baffe9,delivered,2025-05-23 06:59:00,2025-05-27 06:59:00
c72a2ad028654eb78b7a59f1e9223f41,f87aedb486eb49689d9d600620640eb3,delivered,2025-08-03 10:42:00,2025-08-11 10:42:00
45afcb20e2f54ad5b71365365819bef7,dd3d8ed277e84a129bec79b6cb9af894,canceled,2025-05-22 15:06:00,
228b620d7af64ae0a3a7bc0394d02281,69f3e0cd66a64b389db7d23196b0149e,approved,2025-05-31 20:38:00,
623eb4b99d9e44b2b2305f81a4b52687,ae94e2a8eb7045aead38710ee7b47483,delivered,2025-08-22 16:05:00,2025-08-29 16:05:00
01bb70e57db342349b4258684e1754f9,958c0953be1c4ff08495e871f4e5934e,approved,2025-11-21 11:25:00,
8b6d35f123364ae68c4400fce3ad25b0,3a6f0e8f40df479e871bc97d7d08f06f,delivered,2025-08-09 06:57:00,2025-08-19 06:57:00
2b0a33861b0f4ef7a77659192e4143f6,17c2a00969d8491da4ccffd40a026cb7,delivered,2025-09-22 10:00:00,2025-10-04 10:00:00
e095958cca2d435aa77146f247dfeec6,ec9f42bbd5b94ecea164234c5826418c,delivered,2025-11-22 11:38:00,2025-12-01 11:38:00
165d587db60541ffa3f1f03c6d364084,53a06f7f775946ec992013ff065e49c7,delivered,2025-11-23 21:46:00,2025-12-07 21:46:00
5af0b1a11bb04bfe97c781fa18ae6e86,610740165f92421fa25dfa3d67b00c3b,delivered,2025-05-18 19:20:00,2025-05-30 19:20:00
925a32daca6e43e7ba60f39db9e7c29a,8db7a08c031d419f87cb9794be7a392d,delivered,2025-11-09 10:09:00,2025-11-13 10:09:00
5384efb069bd4747a1572ebe268db10a,0b01eeb4ca1f496d97e5923811b8a7e9,delivered,2025-09-21 09:25:00,2025-10-02 09:25:00
762921dcabf943feb6c982b44e57a61f,0a2b552b636140e28f6de18e6f9d1b62,delivered,2025-06-13 12:49:00,2025-06-17 12:49:00
dbfc456a16b54f42be11c75a5db29766,ce34b2fd06384567b2667f3ab6802b34,approved,2025-04-27 11:31:00,
93058ec77d2e4820b8f93fa1b85b2e88,57b638af3b414fa2a654727f66a0c224,delivered,2025-05-13 10:17:00,2025-05-16 10:17:00
62cd7c8fb37141399578f5b04df0830b,447ffc1e4a7a4857897c0baaa28032f6,processing,2025-09-22 12:35:00,
e219f7eb1dec402ba7dabeaaa97e582f,2081996722e64795aae3d1874bda54b6,approved,2025-12-08 08:16:00,
2b8a638e1dcf4942b76672dfd095205b,84032334bf324c64b16a066ccaab0fa1,delivered,2025-11-01 14:34:00,2025-11-13 14:34:00
d65520c4b52046ea8057b453a7e083f3,efaf0f03115449d49304bad0eef3e3f8,canceled,2025-03-26 12:43:00,
31ec6043ed224c4ba5558c9299984e37,28b0f3f6a83d4a0c9309cdcb48783afd,delivered,2025-09-15 15:27:00,2025-09-29 15:27:00
f441d0d8fa424e20ba8e7a89bfb84216,cce6c3ef5eff4f34b1a0764a00b257ac,delivered,2025-10-26 20:05:00,2025-10-28 20:05:00
486a2f50467e459e84e3db1e835a3365,0ca87b66706348b886507ac90a65dce5,shipped,2025-09-18 18:12:00,
33953f1c0a1b458d8890b4a327d62f1f,f3dba722f5ed4a4f8e39f98d086e0b8b,approved,2025-02-26 13:41:00,
ee0b0101ed83470fbaa5d844f3165255,c593385f7fea46eb9796d71887e42d6d,delivered,2025-12-21 16:45:00,2026-01-02 16:45:00
23c2d7cd070e467482b937975659a937,28c8c5f1afba43a082046b37710497f9,delivered,2025-05-14 17:42:00,2025-05-21 17:42:00
a0a29f8449f842a0880b91f052208238,257469d9fd7140db9036e89a3448894f,delivered,2025-03-09 10:30:00,2025-03-11 10:30:00
e307d473f778476aa1e092affc3810e5,af10b5e29c1142de9accd57f4133a458,delivered,2025-05-16 22:58:00,2025-05-27 22:58:00
21d253931d0a44c58dab1b589fb5c2c9,31c5a5db186d4f0c803eaf2b2b656b27,shipped,2025-09-10 14:49:00,
6e2270c4018e4e82b0645b92e1695a3e,bb6274744db2402aa478bf0afa0ef505,delivered,2025-03-31 16:39:00,2025-04-12 16:39:00
0c4c0bc4daca40a7a1d03b167ec55a4e,d06877737c21499ca399e74264591f91,delivered,2025-04-22 21:16:00,2025-05-02 21:16:00
60b324a4c2cf4fdaaab9d98cd3c25dd6,56fa2a3157b74aeaaaf24c217cd2ee31,shipped,2025-09-26 12:50:00,
f4a510c7d1b44459a63b951eeb27c96e,f5b80d95b8e24d7da7550ecca99af215,processing,2025-04-24 10:46:00,
71bba1f916ed4690a296a704f0a1bd53,b0014c120b854b88b8efdf0079563072,processing,2025-01-27 18:42:00,
fd41492b829e49ad8e8c2a9494f3e2ae,1c3b8968dadd4486b73568843619b992,processing,2025-10-09 13:00:00,
d6b3c50714a84cdcad493cfcf7642052,71f3374ac1a244428e13075368340cfe,canceled,2025-09-07 13:27:00,
228c8991d6694e92a1537b3e64bce6c2,be9a675baf1e4182b1afe21c843d02ec,delivered,2025-07-06 22:22:00,2025-07-17 22:22:00
20c8a10f52414c77aa19eabbf8c61572,1dc82ba78e984b71b9d9dfcab3f2e93c,delivered,2025-09-07 08:46:00,2025-09-20 08:46:00
a7e498f9f1524c39a5077669a73ffd30,b523ffac3b2940a6a6df28e90312dfe1,delivered,2025-04-30 13:14:00,2025-05-07 13:14:00
0d4b12e230044e4f8734cd74f754e937,773e9c6a44434fc9b35f430e01121c98,delivered,2025-09-13 07:11:00,2025-09-18 07:11:00
61d0bfd8e06d47d2830d726f310ac8f4,920859778f604b28a804189817377a67,shipped,2025-10-31 15:50:00,
b362477366d8470a95ca49ce77de8f1d,00fd3affbd6049ca8ef0d947c95ac370,delivered,2025-08-12 15:43:00,2025-08-21 15:43:00
2f2478e7fd5a489592d45f8a237dd547,69177c3f3a2e4de4814b4569dfefd414,processing,2025-11-10 11:29:00,
8a14d55ce55742b5a2440abbb4731d69,4367025922964965ba9bc57e8c9af290,delivered,2025-12-13 07:29:00,2025-12-24 07:29:00
0e296c78e6b847fa9440e73e4324694f,85e69a209a884bfe9393d402ecc09dbd,delivered,2025-05-24 07:56:00,2025-06-04 07:56:00
be46a6116b244543b41492d3c2ceefdc,2fd8ecb7529c4bb68ab4dc9c3129b7c7,delivered,2025-03-23 14:42:00,2025-03-27 14:42:00
563196c505444417a17b624abd3c4252,90eea48337d543adb99dca49da236157,delivered,2025-03-01 20:45:00,2025-03-06 20:45:00
f0532398cd5d487f83fd114d68df91cb,bbffddf81a8d49a59a2efd1fbb54f04e,delivered,2025-02-10 21:54:00,2025-02-23 21:54:00
d346198bd50a4fde8edd93bc8d9a924b,a466ae0db5764f90acba400347522d69,processing,2025-01-12 08:07:00,
4778257173df4a6187a71debda35cac6,8cdff2846f7349269f52f96c2c4a5364,delivered,2025-06-19 16:44:00,2025-06-27 16:44:00
9bd270c504a74b5db98412b6b6fc08ec,d385f997b15f4c099299f235f5a05473,delivered,2025-05-31 21:15:00,2025-06-07 21:15:00
d96f78a1b7c043988acae1838149e7a0,20ab14a0bad14427bc8fd9ca53aa3fa7,delivered,2025-08-03 20:45:00,2025-08-09 20:45:00
c5830ec2e6c24d63b9c7742178d00347,4928353a2ab942eab2505d223bba0fac,delivered,2025-11-06 22:36:00,2025-11-08 22:36:00
25dfd0c2fb4743e79689f517fb02d31c,ef1486fb99804640b47db23bb2447257,delivered,2025-03-05 18:31:00,2025-03-17 18:31:00
5503ea9dc1af47f8ac93cd8432a3fdce,00bbf232bca34c7c992c206142ec74ae,delivered,2025-12-31 22:03:00,2026-01-05 22:03:00
01cdc85f9ecc49b682e24e05dd4ef9e0,da8032b2053b46e0bc010e1e07324746,processing,2025-05-27 10:14:00,
f244fc9c6ced45049cb06dbe7ac0c1ee,5473c47c62a1498c992b824db8a8e98a,shipped,2025-01-01 06:35:00,
214b634663484463b88b8de7feb616cb,764493e55e254a20b7d866b878863de6,delivered,2025-03-03 21:51:00,2025-03-06 21:51:00
83e04f1a7a4d479a8b9b3ffae5d4d647,b3ae8176cef04ca8bd1ddd519c5c2945,shipped,2025-12-17 06:51:00,
6f18a17c0bcd4ca384a32754b8675c80,0b6729ef792f4984a67d7959079284d7,shipped,2025-04-10 07:49:00,
dbeced10bb6d45899655be0f6b6292ec,98ce5d1178f4476993bba6b83bbf9b31,delivered,2025-01-06 12:48:00,2025-01-13 12:48:00
f7f4b6cbeaaf43fb91a202ec1c6a107c,1bd80d74d781473f8407697803ca69d0,delivered,2025-05-08 20:47:00,2025-05-13 20:47:00
cd0e60b6455945a684b99fd5a4478705,bbe1f509487941b99e64f775ab610195,delivered,2025-12-31 17:50:00,2026-01-13 17:50:00
340fc2f91a674d929c423f594e18466e,19cfa4b2835148b0bbb5990766362daa,processing,2025-05-19 22:40:00,
497e6fae272247799a1d10fce9961356,264d40cd1f71492f934b1b748db2d6f7,delivered,2025-11-12 21:44:00,2025-11-19 21:44:00
f1cd7c6a60524a84a7c04e6f8b5b9214,c6dfe569b3664819a3ff48aaa124e393,processing,2025-10-17 20:14:00,
0bb09ca1189045879fe51069c5ad97ac,1f1b7d42ab91446a8aad96174e1d295b,shipped,2025-11-25 10:55:00,
be51f52a1a254869bd6d3e4e707ebfcf,63a97c8757e443b59ed83fc25b3caa6f,delivered,2025-11-15 10:58:00,2025-11-25 10:58:00
7a07ee2e11f541c3bc1d4b40b3feacbd,158640667e304aaeb1ff00dc10022a16,approved,2025-12-25 18:13:00,
94cab9f672d148e4a1b19e3c74b11b5b,14f28ef0551949d89acfff7636387686,delivered,2025-01-20 19:11:00,2025-01-22 19:11:00
a9c9f82e16a04ad98fa5394162d9de70,c6b277986fb34cf5afb4d932f1fdf86e,canceled,2025-08-24 19:58:00,
a7524f2dde2149eb942fc3e6e98e01dd,8c60c07af47946d08f6ccec692160705,approved,2025-04-24 08:54:00,
cee46d0d5e1643c9b1b3360edb1eb5fd,e8f3fd8cad104cbd8075e006d1f73675,delivered,2025-10-20 14:34:00,2025-10-28 14:34:00
6eec4be5afbc4d8d89f649f9f3720ad5,af9aa94d6faf42a1b8571c81abb89e18,delivered,2025-11-29 18:44:00,2025-12-10 18:44:00
10c2e6e65b1645f0947bbc5ee300828b,818da439057944d2b4fc406ed96f9919,shipped,2025-05-12 14:52:00,
5ac5cbeb9aa74dea9d96081ff11733fb,b4b2edd10fc345af9149bc4d5fa55cae,delivered,2025-03-03 17:05:00,2025-03-05 17:05:00
653db1281e464a538120ecd5c8095903,e3988601011d44738e3fd49f4bd70e6d,delivered,2025-12-09 11:28:00,2025-12-23 11:28:00
bb21e7758d684cb3adbcd710d2f15909,56cbb1d3f42c4f7d85daf7023ae3718f,delivered,2025-08-24 13:00:00,2025-09-06 13:00:00
cc6be29698bd4e3a88da53b729daffd1,f9be2928d96b4875afdc126425e8a9c2,canceled,2025-01-24 22:31:00,
dc2b5d724ce448b7897eaf6fd239694b,4bda5b0e1e044552a7cbfaa8c30b98b8,delivered,2025-06-04 11:54:00,2025-06-09 11:54:00
1bea65daa001400c9f3db80d1b2889b2,e19f68a2505447c69734f33e2c98d994,delivered,2025-11-25 21:59:00,2025-12-09 21:59:00
aca6feb7fa1c44fa8a1583cafe020192,6ee6129e80fc40d8b623dff740fb3d83,delivered,2025-07-10 11:07:00,2025-07-22 11:07:00
45bf0de5e05941e1bc16eea46562e2ab,d9af601a441b42959d767c15c60ef20b,processing,2025-03-28 21:49:00,
59e33b4dbd7a409ea35cf1c046682273,8efe978c3979409ebfe95a46f4ed1bf9,canceled,2025-12-08 10:15:00,
8af15016d2f74d519d415ee506583185,f172ee502f9147bc9e7fb0a15754ae48,approved,2025-12-25 14:14:00,
945881e090bd403cb441e66cfde24ba1,2ba0f9ea0d46477383b036b36f01bfad,delivered,2025-07-17 18:55:00,2025-07-22 18:55:00
02e13b88163045caba6e9534e20119f2,eaf210daf6204df8bccf959867192abe,delivered,2025-08-25 20:48:00,2025-09-01 20:48:00
599c52f9e0d14588963c26b47c3fbd9d,b7679efe658645cfba9de6b26f99a387,delivered,2025-08-27 20:29:00,2025-08-30 20:29:00
70709c25cfcb4a99b1ce206fffaf77fc,9b17904594f1420d9460a4c163a85167,delivered,2025-12-25 14:26:00,2025-12-27 14:26:00
77b0eb59777c4cfdb94c0e42771c8eb0,58597b01f57641e0a70d170b5f3fbea8,delivered,2025-06-04 18:58:00,2025-06-17 18:58:00
c6af92910b284ac7862570ba3b5dcf73,173e3e68b5de4d8e876bb1dc53bc957d,shipped,2025-08-14 15:57:00,
d9f6646c2b3b46a9ac78f2a0681487dd,109a6287e399479482efb9c4ed805aea,shipped,2025-10-03 13:16:00,
e29a594ff3954ba182b8746ffd8607ae,4fdfc5c3d8164decb3149927484fd531,shipped,2025-08-12 22:31:00,
53dde02bea9c4589a154a4ad4d7df2c8,a9392530c4204be48f70493702ebdab9,delivered,2025-05-29 18:50:00,2025-06-02 18:50:00
ed277cde243e44ff961ee8419b550cef,47a9cc28d72d4837bcb90cea38230d4d,delivered,2025-02-17 21:30:00,2025-03-03 21:30:00
f8623e6df05b4a4882f1dced038ae437,c194c862537d4c04ba941971073a6772,delivered,2025-01-10 16:15:00,2025-01-24 16:15:00
66a3b017f4f64bd983c37bfc7bf67d59,2e406d32f319414e87199396494bfd98,delivered,2025-10-06 08:05:00,2025-10-20 08:05:00
9cf762f5fc464734814e70e5255f8b9a,8e91932c5b734a5a9e979bb78274223e,delivered,2025-09-04 21:34:00,2025-09-09 21:34:00
c43e3dafa02e4f6e8b395450c894ea2e,9a852bc13eb7462b86b4ade82ffad9c3,canceled,2025-09-23 11:46:00,
d94a2c6fb5cf4aa2b19843169adf541a,5512d0b0291946f482f5876d6ed8d759,delivered,2025-11-24 14:04:00,2025-12-05 14:04:00
9696cdca160040cab42cea1327511e6a,fdd2599243194722a73488b659ac4092,delivered,2025-01-25 12:58:00,2025-01-29 12:58:00
9dfb871621ad4a8dacf93a64974492a3,7bef0bf8926a4747916dd239a50938dd,delivered,2025-09-21 08:39:00,2025-09-26 08:39:00
6e5eb656b8994573abbe23468ba8bea3,8cfce1974fe34e77bdfff77c128775dc,shipped,2025-03-18 11:30:00,
0bc5bb8bda914aa18de02b791c9c3460,50074baeb01c47558612c439c1a60c45,shipped,2025-07-09 14:42:00,
afe4f358ddd2415980f4b5dd1bb57ae0,98b52ef3e2e0446d87f8b22bc6e14805,delivered,2025-05-26 15:58:00,2025-06-04 15:58:00
80c87781c26f486ea42b93c6065b18b7,2dccd8c8a09d41e281af6b85e5eb44f3,delivered,2025-09-11 11:18:00,2025-09-17 11:18:00
1e935b5231594b98b8724d2c1c8ebba2,f5b80d95b8e24d7da7550ecca99af215,processing,2025-12-18 20:59:00,
1cbf218c584644b1b9e31e9c9414c2fd,744275e26ecf4b0b9a3808ad307e6ef3,delivered,2025-01-13 19:59:00,2025-01-21 19:59:00
9b3f0e0294b945d3baafe6cd7c69a62a,b0a5a130b14d4b8ba0da732dfaf82668,delivered,2025-10-19 14:08:00,2025-10-21 14:08:00
3289859434cf40f9b2df29ce99ab8a8e,432b69d84b8c4ba0a774b658189260a0,processing,2025-03-03 12:30:00,
6ca5083037de403792d7339f71b3e78a,3f8d512ca6554cd5999907319bfde04d,shipped,2025-09-30 11:12:00,
0d644a29d6f84c47a5ead241c86c36fc,9807839fe6aa4f889881cf83b5793939,delivered,2025-10-15 10:20:00,2025-10-28 10:20:00
87431b8ab77b4060aa9db3d3b217f032,8b8073bf031b47c9a1a185883a40cdcd,approved,2025-04-15 06:34:00,
6867af366c0d49eb9a887ed99848eade,46fb938babea40e393f25686c35d2286,delivered,2025-09-10 06:38:00,2025-09-13 06:38:00
50663ae9a1a043898957e5af7a58eb7d,224832b320b44c5da0fc8703fe1fa81e,delivered,2025-02-09 11:05:00,2025-02-13 11:05:00
298ae24728274e22ac34d08296492355,18932abec93147e1b8f8ab66727179dc,delivered,2026-01-01 09:23:00,2026-01-09 09:23:00
f9692036a04f45d781a80e1c4c5e9238,2062d5593d6c4eca9f2521ea19a5a553,delivered,2025-03-30 18:10:00,2025-04-03 18:10:00
d805eee1dd8f4e5fbd043723d00c0200,ef1486fb99804640b47db23bb2447257,delivered,2025-02-22 12:12:00,2025-03-01 12:12:00
8861067c12e1489fa21d95ef900c84ad,4878c65824704caba472521f5432e494,delivered,2025-09-17 15:18:00,2025-09-22 15:18:00
50ec66f6636b44eda4d531818b34a51a,8f2c82a4be024c1d9bed1949b5e79e11,shipped,2025-10-05 11:56:00,
82f13710f071482ba7c7742c7b4fb24f,c080803ae258459f9c6505b8fb7e92c0,delivered,2025-02-20 11:22:00,2025-03-05 11:22:00
31e3be0ecad44be99295d16770df27bb,f83817c96f024710ab1cfadeabfbeeaf,delivered,2025-05-16 13:11:00,2025-05-18 13:11:00
8599802060b6449586a9e9e5ec886442,d3b8aceffd714254b7726ced63057696,canceled,2025-10-04 11:32:00,
3b6aa239f17b4fbca428b837726b6a3c,6ebfb7836b7240e58d91a6f63d6fb7ea,delivered,2025-05-30 21:58:00,2025-06-10 21:58:00
a854b19e6b734f988b5ad579e25c0e20,f62add79108d403ba4377e84cfffad09,shipped,2025-08-09 20:32:00,
d65d5bd0cc5d48fba4e548f1ed95b71f,845ec010581142df9d00e862034b3a77,delivered,2025-02-19 21:10:00,2025-03-02 21:10:00
0938b287bec8482c85ff7310274f7a99,a6deaeaebd824ebeba5de9e724b1b0a6,delivered,2025-11-09 12:56:00,2025-11-18 12:56:00
347bfe2ba9d54d51ae16f39d552b3852,55f22b2d141b45119dc582ac83719ae8,delivered,2025-09-07 19:56:00,2025-09-19 19:56:00
c1ea9eaf906f411e9b7ecbd0a1706378,6e832c8cae32495097dd5c760e62b6b5,approved,2025-05-13 22:07:00,
aff5027503f94689a315bb47dd1ba92e,14c86854ae4b4819ad7eb66a15c1c95e,shipped,2025-02-22 18:31:00,
3d52d5ff118f40eca91a7378cabe8d16,632d55ad6d1945bcbb0b933454b1e533,shipped,2025-02-21 15:52:00,
ed36061d6d3c4d1b834abe7012d49ccf,12a4960865eb4250a017e03b427c95e5,delivered,2025-03-20 06:32:00,2025-04-02 06:32:00
1787775d6fb24a4b8f3a89a6d975462d,766ab4ea24eb4c01b89b49bd80b9b993,canceled,2025-08-07 17:15:00,
0f8f02b0a8a6444ab6cd2b202b784552,c28027f381944a0b8fa95ead20e25530,delivered,2025-10-19 14:02:00,2025-10-26 14:02:00
412693e877e4476486952bd6b3667fc8,fda1dc15abf04028b3544ebf09027f9c,delivered,2025-12-16 17:40:00,2025-12-30 17:40:00
cd72abc4a3ea4b3ea2eb85478167d249,9d26255e3fda46948dba47e2e17aa5e3,processing,2025-12-22 14:03:00,
da130c71401b4db4bdd685949d079326,c6ca79fb4b2d4b5a865332044aba6f67,delivered,2025-08-25 17:55:00,2025-08-29 17:55:00
198a20128e2547d3a074d7ab35119fcb,91eb7a59b8fc43c6a0f1d9cf1c3197f3,delivered,2025-11-08 21:10:00,2025-11-12 21:10:00
ef2f3438821c4af6aa78bb687adf5a1c,0b2099d587904e75997c19850a962f25,delivered,2025-12-04 16:03:00,2025-12-08 16:03:00
3430814761514e428cbf64266899d2a8,4d582fc14c644774b851dc347b55f283,delivered,2025-05-08 09:42:00,2025-05-12 09:42:00
65aaf990363e42ad849f3c9c91cb2f60,b19bcd4f2bf044e18a5cf1c31710128c,canceled,2025-03-28 17:17:00,
995bd16ce18245a983de4871aabf179e,092a692f2b994c4fb4bf0bbc9d59df5a,shipped,2025-10-19 17:59:00,
f3b1ed2247734e4cb30beb0cd5efde80,5dd875dd3f5f46bc92c0b443f3643dad,shipped,2025-05-07 06:28:00,
03fc5cf5bcbf4d119dd4a255ed66ca0c,fe03e9dfe200465c984014a83dde33ae,delivered,2025-03-09 16:16:00,2025-03-23 16:16:00
8cfc8a71876f433ea3a799456111419d,c14105788dce473e96d0cd91928cb8c9,delivered,2025-08-14 10:15:00,2025-08-25 10:15:00
7e605f2807314b1b8bd2fd4e8403b20d,82ee2a7718574e02ad622ab264cb5f1a,delivered,2025-09-06 22:12:00,2025-09-17 22:12:00
5bee3a6a346e4a969c784d534220c8ca,19a7808b11ec4e0c86c29279bd058f92,canceled,2025-06-13 08:26:00,
5a8a9858da7d4f1ba4cdc2527d7615db,b8556e53d38f4d8ba60ec1959a614bc8,delivered,2025-07-25 19:11:00,2025-08-02 19:11:00
e4f8fac4936142e6b971353c11257848,50021246030d4af585697d9ecc3422d1,shipped,2025-06-03 06:38:00,
0c231a2798294308b094a9457b4a4b72,d38b36a2e137440c9f61234152a5eb47,delivered,2025-01-20 20:13:00,2025-01-29 20:13:00
0a3d509a36b1471790ecca682d1ad0ba,40616c82758b49ebab137f9cc68d240b,delivered,2025-11-13 09:31:00,2025-11-21 09:31:00
53ea6d24ff8b41a8a831928b121f0974,512a42fff2cb480180aafc98b67a3f4c,delivered,2025-04-22 18:04:00,2025-04-28 18:04:00
a0ffad82a81c4616b9cdb84664e6a82e,fcc22f52bd254effa2b6053e300572e6,shipped,2025-07-02 15:16:00,
c876eaeec39a411a9f9251c5c3e68a9a,6e447ad1d550489f821b4dbe298387a8,shipped,2025-04-04 08:58:00,
3c07a19a6b1742e39549663a523b6ab9,e2940a7cc2a1429baa38213833feefa4,delivered,2025-06-20 06:42:00,2025-06-27 06:42:00
f0735ef7d9b84b00942852b4f5f5aa95,3b0559889d574832a2f23fe228f76c47,delivered,2025-06-03 08:40:00,2025-06-09 08:40:00
5f1c43898fff4c92a2ec6bc1444d900d,34862b187b524c92bd28a2b67912ca6c,delivered,2025-03-06 13:53:00,2025-03-13 13:53:00
5e62c8f4e72b410a851575c643850140,fb2c81f4644b44cc86a6e643eada6ead,delivered,2025-12-30 10:08:00,2026-01-10 10:08:00
5cc55e7a83a14f4685ea9b110af6f950,6248f319ec9c48369bf0d84aa3bb6098,canceled,2025-02-02 08:42:00,
a38a093c9a9a4e3f9255f08acdc716ab,ee6af27169ca4f0485e50d8247ba073e,processing,2025-09-19 18:12:00,
36aec0c7cfc54c05ba8e66f25a0e79a5,272d2b7f99cf4c5e9bcc898493cdf915,shipped,2025-10-04 07:22:00,
3c18f3277d2f47d788b48377784f4fac,92a0865535de4c2c8e3eed9e10d2f667,delivered,2025-01-18 21:00:00,2025-01-30 21:00:00
b870962311674b6fb15ac7dfa2360a5e,fc83da48cfc94e3e90352422b5a12a25,delivered,2025-12-10 09:31:00,2025-12-17 09:31:00
cd1446315f5045edb199919001c9f353,0f188de1fb8148acaff494d44055a101,delivered,2025-08-13 11:27:00,2025-08-16 11:27:00
e05a4280923a45248e083296cd7af869,5be208479584401890fef02d14ed3185,delivered,2025-05-15 16:25:00,2025-05-20 16:25:00
9e124fcfa36e42549f80b95bfe38431a,403e2bc15a064dd4b88fc1ad4057da1a,delivered,2025-05-09 20:43:00,2025-05-20 20:43:00
84b406c34d044bfcb7c17c80a1ef6c00,0eebc79aab1049dfb301dcede89a0931,delivered,2025-04-02 19:21:00,2025-04-04 19:21:00
70af353dafb34c70a40c3a90d59568e9,c1a91280de7c432583dbbfa257649a2d,delivered,2025-11-08 21:23:00,2025-11-15 21:23:00
0b5902f00e4944459edea3a5a62f9aea,7ed0f4891a804b67bda78ceb4b32c8c2,processing,2025-04-10 21:37:00,
91f02011f29c4fa0b36057220ca41f97,c4306a36b271448eab6a84fd69613fef,shipped,2025-10-03 22:53:00,
b2be320021534df183297e115e870efd,c057ee1fabb744178e73c9b0f706ed43,delivered,2025-08-03 22:40:00,2025-08-05 22:40:00
c7238a95433d42e6a5b3e9895d51dcf3,973c30301a17410ab3780355efc494dc,delivered,2025-02-09 09:36:00,2025-02-19 09:36:00
ddcaa1c07e504d8d9af592cf0a54e70d,0edc765eae3940b082dcf243317793be,delivered,2025-05-27 15:45:00,2025-06-05 15:45:00
aa46eddc7ce44febb5ceda87c98b2403,265979680bd9498aae13407965cac5c4,processing,2025-02-12 21:40:00,
53d0a942aea449a09326f6e6927fa2fd,d06877737c21499ca399e74264591f91,canceled,2025-06-15 15:20:00,
c383f0b43e414f18a4cb036749cb8341,3aeba5f4a6a24bb780da2d3aeeb676ff,delivered,2025-09-02 20:01:00,2025-09-10 20:01:00
f33efce6cd76455188ce1264fe0be3f3,0e0b604f654244c3ba02592ada218833,delivered,2025-11-23 16:47:00,2025-11-30 16:47:00
1128fe36c9de48ad8ae55aea026a4d27,dd3d8ed277e84a129bec79b6cb9af894,shipped,2025-12-09 12:19:00,
0f7d3330b381441e87c6837e0c571b12,f77aee15f3ad4135ab7fcee60808c698,processing,2025-08-01 15:48:00,
c763cff596bc4ce780ba4569e5f806d1,2d4eed15f82d4e329513c048844781bf,delivered,2025-03-27 20:45:00,2025-04-03 20:45:00
d4842d110ea74ffabbc496399ac5319e,c7edd076dc204cdebe7f9c3997bd621c,delivered,2025-02-06 16:27:00,2025-02-13 16:27:00
c5fb306efabd499ebe472e0756d83c36,a6962e32504949f4b1a3554154db1f0b,delivered,2025-01-27 08:59:00,2025-02-08 08:59:00
2b6abe3d24374135b07988b5936c0bd6,34a40e1618984d4d8e81063a8c6371e3,processing,2025-07-16 11:24:00,
2760a8fcf47447078c0d63b0387ec7fa,4c705fcb683e4207bd1f5c3381df16c3,approved,2025-11-16 08:34:00,
0dbce84412924faa86ab3521418e1fb6,d4cec67206894f489f5992feb865c56a,processing,2025-03-06 20:51:00,
72a6f094267d4aa3ac01a412c0a00939,4c423b857f9e43df845d60f259f04874,delivered,2025-01-24 16:16:00,2025-02-01 16:16:00
37cd4b577dc34a29b5e8eff65046341f,99bbfbaa290f4a489c9490e785771845,processing,2025-08-05 14:59:00,
8b3c9fcb2d9c4de68dbaeb2832aeda5a,f68ef29f32a8489ca3edd413bcdca342,approved,2025-01-21 18:43:00,
2ad19d2bd4ff4eca8fdaeb188ba354bc,eb737a1c134b42b28a6f2f5e968623c5,shipped,2025-10-16 12:55:00,
064c4114999a4053be7f78b32ffc41ec,0b89fe5c02344cc68c621c3edb2695dd,delivered,2025-06-21 16:44:00,2025-07-01 16:44:00
a1040d1e31204f338b7234b2e8265166,172a41cfa1e9403ba32f890527777035,delivered,2025-04-14 13:14:00,2025-04-26 13:14:00
4a52c7a6802e4b059a886d048025e22e,7fd1544019c94b1f95b2ecb29ac6935d,delivered,2025-05-08 10:22:00,2025-05-14 10:22:00
b473bc025cc84d6586d1208f72c7aa18,f79b87ceec364ede9075ebd706d52c2d,delivered,2025-10-23 11:32:00,2025-11-06 11:32:00
cc6c873cd37f456488a339e48cfa67c2,5cd82554de7b418c8283d58af4ae20cb,delivered,2025-01-05 18:27:00,2025-01-13 18:27:00
df50e71f63314fffaf6c372a5a43bcb6,db2ebf877db64a4386931f11d800054b,delivered,2025-09-13 20:58:00,2025-09-26 20:58:00
37278ad706624002a6a36ad7489f2434,18e2de068df841b4a66c9a9dcb816ff3,delivered,2025-01-11 06:09:00,2025-01-21 06:09:00
ec699dd8fa114db3bc2231326038f67b,aaa27e0e7911474f93a7367fffea1604,delivered,2025-01-11 12:57:00,2025-01-15 12:57:00
b8db46d1da5e4f06b9a14f4d30238f3c,7c3226a906e845e89e136f7b6d302c57,delivered,2025-02-16 20:35:00,2025-02-18 20:35:00
bbb2c5d8f4c642d5b0a69bebda5bb474,aeb0e756170c4f4a92064ce172e173d4,shipped,2025-07-27 14:19:00,
8f0f79761cb6427fbcb6855e7cc60f24,56e96b08197b42eab9e35d714992d7c2,shipped,2025-12-27 08:25:00,
7e1ab3dcbf7747999d791231f7a33b54,57b638af3b414fa2a654727f66a0c224,canceled,2025-12-22 21:49:00,
187a62f49716477c86fe3eaf053520c0,e15a7c7dc41b4a4c9a9ad679177161a3,delivered,2025-03-17 15:59:00,2025-03-31 15:59:00
f8d29a3ea50b4aea96cc9433bc147e32,c89f37ebd8d940f7b72c232f772060d0,delivered,2025-02-13 10:08:00,2025-02-24 10:08:00
7a9c3f555eca4602b88e9cd2f37ecedb,002af8fb9b60483984aaa7b35990de89,delivered,2025-04-14 17:12:00,2025-04-23 17:12:00
1e190d47138b4b63b60f27155e38529a,8cfb0415e9914265b6acee3b3282d09b,canceled,2025-03-22 21:04:00,
7008d434bee14ec2944198ed39ed9223,fac436a91c4a470f8bcf551e9bc3bd33,delivered,2025-07-22 18:58:00,2025-07-25 18:58:00
80fb2dd155d54be79f879ea786b7a2af,ae07eadb56e4436ca140ff5ba91038cd,delivered,2025-03-11 12:13:00,2025-03-21 12:13:00
5adafbc648df4fd1a833963d661d52b4,24b92887603c4ceeb1243990b2c4bef8,delivered,2025-12-09 07:48:00,2025-12-23 07:48:00
cc9de53275c04f7ea24701974df5b2b5,9cbbd46085584859ba58ed8cd69267b6,approved,2025-01-23 09:28:00,
eb5f8cccf9ff4b3ab6df7cc79a772836,8d174edb495d4e068c33b914b02b70b5,processing,2025-05-31 15:25:00,
c9052d816d514d9aaa3e724868a4e74f,6ac6bc7c944545298f3d3cbeb6c3fb10,delivered,2025-06-01 18:16:00,2025-06-12 18:16:00
94166659e016414eb4ddd2dc9ec809f0,fdfd6f6eb82c429485f6142fd066f4b8,delivered,2025-06-15 06:29:00,2025-06-25 06:29:00
d7cae99b490645e29261f84c7ad1051c,91d4bb99d814473889aa8b5bb770c79b,delivered,2025-03-09 12:14:00,2025-03-12 12:14:00
126dc94974cf44758275f94190214dc4,e864818807394f70933e25d47cb6a8ec,approved,2025-04-26 14:38:00,
3cb10daeddd647d7aaeba165d8e22705,dae8a817d4794cf08b3a9a54740120f5,delivered,2025-02-22 21:18:00,2025-02-25 21:18:00
5f413eb4965d4a988ff6cdcb22d5535f,95246b7de33a481aa41ee20cf0d4a765,delivered,2025-11-23 13:28:00,2025-11-30 13:28:00
bd3f841ef69246a9a6e237c06c66ecb3,80e3fdf5e4be4ac1a293536967ff3abf,delivered,2025-07-14 14:35:00,2025-07-27 14:35:00
7291bbe4fcc048f78794b7297ff5eaee,f947588fb5734642839b2f0bc0ee1cb2,shipped,2025-09-28 11:58:00,
d73f5b0b8b75495db780c05338f4037d,1df1ece015644e199fc5866e7ade0111,shipped,2025-08-21 12:41:00,
cd0baf5817a54a6c8071c69335df2f17,5017647fd8b1421abc01c9e13fd0383f,delivered,2025-07-21 07:10:00,2025-08-04 07:10:00
bc26a4af189944a7834341e64b2c20fe,6e4cec523f7d43c3b8278bed66fe25b9,delivered,2025-11-16 19:13:00,2025-11-23 19:13:00
a86a7f1dcf444c0ab3f54fac0e5dce2d,c95d54e8dc9b4cbc8accd3e8e90fd1d4,approved,2025-12-02 06:04:00,
f19ac6862b964fb7989b35a2701ff4d4,6e8ebd3499f747d1839ae1e8f49bc654,delivered,2025-11-04 08:16:00,2025-11-16 08:16:00
3cde31528c6143bda902b5bf7e0b54a2,d9e7e25c0f314f259fd3b1a49f2dd511,shipped,2025-06-28 10:20:00,
8adf21c6ffb548b382a207aa27bf6994,9fef91c7fe21478d956a6e19f263db96,approved,2025-06-22 17:15:00,
40bb6aa6087a462c91f3e014d68428f7,3fc41cfafc014461b01af3723c2f19a6,delivered,2025-10-21 18:23:00,2025-10-27 18:23:00
50a191d99b594140b418a20424ddfdf7,ffa9a6f254e742a5b43fe1df7fa78867,shipped,2025-01-30 16:50:00,
72aac68dc97f4c1fb6c82f3d50e9b161,456644ff141e48cf9c27b1485a697109,approved,2025-05-12 17:43:00,
d63e08a6182e43d88aa0557cc2b659b8,185d47bb04c24953a55e4e8fadea6e86,delivered,2025-02-21 14:20:00,2025-02-25 14:20:00
468b40100f994eb4a533e6daecfff7a2,7db1a719c08f4ec2a6b25edf3ca75138,delivered,2025-01-20 12:32:00,2025-01-30 12:32:00
32bcb09caae442e5bcdbd820cf136b74,75485b49754e4b74bcd84ae259efe8f1,delivered,2025-11-20 20:04:00,2025-11-25 20:04:00
1d6cf544d2774810bd42a19940b7fa39,db7dc585f5d240f3a8cdd5c470347014,delivered,2025-05-28 10:04:00,2025-06-01 10:04:00
fda2d2a74b264256ac4cf5b9f47470b4,c6ca79fb4b2d4b5a865332044aba6f67,processing,2025-01-04 07:18:00,
4103d0c6c76345218238da4ffecda439,75a67952077340c18851cca3ada1d84f,delivered,2025-11-08 21:22:00,2025-11-12 21:22:00
a3c6885dcd4649839558bd0ccae353ba,c2749d3f2fd840ff933dc8d65ff70d32,delivered,2025-01-31 22:18:00,2025-02-10 22:18:00
f007cf71fcb046089d9bb4018e266ffe,f122cc61897248e8827d70d4a7a27657,delivered,2025-03-31 17:43:00,2025-04-07 17:43:00
a4a6b8e7347147f5953486fe71a51bf9,b1a5e8e2a2434628ae952575cd4ce2cf,delivered,2025-12-27 22:24:00,2025-12-31 22:24:00
e114c6fbd5164b1eb47595e42fe6dc7f,c1e274f9170342dc9642d8eb7598c124,delivered,2025-01-29 16:51:00,2025-02-04 16:51:00
d73d22220cbb4a4f80d0b3b97c2c3492,6557c7e9e2fb4d46bf8afda99a58c88e,processing,2025-08-24 08:01:00,
023092f0a07b46afbc5178d8994033e5,c0778937ebef493aac2a8697c3cb9d7a,canceled,2025-07-15 21:13:00,
367d7ddec5af41a09518a8fe2bfd88f1,44aeaca18ecf41afbe074f344d3a4323,shipped,2025-11-14 12:44:00,
0d548d9f4c324d89aff8ff6a926cc097,830d8d1fc5884e97aace27d75c7f7049,delivered,2025-10-21 07:29:00,2025-10-23 07:29:00
bdf3ca2521954524a6b97c9ef4f6fb90,cae0093f1e32486a8ea259455864ea58,delivered,2025-09-22 21:09:00,2025-10-05 21:09:00
ce4041b30c814c28855913fab7b086f9,8a455505e1364906bfa64a33c85fb706,delivered,2025-09-26 12:35:00,2025-10-08 12:35:00
6a8539ce395d4549a94dd14d80ed2388,cf46f1ee7c194cad9a2a8839851c0b71,shipped,2025-12-04 16:05:00,
aad4edc4fe2641048d42fd40820186c5,83c0387ebf024ea5a659b5322ee46c96,approved,2025-11-22 10:03:00,
b53bf9dabec44848b2f9ac2af3913c2b,e9dfcafcfbf143268fced8e8f78fefe0,delivered,2025-01-12 07:19:00,2025-01-22 07:19:00
3ed5f2545a3a4eb39170f926a4c7f9df,5edad1c5a86b484b83614360c39760b9,shipped,2025-12-18 20:25:00,
fe79dcabdfc74941b2bbe3ea5eb77219,123b196579894453a319488d7498cff8,delivered,2025-05-08 11:23:00,2025-05-15 11:23:00
db752e10c00347d9a52ce59898a19f15,f3e8c9a0fdba47b3a3f5379124cb3ed6,delivered,2025-08-24 15:13:00,2025-09-03 15:13:00
a229b41d1cfe444b82c8d2830b0420f1,c2bf2c78186d4543bb6107584323318f,delivered,2025-07-22 11:55:00,2025-07-26 11:55:00
3f65e3dc7d7a46f885922dcebe3f4e70,8bde8e8cc7b2414d8616841538d6e872,delivered,2025-04-17 15:33:00,2025-04-22 15:33:00
7fb889ff88254b8289a33a21570c3025,5431e19e3ca24e1399079511e5b7759d,delivered,2025-12-15 10:57:00,2025-12-20 10:57:00
50b99f6b5be24734a7581a1d2473d539,836c707de7a54272a25c5d794c18d424,delivered,2025-07-30 14:27:00,2025-08-08 14:27:00
45a906e731d34e33801a860dae234af2,42bac5972b824ea0bee04c85e4afe7eb,approved,2025-01-16 13:33:00,
80311e68d2f54d639ab14c2db406078d,889c9054a93b4b1abac28ad339549f98,processing,2025-06-17 15:57:00,
ff27a77496a64724a1672c72ec8b96b1,ee70cac3a66b4de5bd6360a7f9859b26,delivered,2025-12-22 11:03:00,2025-12-27 11:03:00
5871d1ff5a4d435b8e38d77e11e9d668,d13e9407c6bf4361b55a9e5f87b53382,delivered,2025-01-23 09:44:00,2025-01-25 09:44:00
e01929be6d504b7eb381e4a7e6cb117f,ec70e0bdd6ff4d0fb5f456e5f5dd4a07,processing,2025-04-21 12:02:00,
89bf7fbafffe4a5a89d494ad37cce468,5e26edcfd6b34c28ac3339869abd4db6,processing,2025-10-26 07:52:00,
4eb543c30cee48d9b21dd0b14da5dfcf,56ce7ec108654dff816acd5950ae7824,delivered,2025-05-04 14:02:00,2025-05-16 14:02:00
0a6edee5fae44173a5405f10f2d2ca85,b00afabbbff6408d9c9bbeb55277bb52,processing,2025-12-23 06:03:00,
3dfa1ada715b4fb497be1a7808a67808,6a1aee3700904ad7a1875634cbb541b0,delivered,2025-09-04 18:32:00,2025-09-10 18:32:00
94410bea06154faabb9f314695d2ac8a,8620846811704e4492cc176111292096,delivered,2025-07-11 16:33:00,2025-07-23 16:33:00
d293adedd7364ad38883cc0ca980c446,14c86854ae4b4819ad7eb66a15c1c95e,delivered,2025-06-29 11:54:00,2025-07-08 11:54:00
e414e4c8b332409fac356b7667a11e1c,9fce4a7c2fe540b2b59b2a33f705dccc,delivered,2025-06-30 20:21:00,2025-07-07 20:21:00
ffe40b539a87419b86c23ced2b11be28,a466ae0db5764f90acba400347522d69,delivered,2025-05-31 15:09:00,2025-06-11 15:09:00
d57d62b6238f456f8077d7c00e7dfb6b,d2e20b54dc074b7da4354f22db681c0e,delivered,2025-06-24 06:05:00,2025-07-05 06:05:00
9ee11111e511447a87314ca8a46181db,95c07d77489a4d22866ef25905252c3c,delivered,2025-07-04 10:45:00,2025-07-12 10:45:00
0ac16eeae33d4bfe9b587066fa492615,54b5906e9cd64123959eedb1b88c0bd8,delivered,2025-05-24 10:54:00,2025-05-28 10:54:00
d3c8b6f4e8eb4069bff49c20b5448ff9,4d05748201b448d38f0e54472fdf6edb,delivered,2025-07-17 07:39:00,2025-07-24 07:39:00
0ee3589fa8a94077a6a1c0c433c344c3,4d582fc14c644774b851dc347b55f283,delivered,2025-02-22 14:38:00,2025-03-04 14:38:00
bbc76fc32f3f4f888fdefc6f2bfe6ac3,1d3a4b70543e4a558c8a9fbb04d0c8b9,delivered,2025-05-28 11:47:00,2025-05-30 11:47:00
51ce5ece597a487784cd5b6e26ff7d85,ce1aa7dd4c53473e80e589b7ba544d2e,approved,2025-04-24 16:29:00,
296afd5c75644831b24f1a23784b2a93,dae8a817d4794cf08b3a9a54740120f5,delivered,2025-04-23 09:11:00,2025-04-29 09:11:00
6c90590d61264a518f6e62fc94d34c71,ac3a70ecba884710aa730a35af8bbe6b,delivered,2025-05-06 22:24:00,2025-05-19 22:24:00
edada507a9b9457887782fbe1b260795,f3e8c9a0fdba47b3a3f5379124cb3ed6,delivered,2025-04-28 08:58:00,2025-05-07 08:58:00
0340c1ed3fce437e864f40919addc2c9,7d87aceae4404f21b8bc31b931f69ac3,shipped,2025-04-15 12:46:00,
6ce3d3e547394a45b0a98a0f5efc534c,ba4ded7cf04240b388bc1b882d014a58,delivered,2025-06-02 21:29:00,2025-06-14 21:29:00
c4f7c3b20d344b2ba23a0156ee7876b9,e436a92d23da4a2db4e83da50737d121,delivered,2025-08-11 16:34:00,2025-08-18 16:34:00
2298a93a62df484caa2fee15a19e7740,9b012647a7a94477bd814b83889dd488,delivered,2025-08-09 17:19:00,2025-08-23 17:19:00
2cfc81b055434e6da06af0e5f1c2394b,27be9a3f369841f4b18075c3c88682b0,processing,2025-11-15 08:22:00,
09510ca348e94c1c821b8cb322010fdc,5a1fda20181c4083aed010e3c3e945c0,shipped,2025-10-11 21:14:00,
8ed10262e7e6465494251d74f46f569d,6ea15acfee6b48cba0c3b8d7dfc590e3,delivered,2025-05-06 21:48:00,2025-05-16 21:48:00
db856c11d13a41de9e4352574ce20413,1a587243fda94f52b1725270b150feda,canceled,2025-02-22 14:42:00,
d362a8a87ead44ab97e96daccbd0b796,d5d80a1504154c2bb2c70445a35449b1,shipped,2025-11-25 15:40:00,
042f8fe7a80d4f6aba0297e479d035c3,2fbcd9b9418d4dfea58c4f01c6c33933,approved,2025-09-26 12:26:00,
c0dd6114027c4fdbb8e474e1c0ee2514,682ba1d942844542839fac2ebad58510,delivered,2025-02-28 06:29:00,2025-03-07 06:29:00
18c8a06b6cb84fff99711d1fc31d86fc,950e3cc428d842f1acedc42a69e04209,delivered,2025-02-10 09:59:00,2025-02-23 09:59:00
871f313b4fda4c8781d9a192bd9f7148,dc593239a49d4948aa3914066868c601,approved,2025-06-30 17:51:00,
b135984cdefe4b7e9f0989975aee1c5f,47cb8e58b1b0409ea3db867f52981e57,delivered,2025-06-03 09:35:00,2025-06-13 09:35:00
a0f1182585c54f32899ea15a3d057e11,cffd1426972a4c61a1d75047ebd58cee,processing,2025-11-07 18:56:00,
31b80df96f004283bbd792cb071648a9,8f76c43f23df429b92d55817a1776e6e,delivered,2025-10-12 22:38:00,2025-10-14 22:38:00
e2c09cc97d1f418292cdd8b4dbc9eaae,0369024ad4174d7ebd2d31010f099586,delivered,2025-09-15 20:53:00,2025-09-19 20:53:00
cdef381312c24b5ca8913538edaef0cc,ee6ab0e8126e4dafa967b0f4fc01014d,delivered,2025-01-05 08:46:00,2025-01-09 08:46:00
94b3caea971447c5a8c1761b3d09985c,f65bd7188bb941b9bf1e313775dffee1,delivered,2025-11-25 09:22:00,2025-12-09 09:22:00
5f96e50600e242dbabd34f25662cdc03,18932abec93147e1b8f8ab66727179dc,delivered,2025-05-14 11:03:00,2025-05-22 11:03:00
d38c296f09c14ffb9ed8b2b380321e58,c6cf95b8a77c4421987575769ef619a3,delivered,2025-02-05 09:25:00,2025-02-16 09:25:00
328f9c6ef72047728f340bf4ad1d8265,da6bd7c693bf4f1fbcc1b8e288bad16c,delivered,2025-01-06 16:17:00,2025-01-11 16:17:00
a86edf5561f04528a8a0d7094e189ab6,3f40aa66a59343749c371654ccf0d7b2,processing,2025-07-27 10:47:00,
c7842f21961e462b9f0c225eaa06c827,fb1b7780ba93440eb7811546d483dd75,shipped,2025-06-02 20:05:00,
1de972460b6e4048b82b8938a26396b7,9d26255e3fda46948dba47e2e17aa5e3,shipped,2025-12-21 10:42:00,
8693b3b4a4ec413b85135b52adaf75d6,6b7dcba1f6bf4dfdb624bb30abe5e5ab,delivered,2025-12-28 09:02:00,2026-01-10 09:02:00
98193a420dda4f65a689bcee6707cfa0,a1ce6edd66d64d5295ce607fb37a1fab,processing,2025-03-06 16:28:00,
68da1a60d4b242929689939feb0bfb62,3f41b07ef5ae4f31adcb32449fa1f078,shipped,2025-03-13 09:11:00,
6bd570d3ef864494a9bd8a39c07205ad,04af739973284785978c4e821f9007c9,processing,2025-04-14 15:32:00,
277f0c61edd04b07adda23aff9dff74a,4d4d25ba8d13401da23e302a94fd684a,delivered,2025-11-22 07:20:00,2025-11-30 07:20:00
5250c281f132442597ababa7d8fda43a,52426db13a4c4b5d923c555e5c3519c6,delivered,2025-04-15 08:28:00,2025-04-19 08:28:00
767b1825a88f43f0bf28d0eb0ea2292d,5e7930eba0b44309bf8c5b9b7861c785,shipped,2025-11-27 14:53:00,
8b4efbb6013241ad9ae436f21e179473,cce6c3ef5eff4f34b1a0764a00b257ac,delivered,2025-02-04 08:33:00,2025-02-17 08:33:00
d9d8b43f28ea43c79ab56b20e62e7eba,caea8366dc7647778d7baaf78bbd58e2,processing,2025-08-21 06:41:00,
e6fd237686c748648ac1a8dafd1c6654,2568e2107f6148cda0c96d49b9c3994a,delivered,2025-09-11 12:22:00,2025-09-13 12:22:00
983ff42f847146dcae7d384a7d09232f,81dd085515ed4f71853d01ff69bcaa05,delivered,2025-06-01 17:39:00,2025-06-06 17:39:00
e2fdc8aca8434538b90f4004981acf93,bbe1f509487941b99e64f775ab610195,delivered,2025-04-24 09:09:00,2025-05-01 09:09:00
e5b225cb089d43c694bfd2b8dad339c0,b8a5d00822cc4e8dbb608c5fc1ca8588,approved,2025-01-02 21:12:00,
f2e7bc2e5cc54e9f805e5f3a3e5e8165,3936e547a7184e5a800ca52d3ff734d9,processing,2025-05-01 17:41:00,
97d25c280f8f4f32a4337259b33e34a3,92002c647aab4bbf96c065c634eab84a,approved,2025-05-23 06:28:00,
178726c04d9d4a99b401e2c0b499c920,164387e559b9423a81cf91a54ed9e647,delivered,2025-09-05 09:41:00,2025-09-15 09:41:00
73c65140555b4885a4bb12d352d5f509,5b8b7d425b2c4d03a597c6dc3c3f1871,delivered,2025-03-08 14:12:00,2025-03-16 14:12:00
354ceb1689e24dad980f0266b07053b3,0ec6905aa74d40e59f340a2d1cde7975,shipped,2025-04-08 08:18:00,
ba14f9208b634a18bb4f2512c6c2d7ad,359894ce6e1b4eb69a1bc5371c005d3d,approved,2025-04-30 15:35:00,
2d9954579362405e940a2cc3a4bcb82d,21727ba694324c7eafefca65b7adc428,delivered,2025-08-28 10:49:00,2025-08-30 10:49:00
f1bd7ad03e8d473ba2933fec195ff9dc,3cada8b8cd6c4ac3a26f37dd74c5cdf1,processing,2025-05-09 17:42:00,
1e1ea8601e784fdca25aeccf6698d114,f73816bfa2f24a84a3295d179bbf8852,delivered,2025-10-02 15:03:00,2025-10-06 15:03:00
980f4c74fac94b829d3c7323aaee1c75,c2a62a5e04eb4efcb411145d20f2a732,delivered,2025-09-05 18:43:00,2025-09-07 18:43:00
90d3ab45069f43cfa284f42f5cb1ec76,808e44293ee14a4a8b957d4962656d0c,delivered,2025-01-28 19:48:00,2025-02-05 19:48:00
d8a3954d6e2e4b30a74d6ff22dacc945,03055c255fa04144811b6648da0b045c,delivered,2025-04-01 20:37:00,2025-04-06 20:37:00
cb2b6b105ea54077acd4ea7368d3bb06,84510e98f0fc47c1bef7eb222c5a6d12,shipped,2025-05-26 14:57:00,
ec312393a5834eaf9ddc6dc652ff7e0a,5118c07429cb43dbb9f245393e2d5aa3,delivered,2025-03-04 07:25:00,2025-03-13 07:25:00
7a29f89b233e4dc8b4e7e9fb3a3f5753,b1dec0b844b54f9eaa2a26bc90a97db4,delivered,2025-03-15 08:46:00,2025-03-17 08:46:00
bbb16f2c547d498caedf6aa05ef6857a,6e6cbe319a39433286a9f14cb24bb3e1,delivered,2025-08-01 12:46:00,2025-08-07 12:46:00
23c134061d8b4be8a1457429bcc92c51,3c486c517ffd4b71839ebc7948d77365,delivered,2025-09-08 09:01:00,2025-09-20 09:01:00
dda3f547aac642f9b7d8779152e46851,a922e5f814aa4ec68bd9069d195164a5,delivered,2025-03-27 16:28:00,2025-04-09 16:28:00
c67ea34931e343ecb7cd045b18de2cec,5c89f48d164a4bff8ba6db09c9b7795e,canceled,2025-04-05 13:29:00,
adeba56e39334fbda4d3439197054907,816827a440ca4bf3a2abe900b26d252d,delivered,2025-12-19 14:36:00,2025-12-28 14:36:00
e910684667544e9eb39c4d091f7a28e8,13aaedf446ad4b4fb16fe2021e46701c,canceled,2025-09-25 19:33:00,
23ee8650d13841ec9430ad77b48ef76e,b252586094674ef48e011855444d2fe3,canceled,2025-11-30 12:10:00,
dbd25a8260174473b112f31693b037e0,97ee4a88c312453ea6b0265c25d70dbd,approved,2025-04-24 16:01:00,
3822078f2441430f863e8b03f09ff9b5,df7779403bd541a89c37cc303996c9a5,canceled,2025-04-04 20:59:00,
fd384ac6dab0455caddec2a658579050,76b1a11532624ebaac96358e3d99f27f,delivered,2025-07-22 06:12:00,2025-07-27 06:12:00
d85e0fddc4414cf2be912f014d0f5add,f73816bfa2f24a84a3295d179bbf8852,delivered,2025-02-26 13:59:00,2025-03-07 13:59:00
716ed742a8044e049b718c35445c65f4,8d731533b9d14cabb0d2f44cb6b65f13,delivered,2025-09-10 21:46:00,2025-09-17 21:46:00
38931ea5573540a9bf09232dd07d3226,613ce6ceb1ed4034bc5dbcafa179271c,delivered,2025-02-12 11:46:00,2025-02-14 11:46:00
cd80d798a5434480a6c06007d191681f,40e400432a3844ca8d9f3c6cbce79eb0,shipped,2025-01-07 10:13:00,
8c1d38b37c674424a511d796c236bad5,7dc05bded1144c27af26635cfa4ec257,canceled,2025-03-10 07:12:00,
56194a471e1d407aa91cde804c0d0155,bb1e30d73b7c43a9921dfa6ae78c7b65,shipped,2025-10-07 21:40:00,
037c5c6adf9a459795fc8d7dd467528a,07c84d5241434fe79d3678266b7b1981,delivered,2025-07-10 12:22:00,2025-07-12 12:22:00
775222516ffc4e91b3aff0e01de8c060,a9d3ff1826b94c21874994d12281b31a,delivered,2025-06-10 19:15:00,2025-06-20 19:15:00
eb9f1aba26234dd78a9182b912fc9bc6,9083670ab55c4dbab656e3732ae71a70,delivered,2025-08-01 14:40:00,2025-08-15 14:40:00
5cb5d2cf3e9749e4b961a06e131ea9b3,2e427a6dbd7242c487e454ec445388f5,delivered,2025-06-23 22:24:00,2025-07-06 22:24:00
51316c4334cc4d33b4e9f1fa773edb27,647d606240be464e8210ca972682d92a,approved,2025-11-12 08:38:00,
32e4956a14e94155886971f1a2664ae4,3d235fdbefe441cf8099a1d8f8de3135,delivered,2025-12-22 16:54:00,2026-01-04 16:54:00
c941f87f7a684523b0f6f4d4c5684244,f1ad79a722b44e31a18b9d01254d8131,processing,2025-12-30 15:18:00,
248d22bfbe084427ad1c3c08d2395887,1b9fce2c4a0641bf85528eec54bcb894,shipped,2025-05-07 11:38:00,
954117aee82c479c9c0f5dec7b8877f0,81cb73c7e70448b587199b771bcb3169,delivered,2025-04-08 21:54:00,2025-04-15 21:54:00
697cc13ee3c142c38e082661595df4a3,80863360a36040e4b762a4cddd57b7ac,delivered,2025-03-21 12:05:00,2025-03-31 12:05:00
8a461ca2a0fc41629c6c2cda3212e051,4466f798c7164f90b73bf01d5cd00aa1,delivered,2025-12-03 18:06:00,2025-12-11 18:06:00
3da77d8805c04082aaf9060862990053,d11f9eac35ba41c895a87ea815e141cf,delivered,2025-05-05 15:11:00,2025-05-19 15:11:00
a66bea87f9ac48848d0f71618ce31291,28b019645eb7482183ed1e06d425d0cd,processing,2025-11-05 08:06:00,
4edb9a61e29546faa06a2ca926ebc4c3,e2aa549a4eb24151b062824684497796,delivered,2025-02-27 18:32:00,2025-03-03 18:32:00
d347edc8fb644b8eb0616b36dcd0d036,3c486c517ffd4b71839ebc7948d77365,shipped,2025-08-26 20:00:00,
970fb0ddb6794e5ea8ae58d2046a2be7,29b9cfa34a9d4e32b3ac6f096d0720b7,shipped,2025-05-13 09:04:00,
37532c2d3d8a43d0bdef3decd9c3be57,327fa9a402844568a6f1907c9fb0cd9e,approved,2025-05-14 07:55:00,
e62316c12387404a918161468f986b8c,90d95cbbbdf14435ae70f5108db2f995,delivered,2025-05-19 21:25:00,2025-05-26 21:25:00
7465ae64d2214cbca0d7785d4e800002,710277daf1334f8fa27b06683ff6e549,canceled,2025-08-06 21:43:00,
f3ff09f79f8f4e0ca95e0e0c5af2625c,e4509ab4ca444e3894da75680ea71409,processing,2025-05-21 06:29:00,
310661da87964b0e9824a232613fd4b9,910542e08e6b44c8ae0c7a9afef0c1fb,processing,2025-06-28 09:12:00,
f66f44d45212437683c6ec234c084721,0b3e20b057eb4cfeb5b99d6288e18607,delivered,2025-07-07 19:10:00,2025-07-18 19:10:00
4bb6df162b5b41598af5a20dbabd113b,62d8db580c704114beb09ee049cb03a3,delivered,2025-12-08 16:27:00,2025-12-15 16:27:00
d52fcaa7eb5243229c6a6351316a5efb,869471730430410191fc9f5124c83d5e,delivered,2025-09-30 10:09:00,2025-10-13 10:09:00
eac43ded77224ec4b1450a62b2e224ae,685a39cfe7524eac93eb572cbc24e2f3,processing,2025-11-01 15:31:00,
82fee7d097e3476eadd7ba7c9fe1a200,4c705fcb683e4207bd1f5c3381df16c3,delivered,2025-10-18 19:28:00,2025-10-26 19:28:00
1c9e1cb4188547cf94a0bdc7d95cb718,060cca3a6e38440b8cba483bae64dc84,shipped,2025-08-10 08:10:00,
c1cdf3428841451a8b32da2674cac4b7,2d6942dbe9d046d0bb12dc4df1cf39d5,delivered,2025-10-08 12:14:00,2025-10-22 12:14:00
957d69263195483ebab52fa2036b956b,9d810065db3d4f6abe69a18ac4482dc3,delivered,2025-06-09 18:31:00,2025-06-23 18:31:00
ccb8a0f1600440a7a10d0c8aa9a746b7,b00afabbbff6408d9c9bbeb55277bb52,processing,2025-10-25 12:32:00,
3ff42217618b4f39870c97b16ca52150,a99232b7bbf9466ba8e7bc994181bd35,delivered,2025-12-11 11:54:00,2025-12-22 11:54:00
7e855553a25a4cda97e27535ceade853,0337ce9d1e4a400fa7f15a0d0742543f,processing,2025-11-26 13:59:00,
4d7952e9c8134786b241385a42c4969a,8ade1ec35fea4099910310225f1a1281,canceled,2025-06-23 11:39:00,
5ac594f0a97d4707b971bec86d97b777,93af8ebccfcf452490dee4c536dbde8f,delivered,2025-04-26 08:48:00,2025-05-09 08:48:00
fed4bcfa2bfb496b8ff98f68450640c5,ea780d43054a459387d22e9b2d9732e6,shipped,2025-12-19 22:26:00,
ab9128d6edc84c00952fa2b76b9a392a,2b7c29b9715f4876a5a63269af83c00e,shipped,2025-05-15 20:33:00,
e308d750b9b24c2792df725a31d8aa9b,b92f20da50724c87b43e5c6efa382e08,processing,2025-08-19 12:08:00,
382b73b76bf241c29cfc97044edbed74,f111c4d57a8a43f8ab7028ba20ad3410,delivered,2025-09-30 08:06:00,2025-10-08 08:06:00
99687061a50e488e94747aa709a9dbe9,dd6d77ebd8dc41cca5dd2ebae12fe7ca,delivered,2025-02-28 10:25:00,2025-03-14 10:25:00
77a6fc7553cc48b3860c24b2b3757165,e7f1c6a4ec574f9fa13f31010401b18e,delivered,2025-12-09 08:32:00,2025-12-22 08:32:00
9b6c931b32714c4db79ac292f905b136,ba4ded7cf04240b388bc1b882d014a58,shipped,2026-01-01 09:21:00,
4969ff4a269446a5943b1057682b5566,27130d0f623445bc85d848cb7a31da8a,shipped,2025-10-12 20:17:00,
31dfd71afb1444a2ada51a4c597ed7c2,0a2b552b636140e28f6de18e6f9d1b62,delivered,2025-05-20 08:36:00,2025-05-23 08:36:00
50ac40ba3bd7429a8a070d4ad03178ec,da53e4ab7de443ffbadef05a358334aa,processing,2025-10-27 15:45:00,
3995ae75b39440dcb7487182ce3ecdfa,928133bcc8ab4980a222cf47da699e24,shipped,2025-11-21 16:42:00,
6b912a47add04960859348770feacfb5,2075f09ac7f0482e9e75a531cd295ae8,processing,2025-09-04 15:10:00,
28e4b7a9309c4b23a06788c9205a7229,b479efc600554a308c3d0b750bb1bb11,delivered,2025-03-09 10:57:00,2025-03-18 10:57:00
424b2e5bb6344bf7bd08b666f9f50289,39fc8981a4e145c89307320c1c0f0120,delivered,2025-07-03 08:10:00,2025-07-07 08:10:00
59a5a9969eac4f6188c20e552b0eb3b9,0ba13d9937644ac1bff1fcaf722dfe46,shipped,2025-09-14 12:41:00,
1da9100c95424e969fe1520608ed23b9,984c86f645ca462880804380916a17f7,delivered,2025-03-01 07:47:00,2025-03-06 07:47:00
613002ec96494a9f97a22713a84f1ec6,242a48c6a0564c06b592e7e54f9624bf,delivered,2025-05-22 13:58:00,2025-05-25 13:58:00
33ecfc66a38a4bd992d30b02cc2254b2,302353657a884503a68710ff595434ac,delivered,2025-03-01 07:01:00,2025-03-07 07:01:00
a8f6d3187d05478cbb0d9c7aba9e2be9,8ec92879cc9842bf85c1c35fe9f72d8e,approved,2025-04-02 14:25:00,
9a14a4c6f9f64b3aaae743934f2ca32c,5855cfcdf5ee4dd1ac8bcca50371d78b,processing,2025-03-03 10:34:00,
36455ce1caa0457b938f99bb853dd459,4fba87cf4c2f412f89edd3f6357b77a7,delivered,2025-12-08 20:57:00,2025-12-12 20:57:00
61ab7638bc3442b8b4574b549a687a6f,3f921107c3dc47699f7be5e645be87e9,processing,2025-04-27 09:41:00,
feb113afc9414af987b7477b211fd7ba,4d5b8501930c48eb96ca44e6b8c6823c,delivered,2025-02-06 06:35:00,2025-02-14 06:35:00
bcec69c3097e428b94c741c55ce78590,d2dd439baeab4fad9d1f4a8cf7373112,delivered,2025-01-28 14:59:00,2025-02-09 14:59:00
006c47a381934a999798e255bc8a1110,17c2a00969d8491da4ccffd40a026cb7,shipped,2025-07-03 20:38:00,
d05c8165d0b6478288dafb521b5e540b,97e463878ec74d4fb3632fd5a9035541,canceled,2025-06-14 14:42:00,
9709e1092c964c90b4140eca04e80cdf,ca947998ca574fe4b082364b5bd0408c,processing,2025-07-18 14:09:00,
f6bd486918d649d38d2f80058aa273e0,6111bc068b5448009104c0617f174cb9,delivered,2025-04-24 17:36:00,2025-05-04 17:36:00
96635477840d43dd9f68ff15023967bf,26ba9b4a62e641a4abedbf547fe0b281,processing,2025-09-15 21:25:00,
643d5977bc6f4e6bba9b2ee44bfbfa97,647d606240be464e8210ca972682d92a,shipped,2025-10-03 19:18:00,
4a113c194c034e788e74cd31a0ba9557,75227fdeebfd4218a6d8d146f5d79c0a,shipped,2025-05-25 08:11:00,
992437abcdf24986a33c98a46fb3d659,decc02c8f3f046f38e43c251a0072009,delivered,2025-05-25 18:02:00,2025-06-01 18:02:00
6737c2596d7e4410a4899278d21847fe,17ab532a8fd44758b1bd98c0818ab57d,approved,2025-04-15 21:02:00,
2f299df1b57b43e18a5996331ae92b87,32bc6e1e9eb3475fb7cf6c76d021a70c,delivered,2025-08-26 10:14:00,2025-09-02 10:14:00
6b7caa0a0ca6474288c5ef58b08d7a29,5326ae52ee464fc49fa4064c6a3202db,delivered,2025-12-31 12:24:00,2026-01-03 12:24:00
ce6c001ce1db4946b5eda51b5ace634b,0cd3975bc5464327832aecd1fcf3b232,delivered,2025-09-23 21:03:00,2025-10-06 21:03:00
c9d1ef8751d24e7891e64fdff0e34f71,81bf1670d1f84b37b8b5597afc4ba75f,delivered,2025-08-10 11:53:00,2025-08-21 11:53:00
cb4d778b904148ccbbc9d116e3b788d9,42974f8a45994a2f8a9c951689ada8ae,delivered,2025-07-11 15:32:00,2025-07-20 15:32:00
a0233332568c434dbaa75759e1533fb1,3483d80902324a88b890b8422c729491,shipped,2025-01-27 19:16:00,
43cd4254c1774e259248d4c069ca8814,164387e559b9423a81cf91a54ed9e647,delivered,2025-07-12 14:32:00,2025-07-17 14:32:00
f8504c28e281495d9ea0345bbe87104f,b8b02394ab03481294217ac404c84bcb,approved,2025-11-19 17:25:00,
52954d0500fa42a790337095b4b67fe1,4f3bd7fd60ca4d189fb2eba395c26f53,delivered,2025-08-11 19:32:00,2025-08-18 19:32:00
f5340b87b12b4961b2513e771a2c3acc,f25ff2ae57004ac3a83ef6e1c207d466,approved,2025-07-31 20:50:00,
f0cee70eeff44f96a55ec69bd8ebbc59,e7f8184de3584c6197ed745d6a71bda0,delivered,2025-06-20 13:46:00,2025-06-24 13:46:00
731869d5b8264eacb5d5b5b249d2bc1f,8dea07bdced6409d81e670e5b6427b02,shipped,2025-06-22 12:39:00,
35713528145945689517cbc642bac37a,3c2228d887f1412fba2196d69fe39c94,delivered,2025-11-25 18:59:00,2025-11-28 18:59:00
a74b0261bf2241118dbb3cc661ce1abd,406c75553c1f45d1af1c9b58abd2185f,delivered,2025-04-17 10:24:00,2025-04-30 10:24:00
153e6f6137894cd09f9b96a668dc7eb0,89d5f0683d124fe6894f73ee0ffa7ed9,delivered,2025-10-05 18:07:00,2025-10-17 18:07:00
fa15c1d093534893866dab6c88bdc443,f04c6af1bc224e6bad538140692d94f0,shipped,2025-11-25 15:08:00,
e106735ee6044c138e1389a6fc832c24,8c20779c0f8c4cccbebebe282619ef8f,approved,2025-10-01 12:28:00,
fb6d9c23e5c14664b929f47432d46ef5,4367025922964965ba9bc57e8c9af290,delivered,2025-04-22 20:05:00,2025-05-01 20:05:00
58cbffdebc4343bd96bfcf507e5bf322,7ad6a89358264c88a5ceadf9a079cf1e,delivered,2025-06-14 06:29:00,2025-06-20 06:29:00
485e4dde4fef43769dc300f6820d7a73,fda1dc15abf04028b3544ebf09027f9c,processing,2025-12-20 10:02:00,
a5a34136f5a646d08fee9cec2663ee21,8d5755e54cd34b1bb15edb3f8a465489,processing,2025-06-22 15:20:00,
dd7b63a438bf484bac7c6dea4b8c7ef1,6ecaec12bd0b430fada3c45533227588,delivered,2025-07-19 13:44:00,2025-07-27 13:44:00
9400a549af154a83950bc76e867d5f01,6d3c5018ec3d4bc09877e3adef7cc848,delivered,2025-12-28 09:13:00,2026-01-08 09:13:00
8fa3a0aef398411684a685bff4ad2f45,3aaa98f517484addbf11e0ce2a78b9c2,processing,2025-03-13 11:13:00,
0392f7c4990341af814307c899ad77bc,62e9187938694bf18d4c3479e3110fe8,approved,2025-04-04 09:03:00,
194b1c39cce24c9fa1b0efa70a9156c7,8cfce1974fe34e77bdfff77c128775dc,delivered,2025-10-20 11:57:00,2025-10-22 11:57:00
76f8f295fdbd43889764aa2576a8815b,be8b5dba37494e339310e839f5528d63,shipped,2025-08-17 12:31:00,
c638b3d0dff64175a8381201146d0133,fd9b6abdf6864edb8a0486a0fb4a66b3,delivered,2025-02-17 11:14:00,2025-02-22 11:14:00
e810279c7ccd45189ef7ab1e6a53d736,f8df3129efc4486e977f32cdeb3844bc,processing,2025-12-26 12:47:00,
f5135bb8775a4302ac16565d7c4de05d,24096034c00b4b91a26d7f15e12ad8f5,shipped,2025-12-29 17:38:00,
f1d8ab104f744151b70239d16bdfd40d,bfa5d1a5020d470f9806747a40919ce1,delivered,2025-11-04 10:37:00,2025-11-16 10:37:00
496c71f9c21f4ecd944dd53465986f8b,8c44400a44c94defbca76dd9f2e14e34,delivered,2025-03-21 06:04:00,2025-03-26 06:04:00
2c703f0a36c94c9da2ee6cca98b0c23a,3c2228d887f1412fba2196d69fe39c94,delivered,2025-05-27 16:56:00,2025-06-05 16:56:00
8c5d126184694d83a4bb6c64af8f69a9,81b0a5d45b804db6bd795264f99e0e3d,shipped,2025-12-05 16:03:00,
596153ab25204df48080cb418c63578f,a4d89bb7c82c4505883b7f2d3421d91e,approved,2025-12-28 15:38:00,
76cda75cd0d0438187fa88f1d714caac,d2d1b25ed8564de283571e2c535459d5,delivered,2025-02-11 13:38:00,2025-02-15 13:38:00
9e83d36e18c84c5fbc4b0516b33a6a82,17d4819d172a486684a1821ca90f7925,delivered,2025-07-30 19:47:00,2025-08-05 19:47:00
36aae813e65a4c2b94eb5c6fcc34d0b7,0ac6df06c4eb4e05a2a4b85a9b674f87,delivered,2025-03-17 19:35:00,2025-03-22 19:35:00
3a465a5b9c1643caba403f840a31ccbe,ed9d83d1a16b4bac9f16b3b910157723,delivered,2025-01-08 06:45:00,2025-01-20 06:45:00
5465ecdfd2914658af1112bb639504da,a39e880533714eb5b24de824c8d7e170,approved,2025-10-15 12:53:00,
abbff48b73e74e68bd1bc80f170fd255,158640667e304aaeb1ff00dc10022a16,approved,2025-08-22 12:44:00,
6593613c3a4b4b9faeb17ffc6296eb83,e95d235b72744223ad0b1d8cc877b291,delivered,2025-02-01 15:31:00,2025-02-13 15:31:00
81fbbf09b34d4809aaa881313d4b8acc,e15a7c7dc41b4a4c9a9ad679177161a3,delivered,2025-05-28 17:56:00,2025-06-05 17:56:00
a0edb74849dc4d5ebb792627ef34a18d,be6c6e01b16e490cbd909716a8245af9,approved,2025-06-13 09:32:00,
4e86b751f2af432e86642d98bd359f2f,bc8ca319046a4ed28b8e1637af0ba8ff,shipped,2025-01-06 18:44:00,
1c9cea2b8d874842997b771a85cd506c,ec31c591121d491289c1719503ce0cc4,shipped,2025-12-05 10:51:00,
e3a0f125f46a479288fa9f950a78ac01,0943a0e99e6842708a9bf7a627fd4e19,delivered,2025-05-01 08:47:00,2025-05-12 08:47:00
6050e7d666cf42b5868dad8c001ef844,d3536982fc374c28bfa653b0d712b9f3,shipped,2025-10-24 16:45:00,
f7ff641a3f844be8812ea754f78a64c9,13f194b1e6c54cd3a3be87c490974b5e,delivered,2025-10-25 12:41:00,2025-11-06 12:41:00
0028b08914024c6187ed0b8406152283,b8f74f8518164b208ad52b75f68e8e1c,delivered,2025-01-20 22:44:00,2025-01-23 22:44:00
5b7d8c768c1f48f6b6990cb5ac22c270,88264f5dba4b428095ebf4dfb6494926,delivered,2025-04-28 10:46:00,2025-05-12 10:46:00
218a83438b2944228c76eb4091a6a5c7,07f1faadcc10442fb833dca909f3922d,shipped,2025-12-11 21:19:00,
7b5afc019b214076b53c24844013d4cf,9fce4a7c2fe540b2b59b2a33f705dccc,delivered,2025-01-18 08:39:00,2025-02-01 08:39:00
34740d5e49314b7a9509073eb4dd1581,4d2ee06f4d064b99b45e2a902bc24449,delivered,2025-01-04 22:34:00,2025-01-09 22:34:00
a99256db54ac4f72b406c9e36cdbe98b,8dea07bdced6409d81e670e5b6427b02,processing,2025-05-18 14:09:00,
2449d5ce7b944c31b1f147fadc8605a3,e2aa549a4eb24151b062824684497796,delivered,2025-05-30 10:17:00,2025-06-10 10:17:00
9f0a0021e02e41ec9acad727a4462334,a15874e414dd482c9b8285b909be6622,delivered,2025-09-11 22:21:00,2025-09-21 22:21:00
d2f53642f989425ebfb274cf8b6f737c,fc83da48cfc94e3e90352422b5a12a25,delivered,2025-09-13 07:09:00,2025-09-18 07:09:00
12199a25e7bd4522ba3ebd1ceb6c7443,e090c21e33a74190867cb535545634f3,delivered,2025-12-10 12:05:00,2025-12-12 12:05:00
aebf9569ea3b4960b266ab08836ddf7b,e7f1c6a4ec574f9fa13f31010401b18e,delivered,2025-08-13 08:38:00,2025-08-16 08:38:00
97a907d9739d45899d357414a765a856,eef3960264c64beb819b1b4ca0b8037b,delivered,2025-05-03 20:49:00,2025-05-14 20:49:00
2993bcb2c12e42aca2df09bdc57b96c3,990e4a4d4688424b80ffd45e2479055d,processing,2025-05-03 15:57:00,
5c71055c72a842dbafc1e04dbe49427c,48801d64dcb74acc99bdc93e23566ac2,delivered,2025-03-20 15:09:00,2025-03-27 15:09:00
b87b9f8c641145c2b1639d7fbaedac8b,ca947998ca574fe4b082364b5bd0408c,delivered,2025-12-18 18:13:00,2025-12-21 18:13:00
320e2dba89a24e209563210b9600e589,a35dbd517e504ceaa9edfe33741bd5de,approved,2025-03-22 19:53:00,
7f89d1f4d4904174a79920accbd7e683,d8ee899ff9444ba79e87033f40a07912,delivered,2025-02-03 20:50:00,2025-02-17 20:50:00
39c074173c9d4adba8b47e3ce0d8d77b,adcc08c718464a10a11647b27ae49cbe,processing,2025-12-11 19:05:00,
6be15ce675924af1a665ee3d17ef6ea4,d78ae05c50aa4de38421d9c60bacbed2,delivered,2025-08-07 20:44:00,2025-08-11 20:44:00
2a1b8cbb50874fcd8fac43e4d04cccf0,fd0fae230d184786a83fdfd7c3a04fb7,canceled,2025-03-06 06:19:00,
2609e19c0b6946d0990883ef0e0286fc,0b01eeb4ca1f496d97e5923811b8a7e9,processing,2025-09-10 17:50:00,
c757ea6871a8428daec453da6fc50a0b,ef1486fb99804640b47db23bb2447257,delivered,2025-02-15 07:05:00,2025-02-28 07:05:00
5f78ec7be83f4f0b811cfbcd10727769,d4333741fc3242d698170a9461dd6c5f,delivered,2025-01-15 22:46:00,2025-01-19 22:46:00
656525f22d714efbb0e20d8614c82ce5,bbf6b044c22143809f94a428c03e4d37,approved,2025-11-22 11:13:00,
fe670d2624d94657af8aec462b5933f0,46bff145f2854793b9d10f93392bd34a,delivered,2025-02-19 09:30:00,2025-02-27 09:30:00
73045f6dfb0e4c7da244c8e0e2e005a5,2961fa2cf5b4487da55c8cc334ccb92e,delivered,2025-06-16 09:20:00,2025-06-20 09:20:00
ed005794962b46618d0488270f717491,abba5bf22a52413d823c3a138ca42921,delivered,2025-01-22 15:38:00,2025-01-30 15:38:00
379b9c05ee1e407fbae7fca234d0658f,4d733858200641d09c493dc753ec3a63,processing,2025-05-21 19:36:00,
80b0b3684e9d470caa9e9b97081de4c7,95117b1b69814e8e9367dee2f706084e,delivered,2025-01-23 22:19:00,2025-02-04 22:19:00
e6002ac9308e4cb9aa41d31561971f71,53781c6720a14c6aab24658ff435b340,delivered,2025-06-21 08:30:00,2025-07-04 08:30:00
c9c1ff21a2fc47a49cfd05ffe6e3b2c7,bc185e9b7c2542b192c95cd852d4f406,approved,2025-03-06 07:48:00,
2ad0e01f9bd8494d816d18614cc2d198,619fa2ae9c364816950594b8b6951051,delivered,2025-01-12 22:53:00,2025-01-21 22:53:00
dfb38be4e1394d4e831958abf4d25e99,a1f629f9fd2f4cea90674afc6f63f779,delivered,2025-08-14 16:59:00,2025-08-18 16:59:00
86b259f300c44ae8bcd4cd540f4cb2c3,3e7574bc84444c7d8942aaa034277bcf,delivered,2025-03-26 22:55:00,2025-04-01 22:55:00
a897656470c24b6cb98e2628b8bc9147,e2d27528dc4c45f0ab6280201624ad5c,delivered,2025-04-29 12:20:00,2025-05-09 12:20:00
cf19847c53b041a39a4aa6b582731f2e,28ebcb3c28434594b68c1a41d3663573,delivered,2025-03-31 08:03:00,2025-04-05 08:03:00
552eaa7146da46139ec707ef2b0d742a,0510c2b71ca44d4bb39a605e9a0c9141,shipped,2025-01-08 06:09:00,
1d72d0e749cc499ead77cc7c4bd39b0f,5f7a89002f334669ad09b6c12fec8fee,processing,2025-06-12 10:12:00,
dbb3ec052e0240289a83a478a7231c6d,26a708f834d549e7bcf50d93d1242e32,processing,2025-01-13 19:11:00,
dca7ffd86ec64ec4b4258088be41135a,01206ccf71c5494eb347bd7c986dea60,delivered,2025-02-12 17:30:00,2025-02-14 17:30:00
b8b3cb38d2954db7893f6cbb844c6445,aeb0e756170c4f4a92064ce172e173d4,approved,2025-09-29 12:10:00,
1b2e3bfad4ff4fc8bf8f71b29b3de2b0,0edc765eae3940b082dcf243317793be,canceled,2025-01-19 14:06:00,
6481b69406384d638b14e3204ff6c25c,e44df3a45fea4f399dab7e87ffdca1d5,delivered,2025-04-26 16:53:00,2025-05-02 16:53:00
a2df06d41dad40f2a4db6813382de624,5e453a177ba14d86984cd77ffb0e8838,processing,2025-06-05 09:45:00,
8d2485aad66348e2bf5818a93fbb8879,6e29e29c161b4e7290a55c7cc914bc47,shipped,2025-10-21 10:53:00,
96152d9dcf6e4cae8ed765d8222930e1,fb07b886190c4fb1ae2d6b45eab0d13a,processing,2025-12-07 16:28:00,
8a4254351b8e4c4095c8f9d00d5340d3,6a1aee3700904ad7a1875634cbb541b0,delivered,2025-08-04 15:46:00,2025-08-09 15:46:00
79c7a11b38c44280a14d6d295c9167a6,0b6729ef792f4984a67d7959079284d7,canceled,2025-01-29 14:52:00,
2011ca4239aa43809d7cb2dcbc5eeea4,50c982cf1d4544b896b14e32e306c972,delivered,2025-01-23 16:35:00,2025-02-06 16:35:00
a058603204a74f00addd94df8b9d78b2,c057ee1fabb744178e73c9b0f706ed43,delivered,2025-07-04 22:22:00,2025-07-09 22:22:00
6a5ece74f81c4e358bdf5e78dd243605,960479941df54bdea8e3bc1a1a7e1873,delivered,2025-08-09 10:38:00,2025-08-13 10:38:00
6e77547a3699448dbad90fe1c72793f4,f42609a24721436ebf5d31312af8f7dc,canceled,2025-10-02 07:46:00,
11bcbf2e75214df796643bc3ac7adcd5,41c5bc1f29aa4b4da968314311e99771,processing,2025-05-22 08:36:00,
42b796cc096949f8b727a7775fd2080a,7f332aa89a1e4d418ca110cfe28e7f13,approved,2025-05-09 13:28:00,
07e864c5c53c4cdda44d7dfb2b4e74dc,0b6729ef792f4984a67d7959079284d7,delivered,2025-02-04 11:52:00,2025-02-15 11:52:00
56a91e4e025746cbb967645690cde297,d827faddc0f74d53b6faf9f24d8b6ae8,shipped,2025-07-15 17:21:00,
4278b674d83742fa923dc160c7d34041,c648649cbdf249fb8987a007f2a77b5b,processing,2025-06-24 07:54:00,
9030fa12eb62444ebc745fd49a255f87,897fe0f417ea458b8ae0742f5148a690,approved,2025-01-05 06:23:00,
5cf84e2a289e4d18a9101b5e65737e3c,3e31904d7fb8429aa82f61fd70bed96b,delivered,2025-06-02 21:52:00,2025-06-14 21:52:00
60cda16b4274409c86715335e03e955b,4232df3c75d347009c837b03036186e4,delivered,2025-12-23 10:28:00,2026-01-03 10:28:00
2caa9a49de6f4f7fae2131368d5e8224,d31ee5442f0e4c3aa21cbd7e9280f195,delivered,2025-04-05 14:25:00,2025-04-12 14:25:00
a01aaa5e6ff6497288aa244eff50f200,0a88acbcf3c04b2189aa9c070f022bf5,delivered,2025-12-16 17:56:00,2025-12-27 17:56:00
63ed2c26b0dd4f9e8542e5eda73de3df,9d85003d142a4858b123790d4528ee55,delivered,2025-02-28 11:02:00,2025-03-03 11:02:00
0c862998a18446f58a0a792278b170e9,3f20f3926a884847921b7270250982ae,delivered,2025-08-21 22:59:00,2025-08-26 22:59:00
d45b8082e2e34e97b4f55e2937b19839,9ff748dc2b3c4469aec75645595d740b,delivered,2025-08-19 20:50:00,2025-08-22 20:50:00
21d04433511e4788bb783cbd5e3597c7,d647f82cd7394771b5d22424b51f1749,shipped,2025-11-20 07:06:00,
912501fc89e24cce95e3bfa770e97842,f16da6104c4d4b668e0d25eb16f638e0,delivered,2025-04-23 09:54:00,2025-05-02 09:54:00
c8a4f5df200641e3aa99b8bb23733bf6,77d0f8b2dd0e43c79c3145654dd58047,delivered,2025-11-07 19:12:00,2025-11-11 19:12:00
ddd79f3835504ea4a4bf5c7a493303ee,9901b98cc4dc4640be1c8b760749f110,delivered,2025-04-24 13:54:00,2025-05-05 13:54:00
9d019d84da234ab0a6257cf05d0dfc55,c810702ea65049b7aa1c944f49110f25,approved,2025-06-14 12:06:00,
f153aa8949034d46af5f98590dabffb8,24096034c00b4b91a26d7f15e12ad8f5,canceled,2025-03-09 18:06:00,
066c8f5a23844ac08fa1c3103f22ada9,2daad92f7c9b4d2aa1b463da9d842a55,approved,2025-03-23 14:01:00,
7ecafe1775b646658ee17d883b675051,6b4e1f00ea2f4b319d5ede69ae115964,shipped,2025-01-17 10:20:00,
23dafc7fb3c5486fae77a0c6fec0de5b,6143a7c1bd8448ac84d76cc6483f03bd,delivered,2025-12-29 16:54:00,2026-01-08 16:54:00
72c19b4a89214c22bebb22ff54efa63b,72a76da777c54ccf9e6e9de14befe39a,delivered,2025-06-25 07:40:00,2025-06-27 07:40:00
33dc92bcd3d44ae081323a18a2268327,2daad92f7c9b4d2aa1b463da9d842a55,delivered,2025-08-31 14:00:00,2025-09-12 14:00:00
301907197d3e40ae9b6d336f5c3b5081,10d1077db5d44117a65cdab08a997a0c,delivered,2025-07-10 21:45:00,2025-07-20 21:45:00
7e90acf506864d8ba6a56a71805b27c9,4f3bd7fd60ca4d189fb2eba395c26f53,delivered,2025-03-11 13:22:00,2025-03-14 13:22:00
a407adfe0d564cc4b43131abaeb0a106,1620eb4309b34f6198925a0d7e9580d7,delivered,2025-12-11 07:45:00,2025-12-15 07:45:00
c0f49e1833714846a5412fa0e8d9d230,50bbe030f2534c958eb8b214b5199908,delivered,2025-02-26 15:37:00,2025-03-02 15:37:00
1e5f15d0e53f4a5485cf537479547f4a,591386df1afa49c2b6f78d6ae0e4f88b,shipped,2025-06-02 08:24:00,
da6854f7e41c4b5d8e0ee7375abde110,76172bb2f94644e58ccd18411439aade,delivered,2025-12-30 14:56:00,2026-01-05 14:56:00
75d587367f054362b822dda4d1102ed0,1a7a6e59bca84dd8b4cd05ba5bbdb9a9,delivered,2025-10-30 11:31:00,2025-11-11 11:31:00
a714ddca997548cda63a42357b4e5224,788a4a254d97407a8c5e5a0e37a99236,delivered,2025-04-12 10:00:00,2025-04-19 10:00:00
61e99855112649859d54ad9b87dec8f6,e5fd3b2f711f4a058ada04cc57728cde,processing,2025-07-07 20:00:00,
995599e65f3343329d8a0b73af6cc1e3,8a2ab60b775c4e8ea134a7dab7d26eda,processing,2025-04-07 13:00:00,
3e8673b6897148b8ba55889a6456224e,bed23f154a5348909833877987ff76cd,delivered,2025-11-16 14:35:00,2025-11-19 14:35:00
84f1ed28b0544809b3bfa5ad530a7db3,d5cbecb0f1e649c78ba130c4d1e7ad34,approved,2025-10-15 22:53:00,
9da1b7429fa14400a70a325ff54b2f25,3aaa98f517484addbf11e0ce2a78b9c2,shipped,2025-09-22 21:18:00,
72b3341218c2418084b1af98088db37d,2ebec03f4ef14658998e3dbb86afcfa6,delivered,2025-12-11 21:58:00,2025-12-16 21:58:00
87d13015030543a8ad56deb314195f45,4342706966e0454e8b9e35a2ea0a56f4,canceled,2025-11-19 06:09:00,
86f8931d7de74d2db731b2c009ac2e99,83ecd727d30b4d6584f063cda27f73f7,delivered,2025-01-11 07:34:00,2025-01-14 07:34:00
48d976a3ba3b4bcfa1bd08e4bd5c32b3,a6e57481230347d1a9ff970a3274d2a0,processing,2025-04-24 08:04:00,
a520bcc8cc4d4fc5aa7350246ab86510,bd993d2a2958488a8f45436eed6bcc53,shipped,2025-01-07 21:22:00,
c38a63bf6b624cb7855cd76acc846ec2,0438d8697a124b8c83ab2c7d627c969a,canceled,2025-08-28 19:10:00,
555454734cc24b489f6b5d167be0656d,b9d58718e41548ca8f1189447731f449,approved,2025-04-21 14:32:00,
ecd8ee20def74a3ba238c3a7dd701536,84aa63b82667438fbd7389b3b6e05fc9,shipped,2025-05-28 13:03:00,
d46bdadc9fc642a88ff96164c6ada906,3f40aa66a59343749c371654ccf0d7b2,delivered,2025-05-14 21:21:00,2025-05-21 21:21:00
87707096f17a4edd86a72f095d0a199f,505fb25e645e406d855a246f70dac89b,processing,2025-03-17 13:35:00,
69272d74fd2b4a72a80c707db4bbc05e,ea5e6a1c57f349939b5f1b0474c6083c,delivered,2025-10-01 09:59:00,2025-10-09 09:59:00
e8ada7ebcca1427c998b7c76bb575ebd,ea780d43054a459387d22e9b2d9732e6,delivered,2025-08-23 08:37:00,2025-08-30 08:37:00
89f7bac6b9194150bb4446b2483a2d44,49a3e881a2ee467f8b55086c66dde12b,delivered,2025-01-15 21:14:00,2025-01-29 21:14:00
a85483550b8f494ea1970b606ee7f1d9,7ce198ca69a845e19061b865625f4042,approved,2025-03-04 15:24:00,
6f22f74916f94ce7a33724bdd816f7b4,f547f89301c1462c9d1e8e34b75df9e9,delivered,2025-05-31 10:34:00,2025-06-06 10:34:00
2f3910641cbe4d2993cfbe86161e0cc9,faf03e51e43f4ee7ad999fd4182f2fb8,processing,2025-08-01 12:48:00,
96511640480644298e0c09339dad8559,24813d43c1454e9a9494924ceac40bbe,shipped,2025-10-06 20:11:00,
13683df8c8e94e0a9c7f24d301fd4a8f,e5b49c5ff8994d69bc337837c4a0fb74,delivered,2025-03-27 12:33:00,2025-04-01 12:33:00
60e729ee4984464e920be7a9c6fd1552,d9063846d8ba46c796ccf1b47b4235ff,processing,2025-09-04 07:19:00,
7572a46a3c744ac89729f649f3cc398f,ec31c591121d491289c1719503ce0cc4,delivered,2025-03-13 21:44:00,2025-03-19 21:44:00
0d8be207a22d44cabb4e8ffca85e565f,79abd47819a24a82b1d9736d7d34c1d2,delivered,2025-06-30 16:35:00,2025-07-07 16:35:00
a34326bcc2bc409b80575caf865cac58,dd6d77ebd8dc41cca5dd2ebae12fe7ca,delivered,2025-07-07 07:10:00,2025-07-12 07:10:00
056f9a7cb08644debeebfcee06bc60f0,0632a1d970054ee5b0a04d77224f6b0f,shipped,2025-03-03 06:32:00,
afb3545fe1594997a6af43bb66446a33,9d85003d142a4858b123790d4528ee55,delivered,2025-11-28 14:46:00,2025-12-08 14:46:00
5aac6028e23f4944965b7bc496bd7d56,197734af201f417a85df55ab33edfc43,delivered,2025-06-16 08:16:00,2025-06-21 08:16:00
fef90388c42f4f71a17f1164e4d49b6d,8e26198e3f734d9daf49268520a600a8,delivered,2025-12-30 11:30:00,2026-01-04 11:30:00
6f2775612bc743cfa89df11552f85c6f,7ab7708a8a034f908cef3624c1a971f5,shipped,2025-05-17 07:37:00,
51b80deafd7b486991639c72989ab074,545976d458084711be9bad7dd3b5edf5,delivered,2025-05-24 21:05:00,2025-06-03 21:05:00
9d6cf87865124e23af6b9dcdc1e7918c,2b250b70e0424dda8ed63c93e4c55c1c,processing,2025-02-03 12:52:00,
ccd31f168619423abcccc6f877e71a59,7e826d58633848af8f54d3246a0f1f58,delivered,2025-01-20 19:09:00,2025-01-23 19:09:00
d2ae1ee69baa41ec99be8b12d6fa5fe2,1efacc5ab5ba4d72b9cba7f402b4b25d,delivered,2025-07-29 09:14:00,2025-08-03 09:14:00
04520084e26741a8a0ee4c5275ddb7d1,3c552be3760040bd9de1ddd62eee405f,delivered,2025-04-07 13:30:00,2025-04-09 13:30:00
87f540bc130e49b6b79cc2522a1ef2ef,20fbd0d20de74a7eabd5b0089aaaecb6,approved,2025-06-14 16:22:00,
6cea0408a06c41528c4c164d7cfc3557,d1bd18d17a4d4c36b4fb2f445560b53a,delivered,2025-05-29 09:57:00,2025-06-04 09:57:00
ae4304c6c55d4e81a964e9c1b7574d9f,2a646bacde574276856c17f618d9025f,approved,2025-11-28 17:29:00,
d579a08d6845433989e4979a7f401643,90eea48337d543adb99dca49da236157,shipped,2025-10-13 07:47:00,
29ed3964ed1449f99777666ebd6f9325,1d3a4b70543e4a558c8a9fbb04d0c8b9,approved,2025-10-17 10:09:00,
23ae7c409abe4b4fb5efea90dbf52549,7dc05bded1144c27af26635cfa4ec257,shipped,2025-04-07 19:26:00,
710876157c3241ad91f01811b6e16785,f42609a24721436ebf5d31312af8f7dc,delivered,2025-11-21 17:44:00,2025-11-24 17:44:00
193bf71da84f4ffbbd4d62dfc8368e35,94eac354ac974c2b861180beaea38efe,delivered,2025-10-31 06:32:00,2025-11-14 06:32:00
09bc0f412acc49e29ceb6267a287a72c,34d2f69b69aa431cb920e96ab10aedfd,processing,2025-08-18 14:20:00,
b8d3e43bc8974a7887d598bab2988bb2,3f66d31f101b4f90b290a3590bd50f57,delivered,2025-07-11 19:22:00,2025-07-22 19:22:00
2d7e04e5e6e24b30a4f8c4e879569f3a,bce79a5a4ba14e01a11136990175b002,processing,2025-03-18 17:01:00,
94a1a7b269cd48f28c69354bc7b276a3,5f2b92bcdf2e4bcbb82da897169dcdef,delivered,2025-04-08 13:30:00,2025-04-21 13:30:00
6e80cb5afabb49459cc44371f3d5d3ad,850a392e26214a06a2b67f0f36d3c748,delivered,2025-04-14 17:48:00,2025-04-19 17:48:00
973adfd9e4f549d59347dccf609940a5,15fbb729690e48029b8d6dd7302d9441,delivered,2025-02-20 15:25:00,2025-02-25 15:25:00
93d9f7637fe14dc4b72ae4e3a8a200c0,f652d98040f4489098e0379ba6b4220b,delivered,2025-11-29 07:38:00,2025-12-06 07:38:00
9742c93603c24c898395e2831c281d54,71931d23132b44c786aa1849817d1ea1,delivered,2025-01-11 14:10:00,2025-01-25 14:10:00
4b69e3a0611e439099251371c4d40a48,617ade55558c4a63881f9ee89e04a8c1,approved,2025-07-20 12:09:00,
9d4b84b033a14c0787de1bdd9659c321,de3216cab67142ecba640f2ac9961c26,delivered,2025-04-01 18:22:00,2025-04-14 18:22:00
84308178469a499a892525c663026266,406824e3f0eb45deb6a87e2015ad5e83,approved,2025-09-12 15:30:00,
5440850420164acd942b1e4e9bf1a5b2,40fd3ec08d5c4ce79d4f9f0811354560,shipped,2025-11-05 12:25:00,
9757bf5572194507a1102246010b9b0e,336086d141a148199c4923352542f479,delivered,2025-06-16 10:06:00,2025-06-24 10:06:00
98e30f8643ad44de837039513384907f,50c982cf1d4544b896b14e32e306c972,delivered,2025-06-02 07:10:00,2025-06-12 07:10:00
344d6e71cf504afeb3594534d627895f,d9e7e25c0f314f259fd3b1a49f2dd511,delivered,2025-05-24 06:39:00,2025-05-29 06:39:00
92d33d37da3545b4b16bd2b5fa4dbe87,ee6bd49d13af41a68f0b0e5fc479f445,delivered,2025-05-17 18:17:00,2025-05-26 18:17:00
b3dd9b3eccf048d085050c73c5c1c727,d4bd454670da4f6cba6bacc7ec38959b,approved,2025-07-06 13:39:00,
6e2490b0ea2b4f2caa1fc4bc3fb9fb1d,d258bd4be5054a40addcd3903f0087eb,processing,2025-06-22 18:10:00,
038896478c394142bd38061893c38d1c,07202bd8c8a84473a660e3750be0a40b,shipped,2025-05-30 10:45:00,
87627896ff594adc8fcfdc0e214e4173,3bb785340c6b4484a0e4991778900f5b,delivered,2025-07-31 20:54:00,2025-08-03 20:54:00
0ab39620f8744bfab3a2b98409c000b6,3dc57d4ef24244e69b481bd77e6127db,delivered,2025-11-26 11:59:00,2025-12-04 11:59:00
5ea7ceb60fdc439e807ebe5718575e20,634be7dfd2924223bd16d394ec3a30f8,delivered,2025-04-17 19:04:00,2025-04-28 19:04:00
921e80df4620489da0ffbb30aa2baa3d,b2c3e26a70a844f4919446ea4c97c4fe,delivered,2025-08-13 13:11:00,2025-08-27 13:11:00
e0dc5155d2e94cfdb867ffaddf2a5011,13f803c9add844eea00cbe03d0ce072b,delivered,2025-11-26 20:41:00,2025-12-10 20:41:00
d6b090e62d4d4423a52ff8ff7a4af5bc,5202572240fa4ccfb881f6198b59873c,canceled,2025-10-29 14:51:00,
a0ad793b90cd413b9e79eec8a5103f33,1cc115d0ee2e43099fe11b0c4f026fab,delivered,2025-09-07 21:47:00,2025-09-11 21:47:00
d15fa0799add4bf4a653202d9e124061,95117b1b69814e8e9367dee2f706084e,processing,2025-06-24 13:57:00,
f60e8b0d24f24127a8f1822116870d09,71d1e3af469f4fddb0d486449e7d0657,canceled,2025-08-15 18:37:00,
140f008631d54420885e87a557cc7c81,4312daba871849599e3822a4bcd0598f,delivered,2025-12-23 19:08:00,2026-01-01 19:08:00
26ed6d94c59f467bbf2015a4ddb391c1,b83b7fbbb5f24c36b657b6049ed82a5f,delivered,2025-05-20 13:36:00,2025-05-28 13:36:00
b95a8dfcfeec40c5bcdce679c9c5033e,26388398cecf4433b9fc66bb2d22fd60,approved,2025-07-25 13:02:00,
e681aca777d84831b387432f5235d123,753e3c586c55423f9cc17ebcbc6020a0,canceled,2025-10-29 22:11:00,
9efec80261ed4ffab9e6956880352b46,e0e43c77f1bf45ceb26d1f6b665f9b20,shipped,2025-11-24 08:30:00,
5d1e4ecf1f3d4e62aa52dc2c41a331ac,c080803ae258459f9c6505b8fb7e92c0,delivered,2025-04-15 17:55:00,2025-04-23 17:55:00
4484bb6c65fe4098bc1445352ee53073,fb86b27c6590431ba6f6b363d8ecd0c3,shipped,2025-02-08 09:32:00,
e21ff2732bc24e89bc2ac5faecf6e9f2,55a52c049575492ea5e5706590040cff,delivered,2025-02-22 18:09:00,2025-03-02 18:09:00
2a8a90a69fd94f13b9cef45c9f1e512a,27d93ecf33414cda8450dfa3e2fd8222,canceled,2025-10-21 22:30:00,
d32de514f0874c7ab9382419f2d9d5db,f5b80d95b8e24d7da7550ecca99af215,delivered,2025-12-11 09:59:00,2025-12-13 09:59:00
7aa46364a0fc4ac0ae69694f929c70f0,58e78a3a96d447f18a441f058b05a209,processing,2025-11-23 20:13:00,
13c0c3e9e32f4e05aca6f580cbd60b0c,ba61d62bd6334748a66682b654c8aadf,delivered,2025-07-30 22:21:00,2025-08-13 22:21:00
ca949c41f8b448259f0ea4a16d8c0910,aeba81f557184c9aba571b69efd1ee7c,delivered,2025-05-31 20:39:00,2025-06-12 20:39:00
2edca93148144a548b019d0c34bb3e69,bba32585e92f45b9a4e7277daeb4b72a,delivered,2025-12-07 11:37:00,2025-12-12 11:37:00
4c21a1be8d6846b28fa2e74312587b06,4466f798c7164f90b73bf01d5cd00aa1,delivered,2025-11-30 09:24:00,2025-12-08 09:24:00
424c955e42c24f0ab1d5bece80f12966,8db16174f81247839fccdba0f43cf55e,approved,2025-12-26 07:34:00,
9cd86ad966a845738c74e95ab17138ae,9249abda378b43519279f2ec64327617,delivered,2025-03-09 18:34:00,2025-03-17 18:34:00
a990fc74e0e54fd1b7b4d70c5ac51409,fad83a68edcc4f218064a974072ee3c1,shipped,2025-08-07 21:28:00,
d44e9d8965f9443cb466333720ea8d08,75c4ead55502466494f1e6d745d32cbc,delivered,2025-07-12 18:14:00,2025-07-19 18:14:00
322ae0dcc7ba4d738ecc131fbc7a7296,a985fac7b6f348e8b39d64845150edcd,delivered,2025-07-26 06:01:00,2025-08-09 06:01:00
720d2ea250b6447c8b9709a1bf47d711,9807839fe6aa4f889881cf83b5793939,delivered,2025-01-06 14:00:00,2025-01-18 14:00:00
2ae3587c33244317ac1cbc42083c30ef,a1f629f9fd2f4cea90674afc6f63f779,delivered,2025-12-30 12:32:00,2026-01-04 12:32:00
89b74854937340deb6a1b100e42d86d9,547d07189ccd4b35be16e8e0daabb7b5,delivered,2025-02-20 08:29:00,2025-02-27 08:29:00
db496d9e9c19414b899322353fae93c8,b9abc1aa1d5a4a70aaf0be69db95b3cb,processing,2025-11-27 10:00:00,
0824ee0fd2744033b0b67c09d1579b8f,2675049c646a4823904a0d11bc8dcf8b,delivered,2025-01-07 21:30:00,2025-01-19 21:30:00
a5cd5c5b9b07492f9067978f7f4bc5bd,411c0dc24446433f9a734d572655bc68,shipped,2025-10-02 18:07:00,
d6c13afcf6174f548d8f28afc0b81aa6,38d5f5269e0a489781fc1abd0e1361d8,delivered,2025-08-01 08:26:00,2025-08-09 08:26:00
e9b72dc50193401babaa0ccf4c44fb87,027c8b65e2974311b2bb1f3f3cb7b134,delivered,2025-03-29 06:08:00,2025-04-08 06:08:00
e9b1c49d43ac43089b44fca30710f469,be850540574d40498563fdf86762c68a,delivered,2025-04-02 15:18:00,2025-04-10 15:18:00
bb71522d9abc4c6c80be0cce146733e3,bb6c1bad6a5a4aa883a29bb402293219,delivered,2025-12-23 19:20:00,2025-12-26 19:20:00
43fc8224964d4e689c3b4c71a97fb0d6,1db47e4bd7db4c409dfa753e7a811042,shipped,2025-07-04 19:25:00,
770121add6fb4e068629fd56dca6b20b,b5fe1deb5ef34efbbff5dca0fa8d59fe,canceled,2025-07-26 17:31:00,
e4477b352b39411ea9037808fadc9b0e,ad1bb89c87ac47d0b03e8457129ee2cc,delivered,2025-04-22 22:12:00,2025-04-27 22:12:00
1473f05811fc465bb7da213ad55761de,6c24322805f24442bcacfe353dee2770,delivered,2025-12-11 22:16:00,2025-12-13 22:16:00
746300bf4c194396a2cf49f554121d9a,10a02fea2e3847f4940feae33f3b8b74,delivered,2025-03-02 11:49:00,2025-03-10 11:49:00
a7798cff843c4e2caa68f3c90d0bde85,8c85f2d75bad446884f196cc4749b29a,delivered,2025-07-27 14:36:00,2025-08-06 14:36:00
88689d1a64aa45cc99401a9c695e9aea,3f41b07ef5ae4f31adcb32449fa1f078,delivered,2025-06-01 11:28:00,2025-06-06 11:28:00
767f3b5b57044091a0e91143c927177b,7047796e687642c0848354ff46830f7c,delivered,2025-05-15 07:43:00,2025-05-27 07:43:00
5ed14ad9607f4180bb3bebd00d75320a,cb6150d73a4b4da09e8464e9f24f35a4,approved,2025-08-22 06:46:00,
8e02426e6fef4a699f88c5bc16576069,db2ebf877db64a4386931f11d800054b,delivered,2025-03-21 07:48:00,2025-04-01 07:48:00
85d9d6dc31f245a68e906a0ed2c972dd,ce66e40efd1d499899a71c4d05255cae,delivered,2025-07-18 16:51:00,2025-07-22 16:51:00
92e005cc7c724022868cd65fe6a6218c,a153229b6acf4747afcd438313a6d29e,canceled,2025-08-24 14:57:00,
f39944bdcb2f4f1db9bec173cbee6273,59ab5ee42d234095b47465365861a051,delivered,2025-11-06 08:44:00,2025-11-14 08:44:00
448691834b55463b86575a15393d9cc0,6c8e3a5e55074ceba01a252a8eb51384,delivered,2025-09-08 13:56:00,2025-09-21 13:56:00
a74e183731c04112afde4e7fd3d44acc,7da65609e7574ddeafc9a269042342c1,shipped,2025-01-24 06:59:00,
0f9502128fb64f3680e0b7351d5613a9,02b8221d3361474dbe39f32baa64bbd2,approved,2025-10-19 21:30:00,
1486faafbdee45a882c46a5f2ad17929,eb737a1c134b42b28a6f2f5e968623c5,delivered,2025-12-09 07:03:00,2025-12-13 07:03:00
586a3f4e0b414bd0b91eac5f1327be01,595e3753d00a48a786119ff0924a7173,delivered,2025-11-28 13:44:00,2025-12-11 13:44:00
6d2c46bbac8f424388797e000a9187ba,309d362d5dc5418d9a5d16fde968c388,delivered,2025-03-08 12:32:00,2025-03-12 12:32:00
03bac3d13f6e4568a9fbbb0acf98dd8d,312e86ba66c24424a4901f0faa635fc7,delivered,2025-06-13 11:09:00,2025-06-15 11:09:00
b97151fd30e648cd87cccdec321436af,7fcf18f0212d4d59b9c90dc0010b0e19,delivered,2025-03-26 14:21:00,2025-04-07 14:21:00
c9cdb959efe64ecaa6f1ff053c130cfb,990e4a4d4688424b80ffd45e2479055d,delivered,2025-11-21 09:09:00,2025-12-04 09:09:00
e9614e4dadf44a38932215ce3dff1001,575cb32bfc7649519a0ec0c5fdafb119,delivered,2025-05-13 06:36:00,2025-05-19 06:36:00
669186582e3a43d7822baca21f6c20f5,e3988601011d44738e3fd49f4bd70e6d,delivered,2025-04-07 18:21:00,2025-04-13 18:21:00
56f1c6ad9f5f43f580588996e3e707e5,a04d238e823e4374baaac1875cfc5f8c,delivered,2025-12-22 16:06:00,2025-12-31 16:06:00
1bb7750ccd564f30b4eef30e0d0a952f,17e987935b6d485fa900bc9ed22229b1,delivered,2025-11-11 13:26:00,2025-11-17 13:26:00
c17c34d3ed634b4199f6ad86a09d6a28,2f17693c0672499a9739ad9b0b7d2472,approved,2025-01-14 11:26:00,
c6964ac5533640358a6a07c2b3e3357e,4a9edff8da464668bb5e3d331b3c7208,delivered,2025-11-12 21:23:00,2025-11-24 21:23:00
a063ba4eac094d88b92610c967a0a7e3,1a7a6e59bca84dd8b4cd05ba5bbdb9a9,delivered,2025-12-06 12:45:00,2025-12-09 12:45:00
524c1b253c86493d82b61601987b475c,59a7003d1703406cb267b80d9cbe8244,shipped,2025-01-06 18:06:00,
ec07f236b6a745508f2f6093c52ad32c,bccac0ad020b4b17995f38edac7e554f,delivered,2025-04-01 22:32:00,2025-04-08 22:32:00
3433f34edd7b4e56b1dc8a8647e7f3d1,c32c2bb20b22403392c280e5aefd0634,delivered,2025-05-29 20:02:00,2025-06-09 20:02:00
f5fe71c6e8434d02b0c1c5316476e88d,eeb51ee224224a1b8f5a43b04d2a088f,delivered,2025-01-11 19:38:00,2025-01-22 19:38:00
5a3f9c789d4b4b8fa92e717e3b878171,6a1aee3700904ad7a1875634cbb541b0,shipped,2025-02-28 10:14:00,
c7f93847dae5425790b8324d18d292b0,e5b4e3ab4eac4e8881623031490c0060,delivered,2025-05-13 15:37:00,2025-05-15 15:37:00
689551c11ff140508dc282044edfe2e4,8a0056b2367847f899211a0244dca173,delivered,2025-02-23 13:42:00,2025-03-03 13:42:00
c45a39af99fe47e2acf60deba0a6ad9b,53304f60cd624ae5a03d43a5c4a18156,delivered,2025-11-11 07:56:00,2025-11-19 07:56:00
0ac793c28a9f4a32838b7d65f80df299,9d0f63b92eff4bbeb181ea7e9f901a3f,delivered,2025-09-28 20:32:00,2025-10-05 20:32:00
c94417b0541042308ee747b81a17dcf8,92a0865535de4c2c8e3eed9e10d2f667,approved,2025-04-07 09:09:00,
17dff789c5644231a00ef52e19b37dac,32b6939847034f6db5fcea99db6a3099,processing,2025-09-05 07:21:00,
ed7fd9503fc24673a25cb14279caf36c,35b28fcd47824fb8966f831b2fb3a664,canceled,2025-10-05 21:21:00,
09ade2eeaa7945669c565b944eed67ca,744275e26ecf4b0b9a3808ad307e6ef3,shipped,2025-09-17 16:13:00,
9b1698ca7fb443d5b14c6d4db63e0861,3f20f3926a884847921b7270250982ae,processing,2025-04-03 20:41:00,
3fc77bd6c7454edfb409c8341c8dd435,20c391014a5841189adb0850397d6767,delivered,2025-08-25 21:12:00,2025-08-30 21:12:00
ad8860ac94e247b5a9d79b2c66529b04,4f9fae7b9461439ab750448d8a8be1c3,delivered,2025-01-16 14:57:00,2025-01-19 14:57:00
b49f85c1ae644f02b54c6d5db4e13b04,619790b1a6dc4580a539b6dbfbb14c2e,shipped,2025-04-10 11:41:00,
cd2a71eeed764815b031df3ef904f4b6,98b52ef3e2e0446d87f8b22bc6e14805,delivered,2025-12-18 15:40:00,2025-12-24 15:40:00
d28a6dc27d4845b499a95324747065ed,45f65679ca4747abb94fad9642da4390,processing,2025-05-16 10:13:00,
65983330979e4a46a2696f28eb4c93c7,8c66397ef56a41529b3f174d94327008,approved,2025-01-18 18:23:00,
8178de133aca463fa6baba3db1b0e049,17eeb4f490534ce8a1f4b655a6f03d09,delivered,2025-12-23 12:14:00,2025-12-29 12:14:00
967464ce3ea84ad4995376da966f4e80,46bf6044fc0b4b53b5a4f6fe4656bad9,delivered,2025-02-04 13:19:00,2025-02-08 13:19:00
ab0d3def0fe34f00abd36f9c3b9e36ea,dd05c84b3ad94523a4aa980822c9dbf1,delivered,2025-05-26 20:41:00,2025-06-01 20:41:00
ae8e1f4182b44fee9f418bbcb705644b,c36de0492e2343a1badb9cee3af1a253,delivered,2025-09-07 13:10:00,2025-09-20 13:10:00
eff5cd46ccaf40eca194e382e9df0876,cffd34f4df9b4856bbbc168aede14043,delivered,2025-11-18 14:06:00,2025-11-25 14:06:00
d093e9eddc3949a5b1620a863084dd3b,657962e5620b495a8938da7abdbfd2c9,delivered,2025-04-08 08:11:00,2025-04-14 08:11:00
abc07a82995a472d8145d0d0296dfb9a,bb1e30d73b7c43a9921dfa6ae78c7b65,delivered,2025-10-25 20:36:00,2025-10-29 20:36:00
032aa724336144b186cbf12a1b0ad639,ea28b665411c4b35a80daa7843075247,canceled,2025-12-23 18:07:00,
61cc97c0414d4f01b305b09eedfe0291,0306b8199990439ea70e63fbb275fb47,delivered,2025-04-27 16:40:00,2025-05-10 16:40:00
bee184a4f0a74f3797de1ffe40fc02e4,d2ce7e8c94cf4d679d2f0998bceeb4f0,shipped,2025-01-21 16:58:00,
c21ffb556dc442d09a4b846ff21b3d03,d88447c8f2bf40738d4874dec28d42da,delivered,2025-05-19 09:54:00,2025-05-28 09:54:00
8760092900334d3fbd70c577088fba20,dc3697ff2807494d8e5ca72d3c100d76,delivered,2025-05-19 07:25:00,2025-05-30 07:25:00
7ee5e027ffa6434d8b4e86395ccae6c8,d3536982fc374c28bfa653b0d712b9f3,processing,2025-05-15 09:14:00,
2bc3aef4ae3c4f739b98cf3b82f5ec25,4690252f28864891b7d92724ca89e541,delivered,2025-12-30 06:58:00,2026-01-11 06:58:00
f9562ff4f4fe41759779eb134a61d0dd,12c165805985416489139dd13aa82889,processing,2025-06-13 07:58:00,
24f7d92c0ba94616ad07d0888c19e717,06eae5f3a1d748be88c92da201b4af6c,approved,2025-10-24 10:08:00,
1be38aa74deb46a2bd32d4af468f9fe4,cda0924a262b440a91d889098121bc1e,delivered,2025-01-23 10:09:00,2025-01-26 10:09:00
77b737ed5daa4fc983262472f2b9f3f6,b145d66cb76f4ad2aa61b5794a275d2b,delivered,2025-08-26 06:16:00,2025-09-07 06:16:00
1af159ff8e0248e494667f59478f4f8a,db2ebf877db64a4386931f11d800054b,processing,2025-01-22 12:41:00,
9c4a359ef72f419aa7d8b34846d64d3e,45eabf3841e14f61bf554f358a621c4f,delivered,2025-01-09 21:10:00,2025-01-20 21:10:00
c9351c5aae834dfba9719491267f98df,456f1a273ff24f41ae4e1e485dd0518e,delivered,2025-07-30 10:32:00,2025-08-08 10:32:00
c7f75122046d4acca4a995ef17de9643,ef8298f713b640c1b3a20494acf6f8cd,processing,2025-06-21 09:08:00,
3c6b290fa632476ea2e3726f4f14a16b,d8fbde31473446e09001662dd2c6b7d3,delivered,2025-03-01 20:43:00,2025-03-13 20:43:00
a9537bc61b674c5f90718c65e1d2a421,bee8e992bc65491fb93db26185af9ab9,delivered,2025-06-21 16:34:00,2025-06-29 16:34:00
a2ac7b75482f481b845c78d27679741e,f10a6d8d8f074a49acc66350df030e92,shipped,2025-05-04 09:24:00,
aa163f5aa5174cef86a061da404327bf,0e0b604f654244c3ba02592ada218833,shipped,2025-03-21 21:32:00,
89fd40520921469ab4f0317bd603372a,441c58ac806f4e6c9b0ad67b05fecbbb,delivered,2025-06-01 20:52:00,2025-06-09 20:52:00
d2f9b48cdb554d8bbd132d3920fefe4b,d5cbecb0f1e649c78ba130c4d1e7ad34,shipped,2025-02-18 10:33:00,
805d5128d40d4c51b3c368047fd44592,ae94e2a8eb7045aead38710ee7b47483,canceled,2025-07-29 17:59:00,
c6a80326151241db9829e2cc3d8aae14,fc302038d55d41f5980c8bc58a294fd1,processing,2025-03-22 09:06:00,
65456393e13f4686b13fbcb41ddbcec3,b3f8a2d0a0734568953a0ed143f6b015,shipped,2025-11-02 16:13:00,
7d23c98319304dba8fa5d939489054c0,7eb61d8856154f4a81643fff6f331f7a,delivered,2025-02-26 16:24:00,2025-03-12 16:24:00
0257de6c8c75471686fe21963eb2cff0,610d0f115aa04cadad09fbfd6c289b8f,delivered,2025-10-11 16:39:00,2025-10-20 16:39:00
00b89aaa16aa44e39d705c6b223fa68b,80e3fdf5e4be4ac1a293536967ff3abf,delivered,2025-02-07 09:53:00,2025-02-11 09:53:00
0371a2b43eab4ca8995b02b3068d8312,144fee93dd3e42508da1e76a677148aa,delivered,2025-10-02 22:04:00,2025-10-04 22:04:00
e92e3215efdf441ba14dff4f1c4ab4a9,d7998d7bd8d743ffb655cbe4ac6793a2,delivered,2025-04-19 16:40:00,2025-04-23 16:40:00
c13160991f8a4276bb2f8ec28ca9fe8f,fb776d5c122d470bbb8dcabe8e5b1bf9,delivered,2025-07-24 16:44:00,2025-07-31 16:44:00
d93fa5f1fbc3468b9702e10e60b2ab72,ca4d150f0f894f5e9902983ec389f064,canceled,2025-01-23 22:20:00,
eba2259af4c2456ca0ad3ca96e43a9c4,e87c7255962f48e7a6a617dd1ff587a1,delivered,2025-09-23 16:38:00,2025-10-03 16:38:00
cf79b1a541a24d6a9af3281bf5064b92,bf72953e5a724da2983059773fb42146,processing,2025-01-23 18:36:00,
7abbbd8c3a194e5a8ef3b131c97e2622,b0014c120b854b88b8efdf0079563072,delivered,2025-10-24 21:32:00,2025-11-03 21:32:00
9f1fb4d56c85402b9fa6755cc37cdc01,fdd2599243194722a73488b659ac4092,canceled,2025-10-24 15:39:00,
47c90c46ff1d4ed58d009e05b27b95d3,e4509ab4ca444e3894da75680ea71409,processing,2025-06-05 14:54:00,
02df60ef152f4d6cb078381f8fd837d3,908bdf1fd4c1439bb5d2cbe3a2ff56c5,delivered,2025-03-16 18:37:00,2025-03-30 18:37:00
7d4378eb47ed486498e3d80e8e2f6811,562527d5a6464e33a3cd7bd1a9866034,delivered,2025-07-07 15:03:00,2025-07-14 15:03:00
39c699c100234953958b21bc1bc932c6,faa5b54b110f423ca8a3c42346ca70ac,shipped,2025-02-23 22:36:00,
27c8520f48a54833b5f55be30a1c59b1,3f160dac281b4b7d91d56666d571a4d8,delivered,2025-01-01 21:29:00,2025-01-10 21:29:00
8c84222987474c79a6886662be1dd1c3,07ff8b97eb4d4d018bf44fbd40848470,delivered,2025-09-15 08:21:00,2025-09-20 08:21:00
655299944e994ee5908d458049ca7ff4,42215b4558c5476cbbeb965c54dc5d13,delivered,2025-10-24 13:13:00,2025-10-29 13:13:00
5402369561804589a7d9df7888caeeb9,77406237857a414184927d72bcfc1de0,processing,2025-08-27 20:03:00,
674c5bdd648f4ac9839e2441d7c932e3,242a48c6a0564c06b592e7e54f9624bf,delivered,2025-09-10 10:22:00,2025-09-15 10:22:00
c0d1c45ca59c43c7bbbafcbfb4b46e70,b09afc9a760249a89d27ac0ed7527cab,delivered,2025-12-28 10:59:00,2026-01-10 10:59:00
97471efb9fcb413082e332b1c9067d73,8f59a24079264afb80706d27ca9168d0,delivered,2025-02-23 13:09:00,2025-03-02 13:09:00
2f8e52f620504f618a9de2cc26270fa1,dd56ee6e012b4374bd03bcbfccd4730c,approved,2025-03-13 17:33:00,
6952c703c6d7438d81077bfa4165a113,49dd68a746c84e76ad297846f7aaa39e,delivered,2025-05-14 06:19:00,2025-05-28 06:19:00
f1fce8a29bee46119d5b25966c519968,7eb61d8856154f4a81643fff6f331f7a,delivered,2025-09-06 14:11:00,2025-09-10 14:11:00
7d67692f422a49fc8f28d05305427cbe,dd0e36a901064e8a9c9e3c93d97fc89d,delivered,2025-02-27 08:47:00,2025-03-13 08:47:00
6cea9ee2e6c74cc49a152d0b828a44bb,48b4e28e0a634cefb845cf9723c5e580,delivered,2025-05-20 15:41:00,2025-05-30 15:41:00
b8f26618164e48fa86bac995256de8f4,4815f50e3b684400a7bff885da45207f,delivered,2025-12-13 15:48:00,2025-12-21 15:48:00
65d7992666e4494f821ab0b58fcd8689,aaa78783965f45b3849ab80e26fe327f,delivered,2025-12-14 08:24:00,2025-12-24 08:24:00
4a9be032e49249caac23527717d950c6,dcb7b5ea67ea4aa4aaaffc48f83fa42d,approved,2025-09-11 09:15:00,
0648eaeb2b204e78ba43a100ee4d18ac,89ac42f33aa547a2a6b2441b8e422c06,delivered,2025-10-25 21:14:00,2025-10-27 21:14:00
6c2f1636547341738652c50bade1cb7f,7a7b326db2ba47e1bec7a7e4daaf7df8,shipped,2025-06-21 09:45:00,
cfd816c452064dd09c81d3d540fe1fdb,18bdc0195432443aaabfaaf52b83b294,shipped,2025-07-21 06:28:00,
84d29e5b768142fb9a78adc0171ebd31,718776e053824e21b30c6a9cf35ee193,approved,2025-03-30 07:19:00,
18833ebb7505488b842e37b67e1e6c34,0e0b604f654244c3ba02592ada218833,delivered,2025-04-02 15:00:00,2025-04-08 15:00:00
ae237630b9fe40e684daa00a688aa52e,aa59f4cf993f4e9f8a5071462cd6aafc,approved,2025-02-22 11:04:00,
8aa70fe1a8a040c29f0afd9528aa54fc,9249abda378b43519279f2ec64327617,delivered,2025-08-06 12:57:00,2025-08-18 12:57:00
b2c56b7934b84b058b2f23a1bda1dd17,01d52c6552024cbe8729b7005aa7a1ae,delivered,2025-02-05 14:21:00,2025-02-12 14:21:00
3eaaf10ac938484a99aec4881c141a0c,af924fed7c5b4705b22fe7bf07a7a4c1,delivered,2025-11-04 06:16:00,2025-11-09 06:16:00
875b99c0f42e4c72924b9b216ddf27a5,9a116e47669d444999084a252e1e3aa9,approved,2025-09-28 19:34:00,
6c263d1144b74813a4a05810f85c6fbb,a11657e915454cf9b1e558d81ff33af7,delivered,2025-08-13 17:24:00,2025-08-19 17:24:00
b5350023b6b94cc1a18a1802db552a47,28cdf097413c464c8f31c5a3ab65f6e8,approved,2025-09-14 12:24:00,
fe935d1bdd3548f6b79dc8c4ed9264f5,3ea45829ef334e52a3d25d2c42eb831f,delivered,2025-03-19 07:36:00,2025-03-25 07:36:00
726ddbd86bbe4126b06ff2e576657e98,5956ce5a96064f60928cf77c18ea0ef5,shipped,2025-07-28 22:53:00,
d5b80116edbe4ebd8f8333c72b743a30,4a06842627b44fcd838f1ee9ceac2a49,delivered,2025-10-26 06:44:00,2025-11-05 06:44:00
f885fea55aae4734bdac933ce3c5a5b9,9214b30509ae448cb899b1d3ada84ed1,approved,2025-01-18 08:48:00,
0a81074380c044cdb8b472e8cba388d8,cb9ff08711e444db818222bc46b0d71c,delivered,2025-09-21 21:56:00,2025-09-23 21:56:00
b9f8f567f38d4fa78bb18550a5c9188c,1620eb4309b34f6198925a0d7e9580d7,shipped,2025-09-01 13:56:00,
55ead3b566f9498f8411df856e386c2c,788a4a254d97407a8c5e5a0e37a99236,delivered,2025-07-19 20:34:00,2025-08-02 20:34:00
085e547b91644af9a57b45decb64d024,41c50af66c874cd397db0b864ee20f30,delivered,2025-12-20 18:17:00,2025-12-24 18:17:00
f4f09f999bb643a6989300302104ecd0,7f72f719871f438a96666efaf456baf0,processing,2025-09-18 22:46:00,
00ae3def4aa8418681e9f4564bbf9c17,d1756bba44444d47ae4a4a01ab8874cc,delivered,2025-05-16 12:39:00,2025-05-24 12:39:00
750aa28db4224270a5bc226b598c7e34,4bb868ea29764b3aa12c6e0548b5fb76,delivered,2025-11-17 15:45:00,2025-11-29 15:45:00
2eca46ac29904f1da535a1c8ca479477,5202572240fa4ccfb881f6198b59873c,shipped,2025-09-09 12:09:00,
54582ac6eead46e881876b0310b938f9,5295fe749f664f2ea781aec4e4402b6e,delivered,2025-05-11 11:38:00,2025-05-15 11:38:00
7eb3cdf813ac4e0c905ccae1cc7802b8,5fd25dd1435245b28e60055b2d03db2b,delivered,2025-04-29 10:19:00,2025-05-01 10:19:00
df61b5885b8a4446b7a533e0fc550498,336086d141a148199c4923352542f479,delivered,2025-07-26 15:25:00,2025-07-28 15:25:00
225864cc448446eab5b0b49b90b50e85,17e2efa8082c4b3992ca550acb27ad92,delivered,2025-03-18 20:16:00,2025-03-25 20:16:00
2b5c6f2f805d45309615b969409e7a14,325bbb6e4fd94a23b62671a05df186ed,approved,2025-12-26 19:39:00,
a8469b860efd49d2952a2f6826f44fb1,73c4db9fd6cd44999f3476b5229413ce,shipped,2025-03-27 18:05:00,
19a37f057ec543ba97b140be82f01f7f,b0f0e1642b9f49c6a4c38203aa0c0ad6,shipped,2025-02-18 12:17:00,
1f13dff4c37740e482ed046b52de956c,ac5747d07cfc4dc982dc4c4e3f1f9eb5,shipped,2025-09-25 08:09:00,
3c74f1a6aa314fd5aa470530d9c369d8,7a2fb893894c4b5b9e7e1136daca46f3,delivered,2025-01-25 11:20:00,2025-02-02 11:20:00
70f45e30a1c54046b93207281e15aa2a,fbe48796018442b6bb7dde35d98dbd5f,delivered,2025-08-15 14:30:00,2025-08-23 14:30:00
ceed78178b98473c9ace376d2d01b047,a6d08a75b56344d2be6266a72418e605,delivered,2025-06-02 07:19:00,2025-06-06 07:19:00
e467b442861d4c6e9d8ba59c36ac9888,4905e0df06054185874ddc6e860caa7f,delivered,2025-03-16 19:20:00,2025-03-24 19:20:00
6044a53ee7b8435ab335a49279f056a6,d9063846d8ba46c796ccf1b47b4235ff,delivered,2025-07-22 07:16:00,2025-07-30 07:16:00
65e48592fc2f4ba9882fd59f4ffdb9c6,4928353a2ab942eab2505d223bba0fac,delivered,2025-01-14 20:10:00,2025-01-20 20:10:00
ba7a8b0247bd4b37b7856c851bf74312,4eee9aa7cc0148aebbb34b5bc30f97a0,approved,2025-07-18 06:58:00,
66ac3c5b940242d98f61f71e2702d314,0632572f092540e1a72781efa83fc464,processing,2025-04-22 08:53:00,
947fb8352d4e463d9bed30132dcb49aa,5d1308c33c654b77b1d1a4088283bb42,shipped,2025-09-04 22:13:00,
2f66e9b1d6324425b8502b120f7b7a69,de8e9b3358444850946586c61a1f113a,delivered,2025-07-12 18:50:00,2025-07-25 18:50:00
bc8c07f31dfe43b4a07b37ca2e2f0bbe,4948984c99634cff97590c64885e2669,processing,2025-09-10 21:46:00,
c273570561054a8c9f289341b720fc7e,da6bd7c693bf4f1fbcc1b8e288bad16c,approved,2025-04-05 15:49:00,
36aa6a3b2aee42448f60e2bc783685ef,65d52723fe3442cb9fd1309fe3d5cfc0,approved,2025-03-28 21:32:00,
31d0909d84a74fdd95b4d957b82401e7,80bf3f0a318f4f7da77184762f6571b6,processing,2025-02-06 11:54:00,
1d95cee265344e1297758c7a2999fe0e,42f1fd589c7a4b5e8697f155199bbbf2,shipped,2025-11-24 19:49:00,
1dc2af15be7148c587901568101cea06,46212b39972a4899b8175e8a8145670d,delivered,2025-09-16 10:27:00,2025-09-19 10:27:00
53f1a40f1f1a40bfa167901e160d7724,be576a8dcdb24c1e8d75ab8dc38ced2b,delivered,2026-01-01 20:28:00,2026-01-12 20:28:00
c017f9d43b1d422ab9ebf9cf692ae365,3fdbdb1a750141738a3e649115667046,shipped,2025-05-27 22:04:00,
c1554793fea7489f97add109ba989c9a,da53e4ab7de443ffbadef05a358334aa,delivered,2025-01-20 19:45:00,2025-01-30 19:45:00
50a400e25a9d44579deb77c1a648be14,9e91ae070c80459aa140840aff4afd2d,delivered,2025-08-23 17:25:00,2025-08-26 17:25:00
b9bf84d643c148b085c547e3fd0b71f0,717a00ed16704802a1e80c14931fecb4,delivered,2025-01-19 19:30:00,2025-01-24 19:30:00
43d3f9e60232470d8d539c62004b406b,2101d46f450d4e8f8c6042ef8bc9cb76,delivered,2025-09-24 18:32:00,2025-09-30 18:32:00
8428e504ddaf46a7946509a3782a16be,d8cc4922aafe46e28d01b269331cdbad,delivered,2025-07-13 11:17:00,2025-07-22 11:17:00
8c2256a6a9cf4259a6b759bec4ea2eaf,6604a0ff1d764661965669b41c9ef6b8,approved,2025-07-18 17:58:00,
bf5718aa4670483a8427471cf5284f60,d0ebe0e33ee34e2283fc036dbc44e085,shipped,2025-11-19 19:57:00,
c3dcb59fca95409d996c58724b4c9b22,ecd0bde68045474793f2de1d0654d435,delivered,2025-04-04 06:21:00,2025-04-10 06:21:00
72bc9d0eeeb74cebb3bf3784cf96469a,0cd3975bc5464327832aecd1fcf3b232,delivered,2025-03-07 22:01:00,2025-03-20 22:01:00
2e014c6ac9e7413ea742c73afe78d248,d0254706bb024483a780814c103786f4,delivered,2025-06-03 20:49:00,2025-06-12 20:49:00
4c49b9062ada4fab8aef116076516585,244a4640cc71451f83c614998e2c7382,delivered,2025-10-25 18:08:00,2025-10-27 18:08:00
3d6814d5ec784e499f13d3bf688df8e2,506183cd689e41aa84dc231a7838f807,shipped,2025-04-09 18:08:00,
337031b1969b43648cce0f591cb16c8f,00bbf232bca34c7c992c206142ec74ae,canceled,2025-07-24 17:49:00,
eab5e4e798e145d093bbe8171a56eb49,e62e72f06afe41a8aff786dd91e2b167,shipped,2025-02-06 12:51:00,
c0c5f2bbe8a5423787efb2cfa2d7b66e,e5b4e3ab4eac4e8881623031490c0060,delivered,2025-06-19 18:44:00,2025-06-23 18:44:00
127b6d983625444d912ab254f77ca00e,4a2c9950efd040f9a7dd6fec449f09f0,delivered,2025-04-26 17:41:00,2025-04-29 17:41:00
88de83bde04447eab65778724a17a8f7,84683232214e496face0e13f52962974,delivered,2025-01-10 15:23:00,2025-01-20 15:23:00
fb21f1f99f1d4e5db3b95fb1951ad5a6,0d6c3874daec438093f33c116f1b383e,processing,2025-04-23 17:53:00,
244e530720f749f4b444cfc0800ad633,4948984c99634cff97590c64885e2669,approved,2025-03-12 15:52:00,
f23ba471ea7f4925910df0ac29a5ae65,e01b6626f1e94814b2f24a953692ea4e,delivered,2025-01-21 07:17:00,2025-01-28 07:17:00
7c26702dee024bfaa25cf6ec1e20ec24,18e2de068df841b4a66c9a9dcb816ff3,shipped,2025-01-12 18:41:00,
37c8b3bb696e4cddbd988e04bb64351f,080d7d97e7ff43a5b155fbb6bf955682,processing,2025-01-07 17:35:00,
5c79cc15f53e47c491fe04909189b091,0b3e20b057eb4cfeb5b99d6288e18607,delivered,2025-06-11 11:41:00,2025-06-17 11:41:00
80bb0a3201f949348f7977fec8cf5d39,7c547cb3da864416a6ca76905bc76031,delivered,2025-12-01 22:05:00,2025-12-08 22:05:00
032ef369981f4dd0a02c57cd77d25440,a07090a5eb634994aa3296d9b0f37ee0,shipped,2025-05-07 11:09:00,
93ba28256bb44bf89da883dde2de9399,0fa85b65024040feb3812be99ed2436c,processing,2025-01-29 11:07:00,
4e014f9f652a4e0ca5a9bbeede3dc211,2549a8ffcd094fdb9ddd35e3fa95d4b7,delivered,2025-07-19 18:42:00,2025-07-21 18:42:00
601e78640d5c4e6b9b897e3e22f1750d,0b89fe5c02344cc68c621c3edb2695dd,processing,2025-11-08 11:33:00,
a6a48489c9294b95bfa3733eda4ebfb9,dcb7b5ea67ea4aa4aaaffc48f83fa42d,delivered,2025-09-17 18:58:00,2025-09-24 18:58:00
e6625915e5b54bcba06065932c6388ff,a4ec2b0374294bac921451b306f4c56a,approved,2025-10-29 09:52:00,
7a4fa065b5b64e3bb4051332963180ec,f34969b57484456cbad3313fb416af21,delivered,2025-02-26 17:16:00,2025-03-10 17:16:00
e31ec9c59cba4bfeb4aa5ec78618ae8c,610740165f92421fa25dfa3d67b00c3b,shipped,2025-07-16 08:47:00,
3a06256d91c643b3a6dc4a0aff254a1a,f172ee502f9147bc9e7fb0a15754ae48,delivered,2025-10-13 13:14:00,2025-10-21 13:14:00
c010ea31ca3c4a0392607b29b92de662,fc4f2f37c87a43aa85f15e0c6dda3a24,processing,2025-06-06 15:37:00,
07b247e550364c1b89a03eb873411a32,6d27ea81d6c04fb7a008a825bc9fb4ba,delivered,2025-12-25 15:14:00,2025-12-27 15:14:00
80381900867046898e5d3ab2b0ed5b87,4741689fcfbc407b909060b8f2cf128e,delivered,2025-03-14 19:29:00,2025-03-24 19:29:00
c9547967e55040709b5e8f6827182034,ad1e2e4d73354c779dfa85aeb107ce2e,processing,2025-07-22 19:46:00,
aef1a057262848649b631a31aa46d385,99958d25936c46c490019732bbfba131,delivered,2025-06-18 17:25:00,2025-06-28 17:25:00
045833ee70b546c18a8380463ee53af9,f39571f6e29047f1bab341bb560d33f8,delivered,2025-07-29 06:38:00,2025-08-06 06:38:00
263b7514bd9d461a8873e097b46aa68e,be1c8ee0c26f459ebadf458f485148ae,shipped,2025-07-09 20:32:00,
e46b41be905c49abab20e374ce0c5d21,f920a862ebfd4eb1b7031db8bbc126e4,processing,2025-08-02 06:48:00,
05578127d46545139e6329f55e15081d,c7a1f849177c461f8463acd00a55dc38,canceled,2025-08-30 11:43:00,
9ff113e6172c459e850061f08b5d19cb,10a02fea2e3847f4940feae33f3b8b74,delivered,2025-02-19 15:47:00,2025-03-03 15:47:00
cca3711cd2ed43a18fc958308209e39e,cd76ed881df9453bbeacb1a6094c7682,delivered,2025-08-20 15:58:00,2025-08-30 15:58:00
a074572b8ad24195b6dbd43f3769924a,8eac6823a9894a44a77c238ff764796d,delivered,2025-08-22 21:46:00,2025-09-04 21:46:00
310d4fa3637f48289442df13695b265a,adea33590add4b8286a6ccaa7565e239,delivered,2025-09-12 12:00:00,2025-09-15 12:00:00
a22c664d823e4caf8e135fdeb9211bf3,c05a8c75ce78439c985f13a27e5d9100,approved,2025-08-07 15:25:00,
1e2544f97b734b85a1076a4cce171f38,5e786e0de3184f299daf21b79ed4ebc2,processing,2025-03-20 09:30:00,
c32197931b5b457d94a51e242da23dc4,0b6973eb8e364de084c9fc510fea904a,approved,2025-12-01 18:20:00,
b03a0c5dc8b940ceaa3568689dfbd85f,c8ff4c50fed441e68055f452041dac45,delivered,2025-12-21 14:12:00,2026-01-04 14:12:00
fc2e05de148546eab5ca9527534340d8,4cddf128fadb45c49957cbf0d2f61739,delivered,2025-06-01 15:53:00,2025-06-06 15:53:00
848a661e4d3d47619b790303ba47a925,c0f30a837cad4145bbe48a2b74423652,delivered,2025-12-08 18:56:00,2025-12-18 18:56:00
f2359e05c2064f5b92be3bc08d913fd9,800207f51ad744bd93d7180da398838d,delivered,2025-06-05 17:29:00,2025-06-16 17:29:00
c402fba9eb35485a9112d50d3d5acd70,82ab4e6286b449138dc88fd2d7cb3740,canceled,2025-08-21 12:35:00,
8bcd0784c2374084a26fc774221b841a,c5b932fc5ca84256a3514b94987679fc,delivered,2025-08-06 20:36:00,2025-08-17 20:36:00
5f0ead69e35f41e091a1923f7842a2cd,10554503291b44898518e1020ecabcc2,shipped,2025-09-29 08:22:00,
e311ae8c213648caa0392397ea3b0419,806e4bf958f34563814355698a0c4107,delivered,2025-11-29 06:08:00,2025-12-13 06:08:00
05491fd236c44e679b72b341ed3b56c5,b9edde4f42124efc86506497bec19346,delivered,2025-03-24 21:55:00,2025-04-01 21:55:00
c7f11757030d4caf92da87982c9d032c,dec0ddb3aa2346019de4f051834ae41e,delivered,2025-02-16 18:45:00,2025-02-28 18:45:00
b8249955a19747c2999c46909479a4f6,2e726deeeeeb4a1687d369be24949991,delivered,2025-11-05 21:13:00,2025-11-19 21:13:00
32a53c4a26dc4c9390c6d4e12b9f8e35,4e54089774ae47deb2a75eaa9a388661,delivered,2025-09-25 20:43:00,2025-10-08 20:43:00
391e4da8f9b143d6b6fd13f88d98c58b,f39e6fbd20ff4cfc846c50a3b483e2e2,delivered,2025-07-29 15:54:00,2025-08-07 15:54:00
eca4fad5ac5848adbb2619975ffcbfdd,bbe1f509487941b99e64f775ab610195,delivered,2025-02-11 21:22:00,2025-02-16 21:22:00
3f13088921c54d4d9be2f582a636c33f,4905e0df06054185874ddc6e860caa7f,delivered,2025-08-10 09:40:00,2025-08-21 09:40:00
a6dda11209ad4626978329d454163b9d,94eac354ac974c2b861180beaea38efe,shipped,2025-11-19 17:07:00,
a9925321c3df49e8b8c5294c00bbdd6d,98aac6f011684ec6ae0d9004206fe159,processing,2025-06-11 19:13:00,
d274bf7060274b47a8bfb7d275f69956,d58484ceb7114facb4636313dc377cc3,processing,2025-01-30 19:03:00,
b1ce71e2e41145eb80621649c69ed50a,e09ef763248146039cfb81f26590701d,delivered,2025-10-29 09:56:00,2025-11-06 09:56:00
4f74130ddf8a440f95f0f9f88d4afc44,710dde0f5ca44ca88e8f2d34c25b6056,delivered,2025-08-01 19:59:00,2025-08-10 19:59:00
b2014b50ff144ef9b61ece80ad1675a7,ba53fd858d3144d2ab80f182d48a88d5,processing,2025-08-21 22:44:00,
5228134d191543bfbed8b19d638ea372,9785679d04624ead80a664b83b8425b7,delivered,2025-04-02 18:59:00,2025-04-07 18:59:00
116fed1d18fa462aa90488f8bc5d32bc,de65fb488f284daa9c10e5fc0b7a60f2,delivered,2025-10-17 19:50:00,2025-10-27 19:50:00
c69a3e8f6ad047c197c76ef3b0b5aa13,4c27e8cad7b24d3bb336199166c87715,delivered,2025-08-04 22:04:00,2025-08-18 22:04:00
bc6b5428539b4b5c8772f96ae6fc39cc,443f1cf25dd349df9a54ec8232902b58,approved,2025-01-23 19:30:00,
c20adaaae2784816901ce629f19f3f20,8e1d885657a849be8bc13145a14cd868,shipped,2025-08-18 11:27:00,
d0018f5889f749bcb6e7106d0114bc10,b6b90b75e2134611a77966f45b36391f,delivered,2025-07-09 19:37:00,2025-07-12 19:37:00
030c0da4a1574b82883ee0396ce5fa7d,95246b7de33a481aa41ee20cf0d4a765,delivered,2026-01-01 20:51:00,2026-01-03 20:51:00
a2b1161e166e474b92169201995af543,7ad6a89358264c88a5ceadf9a079cf1e,delivered,2025-10-06 12:43:00,2025-10-20 12:43:00
8b949d4a7ddc46e498c452f3694e6da7,a99232b7bbf9466ba8e7bc994181bd35,shipped,2025-05-11 17:18:00,
5b68bc2549ce4e92af83cac4c16cfb57,26107b23d1534faa862601b979dab877,approved,2025-07-15 14:24:00,
47e9d8176a1542be9f200cbaa36c4cca,657e04ea95e44c1194e446cb79bd3d02,delivered,2025-02-25 17:02:00,2025-02-27 17:02:00
6aa5e44fbb584da29c2823b9743deb04,f122cc61897248e8827d70d4a7a27657,shipped,2025-12-14 18:22:00,
e3a788515b7b4de189539ffeafd2c741,fc7b42fe8ca24628ac03fa05fb7c029e,delivered,2025-04-13 07:02:00,2025-04-19 07:02:00
08fc7a5e027541ecb86930870a32d56a,8cfb0415e9914265b6acee3b3282d09b,delivered,2025-12-22 22:56:00,2025-12-30 22:56:00
3065bc2346df4a40a74fff0c4580919a,920859778f604b28a804189817377a67,approved,2025-06-21 11:09:00,
db08fc4de88b487e9beb42c3e84f59f7,26217f508e1442fd8af9e911ece76813,approved,2025-01-27 06:49:00,
dd1c6a2c733249f8b146a35fa4b6e132,6473ac7b1bbb4af5b534b0e8e719d3fe,approved,2025-06-27 21:41:00,
f167d895b57b41d8b1bb3322d1e9790b,8d9b9cf87e9c46478cc3f28d9c791034,delivered,2025-03-01 15:17:00,2025-03-05 15:17:00
0c27711cb9384279a72c0169f7a40fa4,d2d1b25ed8564de283571e2c535459d5,delivered,2025-09-17 06:13:00,2025-09-23 06:13:00
59889513453d4c738c7d0a539b14a75f,8cb0a51a78be4b7e94fe358a48a4deb4,delivered,2025-07-13 20:54:00,2025-07-17 20:54:00
79654b131faf40acbe63f9faa242b458,24d9927f30e140faa365a05a7478f6dd,approved,2025-01-15 14:53:00,
1a4bfdc939064a508e49b9fb9023670d,3518abc583d84955b066fbc7a01765b4,delivered,2025-09-26 21:41:00,2025-10-10 21:41:00
740360d4fe9d4bf397856cfe4160e4ce,b998518a0eef4c45920d6b612c2dbe96,canceled,2025-12-10 09:51:00,
d6730784bd4d4943aa0f8b9d9b8a9d6e,b1dec0b844b54f9eaa2a26bc90a97db4,shipped,2025-03-14 09:05:00,
5b6cd5f05d0c4f488593478393ede43e,50bbe030f2534c958eb8b214b5199908,delivered,2025-03-17 13:02:00,2025-03-23 13:02:00
f291bde5279a4457a98a8fce5ed9c41d,17e987935b6d485fa900bc9ed22229b1,shipped,2025-09-17 13:56:00,
5472b7b9dbdd4c4da9fbba8cd8f95179,f62add79108d403ba4377e84cfffad09,processing,2025-11-06 06:47:00,
4baa44b72dfe4131a229a89f23f57305,5473c47c62a1498c992b824db8a8e98a,shipped,2025-02-19 19:42:00,
ce5eaef4ecd24a6aaace5ec436888bb7,4f6f1185a37e4988a9a1dd28901adb21,delivered,2025-12-17 09:53:00,2025-12-22 09:53:00
3a8aa7877edb48fdade3fe7111924194,3a95512afb1142729ad8c25d9b324323,processing,2025-12-26 11:10:00,
f5daa9f326ab46daa406dcf38e9ec880,9dee75d213b9490e82c76424260c7050,canceled,2025-01-20 18:55:00,
6e45c5319d9e464abb12c1788d9e14a6,3fade7e98bff4ba2991acd4fc1f8c6a0,shipped,2025-03-13 09:15:00,
5b23ed108d4d4f3a8350ac83b120a8f0,0a2b552b636140e28f6de18e6f9d1b62,shipped,2025-07-06 06:55:00,
b52e825a8cca4c8384b658ab0b20eb99,6c24322805f24442bcacfe353dee2770,approved,2025-05-01 14:31:00,
2b9b9ea57daf4fa8b265f5887d54baee,f66524a48ca147408bfaafb267954e1a,delivered,2025-05-31 22:35:00,2025-06-03 22:35:00
dc7a9352bc2641c5b922467f95d621e6,a8a9510ee1824802a20e463314362e8b,delivered,2025-01-04 10:16:00,2025-01-17 10:16:00
1a0388c1b0bb482bb3917ee558106e69,bfad96b4a258451f9802fb2ba34d6aff,delivered,2025-08-28 15:59:00,2025-09-02 15:59:00
8b1aab665ba6433aa87c80b33e65ec4c,e4007c984801415288ba5aa6fe71327e,delivered,2025-02-27 20:52:00,2025-03-06 20:52:00
86eff1e907eb4f17804d228bfe79a2af,58c69c57f3e945d19597c67d6cf0b4f5,delivered,2025-07-17 08:53:00,2025-07-28 08:53:00
d5c36a60082a4b8ca52125c6159f04a9,58268e59d47a45ffa86ed7ce00e6aecc,delivered,2025-04-24 11:15:00,2025-05-05 11:15:00
d94e5255f920461cad836cec560ddbb0,34d2f69b69aa431cb920e96ab10aedfd,shipped,2025-01-06 09:58:00,
3ce94494083b425fa986093312ad7e77,205e2d022a0f45fea2af31c88c0f6beb,canceled,2025-10-28 21:51:00,
54310ce3e0ab44f9b9ac89b533e39964,1e0956dbdba54df185a36f84c667a863,delivered,2025-04-10 10:51:00,2025-04-13 10:51:00
d3d4a4a4e25e4c428b4168e94a99423d,447ffc1e4a7a4857897c0baaa28032f6,delivered,2025-09-15 06:35:00,2025-09-24 06:35:00
05708bd879584a4ab34f58dfd751d524,6e2b4032da7d406f8ebb9c79d1066e8e,delivered,2025-09-01 07:55:00,2025-09-14 07:55:00
1b7879d21d814c73aeadd70829f577a6,3d7c74a3f75b44f493daa6f709c823fe,shipped,2025-02-28 13:54:00,
a5e95ba00a89469fa14dd6042a5b18c5,b94b71111e0b46209e4fd86e36e3ee84,delivered,2025-12-14 07:38:00,2025-12-16 07:38:00
fabb5e56eb664052969c619419c47aea,cdaa3a861f4d4448be1656b3ba10ac30,delivered,2025-09-19 08:25:00,2025-10-01 08:25:00
ff36132e5ae84524a994fbb7c3231f02,875776bf97044b3ca8019b072d0f7706,processing,2025-11-04 08:38:00,
75ef0e77aee24454b1f9de4d370128b5,3de35539b6b64ea4961d33fac2037a65,delivered,2025-03-08 07:05:00,2025-03-18 07:05:00
5fb55723bd574b26a94497a77d30f9f9,7efe2b21d74f43ce8d0ae896b5a7698b,delivered,2025-06-29 11:30:00,2025-07-04 11:30:00
20c8680e1b3a47ba90dca06e65a8a054,0cd3975bc5464327832aecd1fcf3b232,delivered,2025-10-09 20:56:00,2025-10-17 20:56:00
57088e2bd5c240ed884195a7436aad5b,3c552be3760040bd9de1ddd62eee405f,approved,2025-09-09 11:11:00,
7015f1ad1540432086f1b30078ddb94f,9ff748dc2b3c4469aec75645595d740b,delivered,2025-09-19 18:59:00,2025-09-26 18:59:00
eb1b90998a4e44178572a20bd21398b2,c38a9a6c7ef144ac9c5b823ccb3bd202,delivered,2025-05-08 22:19:00,2025-05-11 22:19:00
18d2b7692eeb46b29d6ac00e290f236a,2b73a99a9fc74fd1beb832e891684b8a,delivered,2025-12-13 17:51:00,2025-12-24 17:51:00
973056aac39c41d78fd66f588c95989f,07b801ad458049e7b0cca7fadadc8552,shipped,2025-04-06 11:11:00,
09ff20132b75417e83664e00d5ab80dc,5a2b72461ea34525a43ed0d7e79c8bc3,delivered,2025-12-20 14:16:00,2026-01-03 14:16:00
825914df5c3641a1824740123a88abfc,a7e03a5c5802459bae4a8b9d1664afdb,delivered,2025-07-24 19:59:00,2025-07-27 19:59:00
6d67894c95d4411e9418299c468e1ebb,242a48c6a0564c06b592e7e54f9624bf,delivered,2025-04-01 10:08:00,2025-04-03 10:08:00
077ae4e701794a7099fc149209379706,b7eb0516591648efa48f6850420d101c,delivered,2025-07-17 14:52:00,2025-07-27 14:52:00
899c37184656472f9d7ce0bc478d60a0,3e7574bc84444c7d8942aaa034277bcf,delivered,2025-04-07 11:22:00,2025-04-21 11:22:00
7cf4b698388341a8b39e660b1f8a7e91,006ffef175304fcba4a29196b7eab6c5,shipped,2025-03-02 15:14:00,
71de2f42920945cd875c298daee42fae,18aaec3e1cf74e26b43ae5792a60d5fe,processing,2025-02-28 21:10:00,
303d9e5876304f428b287068ecdd3ecf,d93ef90f31484eda83af906b4f470825,delivered,2025-02-01 17:04:00,2025-02-11 17:04:00
ec6ad4cfc2d44c80a867e405bba8f38f,ddb40d3f353a412881e9572c20210c71,delivered,2025-11-23 07:35:00,2025-12-01 07:35:00
3f4eee86c4544a4da776decffbbcd982,71d9db98572448d7bb7dbabee037f25c,processing,2025-08-20 22:00:00,
61a584abc19d441ba40ba0b6e14cdcea,d4f1a319301240d08b2b60c46e10dbe8,delivered,2025-02-26 12:21:00,2025-03-03 12:21:00
f0a65670411f4416916e7bb5e7c4df93,5f67f1fb1aad45aa9646254ecdde6a19,shipped,2025-08-15 12:09:00,
45c3b1947330404482d6fb19339b9cb0,f44eb37ce623406a97a71d53e6d32731,delivered,2025-01-31 17:29:00,2025-02-02 17:29:00
ce7e7f1dbda945dab66d644bb803490c,f547f89301c1462c9d1e8e34b75df9e9,delivered,2025-10-19 17:37:00,2025-10-23 17:37:00
3eaf20a4022441449376db552e1e1aba,0432ee9891054426b7e6f7287546f75f,delivered,2025-09-10 11:50:00,2025-09-19 11:50:00
a48923ffa4024914b0f1381710958a88,5db8221061a648e79b8a18ee4f82614b,shipped,2025-03-22 06:44:00,
554ef7b5e6b641d4aa5bfb93ac1d2ee1,1499b29a1c4b4ac8ac8ae1cdeae37559,shipped,2025-10-22 08:57:00,
f04632618e3441098d5372ce96606710,9cbcf6b3169f463e9df2dafca9360832,shipped,2025-03-15 08:41:00,
6f033eb844a64811af13f7d22f7bdc1c,4681c32e0f2f469891babb24763f3538,delivered,2025-04-03 19:46:00,2025-04-06 19:46:00
a12c4a9a6ceb4e24941ded7f0050f9c5,fec9be29fa4e4993866e007100c75d8f,delivered,2025-07-17 21:11:00,2025-07-26 21:11:00
7edf0c90731340a58322209b9bd88f1d,4287661250174ce591fe5307bdb471ae,delivered,2025-05-30 08:02:00,2025-06-13 08:02:00
6564304faeb948e5ab630175c4305e13,428d9fd3e5394fd6aa01479791c66b2a,delivered,2025-02-19 06:34:00,2025-02-24 06:34:00
ff7a79aefd954c8791a235d604e9c054,e41affb6fbe4418cbd1cf193f0348e40,delivered,2025-04-06 06:48:00,2025-04-20 06:48:00
f188eae5cd194d9a9d67e39174274244,d614b913a1b345508671b5801daf6400,delivered,2025-12-30 13:40:00,2026-01-02 13:40:00
9f101bf9a3d546959ec2089bf83305c1,d1437f2290b04fecb634d8d0e5efbd45,delivered,2025-05-11 08:50:00,2025-05-18 08:50:00
7ba78a64a2be40b38feae5c38e7b4b8b,152d149c15ba48368855ec391b3cf0f2,canceled,2025-12-13 08:45:00,
1d9574f85ce64dc697af7bc8dfcc9bda,1be385881f814e5fa0a5dfb07d98f494,delivered,2025-04-28 07:30:00,2025-05-03 07:30:00
ccfebb5db3e2482dbd0faa1277d8e2dd,23f80fb068994df5b3ff35a6c20cb5ea,delivered,2025-08-25 10:36:00,2025-09-04 10:36:00
17b055db14984593a32064971e049cf1,1f15ae4e74ff44febf248f4fe0434126,delivered,2025-04-02 22:28:00,2025-04-11 22:28:00
c75b7e6c69404ffb8015ff2f1d7953d2,7ad6a89358264c88a5ceadf9a079cf1e,delivered,2025-01-21 15:09:00,2025-01-26 15:09:00
4bf7e6d6fed2463ea819bc3b458b41d4,0edc765eae3940b082dcf243317793be,delivered,2025-07-24 22:57:00,2025-07-26 22:57:00
2b68958659bb41e1807c4432de7c523e,c05a8c75ce78439c985f13a27e5d9100,delivered,2025-09-05 20:39:00,2025-09-13 20:39:00
64223a5f42784418a7732d9b518328e1,2ec1fe9d78a249a0a8e0ac96bdfda563,delivered,2025-08-24 20:47:00,2025-08-26 20:47:00
3b22fd0506e2478a9a3572a7cfe94956,0f188de1fb8148acaff494d44055a101,approved,2025-09-29 17:09:00,
ffa450089f23448d96224d4af07b2091,b023cd252ae04dc7b41692dc81cdac97,delivered,2025-10-28 08:12:00,2025-11-07 08:12:00
aa91b358089e424ba59fc07a6d799260,ef53fbd5954040b0bfb25b25ad784877,approved,2025-02-04 13:07:00,
65bb2175e5b34e55a531906a6bd19820,c5e0b65da9bf4764ac5a0debb75dfb6d,delivered,2025-11-29 14:16:00,2025-12-09 14:16:00
3ca98793f12a47328ebce2fd38901d32,6cb668286f2148acb0011ff215ce04e8,shipped,2025-12-24 09:50:00,
9468d55dc47f4c1f8e5e78d324b09ac4,5da0549c89bd4a4b9e0ce004ff684256,delivered,2025-05-24 11:42:00,2025-05-29 11:42:00
31b43748570f4c26832b143f28f74d6d,c95f332490c343688726ec73b72db517,delivered,2025-01-22 11:23:00,2025-02-04 11:23:00
ec2b305e1ebd4e93a73d4dd72ac3ad00,302353657a884503a68710ff595434ac,shipped,2025-07-05 16:58:00,
d0c2dcc9050b4e3d900d6c9a3c3878d7,f3a5b2dfdecc44c7a86b08e61eaec28d,delivered,2025-09-26 10:40:00,2025-09-29 10:40:00
153fce35cb5c4a5e9fbc8b923dc6a12c,cf284057321241c38093ac0b1ad744a9,delivered,2025-01-01 22:42:00,2025-01-10 22:42:00
5d00b579eee246b086cc6a56c0dba06f,800207f51ad744bd93d7180da398838d,delivered,2025-05-05 08:21:00,2025-05-16 08:21:00
33e192d1d7a4436e93a249ed129538f2,4a7f211219744c068c403a3969f81635,processing,2025-11-01 19:18:00,
12dbb0cd506f456eadfbfe59f3e4489c,ab3c43ca1a784f7a83c318af8f410a10,processing,2025-12-24 06:35:00,
6bb5dc93b48b403db60fb1c069498b36,5f5bd0665d3842f4a694117a356100a2,shipped,2025-06-23 14:31:00,
326942ffeaea42be820dc402979af98c,e2632e8e63794625b55ea26315a5bfe9,canceled,2025-06-19 13:32:00,
c9c48c1535f042fe8ecb4b8b72ae048d,1ae41550eae74fa581b10e7e754bf84e,delivered,2025-08-19 19:34:00,2025-08-24 19:34:00
473a6ad6d5264814976ae12a42e47466,390a0b6b3c78450aaab04983a67b771d,delivered,2025-05-21 21:33:00,2025-05-24 21:33:00
9f6af4707d1f4bee98972ed5cabc09a2,15dfce279a964bdc9928776012cb7b72,delivered,2025-12-06 09:50:00,2025-12-14 09:50:00
cbe13dd90a8245e293ac8780f3d83001,e23a324c5ffb487d9535d8cfa1eab327,delivered,2025-11-08 22:36:00,2025-11-22 22:36:00
73063cd864db4289a7cef6b315bf28ff,0510c2b71ca44d4bb39a605e9a0c9141,delivered,2025-05-26 19:37:00,2025-06-09 19:37:00
41562eeb74114e9c92e5b129d528a6e6,b8556e53d38f4d8ba60ec1959a614bc8,delivered,2025-10-14 08:51:00,2025-10-27 08:51:00
cee0d8b248db44b48f6e79de062c82e7,390acc49af6b4d59a8e178b2600e2d30,shipped,2025-02-07 18:18:00,
77099bd7b30b40ebaf6f6afc17c9d933,73f6812d213e47958ef42707079d4688,delivered,2025-11-11 06:31:00,2025-11-13 06:31:00
276627703e94479ea90e0268ee86a016,bf72953e5a724da2983059773fb42146,delivered,2025-05-23 16:07:00,2025-06-03 16:07:00
a68b003b59a64a0dbac6f8ea96f025a6,dfbf5d02019f496daf2f45bc411bbfa0,delivered,2025-10-22 11:15:00,2025-11-04 11:15:00
6bec7f52caad4e2383ca93621f809a21,77662da6278d41ecaf0178eb4f3c539f,delivered,2025-08-06 08:54:00,2025-08-20 08:54:00
7c7a53923ccd4a299d42c2b797dca7f5,174fd3d11e5741738b0163b669ad26b3,delivered,2025-09-03 14:50:00,2025-09-13 14:50:00
0006827198b742108a5b0b2ed2fb1508,b5e3c884ad784564aa193e771bfe230c,delivered,2025-06-13 11:17:00,2025-06-21 11:17:00
091ad418eb68433bb9afc4d5664f2fef,89eca6c33dbb47e1a25a30810dff4c2c,delivered,2025-04-22 07:24:00,2025-05-05 07:24:00
cc940acc795e4fd7a50c19c62e406750,a1fb54497468488eb8a7b66733a2340f,processing,2025-09-07 12:44:00,
c3c3f423d6e848518816bee75ae2ef02,b00afabbbff6408d9c9bbeb55277bb52,delivered,2025-09-28 21:22:00,2025-10-03 21:22:00
c18eeee6367341668d4f02680009a4bc,2b8af0b5d1034412aef634514f593055,delivered,2025-10-16 12:10:00,2025-10-29 12:10:00
f4fe0375b78e472bbcc3779e471624bb,0147f1c4837b46dcaa0cb83e18e4df95,canceled,2025-06-18 17:58:00,
ad367866459541d89b16eb0b89894d0b,65c2acf16cfb4c758efa834621e32ad8,delivered,2025-04-26 08:57:00,2025-05-09 08:57:00
9c73dfb6ad9044cebabb02c7a7c7c7e6,5512d0b0291946f482f5876d6ed8d759,shipped,2025-07-10 14:12:00,
ba5f3a9081a446b3a8cae02b424de113,ce66e40efd1d499899a71c4d05255cae,delivered,2025-05-22 19:36:00,2025-05-27 19:36:00
b9717b4188d641b9b67d096d40febd23,763ab4e9f43b4a16a1428eb528a2ca2f,delivered,2025-08-03 21:35:00,2025-08-13 21:35:00
7533d436b63c43d684d2e48cc4412b2f,abd0097bfe9042f8bc3dd186a46ded8b,shipped,2025-09-12 21:30:00,
3f32e247ed2241038da7043d999091e3,091e6b14e431492d9d626438623fa38c,processing,2025-06-07 13:59:00,
47aaab0a401645ebb3e6234f2f790e84,d3b8aceffd714254b7726ced63057696,canceled,2025-03-03 22:32:00,
03b9a6e96e8345ab86fea2992a03c4b7,91eb7a59b8fc43c6a0f1d9cf1c3197f3,shipped,2025-03-14 20:54:00,
4ede647b92774d1aa411b19dca3c8a1f,bc8ca319046a4ed28b8e1637af0ba8ff,shipped,2025-11-16 19:20:00,
473af3ffba774732af6977ee98bd3bce,eb9c81db7d0a4354b8adcc0f91c91e08,delivered,2025-07-01 17:46:00,2025-07-06 17:46:00
74aa889389ae40eb9860d379da67e1d0,a6d772395cb84d98acab09e96d2b3bec,approved,2025-03-25 22:16:00,
5b2a9bcb19424bf19a283c0efb2a87fc,97e463878ec74d4fb3632fd5a9035541,approved,2025-05-17 21:27:00,
626bd0705f0841e39f3415c6d4053278,e2e891f4ba5f45229092293585a10614,delivered,2025-07-09 14:59:00,2025-07-15 14:59:00
5e0148df7fcc47aea3c296ad00eae019,e37dfa1602704f7f940ba5a6c6ac6808,delivered,2025-09-23 15:09:00,2025-09-30 15:09:00
6242c2a047dd487bba9f3140930bc8e4,853599b0e2cd410e85d07806631c9711,delivered,2025-04-07 18:37:00,2025-04-12 18:37:00
0a7cee8f70994b0d8efff2807f884a18,4a3920defcf84335a62c3f6c45b7fdea,approved,2025-10-11 06:04:00,
32d951a7029f425ba2c6d2fdd138ca02,f0068d3c86d0491894fcaf82d2c63d4e,shipped,2025-10-04 21:11:00,
3035c345b51f48c5ab482f0f3467aa30,65c2acf16cfb4c758efa834621e32ad8,shipped,2025-10-18 12:46:00,
97fa41622d2a43da828edf0162ca0fd2,462e9b697c6248bb8e33f23af997b515,approved,2025-01-19 06:51:00,
668741ae4b214b2eb0008382ad8d1dd1,d2e985459b02454f861cea643240263d,canceled,2025-11-18 16:28:00,
9421d653b9ef428e92e0c56a4f7171b6,709936a060f34ae0af24ce3070a0829b,shipped,2025-10-02 19:42:00,
9a408e2522dd480f8bce8b74251a214d,45f65679ca4747abb94fad9642da4390,delivered,2025-01-25 08:34:00,2025-02-02 08:34:00
63566c848e694b47b833817a50a0a50d,66a538175b7b42dab90ca762a6d86128,delivered,2025-05-05 19:43:00,2025-05-11 19:43:00
5cbe1fab476243139e80282c6c5a9542,4f7811f1dbe040169c1784b78a21ef02,shipped,2025-10-31 16:34:00,
66ed735e8b3d46288aff9c285a3e006b,45e7fbf243474844ab33ddccb9266c2e,processing,2025-07-04 08:32:00,
eafc9b676ef34807a656900779d0ce7a,01d52c6552024cbe8729b7005aa7a1ae,delivered,2025-11-26 21:58:00,2025-12-05 21:58:00
48786a70fe9749a381779c9c40b7a807,ae5e64a6408a41358828711ed0c77a52,delivered,2025-05-01 09:32:00,2025-05-15 09:32:00
a5118457c27342748f6ea761b9f1e7b2,9dccb5330a6941a3bc2b9be39234caca,delivered,2025-08-24 15:04:00,2025-09-01 15:04:00
07ee0a44bcf542049efc5872a3cc80f3,71d1e3af469f4fddb0d486449e7d0657,delivered,2025-09-27 16:22:00,2025-10-05 16:22:00
c735a03770294ee49ccf25761a5ce1fe,49075d9e46244763af887a573836a942,processing,2025-04-28 19:26:00,
5f06a7be68db45c99dc6d164b1ce79ce,11471412cbcb4150a68c001b690baddb,delivered,2025-04-05 13:21:00,2025-04-09 13:21:00
6f54dad227a04f35bb9fdd6e8e7756de,c38a9a6c7ef144ac9c5b823ccb3bd202,processing,2025-09-12 10:56:00,
7049be704fae489fa948b1de757b25bf,0685387eeed2464d808510bf11e2600c,delivered,2025-10-13 11:34:00,2025-10-24 11:34:00
a7797c4b5bf04332b11d46a63728a87c,9cbcf6b3169f463e9df2dafca9360832,delivered,2025-12-25 16:04:00,2025-12-27 16:04:00
5acf71e01d854eb9bf8defa2a88f9ebf,7b98739502a34b34b525911e44648ddc,delivered,2025-11-09 06:22:00,2025-11-21 06:22:00
eb4896d3e42f4090bd66f061ef84d2fd,40c6a4ae80284042aeb9098cb79fb5fa,delivered,2025-08-24 19:42:00,2025-08-26 19:42:00
b7872593aed44447b3401d274361d823,b04c881a2af3494587db007b09e6e541,delivered,2025-03-13 13:57:00,2025-03-18 13:57:00
3e596bb8e1f04e30a67a2db0c2804581,4a9e18b481e149b3ab78c208a85901f3,delivered,2025-08-23 20:25:00,2025-09-02 20:25:00
f44ab2c91e2543de906e56e65bd6263e,6718ccbef13044a291d2ee59fe0c0736,delivered,2025-05-17 12:16:00,2025-05-31 12:16:00
5103b3e1fcdf4a0f9751525766b44b8b,50de8affa1554591b2d514eea84d7563,delivered,2025-05-21 16:32:00,2025-05-25 16:32:00
5978eea0d4414feeac67c7f853ac6ce6,869196754cc9450c8f582e29bb7967c6,delivered,2025-07-26 12:55:00,2025-08-04 12:55:00
4e3ff711418a4f338185964245f2775f,d59603b059cd44abb2e93c02b9fe4ddc,delivered,2025-01-06 07:14:00,2025-01-19 07:14:00
bb83fc46b5d742f19ae36a599355439d,bfa5d1a5020d470f9806747a40919ce1,delivered,2025-02-20 18:42:00,2025-02-28 18:42:00
84cdecc1177f4b42bcc0e36d00729083,26217f508e1442fd8af9e911ece76813,delivered,2025-11-30 11:23:00,2025-12-05 11:23:00
2d5a099227c44f89a5c01e937c87a898,300509439881431b8671c1db3287ebd7,processing,2025-03-03 10:40:00,
afeb0238e34747cabdc0ec84f8b6eb97,d4f1a319301240d08b2b60c46e10dbe8,processing,2025-02-15 15:00:00,
f0e88d10532040058eda83b84013d62d,20dec5c691cd4205ae06e9ecf2931fe3,delivered,2025-03-11 17:08:00,2025-03-13 17:08:00
45096a818f51469bb2e28dc5479924fb,7ab7708a8a034f908cef3624c1a971f5,shipped,2025-09-15 09:34:00,
78bae8abf1f544a9bcb260325ca17d6a,8a0056b2367847f899211a0244dca173,shipped,2025-05-30 09:19:00,
7f419a15c2144568ae2e7d525f94edd8,caea8366dc7647778d7baaf78bbd58e2,delivered,2025-08-02 13:28:00,2025-08-04 13:28:00
1166874555de40878d6a549715bb7df8,b7ca809a09ba44398ce490376ea681f6,delivered,2025-05-14 13:40:00,2025-05-26 13:40:00
e9fa196681404019b2cdb640269a984c,004fe04c1fb14439919a6aa06d130c3f,delivered,2025-08-22 17:05:00,2025-08-28 17:05:00
c53b6653e0d84e52b2ed83fbddfe7d8f,cdb1fc1d2ee943d4bc4f9df6054f4e08,delivered,2025-05-03 16:22:00,2025-05-16 16:22:00
38d9fd5b3de8447ab478e70e4a2ad18e,fc83da48cfc94e3e90352422b5a12a25,delivered,2025-03-26 10:09:00,2025-04-07 10:09:00
367fd73da03d49ca9a9b84a090c4c15b,6056d4c03c5247068f9023e48a352ac7,approved,2025-06-03 20:48:00,
3453b3de8f42481eaa29217bd62205dc,e95d235b72744223ad0b1d8cc877b291,delivered,2025-01-29 21:19:00,2025-02-12 21:19:00
8c757c68d5b9492f846e84af91631fb1,d1437f2290b04fecb634d8d0e5efbd45,delivered,2025-02-16 10:24:00,2025-02-19 10:24:00
f7c9a694b9eb4de9a08e76e6a89eb731,de50462fde564105b7d380e31b0b88a3,delivered,2025-10-12 09:23:00,2025-10-15 09:23:00
031964db2afc4fdc8e87a32b79df1197,d37079b6f717427984f1541056e07764,delivered,2025-07-09 15:03:00,2025-07-11 15:03:00
0fe8ea2e7c694ed1b91126afb0744739,ee51a2ba5b9c4902a3d059751d6ac2f2,canceled,2025-11-06 18:21:00,
94c7ac4f525c420cadd144dcb8046ae7,faf03e51e43f4ee7ad999fd4182f2fb8,delivered,2025-05-09 18:36:00,2025-05-16 18:36:00
52c9ea0c17a448c780adb2664311ec62,129112559cd1470ba813da059aa1eb8c,shipped,2025-11-02 16:57:00,
7348aeeed72144f291ef0d35af958a9e,6ecaec12bd0b430fada3c45533227588,shipped,2025-10-17 20:29:00,
5689354f74884af78ab78f37436d37cc,9e643a61344745baaeef272031f10d89,delivered,2025-02-04 11:15:00,2025-02-10 11:15:00
c46b2dc331a0481f85c6bcded9b23542,a63c88fadb1844c98ee1af816a540fa5,delivered,2025-02-11 16:08:00,2025-02-15 16:08:00
6900f24848984eeb95b95b46abba5747,43003682111c424ea705ceb3adc49701,delivered,2025-05-31 06:40:00,2025-06-03 06:40:00
cf94521eb75a43eea8ebd48dfa322a8f,e0716f2f72344fc283b91d442182f236,delivered,2025-08-09 11:37:00,2025-08-22 11:37:00
21e5ab8d44f7410d8ffd301d5b0d8c54,de2fc75d8eed456aa9e48178b1aff9b1,delivered,2025-02-20 10:47:00,2025-02-23 10:47:00
ea34c327bb9f4f1dbdb7ad7cef170ad1,c4a2c2870a2f45bfa47c0fd6e7e80337,delivered,2025-04-05 07:37:00,2025-04-11 07:37:00
171015f10192487398be8695dfc57782,ac5747d07cfc4dc982dc4c4e3f1f9eb5,delivered,2025-04-06 06:33:00,2025-04-10 06:33:00
246c2d37e5e640b782fd10ca09e08fbe,4928353a2ab942eab2505d223bba0fac,canceled,2025-02-13 17:29:00,
39e0e0cd3e0c417a8efe0a739073a294,5431e19e3ca24e1399079511e5b7759d,shipped,2025-09-01 12:18:00,
0fd6c5ca9d454c799287ad1500737aaa,63a51949704d49bd8b8b2314a68e800f,shipped,2025-05-03 20:09:00,
e1eb276f25f74bff9ad7fb801dda72be,e0e43c77f1bf45ceb26d1f6b665f9b20,delivered,2025-12-26 20:14:00,2026-01-02 20:14:00
2165f91802df48edb4a3ea074b59f048,50cdfb6e25d64acd96802f8a8161bf18,delivered,2025-04-19 18:47:00,2025-04-22 18:47:00
e20172cc6ded40a1b1c75e541a6e32d0,242015e20343453f8b4dcc0d68e51ee3,delivered,2025-05-11 21:32:00,2025-05-22 21:32:00
a3b1ce4e4b7548668b61c41bbbb24da1,2eddcf346fb8436b86d60cd63ec97bd8,delivered,2025-12-16 17:58:00,2025-12-20 17:58:00
00c48d8690e44a0391bee0093dfb1311,54d62987858f483389e3c5f170cb2373,delivered,2025-05-07 16:20:00,2025-05-19 16:20:00
d5c709441ec74ab0978f3949afb8788f,24e1cfd224be49009c6747062530d0fc,delivered,2025-03-03 16:17:00,2025-03-06 16:17:00
877388569a64461e8ca0f2769650128d,77b4e5d6131d44339dee3ad5fc4ad02b,delivered,2025-01-28 15:15:00,2025-02-07 15:15:00
fdccc19929c5455abab55396a1f6877c,50cdfb6e25d64acd96802f8a8161bf18,delivered,2025-05-27 13:00:00,2025-06-06 13:00:00
7e6c7ce72eb14aa390aebac8ebe5047b,b8b02394ab03481294217ac404c84bcb,delivered,2025-07-27 07:27:00,2025-08-02 07:27:00
3cf89ad60b5146eab26d31ddaab773bf,838dfe18c6684d39a9b75ce15045730c,delivered,2025-06-02 15:47:00,2025-06-06 15:47:00
dc969b761f9d4b9f9cf8a165e9da7a7d,c41a0c54a04740ef92dbca0f75d78f0d,shipped,2025-12-20 07:36:00,
267c64bdf9e34412b535ebf8bdff7b17,ae882a179c114b55af134258b8d4bd06,delivered,2025-04-09 13:49:00,2025-04-18 13:49:00
6570ae1495aa4d60ae2c0b644fb97e76,3d7c74a3f75b44f493daa6f709c823fe,shipped,2025-10-21 07:06:00,
3bd1a7f497564dc4aa9144c07494fb17,12a4960865eb4250a017e03b427c95e5,canceled,2025-01-09 22:34:00,
0385272a03a6493b85310642a850c078,908bdf1fd4c1439bb5d2cbe3a2ff56c5,approved,2025-04-14 16:33:00,
c9ec582c19904e32b63ec8e194c413c8,b67b6a0775cc4acda0e401943704d096,delivered,2025-06-27 06:40:00,2025-07-04 06:40:00
664e92150d254d9c974cccf1592bb96b,2fb62b822b2a4f818663959286163559,shipped,2025-04-03 18:22:00,
dabcc3dce09d45aab7d16f6c3e468366,9785679d04624ead80a664b83b8425b7,delivered,2025-05-11 21:26:00,2025-05-24 21:26:00
b9d3337d768b439e98b0e00de85c36e7,b84df03efaf44d008d435e1f1dab8938,approved,2025-11-08 17:55:00,
0444dc59f0c44ccfbdbc3a6eb559fd16,851bb0adda94435ba7cb2890a4ffdebb,delivered,2025-06-10 07:22:00,2025-06-13 07:22:00
2ff9b03581ed42069b495f7f9565a180,6e4cec523f7d43c3b8278bed66fe25b9,delivered,2025-06-07 06:11:00,2025-06-16 06:11:00
41a1dde235d54797b8fadf6f1620223f,e09f341a53e84baaa12e8fcbc6efba2d,delivered,2025-11-21 21:43:00,2025-11-23 21:43:00
1fc486d956ae4060ba74d0e4f0b4a964,13d5cb1d1acc44f0a1d978de81d54a7f,approved,2025-04-01 16:01:00,
0ac87bec67024625b958f4190b15edc2,8a455505e1364906bfa64a33c85fb706,shipped,2025-08-08 13:24:00,
f6570b07a40f4964a27e36f506460de7,e745a4e1e0854ca28cca7a066e3627b2,delivered,2025-01-19 10:56:00,2025-01-22 10:56:00
7fdf40b3fb46433fb3548c61d6c7abec,45f65679ca4747abb94fad9642da4390,delivered,2025-06-27 15:48:00,2025-07-08 15:48:00
9c7dce8b6a434017bb19a89a70ac5498,4ef0156e1b274b78b578d65fe78e897d,delivered,2025-11-17 15:24:00,2025-11-19 15:24:00
8d57f2086dca4ca0bc324c373de13fff,2a63d4bce3c44631b2ee1118b88a3975,delivered,2025-06-06 12:01:00,2025-06-17 12:01:00
174c1a1f344243da87f44ba2c3f17e5f,d0b6c1c16ce744c89e0da86decdca9b5,delivered,2025-08-12 12:19:00,2025-08-23 12:19:00
ba4a33f0f0b040c8a09b191ec3e2add0,13d5cb1d1acc44f0a1d978de81d54a7f,delivered,2025-01-28 17:47:00,2025-02-04 17:47:00
5146403486e24ab38d00b395da180a19,50cdfb6e25d64acd96802f8a8161bf18,delivered,2025-04-08 07:16:00,2025-04-15 07:16:00
5ac04a0f41e745abaf951d226940d898,b3b8e242728a4895a94ec1bf073dd557,shipped,2025-04-09 19:11:00,
03e17eed5b6b4c058b815abd1cc54bb0,64ec58609e9442a1a0bbe456f51a2b90,delivered,2025-11-04 12:04:00,2025-11-17 12:04:00
d61a21e622d74c669d71061deb973963,09129394b77044ebb401117d50377a7a,shipped,2025-01-24 09:07:00,
9badfc05e7ca441aa7ae4d8dc84c69e4,d38d11389b404a0babc5e8826878a0f7,canceled,2025-01-21 12:34:00,
5d2fbdc70edc4874826a6637c5a2235d,f610d9c8014146e28cd408de2fe74ae0,delivered,2025-10-08 06:56:00,2025-10-10 06:56:00
8887bacc5fba4aaab4519b24c48351a3,8cdff2846f7349269f52f96c2c4a5364,shipped,2025-10-14 22:06:00,
ec6105f5d621483db8187b7210ef15bb,6d2e5a4db8474627870e79a0a31fe117,shipped,2025-10-10 20:58:00,
12ee628707944ed38440bee21d305009,19a7808b11ec4e0c86c29279bd058f92,shipped,2025-08-02 18:27:00,
93b0af794dca4998bcee9247fe48cc42,9b012647a7a94477bd814b83889dd488,shipped,2025-06-02 12:52:00,
0289108bacda415f86d9e167983dc874,cde324e4218b45fd9ed49bd2c2a430e9,approved,2025-08-10 16:02:00,
6d7ad3b6fcb64adc93a1b19cd012db61,7b2374073b1f476c9d3bab950523edbf,delivered,2025-04-26 08:42:00,2025-04-30 08:42:00
9ea1735648744401aa4ca369e870e443,d3536982fc374c28bfa653b0d712b9f3,delivered,2025-05-31 07:06:00,2025-06-06 07:06:00
dd8a9a3c409e4f2cabcafb58c755b9a1,2b73a99a9fc74fd1beb832e891684b8a,delivered,2025-04-13 13:17:00,2025-04-21 13:17:00
1eb990aa422547d3b85ebe825c7a3de7,cb7c8c48d9864cdfa1d0fde1803ecbe5,delivered,2025-09-24 14:30:00,2025-10-06 14:30:00
fea49c6c04594553ac88d9a88271afab,41b2f858a59447adbf028042e0b75a70,delivered,2025-05-25 13:37:00,2025-06-01 13:37:00
e41708415d2b4bdba8b2f9072a620af7,c768416ee84b4f678d0052f88f9ec6a6,approved,2025-04-02 17:46:00,
3492e655cceb4044b7133bf8511c513e,b355ddfd7969484ab4a4f8f52cdb4cd3,delivered,2025-06-22 13:42:00,2025-06-29 13:42:00
59d7e5ae743a40b4ae9d0ddf94ec133c,c7c9cb062eb74acebc8d77dd5f76195e,delivered,2025-07-31 10:55:00,2025-08-02 10:55:00
0006049bc11d44039cd5c1a5eaa2dbf7,4a9e18b481e149b3ab78c208a85901f3,delivered,2025-04-26 07:10:00,2025-04-28 07:10:00
372e67e25b434cb9a14be0213834c03a,e24dfa2b42a44016834483d69b196047,approved,2025-11-08 10:24:00,
0d25c1701b4d478ba6b27a750e407bd7,1a7fb3ae3a404f328cf54274e0042fb4,delivered,2025-07-24 07:54:00,2025-07-27 07:54:00
83924ffa99444521affded826c778042,1a7a6e59bca84dd8b4cd05ba5bbdb9a9,delivered,2025-07-01 16:44:00,2025-07-08 16:44:00
944c18e961194aa4be291dac56a5acde,42bac5972b824ea0bee04c85e4afe7eb,delivered,2025-06-26 09:40:00,2025-07-06 09:40:00
0190ad5bd609401db8c69c981dfd2432,d7339ab42a5d4c0da981c0e955e17314,processing,2025-08-27 18:59:00,
aff306c91fc94c44b02d03447f8aa17c,f2ccd58e769745f395873b50daee95fc,delivered,2025-07-17 19:08:00,2025-07-23 19:08:00
30d639c96aa349fb95be4ca0b376721a,b9bf8c893db04bae89ec495696c681ca,delivered,2025-09-11 21:48:00,2025-09-24 21:48:00
6a2f060107cc460b99cf34872ccb26d3,a59bc7bb8cdb43678bf4d69680f8686f,processing,2025-11-19 08:05:00,
4f33307db2624a6e8d24572f7fcc8f97,50c982cf1d4544b896b14e32e306c972,delivered,2025-01-28 11:41:00,2025-02-05 11:41:00
e96c90b744784db4bcf65e6c9a720380,2ef98043134f42d993da62b3285bf88a,shipped,2025-04-14 16:42:00,
019301669fdf47c49c56f4c030ee531d,3d4f739a9f854dd18b94c1086cc33ba1,delivered,2025-09-27 17:25:00,2025-10-03 17:25:00
b1b975d19b064b5290ae2588ad42b70d,439e264fb021479cac9e049524567fbb,delivered,2025-09-09 16:47:00,2025-09-14 16:47:00
2ea1aacd7aa74779ab05179a04a39966,f7aac29c5e034338b3ca2c693eddf191,delivered,2025-10-27 08:00:00,2025-11-03 08:00:00
68d473f8e2214295aaed42609bd09940,8cfce1974fe34e77bdfff77c128775dc,delivered,2025-07-03 19:22:00,2025-07-11 19:22:00
4ffbb3317b5e44068b03419087cb0f22,f11b60aed0694026a4684eab30aff751,approved,2025-09-12 12:16:00,
f4ecb659c3274885833e2466882fcef4,28b0f3f6a83d4a0c9309cdcb48783afd,processing,2025-10-07 08:39:00,
06ba6d9ed10b4d08848dc5b5d688a306,f2ead8a657c84c1fb0cb6b8c93cc5bc8,delivered,2025-01-16 06:10:00,2025-01-22 06:10:00
15f490184a9b4b1e8889614e5a6a4fdb,224832b320b44c5da0fc8703fe1fa81e,delivered,2025-02-06 10:28:00,2025-02-15 10:28:00
090b7fed374f4be290278ac481e082b5,c1fd96c3c32b4da09f41494ad866886c,processing,2025-07-19 18:56:00,
4452d86089f149909383988368a3bbd0,5f44ba68fdc64d3fbf1e41e494456a86,delivered,2025-10-26 17:48:00,2025-11-04 17:48:00
949aa715ab9a47e1abc39e60823181ac,724c9131df1c46e5ab1508214d1e1bd5,delivered,2025-06-02 09:06:00,2025-06-06 09:06:00
f25ebc517c6844a48af60ff0a0441ae5,bcf0a8e3d6d7455ca3f68fd80a4b4930,delivered,2025-09-14 15:11:00,2025-09-17 15:11:00
95df064a5f4a48aea8b51b7e4479f0c0,cfc3025b0b764f00a60e387e27e12ae7,canceled,2025-03-31 21:16:00,
172f467a72d748bc8387359243b32b00,8ebeacc34b684ae2b56d522f4c3243b8,delivered,2025-12-30 14:03:00,2026-01-11 14:03:00
ee743b32b4cf44558ea47bdcd8ab27f1,2ba0f9ea0d46477383b036b36f01bfad,canceled,2025-08-31 08:12:00,
0e389836da2d40f094a522f05fe43716,155aa69bb4a44b90a779b529ddf24eb0,delivered,2025-08-12 08:40:00,2025-08-20 08:40:00
3b1c8cbb32cf42a4bedbc7678a6175fc,2081996722e64795aae3d1874bda54b6,canceled,2025-10-29 22:40:00,
11f99383a20e420894daa686f13ecca7,0b1ab6dc003c46f38a5290c308c05e32,delivered,2025-02-08 10:24:00,2025-02-13 10:24:00
0700d1ea2a4e49e3b12b9c480ac3e920,9fb8524669134ff79c2fcd5c3fce3eba,delivered,2025-03-06 20:56:00,2025-03-17 20:56:00
3429dc1ec5ba4a3193f62894587f0db1,3e1a0f49ad514c02a250e70501cbaae9,delivered,2025-06-29 17:00:00,2025-07-10 17:00:00
25625a6cf9284cedb7e38d49a96f665a,98963c5ed68849f9946b128fd166202b,delivered,2025-04-19 12:57:00,2025-04-21 12:57:00
4d543cfa14f34df0adf1d618b0f588c7,ac7782581f034a969ac2312c93ac2885,approved,2025-09-02 07:14:00,
9a686c51780f4ff7bc3714afb0b249c1,3a533cebaab2429bb4f6792d5c18a81a,delivered,2025-05-21 11:58:00,2025-06-01 11:58:00
fd16e1d991da458db9e64f7a52c7fd84,7087560d5e67464fac6a3e50ceeab448,delivered,2025-03-21 21:03:00,2025-03-27 21:03:00
3a2b165058da445b9fda5a0e01c7427c,f9f5c0ec65f04e6bb6d2004948236157,delivered,2025-12-07 13:17:00,2025-12-13 13:17:00
588356b217d44970908a95c6d191b7bf,b9bf8c893db04bae89ec495696c681ca,approved,2025-07-19 12:51:00,
bbe3d0f20bad49f1a970c70a8a39299f,72479b58e1234933bd8206e48635a00a,delivered,2025-05-14 21:16:00,2025-05-25 21:16:00
79d7e4bfa0e44dad96abcefd68199acc,7f0e375fec654624a52b5179f92b64e0,approved,2025-10-18 09:15:00,
030a41a939b14b97ada86759f925ab9b,04949f8dea9248c88ae4e4b06283ecf4,delivered,2025-02-06 17:08:00,2025-02-10 17:08:00
bcd2eab1beb4404d92409285fc542a56,8eac6823a9894a44a77c238ff764796d,delivered,2025-11-17 22:05:00,2025-11-24 22:05:00
5f7af168717f4489b80da0d18b9c87ae,d13e9407c6bf4361b55a9e5f87b53382,delivered,2025-10-04 08:10:00,2025-10-09 08:10:00
fdc3ebe20ea24debb93b7e4ec02f3048,95a2d1a7d0cb40d49c34b51b75832a49,processing,2025-10-15 22:26:00,
98c592051efa42a5b969777ae6cb7fdc,4abdcd4acb664e95aebf1597fd3c371a,delivered,2025-12-03 11:14:00,2025-12-07 11:14:00
4f8884467b7944779b0601a342fb04bb,b1cac4efa40e49efae8f5e7cfa561462,approved,2025-02-21 08:15:00,
85e2bff7a63f49608ec0eca0d24c1d53,445924e7d75544a797e936bc10a9cc8e,delivered,2025-12-30 11:11:00,2026-01-06 11:11:00
2f3ecf322c98406da2c02f6d96a35d3d,df89ca343d3e46569a57ead26834ecb3,delivered,2025-12-16 15:23:00,2025-12-25 15:23:00
bc4ac0d92a8f455f903272a403389179,849a2c50556d4cdeb0119ebf0ae4e364,delivered,2025-08-29 18:34:00,2025-09-10 18:34:00
4d076359680e420d9e15370d58b1d679,e349e9ebfdac4d3e923e7999d0b562b3,delivered,2025-02-14 12:53:00,2025-02-18 12:53:00
d23e09eb53ec422694c24b7830946d26,3ce2a2cb71344d7d937e79b87535eb1c,delivered,2025-09-04 12:03:00,2025-09-14 12:03:00
63f31f8f6f5e4118a49b8ad79fa1b8b9,c7defa2bae1b40d28c8d637e9c4a5721,delivered,2025-05-23 11:14:00,2025-06-01 11:14:00
d1c20acddf574eb5aa10fb5aa5441f27,372785b3a36b4a25a8c72df7597f3ec2,delivered,2025-05-22 16:43:00,2025-05-28 16:43:00
79af015fcc0f448f943ae9a07e5a1538,c704b95799644cb6845d54030a280244,approved,2025-03-04 20:48:00,
0bfce3afb92a425593de0bf6cd02a50f,c83d961ae1294b46b09c930eca062ee8,processing,2025-04-10 06:04:00,
7812b8be512044c5a3ba9abd7c9a1cb3,71cd9231ac5746fe9cf8f9bcf61473cc,delivered,2025-05-15 22:29:00,2025-05-23 22:29:00
836d71b6d2604f0d8ef5042a84599e72,e5fd3b2f711f4a058ada04cc57728cde,delivered,2025-02-16 17:47:00,2025-02-27 17:47:00
16692643dad940a4bcf57f767f5d9eaf,47ab0dd8e8cc4b278e62fcaff56787c9,delivered,2025-06-30 16:40:00,2025-07-12 16:40:00
2826db58c4d14a98b727e9dedbdd6508,90493fa1aa2941ef962ee0aefe79a83c,processing,2025-03-16 18:16:00,
b153ff938d9a4a49a093f5e4b563e1b1,8db16174f81247839fccdba0f43cf55e,delivered,2025-04-21 19:03:00,2025-04-24 19:03:00
ca1d3a6ce3674215a1b5576a39c3ac11,96278d5bde5c4daf8c727ff8987a311e,approved,2025-06-05 21:58:00,
dbe22f24e055434ba0b348c10b85027a,595e3753d00a48a786119ff0924a7173,approved,2025-03-30 10:38:00,
433269c0d7b04d5cacf26dfc297d115b,dfbf5d02019f496daf2f45bc411bbfa0,processing,2025-06-19 12:06:00,
f3b701d5c9b349a8951cac6800e9e134,8bea0feeddae43ee936e78688929be44,delivered,2025-06-12 08:24:00,2025-06-18 08:24:00
f90be6b853f34431a60df7b789df4dd2,de1a3109ab2c4e978b877a4cb624a79c,approved,2025-02-20 06:50:00,
15a9d0a9fb4b4883a9559b1719e5f3ef,9d097a12977643f1a5c7e25c21ce81d0,delivered,2025-01-06 06:33:00,2025-01-13 06:33:00
473b1104ce1b4d568e5cb02d33404e56,ba8ebb5d1642499996db8bdab0874bc2,delivered,2025-01-07 14:49:00,2025-01-11 14:49:00
0b8facc91224435db98059e8a14ea8be,2e0cc7c1ce43485897501be8380803e3,processing,2025-08-27 18:44:00,
fde6cd9a8ffe4953929ddbf7be3bacbf,c7161d5b71e9472490fb4e870652308c,shipped,2025-10-30 07:55:00,
b963069100ac447fb85797559d0857a8,27be9a3f369841f4b18075c3c88682b0,shipped,2025-10-30 19:21:00,
32808e75c8d24567af7984b93aa08761,08046c6892ed4782a94f373ae3f0932e,shipped,2025-04-26 09:06:00,
10cfd768126648c8b909e6673754634c,3863e23ec50f4c4d9bbc6aacb67ff12e,approved,2025-01-12 22:29:00,
27a54e082e8d47d6ad5ef9dfc42f0951,1f15ae4e74ff44febf248f4fe0434126,shipped,2025-06-20 20:58:00,
c8121692350d47b995e5aa5cf18db151,027c8b65e2974311b2bb1f3f3cb7b134,shipped,2025-12-15 09:27:00,
3635e07422ea42738bad9c43b1f6c77f,c9ae29041b944812a925659118dad927,delivered,2025-06-14 19:30:00,2025-06-16 19:30:00
dff3a27771e04f1b927cb138f5000d7f,4232df3c75d347009c837b03036186e4,delivered,2025-08-09 19:31:00,2025-08-23 19:31:00
7b634df093ba4b5ba5ad8c93c386b1d9,7087560d5e67464fac6a3e50ceeab448,delivered,2025-03-02 19:35:00,2025-03-06 19:35:00
2d61442f618e479984972db9d99d776a,575cb32bfc7649519a0ec0c5fdafb119,delivered,2025-10-13 17:09:00,2025-10-25 17:09:00
0c247791ecbd4b5a8ad0c9d7ddfec9ac,40a7e546fbca4bfeb4796c59c92396bc,delivered,2025-11-10 15:51:00,2025-11-12 15:51:00
3cdb40a42490401289586688adfce1df,85b43c8dcf78407b8fa18a1911437e7e,approved,2025-06-22 15:59:00,
cb490be85f2b441eb9baba6d16e22663,d71848b6bdd8465ebbe0d9c906a579c3,delivered,2025-07-08 06:25:00,2025-07-18 06:25:00
23e25ae0309e4753a425bb14fa5fae0e,400d42386bbb41388b805ea0987c5c02,delivered,2025-02-15 09:34:00,2025-02-25 09:34:00
3bf8474fc843421abc573faa6c448c57,6b4e1f00ea2f4b319d5ede69ae115964,delivered,2025-07-14 21:54:00,2025-07-24 21:54:00
de80d14386f0441dac7d59e87fe82fc4,7e84bcd64e7a46e682e25808f3de1ee0,delivered,2025-09-19 07:35:00,2025-10-03 07:35:00
94affae95d2b45c2990ebdc16f9282b9,81bf1670d1f84b37b8b5597afc4ba75f,delivered,2025-05-10 18:55:00,2025-05-18 18:55:00
54656f59fb2e44bab05145e3b08d5d90,9807839fe6aa4f889881cf83b5793939,delivered,2025-12-04 09:44:00,2025-12-12 09:44:00
19272428cc564aa896271acd759f8d95,6d2e5a4db8474627870e79a0a31fe117,delivered,2025-01-13 10:12:00,2025-01-16 10:12:00
423d5a4c11ca497ea04bcc9bc52a5fc3,1e15c36dd6e44247aaacffa458eba2e7,processing,2025-05-28 11:43:00,
7f91eea1d937461cad43d53af03a53fb,6473ac7b1bbb4af5b534b0e8e719d3fe,delivered,2025-11-10 18:37:00,2025-11-21 18:37:00
55b2d8ee8ddb4c69bffa546327bb35da,bbf6b044c22143809f94a428c03e4d37,delivered,2025-04-23 17:29:00,2025-04-25 17:29:00
8beb095bdefb4588a092b3122a514e69,0f08abe901f8464d863569f8f32d434b,delivered,2025-10-08 15:22:00,2025-10-11 15:22:00
d579527248954d6a8742945cd9ed0e1b,addbd078370b400996843601d7c0b409,delivered,2025-05-19 07:11:00,2025-05-24 07:11:00
65931ddadad54bf5a4766e2981897755,1483c957727445a7b79d38dc525f69e1,processing,2025-10-02 12:02:00,
09f26050e3d447a5b3f9b32632e59a2c,40da7d93df434aa2b5d7186e62f5a0eb,delivered,2025-06-01 20:25:00,2025-06-03 20:25:00
c578c35803e14a5997d86b69a9d13cec,4104b0bc4fbf4249a0e8890d10b708a2,delivered,2025-07-22 11:47:00,2025-07-30 11:47:00
89416e829a8a4eea86d5c4db55084ea5,7e826d58633848af8f54d3246a0f1f58,approved,2025-03-24 10:22:00,
1eb4e7e778bf4c8d9d2cb2565fb193a8,064ed02419ad42abbd3c33168ec724c3,processing,2025-12-31 17:12:00,
06a9f53585634b038515dda1718e71c6,0304f32228e542e2bfb7994fac4a4b9f,delivered,2025-03-02 06:46:00,2025-03-13 06:46:00
0c65647b952348898abd2a274bf43e15,87a0059c393e43b9844b14352a7b301f,approved,2025-04-13 11:45:00,
f1c377c88c23462ea86e29c239699c50,9249abda378b43519279f2ec64327617,delivered,2025-03-11 07:27:00,2025-03-19 07:27:00
90ade66703e147b285ad0d298cf89294,4eee9aa7cc0148aebbb34b5bc30f97a0,delivered,2025-05-21 06:23:00,2025-06-01 06:23:00
ee2c700b1e204d568666d25867132a9e,7e9c10a2a51b4beb85eb9c18e0eecf1f,delivered,2025-01-09 13:29:00,2025-01-16 13:29:00
00988d4954c24b90bad9f466ae15e155,75485b49754e4b74bcd84ae259efe8f1,delivered,2025-05-11 17:50:00,2025-05-24 17:50:00
dc2ca7feece448cea39263e564a34887,33d1a1fd15b14d06aec3fd3ffdc509d1,approved,2025-12-27 22:13:00,
12b81792c7b14e39afe20c6781f13cc5,574e276c5dfd4a29afa3cfeab99a6253,shipped,2025-10-15 10:36:00,
f1666e57c7364abbb3cd203d667847a0,aeb2332e73e743719a5a32412b4ff979,delivered,2025-08-15 07:17:00,2025-08-26 07:17:00
9e4140ccac784cb7aa2d3cd86c7fe459,65064d4bcf264316a05ce4c018e3476b,delivered,2025-03-18 15:08:00,2025-03-27 15:08:00
8bc2538268864d4d9ec3b416829e3855,df89ca343d3e46569a57ead26834ecb3,shipped,2025-02-13 08:27:00,
8fbd3b75271b4a6fbc256ef3ea49d3b2,1652a2206d3741d49e65f0b66fdb31d7,delivered,2025-11-12 22:49:00,2025-11-14 22:49:00
52ef2395482c45189941646a962ea6eb,ac873884346b4e319e956f490cc6b7c2,delivered,2025-08-18 10:00:00,2025-08-22 10:00:00
929532c40f424996810b4973d0b88ba9,4940dfcba28843ce9aaf9ec87a9f6386,shipped,2025-10-03 11:13:00,
a90406a68e984c06aa8d0e2627031d51,e99204bc838e4e4082fcf3b6ba18b868,delivered,2025-09-07 06:49:00,2025-09-17 06:49:00
c42ec2551153441fbcc864d731c3e92e,b9038404ec1345c7873eeaad7a9894fe,delivered,2025-02-05 16:42:00,2025-02-09 16:42:00
9dbdf5a2ba884da9b22108333a3f1956,a15874e414dd482c9b8285b909be6622,shipped,2025-05-17 15:15:00,
f2961e05535d4a3e9b91346d27d1653a,be6c6e01b16e490cbd909716a8245af9,delivered,2025-03-06 12:51:00,2025-03-10 12:51:00
b312d3d0cc5d40a0902b7cf5fce40ffc,66ac67ff98a042e7bcdbb878419c1057,delivered,2025-04-20 18:30:00,2025-05-02 18:30:00
824d840fec714d51b60fa29480852d7f,de1de8128c0448dca8d7389fce042563,processing,2025-01-19 11:46:00,
3bcaaac1cec64617b88b18721fc0ba02,4c737e36236247d4961492308107567c,processing,2025-12-08 14:09:00,
545c1dc9d86e448ca849d077179285f7,ddd9f2abd69f491c9d41ea67011a9f26,delivered,2025-10-29 22:13:00,2025-11-01 22:13:00
2d8086fd12be4f069974b60dc84d8138,6ff6d10b89554dc18d16235769cfc203,approved,2025-03-04 07:15:00,
a0bf68deec4847baa4ec1c5ee8ee4f60,b127f7fe6695494d86b44ed879cad215,delivered,2025-08-22 09:19:00,2025-09-01 09:19:00
51ee8960fa964efc983c8321850f82f4,f66524a48ca147408bfaafb267954e1a,shipped,2025-01-22 16:47:00,
bb53af635c494223b06f652b0ce99405,be1c8ee0c26f459ebadf458f485148ae,delivered,2025-10-09 10:59:00,2025-10-18 10:59:00
c513076cb9bb430ea4c4f7cb799b600f,42152478d6664fbf9d1e8c3047b8ec5b,delivered,2025-11-03 18:33:00,2025-11-10 18:33:00
c1dae5f1ea9b4e3d89d4f9f35e1a6972,fed1c68c77554d1da9889fc700de392f,delivered,2025-09-10 14:32:00,2025-09-20 14:32:00
ec1761dd38ad448ebe8b0ed9cddc07c9,ae51875acac14abd86555b570a699f43,shipped,2025-06-03 19:41:00,
b47e0566aae245e0b204c69486e5d397,3f86a65efa2a41aa989d2d37fb8a7b5e,delivered,2025-03-21 11:12:00,2025-03-25 11:12:00
3891da93bdf74650af8ef900e7c688f2,679e771331fd467d9ff858c91b37856b,delivered,2025-05-11 11:52:00,2025-05-18 11:52:00
2d9cf187da6742aaa7c20c980f994960,678725975a5943ae870f2d3083c407ab,delivered,2025-05-23 20:05:00,2025-06-05 20:05:00
3e27afe2baad4428a975306dee804ebc,0bcb3126f24249908dddc6b8333a114d,processing,2025-05-30 10:24:00,
e6917d07d422440d8c2399660521c639,5118c9e1ec734617a02ab1f9d4fcee5c,processing,2025-10-06 15:58:00,
b25210ab263c4819a9d1cecc36ba75c7,e00f560feff6499489e2b250b0ccfb0f,canceled,2025-07-28 19:50:00,
bd06671940d14d7a8500c876324cdab1,dd7fdf5209a841978079be0d826b0640,approved,2025-05-19 17:01:00,
d5dd25c2e9894153aed834ce075b97ae,fc25680b74aa4f45862f5ac8ee2531f9,delivered,2025-12-09 07:51:00,2025-12-12 07:51:00
c23698883aa542f9a7929ca34a177cb0,357d199d21c94babbf6464104056074e,processing,2025-05-19 09:53:00,
a3da20c33b9c4a348d3d53822bdd4989,f1741faa56164abd98d0549bd8202cce,delivered,2025-12-20 19:03:00,2025-12-29 19:03:00
29530c6c77e948658572f0b05317b129,f62add79108d403ba4377e84cfffad09,delivered,2025-02-21 06:37:00,2025-03-01 06:37:00
ad9898b546344ec7a27f828dd9f4f323,869196754cc9450c8f582e29bb7967c6,shipped,2025-03-25 19:46:00,
f13c5781b107419a9ff06e4b22fc1f85,c6eae6715b1646489724e61cde9c5b65,delivered,2025-10-15 14:30:00,2025-10-19 14:30:00
373c4a73260f4bb9ae26a5bb50585bf2,ce1aa7dd4c53473e80e589b7ba544d2e,delivered,2025-01-25 18:12:00,2025-01-28 18:12:00
b2ef5f1ffa0c424693556b01113519d4,80bf3f0a318f4f7da77184762f6571b6,delivered,2025-01-18 10:17:00,2025-01-24 10:17:00
92820bd095a34062a0369155d815bf66,764493e55e254a20b7d866b878863de6,delivered,2025-07-02 15:00:00,2025-07-14 15:00:00
8964c4d13f2146b9a424c3ea45848a1b,bbf6b044c22143809f94a428c03e4d37,processing,2025-09-29 18:18:00,
8943866f317f4dbe99269598c3dadd7c,29f064aef47e497d871b86c905b3d8fe,approved,2025-07-21 09:45:00,
934d5659823b4c09928d5c3959e24cb4,00bbf232bca34c7c992c206142ec74ae,delivered,2025-05-22 20:58:00,2025-06-05 20:58:00
93873dd6f368482ebba2cb8f669f0510,25dcb922d7e34cbda4e3db5a25457f2d,processing,2025-12-12 12:04:00,
75c70896097b4cdc9f0209a1a020c6bc,55fb4b098db344a09b78094d8d0e60a6,approved,2025-10-19 21:02:00,
733918f6bdb544eaa5b9b50b01500a8e,4a83a7dd6ccc49958f16febb3dc206f2,approved,2025-06-08 14:24:00,
e402424557124af7b4a4f6d83ee016f0,d4d6396092af4cd9a9b23e21be6b3ed5,delivered,2025-08-15 15:59:00,2025-08-21 15:59:00
c4ecf2e8cc7f48e6ba7ab7f3167142fa,7c57730dc5ea4d36ac97c74fd4d1c22e,delivered,2025-02-07 08:42:00,2025-02-15 08:42:00
2fef9424596846b486f79be279f1454e,ae51875acac14abd86555b570a699f43,delivered,2025-05-25 10:54:00,2025-06-06 10:54:00
7dc777a0bca04795ad215fa31972ee76,3579a8b3aef743d583e1c847c3d9f217,delivered,2025-02-16 09:17:00,2025-02-18 09:17:00
93fd8cd490b44552b8e33fa14cbb6a3c,dd97b48d81b24dc7b318dc677b7d5e11,shipped,2025-02-09 13:27:00,
3e3df563064744cb8370b1f3e76cf4d4,1f8bc422e66746e0926561d24361c8ac,delivered,2025-06-09 10:52:00,2025-06-20 10:52:00
73f07f6c951646a8bc048654f0830355,e806cf0fa54045b4a999778913145d27,delivered,2025-04-09 22:51:00,2025-04-14 22:51:00
a1223c9e84f64ed0b6f818c6574544c7,dc5c583da1634fe886af9c62f4a22a62,delivered,2025-08-25 09:54:00,2025-09-07 09:54:00
12ca9a07f1cd4b68907b8d3c2296f816,d469967b5e7241519f3aa4e3e41ee2f8,shipped,2025-03-15 15:31:00,
add76a6434cc40ed831fc9b4b76fbdf3,d4cec67206894f489f5992feb865c56a,delivered,2025-06-02 10:08:00,2025-06-06 10:08:00
52d5dcad8a4d4a06b9b66b5b366aaea1,e557ad07d2ee436a882bba97c9aa31b8,shipped,2025-02-19 19:46:00,
a4cbc034b563420096bddee20b2b7b20,025b27e7067f4922b764d4c70cdf4f4f,delivered,2025-01-15 14:54:00,2025-01-25 14:54:00
d226a580590240df95befcbf59616f8b,32bc6e1e9eb3475fb7cf6c76d021a70c,delivered,2025-03-25 14:07:00,2025-03-31 14:07:00
7c1f843ea0d04b579309e5f498159911,64ec58609e9442a1a0bbe456f51a2b90,shipped,2025-12-27 17:27:00,
760a3f5221aa488ba62bdedebcd9971c,9363c1e55ec04e10a1fa42dd380c3d4e,delivered,2025-07-22 12:38:00,2025-07-31 12:38:00
9fd3e3fdf27941efb27f088fc2827885,ee5d9c4b979b4b07ad6fbdc10d861ec2,processing,2025-01-22 08:08:00,
8b7d944795504aed8ac1044537ecc8df,c7a1f849177c461f8463acd00a55dc38,approved,2025-07-17 12:15:00,
0f8c76c4ed15421e92638a6a01c2212d,d2e985459b02454f861cea643240263d,approved,2025-09-10 17:40:00,
0afd6947e071496b9052869d7ee4b4fe,e99204bc838e4e4082fcf3b6ba18b868,shipped,2025-09-02 14:38:00,
4dc5062968874215b60c8b91eca0a0cb,bf5f4694ed1f403eb3c9e2da0f07237d,delivered,2025-07-27 20:22:00,2025-08-04 20:22:00
2789668a166241d9ad8fdc2f207fd071,4eaa38a12a2a47d1b5ebae81840ebc5e,delivered,2025-08-05 21:24:00,2025-08-13 21:24:00
5dac0ed56d4d4b6399146397c820a8c4,54b5906e9cd64123959eedb1b88c0bd8,processing,2025-10-22 08:14:00,
6e52d244672c4001bab04b48f9d96f6e,90967f7a6ee4460ab9041ecf13a766c5,shipped,2025-02-22 18:58:00,
33a03a1d81d645ffaf5d975cacc8970a,fe99b54c2e3949f28463b4f6583b234a,processing,2025-05-23 06:13:00,
eaa4fe30011a42eb92d27f9f97ca3c3c,e51d9977c9eb4d69b86abbc3aef4b164,delivered,2025-03-14 11:07:00,2025-03-22 11:07:00
8889be3f891d463fa147b0b34ed4226f,35a1308b99b845d18fccfb29fc570a09,delivered,2025-06-30 12:44:00,2025-07-04 12:44:00
5f44d7d4f5d54847a5d73fc8d64b9ff2,faa5b54b110f423ca8a3c42346ca70ac,delivered,2025-05-27 10:07:00,2025-06-02 10:07:00
886e691738414342a16e963ee512ceb0,c92a48f65d554a5a839939057852014e,delivered,2025-01-09 15:36:00,2025-01-19 15:36:00
55efdfb4bc994fc0b0d05cb88291c4a6,28b0f3f6a83d4a0c9309cdcb48783afd,delivered,2025-11-14 07:53:00,2025-11-16 07:53:00
1e0764ed06e4400aaf93ac06ab421f37,6165fda9bd124481a4f4103f9eecf38e,processing,2025-02-21 12:27:00,
e9ec1636eafe4c03ab82ebfaae7d70e3,8343b088566a492d9c672f9af8428fd8,delivered,2025-05-30 18:37:00,2025-06-01 18:37:00
bd6283f703ab44579aa338be52576dfb,ef53fbd5954040b0bfb25b25ad784877,delivered,2025-02-13 13:30:00,2025-02-21 13:30:00
cffa82d11d654395895f51a7bb3ae6bf,0e2936442e7f4123b82dcef83e34231d,delivered,2025-08-23 07:02:00,2025-08-30 07:02:00
ae7ef60e54fa4670bcd5dcf97a3300c6,fefa99038f784c899a7112915a146bce,canceled,2025-04-21 14:05:00,
8b051eb046ea4019bddb9d46c11a7b69,462e9b697c6248bb8e33f23af997b515,delivered,2025-09-12 17:02:00,2025-09-23 17:02:00
06d313d5713b44699ce0fd0af2aad861,3d7c74a3f75b44f493daa6f709c823fe,delivered,2025-04-19 16:17:00,2025-04-26 16:17:00
934854a937bd4618a05d3f297bed7841,9849a5af32ec40be93bad28a2974e2bc,delivered,2025-08-09 14:02:00,2025-08-13 14:02:00
bee63243890440e8820c342d09c5f31b,d0f3dc702c074971b87ab3c32b7ae130,shipped,2025-06-02 11:46:00,
716a8a6e30434f20b3fb2be367003e24,b9abc1aa1d5a4a70aaf0be69db95b3cb,shipped,2025-01-23 16:37:00,
09164e2a8d61448ea8fc3fd193de7b23,32088480b5da45318a39a9c9ec14f707,delivered,2025-04-08 09:09:00,2025-04-22 09:09:00
4070d16d3259474db63f4ca8c74d0aa9,aaa78783965f45b3849ab80e26fe327f,processing,2025-07-04 16:58:00,
bcefdcf2d3674c208d33eb9b6ef258ca,d8fbde31473446e09001662dd2c6b7d3,delivered,2025-11-11 17:36:00,2025-11-25 17:36:00
b9e2f20fd08240d598f0b2b2a5a1c50e,4d05748201b448d38f0e54472fdf6edb,approved,2025-02-05 20:07:00,
e050acc10c4b4d2381b9c0b97bbf3219,7f0e375fec654624a52b5179f92b64e0,delivered,2025-06-15 12:24:00,2025-06-29 12:24:00
4d93305fc542469eae76f4fe5dde969f,ca947998ca574fe4b082364b5bd0408c,delivered,2025-02-14 09:41:00,2025-02-23 09:41:00
7fc2a84f92334508919c1d9515d2f69e,e37dfa1602704f7f940ba5a6c6ac6808,delivered,2025-10-08 07:42:00,2025-10-13 07:42:00
13db376c9eef44359f936e0e41ab7d9f,e23a324c5ffb487d9535d8cfa1eab327,shipped,2025-04-13 12:25:00,
f9dcc0f1bd72448fbd1d423b191c27e3,9ca1e11596e24e888420aa70133dd292,approved,2025-05-17 09:30:00,
f63d3fb22ff6489ba2025dc696c30308,f9e204deae9e4d41adf331b248775bf2,delivered,2025-02-06 19:21:00,2025-02-09 19:21:00
ea100622bce447418fcdaab121a2e1bd,3c41ed4a28fd4afe85d4e3fd02c8857c,processing,2025-10-07 09:55:00,
97c0760c12994e7d81e00c399013454d,caa6f5622d974ad7b2d874a55f1f0a5e,delivered,2025-05-31 19:35:00,2025-06-09 19:35:00
73f55663458a414bbb9d77cc6c3de0b8,cdb48b8999d54a44800d99a5f15c5d52,delivered,2025-03-02 21:15:00,2025-03-11 21:15:00
418360f852e6425799b0d26a50a21a88,df62b2ee1fda4b6b8051ef30178fd4c7,delivered,2025-07-11 12:34:00,2025-07-25 12:34:00
807f2ad804fa47a2b329f236262a134c,dddac87f62c040a89f8cdee3b112f5cf,delivered,2025-04-15 17:20:00,2025-04-27 17:20:00
d848a91d5af7449eaa86112312126e11,fe99b54c2e3949f28463b4f6583b234a,delivered,2025-08-25 13:05:00,2025-08-30 13:05:00
0732160d063e4dbcaa3c554b92d7ad5a,be9a675baf1e4182b1afe21c843d02ec,delivered,2025-03-02 12:51:00,2025-03-16 12:51:00
267f595cb5774c50b1bfef7b0d9e15e3,48be572aac774828adac9c883c66d259,canceled,2025-04-05 15:12:00,
2a4d779652834080962e5779828bbba2,2ead6351d68944d3a1b9f9243fe8c33e,shipped,2025-07-15 18:44:00,
0b71b32d5d874e7fa82641f82dea32ca,62c009992b3b43439a09f80c597bc68d,delivered,2025-11-06 09:12:00,2025-11-19 09:12:00
b8de68728ebb4287b1170215bc493cf7,3d3938065e764df591504a8f4b72b259,canceled,2025-02-10 16:14:00,
4b87deca28d0445497722734d12499df,fac436a91c4a470f8bcf551e9bc3bd33,delivered,2025-05-13 06:48:00,2025-05-21 06:48:00
3ba6f22dbd7141d784c0bce16f0e55a5,4d60e7d050664e7f990a94b1de4fb178,delivered,2025-05-30 19:46:00,2025-06-02 19:46:00
334ea54e58a74f3b9522bf6eacf7ad32,046ae603692346728ef36f4b308f6d26,delivered,2025-06-25 14:38:00,2025-07-05 14:38:00
c1e223abc287480e84ae07bbadbf373f,1a12c295bb454cfbb711a985bc9ddef5,delivered,2025-08-20 17:14:00,2025-08-31 17:14:00
153566353d3c4d009839de0650bf8c5b,cd56aee7884e40e78ab9080710d0d337,delivered,2025-02-01 06:30:00,2025-02-07 06:30:00
c2309c58eb554488abce2c9bf6a9f106,7154b7ce731847ef8792f1392a3f5f0d,delivered,2025-04-14 12:23:00,2025-04-19 12:23:00
2fa7f6d1a88d4f3ea744f0b6bf1a2700,7c547cb3da864416a6ca76905bc76031,canceled,2025-05-06 19:58:00,
5063f987dde543c68d55cdb4b50214d9,cbe8b6634cfa4fc8a056b646bbe83c28,delivered,2025-08-15 17:07:00,2025-08-25 17:07:00
181abc9753b2461aa400c826c262be8f,4de3818f04e341468e4ec00e9f4d3de0,shipped,2025-08-18 17:24:00,
e9786a3bbbe04ea9b199b8d0bf259c84,e2221c59c099488096c915de1aea0e16,delivered,2025-06-22 16:16:00,2025-07-02 16:16:00
a30af428051e4bae90841fc8f71ece3e,5f7a89002f334669ad09b6c12fec8fee,delivered,2025-10-13 18:05:00,2025-10-17 18:05:00
09960c435d40473f8bcbc441355cf416,9c7af15e517d4daba1db5d60997ae969,approved,2025-12-15 16:49:00,
1966b3d89aa842faa6f361b1e34f553b,c7c9cb062eb74acebc8d77dd5f76195e,delivered,2025-01-02 16:00:00,2025-01-11 16:00:00
ca66eae627944e1598a27dfb4bd36872,ec93f284b2944e5a9ced91e5d93c51e8,delivered,2025-11-02 07:30:00,2025-11-06 07:30:00
3dbbf885121245eab0e1125819a1bb66,d1e3dcb71216443fa75ad5fa238387fd,delivered,2025-12-16 22:20:00,2025-12-24 22:20:00
5aba436a6378482085a5b512639bea4d,66bd4edab52e4bf68d6b61a9734d1f22,delivered,2025-07-26 20:12:00,2025-07-29 20:12:00
673c63535fcd4732b8cc706935323ebd,685a39cfe7524eac93eb572cbc24e2f3,processing,2025-07-27 11:44:00,
7b576bbee9414bbf8db56610623944e4,1483c957727445a7b79d38dc525f69e1,delivered,2025-04-15 20:21:00,2025-04-21 20:21:00
2dd97941551743abb64d3096dd3a7513,1378d2a5e3114944b71993cd84816447,delivered,2025-12-09 08:11:00,2025-12-12 08:11:00
9cf0e776ab324d9d993a02ba2a912542,2ba0f9ea0d46477383b036b36f01bfad,delivered,2025-12-30 17:38:00,2026-01-13 17:38:00
00cab999666b425a873b2430f1048b7b,1dca33a3200d4bfcad6d74da9886cb05,approved,2025-04-27 14:10:00,
2b46062b02684eae8c6a06c70cb7d92f,9249abda378b43519279f2ec64327617,canceled,2025-09-20 10:58:00,
97d30a9740e94f459ff5e830c346edd3,591386df1afa49c2b6f78d6ae0e4f88b,approved,2025-03-03 17:56:00,
9a1d5565c6a44d4a968acce8e93d645b,3bff6297bd7747188615beeb4f89f935,delivered,2025-11-16 18:00:00,2025-11-22 18:00:00
398cec438a7e4460920a20726ce5bda4,20c391014a5841189adb0850397d6767,delivered,2025-12-03 20:18:00,2025-12-09 20:18:00
0ce70809901044e69a34f1663ac1aeb9,4474982a23134b2cb01916153b4942e4,delivered,2025-01-10 18:17:00,2025-01-20 18:17:00
25705a17771d4022b00e4faf6a9bd278,5e7930eba0b44309bf8c5b9b7861c785,delivered,2025-06-22 21:33:00,2025-06-26 21:33:00
13ff68a658054140bad853da61698ef1,429341b0191144c5813df7b200397c93,processing,2025-03-21 14:55:00,
78d4036252734954bea82c04ebf9d4f3,6d94e4e6857a46598dae6a0f58fcaf43,approved,2025-04-29 16:49:00,
279e96b42fd841c6aff537dbe83e89cc,46d4cc693566462e8e3a355a087dcb11,delivered,2025-09-22 15:13:00,2025-10-06 15:13:00
4d8d2dc4aab4443d8f883571d17571f3,ead365414abd443cb485d0cc4d9119bf,delivered,2025-04-25 18:01:00,2025-05-03 18:01:00
d2557b6b5f1643858857a1fbbab48949,adea33590add4b8286a6ccaa7565e239,delivered,2025-08-05 12:34:00,2025-08-18 12:34:00
a8804f4cecad46978c3191aaa3614e8e,4a9edff8da464668bb5e3d331b3c7208,delivered,2025-02-26 10:37:00,2025-03-04 10:37:00
ac114b941ee24c56b7dd15e6de344225,05a6130d3894474b8ee3648e5de8812d,approved,2025-09-15 21:17:00,
c15211ab4b0b42d0b64ffc01e7ad3df2,f3562250ec6b464b805efd376ec370c6,processing,2025-07-04 19:45:00,
8bdb23b4e0e94253b0873a9fefb54769,ae51875acac14abd86555b570a699f43,shipped,2025-01-08 12:42:00,
156314e88ab143a1b52be0414c5be909,9e91ae070c80459aa140840aff4afd2d,shipped,2025-10-05 19:32:00,
742dd8d71ba348ae92943cf15b60761f,aa8480b5bb0d42f597f33409315a6ef3,delivered,2025-04-04 21:38:00,2025-04-15 21:38:00
b5e5bc6cb80445278d460a5bbf658e52,e4007c984801415288ba5aa6fe71327e,approved,2025-02-28 11:38:00,
16559cc4fff14234ad1df86f378af679,984a54d5b46645b194d1924b4fe2f1e4,delivered,2025-06-14 15:33:00,2025-06-18 15:33:00
ca77be3df48e4ba598944d6159f65164,b62c6625fd714177b342b4cef490dac6,delivered,2025-10-17 17:38:00,2025-10-20 17:38:00
7f7756ff0c804b08978a93e6b08e7ed9,df96665c18c646fea730c2e6942a49dd,delivered,2025-10-28 14:07:00,2025-11-10 14:07:00
acac730cba1b4f21acf19d1233085bd8,f1537ccab1f84ad99e8dc643abda7c4c,delivered,2025-06-08 20:30:00,2025-06-12 20:30:00
082fa91a235246e7b0b9cd6aa3c0cfb5,0943a0e99e6842708a9bf7a627fd4e19,delivered,2025-10-05 22:18:00,2025-10-11 22:18:00
47f3b877ea7848a086176cd6baceeb0a,d78c75e78d89436187aab2404e870a09,shipped,2025-03-01 14:28:00,
f144a2ab6f6b49e1bf231ef118b51aa1,834bfca41e174f17b0c972e7f1b00446,delivered,2025-04-01 12:05:00,2025-04-13 12:05:00
fb68cfb0c0414fa28917aa842310e7ba,e1dbad8a28ee4044ab4412bb92ebf9b4,processing,2025-02-26 21:41:00,
5d756bb50d4747aaac75a9b651e31809,2101d46f450d4e8f8c6042ef8bc9cb76,delivered,2025-10-07 10:43:00,2025-10-19 10:43:00
a0aa411485564b9cbed90f01b989cd46,1be385881f814e5fa0a5dfb07d98f494,delivered,2025-05-15 11:28:00,2025-05-18 11:28:00
7076702de3144acebf3ad88c75b60423,71f3374ac1a244428e13075368340cfe,processing,2025-01-15 14:23:00,
5159a2bf315445bda00a0bb4a9c34d5e,48b4e28e0a634cefb845cf9723c5e580,shipped,2025-02-16 11:59:00,
a3b8ee22a9f149a995b268761c1d8cf2,fded7f78f0cb4fadac671cbe28a1034d,approved,2025-11-08 17:07:00,
f1fb366dcb9a498b8e384790435f205b,97ee4a88c312453ea6b0265c25d70dbd,delivered,2025-12-12 21:57:00,2025-12-18 21:57:00
f0d09048f9784465bc5f263be398b5d6,95246b7de33a481aa41ee20cf0d4a765,approved,2025-08-16 17:27:00,
1be9f38293f34e0798ce764f01a58264,1d68d48c37004ad294be4367ebd34fe5,shipped,2025-07-20 16:07:00,
5ba7d32c36154ef0bdafb27bd6449e01,c747d043ab5b41a09e5cdd9a37819bff,delivered,2025-08-29 06:19:00,2025-09-07 06:19:00
49b952d7746245d9b195b8ba86c71a58,c5b35b84dee54d94b378229e0677022d,shipped,2025-04-09 20:48:00,
e4586a52ea414985a91605d3b3d6c88a,45f65679ca4747abb94fad9642da4390,shipped,2025-03-25 17:01:00,
c7be2065245440489fa3c3e9ffc74a82,77c83c9ed467432788435ec81f145125,processing,2025-04-05 09:46:00,
da7137a4fd0d4de4bebe855a14985e81,841ff44f11994af284603eecc68f66ee,delivered,2025-04-23 17:32:00,2025-04-26 17:32:00
9129d150a29e4a2492d787e99586d2c8,8a455505e1364906bfa64a33c85fb706,canceled,2025-11-12 20:39:00,
c85ae7382d45453caf80a0800e099223,2fd697c9483b48cb8d70be51d1bbf4b1,delivered,2025-11-15 19:40:00,2025-11-19 19:40:00
80870fd767144be98f3cf5a27822126d,be7a9c948bf04d6cb77d3b0c8afd0ddd,delivered,2025-03-18 14:02:00,2025-03-25 14:02:00
135c9ea128234c0083db2431f7f14471,f9b27487c1f04997913166dc8cdc328f,delivered,2025-08-27 11:14:00,2025-09-10 11:14:00
0e5a7b6f3b134536a20b0c036ab26f5e,4e87f401f45a46c6a10042471e094cf9,delivered,2025-10-18 22:51:00,2025-10-28 22:51:00
c470958f5bda4c02b1f94ed6e1b9e5d9,77908c860e9245508402b116ef3fe3c5,processing,2025-07-03 11:54:00,
6734b459be1d44ac84d134ced14fdd3c,ff8d90a62aa44bb3a7225a8c20861dae,shipped,2025-11-10 20:30:00,
d46190090f6b4e8ca92e81735374610c,5be208479584401890fef02d14ed3185,delivered,2025-11-19 15:22:00,2025-11-29 15:22:00
07e05ecd4702476eb519aa04c6bdbd34,406824e3f0eb45deb6a87e2015ad5e83,approved,2025-05-26 10:10:00,
b8a93345379f48aea48e90aa50ab2f37,462a6e2b906d468eb5064f395e0027ce,delivered,2025-09-15 20:59:00,2025-09-19 20:59:00
1f1fdb07589a4acbbc2ef4d164f7be1d,4e54089774ae47deb2a75eaa9a388661,delivered,2025-11-04 22:42:00,2025-11-17 22:42:00
acb7ab6c6a3144d6a59e39a112182208,b23f5afc7624435198e8ea370831e2b0,delivered,2025-08-18 13:15:00,2025-08-30 13:15:00
87b9d8e8e1ec4cc29b0f42bebb7eb211,3c09518f0e3b455d9ae553a77411e95e,shipped,2025-12-18 13:29:00,
ca7e8c321aca482d9f478d9f59283fea,9df95f7cf7c64235a43f99cdd6b84216,processing,2025-08-08 12:09:00,
aa0e153ed45e4919bd5362bbb84c4561,845ec010581142df9d00e862034b3a77,delivered,2025-11-17 08:28:00,2025-11-20 08:28:00
855feb04c76640d9b6be498407a9deb4,a8841484bee84a5faa347dc351545d04,canceled,2025-07-01 17:56:00,
9db4bd8dc4494fe3b5a1d9ff4ba80312,adb6a1df491e4151ab41b5e8dc4a8b36,processing,2025-04-07 10:38:00,
8285b1f3177a43018924417eeecd0bc0,c704b95799644cb6845d54030a280244,shipped,2025-03-03 18:54:00,
d226d09ff78d4475b011b2f787e3d014,e15a7c7dc41b4a4c9a9ad679177161a3,delivered,2025-06-28 19:40:00,2025-07-07 19:40:00
e0dbd216089846a4822bd20a2b1b649f,4e4c49e67d6a42268fe7d09289ecf0ba,processing,2025-07-12 12:31:00,
e43886d309834971ba7686f5d0825f0a,fe86233e83644cf79990da351631560d,processing,2025-01-27 13:41:00,
c20f8eb2b71c48b6922361661e60f73a,ec9f42bbd5b94ecea164234c5826418c,delivered,2025-07-21 13:54:00,2025-07-31 13:54:00
6e4847a396c24a39866fead483bc1f55,12b031cca9934d4db35bff5840bfa23e,shipped,2025-01-28 10:24:00,
0e12e323f98e45379c0652a6339daa35,f3e23d28432543269f98f7b6c1e34d7f,delivered,2025-03-01 20:21:00,2025-03-11 20:21:00
4af49098b10f4b6987c3b2245ea3b0cb,347107eff03945fc96db6e1fad46f253,approved,2025-01-11 16:14:00,
4ece7bf82a044750b7280a1c5ee3fd62,6e60c930b9df4b94a5e78b9691a4ba41,delivered,2025-10-10 19:21:00,2025-10-20 19:21:00
04b79fee35b84c80a62bbd21098c5eea,052ef88bc6a44159bb59905eaef50af9,delivered,2025-09-17 22:40:00,2025-09-26 22:40:00
ea0d809103db45008b9485988d442657,06d34e0b7b664967938d25048ef7d39b,shipped,2025-08-17 11:29:00,
309db39f310b469684de0f885380ba4b,0c733bd3763d4e2985f73b951928e527,approved,2025-01-30 06:15:00,
935f6bc200be436582484a55e52a9262,f8b8b410e4984adfb38eeac7b5bd7b85,delivered,2025-07-11 11:51:00,2025-07-21 11:51:00
4e9093b18d444c49987d70704ffd113f,bb386c3eacba4a7a9650ed76f4e23d49,delivered,2025-05-01 17:05:00,2025-05-10 17:05:00
29be88b79526463c8fc55006fa1d4d89,07c429c6620a41fbb95a4146fc027f43,delivered,2025-05-18 20:16:00,2025-05-25 20:16:00
8a70ed9de1d642578ce25fda498c0335,19c2875c46544a9c9ea88329fb7682e0,processing,2025-01-11 21:03:00,
d0660d75a55e440891ab55e9b039089a,cf29fb8e48cb477aa7ea2c01355329c3,delivered,2025-12-05 14:03:00,2025-12-19 14:03:00
79b1b231c2904b82b79a4fccee3ab00b,b316554d9377416990778c5e5cca6816,delivered,2025-02-06 11:43:00,2025-02-13 11:43:00
f4b8fa7762294cf5a6190b99a65acdd2,89be44799ca743a3bc5fc2c9e8ad127e,processing,2025-08-03 09:06:00,
61c6d218aa8f44b797917f49b2a5788a,66127a55a3e74c90bb8c472ea70d5091,processing,2025-06-18 16:11:00,
1bcea30a3e4a4e918ef84cf232c25ecd,5f9e1e96f1e24064ab61d9dc275db2b6,shipped,2025-03-12 20:35:00,
af17996a202e41b19c5c5f5264f2659e,faa5b54b110f423ca8a3c42346ca70ac,shipped,2025-01-28 09:23:00,
e7b5748eb845447cb7f956624004a680,610740165f92421fa25dfa3d67b00c3b,delivered,2025-04-28 06:57:00,2025-05-08 06:57:00
b4c72d987e0f4e729b0fcb154bf9b83f,1089f04a122d42058c49f6c55e0b392d,approved,2025-11-01 17:12:00,
d9eba1fe7aaa4fb78daad7bf2d6bca7a,bc8ca319046a4ed28b8e1637af0ba8ff,delivered,2025-08-11 16:40:00,2025-08-23 16:40:00
c0a0e71f970d416e936cf76a1fc22f55,a00f7e7c590e4d2bbf82bdfcd1609fed,delivered,2025-03-07 10:56:00,2025-03-21 10:56:00
4165b39307154de7a99f8e12ae102868,c95f332490c343688726ec73b72db517,delivered,2025-01-29 19:01:00,2025-02-10 19:01:00
0308c4b58eb54be99623c35f4bccd5cb,0510c2b71ca44d4bb39a605e9a0c9141,processing,2025-04-22 21:54:00,
03d2a2bd9f534c7f8fd29323d1512f64,f39e6fbd20ff4cfc846c50a3b483e2e2,delivered,2025-08-28 06:42:00,2025-09-07 06:42:00
5f02dc74714f4286a5d8c862e3227045,a1820e30cc964b5b9947416503112f2d,delivered,2025-01-06 19:03:00,2025-01-13 19:03:00
2d9c6188b9264ae59a2254a80c613acf,ce34b2fd06384567b2667f3ab6802b34,approved,2025-12-31 19:18:00,
a18a0609ce724b21bf224e99db49d86b,c706bc8aee5c45e98c1e41ffead2279b,delivered,2025-02-15 13:11:00,2025-02-25 13:11:00
38894bf672934d78b26c205bac835e4a,3f20f3926a884847921b7270250982ae,delivered,2025-12-24 09:42:00,2025-12-30 09:42:00
32e4d6e98e8942879ff97853daadede6,d0f3dc702c074971b87ab3c32b7ae130,delivered,2025-08-21 06:17:00,2025-08-26 06:17:00
b0879720e85748359faa7b04a10225e3,1be385881f814e5fa0a5dfb07d98f494,canceled,2025-04-09 16:14:00,
704dfcbbf6d744beb889cc216785c5f7,b02a404d42b34c4381f72bd682f16eed,delivered,2025-03-16 15:27:00,2025-03-19 15:27:00
2d9c125feb7949278e73626a39c6b997,639e2b560c924d4ea0f81ed46b29884d,approved,2025-07-03 11:09:00,
4ba6b05a3e3542b498c02167e94d4b27,6b62a13ed3b2487da437b1296d2ea5e8,shipped,2025-02-11 08:15:00,
ab1d589f3a974e54a8a19e49ee637b91,c1c2882df8234c4595890c3da74f7314,delivered,2025-10-10 09:08:00,2025-10-18 09:08:00
b2b48026cded43d1bb4da0c1af4ee227,c7a1f849177c461f8463acd00a55dc38,delivered,2025-03-10 18:23:00,2025-03-20 18:23:00
bef2c56bf36040ce90f0e23b0f3e731a,9b1a44cd4ecf4edbaacc2cab1f1a1d11,delivered,2025-11-22 11:30:00,2025-11-27 11:30:00
8e47763e191647409e7b7230bdef74dc,dc01184f298f46f3aa66ba29a56e2b4e,delivered,2025-11-29 19:50:00,2025-12-09 19:50:00
9967bca9f3e14e2882b05e9e1c6033e8,e8fc2ef6ce3f4f1dabf8834892bdf70f,delivered,2025-01-14 19:58:00,2025-01-25 19:58:00
dcc25d94564843d7b46958793c9c36e0,20f184c36c7c415f918e73cf751e3b9d,delivered,2025-07-27 22:40:00,2025-08-02 22:40:00
e4ba726a5fa547dcac5766b400ca0002,0f6d5b6846c948f397088357943088de,delivered,2025-11-07 12:56:00,2025-11-10 12:56:00
103497fbe54d43e69a1ffa218e12179e,2e726deeeeeb4a1687d369be24949991,delivered,2025-10-18 19:21:00,2025-10-29 19:21:00
1a657b653ad247a0a72592d447005fe9,bb610d42511f460397dbf573207e0111,delivered,2025-11-20 13:38:00,2025-12-03 13:38:00
bd43a2cbe937416993dedc64745fc3c0,ea28b665411c4b35a80daa7843075247,approved,2025-11-28 14:39:00,
d4cb7f7064bb4221bc90deef87f23c50,ede90c8024944747a0d3410bf0719a5e,delivered,2025-11-30 15:21:00,2025-12-09 15:21:00
7bd83ea1a1194c0ba4b363d7472bb22f,b84df03efaf44d008d435e1f1dab8938,delivered,2025-11-02 07:47:00,2025-11-16 07:47:00
3aa603909b724ca9843ce9bbe8be73f2,f8868579acee40b2a4db364142d16a6d,processing,2025-04-30 07:30:00,
c15dc6fbc4334519861559e44949a785,eb598989cce243518135bfbd575040f3,delivered,2025-06-08 18:52:00,2025-06-15 18:52:00
25240986131d463c8218463ed0c7d6c3,d647f82cd7394771b5d22424b51f1749,delivered,2025-12-12 10:35:00,2025-12-20 10:35:00
5e0c3938d0df4128b7052e76d8a6783f,2ddf0176cc21490fb071e76f4e28ffab,processing,2025-02-09 22:15:00,
4827aeeedb0848be94d9df9e8d305f6b,b552845229124bf5b3eb38a95ef322d3,delivered,2025-11-12 08:02:00,2025-11-22 08:02:00
6c86041851544d64a0c498ce55681001,d7a0aa9b7834430188a9318bf7327c13,processing,2025-10-07 09:44:00,
5514597665e64c53950df8db79441a2e,fc912a5bcb7642aa96e47480fbd91353,processing,2025-08-31 22:03:00,
4124b8bd8c324efbaeb7c5001913acf9,368683964560438e8faa0028b4d31603,delivered,2025-05-26 20:00:00,2025-06-05 20:00:00
e2423f0e0649414d8f943edbc2dc7b3a,7f332aa89a1e4d418ca110cfe28e7f13,shipped,2025-05-22 14:16:00,
3fb29b85d81b474b816037a97ee78c9d,0432ee9891054426b7e6f7287546f75f,approved,2025-04-28 10:22:00,
7a7504c59caa44548ebeb2a3adfaeaa0,18932abec93147e1b8f8ab66727179dc,delivered,2025-02-15 08:36:00,2025-02-27 08:36:00
4f95f5f0b0b645cc97a106f991f18623,3d7c74a3f75b44f493daa6f709c823fe,delivered,2025-02-14 06:36:00,2025-02-20 06:36:00
1ec44ef6568347818a00bd2722b01a42,f9b27487c1f04997913166dc8cdc328f,shipped,2025-12-14 10:25:00,
8d87752449e94a3b9fcd80fde29b42ba,82ab4e6286b449138dc88fd2d7cb3740,approved,2025-09-26 10:04:00,
a55f1275e6184d5fb0ba0822a265b7f4,b9c5a2fe662c49509a40d1fc21acb459,delivered,2025-02-15 15:51:00,2025-02-23 15:51:00
e403d75f76b4429c8a558aab5a4c9e79,5e027f0f0bd9475faa90484b5e10efc6,shipped,2025-01-06 06:00:00,
fd2e5c08b57e40098905f0bb315314a5,2454d09574e94388af69d55819953d6f,canceled,2025-10-05 22:41:00,
28921072119e4813a1f672e6a4b56535,537e270195bf4fa5b308ae06fcd14ed8,shipped,2025-06-02 09:19:00,
151a54e72b3a4ecbaf2e5b1793bc8a5c,8b64169a019d427b9abbf1b8f2f0ee59,delivered,2025-08-16 11:10:00,2025-08-20 11:10:00
d7cee09ede704a969f96b20765d3f433,42974f8a45994a2f8a9c951689ada8ae,delivered,2025-08-08 12:05:00,2025-08-22 12:05:00
63ab710d55db40efb6a2d12af5dde3cf,29b9a1e2d5c347718e05721852ccc12a,delivered,2025-07-01 15:34:00,2025-07-11 15:34:00
828d4e9e20724304b88271a42155194d,b9d58718e41548ca8f1189447731f449,shipped,2025-09-10 12:09:00,
a83f70b2d80541fcbf82c63be319a420,dd97b48d81b24dc7b318dc677b7d5e11,delivered,2025-12-31 08:37:00,2026-01-12 08:37:00
7ec3417146394c5792b7f5c4a85c4eb6,144fee93dd3e42508da1e76a677148aa,shipped,2025-05-02 20:30:00,
dc2883a23985407ab262951acce2705a,4b7e19dc4dc249faaea97a10f402c962,delivered,2025-02-19 06:50:00,2025-02-23 06:50:00
e928004dc09d4f6cb8206c1ee0bd58ed,e864818807394f70933e25d47cb6a8ec,shipped,2025-04-09 20:42:00,
24ef2e9202c846cda86836248b37d94c,3e9a689d256a4f16ae0195260d69d1ff,approved,2025-10-25 13:13:00,
f7ec8f0a813e4c5db68dc00adbb8be13,42409515f9084b1fb8009a2111a65ea2,approved,2025-06-10 09:44:00,
a2457c35c5fa4f95a8873ce309b6432b,dc593239a49d4948aa3914066868c601,shipped,2025-11-17 15:36:00,
27742ad2b6b44b6e8e1fa748f3980b75,b4b2edd10fc345af9149bc4d5fa55cae,delivered,2025-01-11 21:16:00,2025-01-19 21:16:00
16189ce3ed0b4026b4c72720c78ae0a4,1db47e4bd7db4c409dfa753e7a811042,delivered,2025-10-28 20:49:00,2025-11-08 20:49:00
3ca29a6e7eda41f5acd04b7a1800b473,113243bf008e4144bea13d05ed9da280,delivered,2025-02-11 09:33:00,2025-02-21 09:33:00
d55a109e2b1a4c0eb1e6240ec75a8449,02e47ecdd5784535bb3d83b07e28e69c,delivered,2025-01-25 20:24:00,2025-02-08 20:24:00
4e589cb94efa4bcdb8f5ccb6091eed15,5b8b7d425b2c4d03a597c6dc3c3f1871,delivered,2025-12-08 17:57:00,2025-12-15 17:57:00
2c1b4d677c894747b736d11a0caccbc6,ad651a345baa40d9ad6c83f557086ae7,shipped,2025-12-18 20:49:00,
e7179ca90585424c94bf1804799c9468,a8f842e6c0ad45a3b23fa262ee0deb25,delivered,2025-07-08 13:44:00,2025-07-17 13:44:00
b6b6e2988d1a4db8a904c7d4272ed783,01206ccf71c5494eb347bd7c986dea60,delivered,2025-07-28 21:45:00,2025-08-02 21:45:00
def2d6e72513490e845e82c6324ff076,292d126d7731404b8b92ac682562a75c,processing,2025-05-19 18:24:00,
2ef763668c734813902644ce2eb7c9b2,3e82147d037f40ce9ee40614996ef494,approved,2025-09-06 06:11:00,
d3615b9d0bf04d7f8ba16cf27f4b2811,e9046c5b246b4906ad9360b59725101e,shipped,2025-04-20 21:53:00,
5beb7de40a054346a03070a433b975c6,fbdbf233dffe4ffd9de4d58ca829f79a,delivered,2025-01-15 17:29:00,2025-01-18 17:29:00
2c5c693c79974ab6b4d5d1f3acd6dd2a,458c7565793b4f7595e5059ce4d9ee1c,delivered,2025-08-12 11:38:00,2025-08-20 11:38:00
0cb64043942648b79d524c64eaceae98,092445909e954aec8f5c05eb342bb8a0,approved,2025-09-25 11:30:00,
6948961f3675460aa6b71250b3b9d6df,a3f4ce099e1b43688e94b7d2c1439e00,delivered,2025-09-26 07:41:00,2025-10-10 07:41:00
e0200ec94cd748b6baf14d0795500d2e,f45985ee6a164b69896b971a0283db29,delivered,2025-10-05 16:47:00,2025-10-17 16:47:00
cf9d9b99020c4e0eaf362c2acd1bffe2,2ebec03f4ef14658998e3dbb86afcfa6,delivered,2025-01-02 18:32:00,2025-01-12 18:32:00
9e2f42a06e624645b2f0fef1826fac3e,a28e5414d6ca4ee9978582c6f0dae585,delivered,2025-09-17 13:09:00,2025-09-20 13:09:00
64d986e474304705bdfd7327d54a492b,a13af56b41df48d19fb71c708cb76bb5,delivered,2025-04-28 12:46:00,2025-04-30 12:46:00
62baa42a6a034297bfbbbb4ecddac7b5,b6f42a56ba98432a80802efd54eed69d,delivered,2025-02-18 21:38:00,2025-02-25 21:38:00
762c909bc4f94feaa94ce4c742b9108a,61ec29338a2647d69f0f2fb0c7a23698,delivered,2025-12-20 17:26:00,2025-12-26 17:26:00
7b25020f2b1a4f63a3b5584c025f058f,f45da121171042609bc28edf3212f520,shipped,2025-05-26 15:26:00,
ca79a30677e9439cbd1145d9f3624cad,8676124047c14634abcafc643fe33177,delivered,2025-06-08 15:57:00,2025-06-11 15:57:00
e2aeb83438404a008ef189237b818157,e95d235b72744223ad0b1d8cc877b291,approved,2025-02-16 19:46:00,
ff29bab34b364d358eebeab6de56f46b,a1fb1d61f8ff440ca9555bcc1bc6c1b8,shipped,2025-07-17 15:53:00,
5bea6c769b4c4f328c6b051279cbc49b,9901b98cc4dc4640be1c8b760749f110,delivered,2025-01-28 07:14:00,2025-02-02 07:14:00
61ed470223844daca84de33a06d96d69,3cada8b8cd6c4ac3a26f37dd74c5cdf1,delivered,2025-05-12 20:17:00,2025-05-26 20:17:00
8713b270c1d545c88bde0db3db512588,e0467afd2aff4608882b07dec7b3c04e,delivered,2025-01-21 19:51:00,2025-02-02 19:51:00
6792c96ed88c4f55aab4dd40f93a0caa,2a63d4bce3c44631b2ee1118b88a3975,delivered,2025-12-12 22:01:00,2025-12-25 22:01:00
6e26614bb8cd426fb70d1167be8efd4d,ad651a345baa40d9ad6c83f557086ae7,processing,2025-08-03 06:48:00,
578e8a2c97004364ae5825b34b9327df,ce32176982fe4c71aee733ce9ba26bfe,shipped,2025-12-08 09:40:00,
201d1c82c8794ea494617c5c17429ad8,3ae7930fb2f641e28f2e71a71d100255,delivered,2025-09-17 22:00:00,2025-09-26 22:00:00
59f3993c27814ad1a9dd2a3d35b07b7a,0597af4f4a1446f6a5e18fd0f552ddde,delivered,2025-02-01 21:21:00,2025-02-06 21:21:00
cc5ae1bc7bc046038c24a4279508647d,05053ad7c38f4f6f8c1e3909bffed4b9,canceled,2025-10-15 20:55:00,
38c08f62c26a4757bcf1393df6b26a15,83c0387ebf024ea5a659b5322ee46c96,delivered,2025-07-14 19:49:00,2025-07-22 19:49:00
0e8207700ec34cdb874e479e6ccaf7e1,9249abda378b43519279f2ec64327617,delivered,2025-11-14 16:56:00,2025-11-24 16:56:00
d6ebf76d803840308c2b27026c9802ba,6253daab070b407f8e49f368a18ad669,canceled,2025-08-12 07:05:00,
797ee0801ca24b7492c70d69c2155dcd,66127a55a3e74c90bb8c472ea70d5091,shipped,2025-01-23 22:23:00,
cf88674c17494e55af58be02b73d8f8d,026163fb13fb432893ffbad4f6d0426c,delivered,2025-05-19 08:45:00,2025-05-25 08:45:00
55d4cf8118f7435d9f8b4c1b4aee688e,d78ae05c50aa4de38421d9c60bacbed2,delivered,2025-02-04 19:57:00,2025-02-13 19:57:00
0efe02d4154541b7bc39cbe393e95783,f3bf13d3ffaf4205875c3c56a8c45c1b,delivered,2025-02-26 10:28:00,2025-03-01 10:28:00
8e1edf9af7524e17871fc8ea611b5dd7,300977479a3048d5997412c2d746534f,shipped,2025-06-13 10:25:00,
0892f89a2aa741a687bedeb7ceb310a6,e31eef2c2f90413e91b2940321b702bc,delivered,2025-09-20 19:30:00,2025-09-22 19:30:00
246b67473050479b8d540d41961d8622,d6d3f4c4948643b797795e2c25a33ce1,delivered,2025-09-16 13:54:00,2025-09-29 13:54:00
0a019d3c3a0142d88faade138d769c87,f68ef29f32a8489ca3edd413bcdca342,shipped,2025-08-31 10:56:00,
30c5e82cbdf24a81a57de420122e5365,325bbb6e4fd94a23b62671a05df186ed,canceled,2025-08-12 14:34:00,
aa2ba9f52cd646e996ff8821e4f8b602,28ebcb3c28434594b68c1a41d3663573,approved,2025-05-13 20:05:00,
861f17b54d014e36bbf7e6d89969efee,722f9cd5521f4606b99a268a38512c11,delivered,2025-12-07 16:35:00,2025-12-10 16:35:00
3e35c54c8612417c9173d7f90a36c2de,3acb235cdd3e4e62832aec7f1767d5de,delivered,2025-07-28 12:16:00,2025-08-07 12:16:00
4295db6d092744239bc113cbf210ac12,f903e6f414bc4bf4bfee40fa5bf1d121,delivered,2025-01-19 15:43:00,2025-01-24 15:43:00
5494272e1afc4f07beecd3253ab1d2fd,ab5f13a9f1f54a6e9b4d6b4b25eca7bb,approved,2025-07-10 18:36:00,
8715342844094f3385ecadb94d87ae16,b7d5c91413424c16ae18c5d2ef6d83e0,shipped,2025-05-06 13:00:00,
0eb6d86f054d427dac180af5d79570dd,42b2a59472154a00b651cff6e36b52a2,delivered,2025-02-11 21:44:00,2025-02-19 21:44:00
feb4b26556ce4672ab0742706a815927,a1affa5690ff44cbbbf2c5a887895c55,approved,2025-01-02 14:59:00,
660f5b15cb9d4bff8fd44f5bf42c26c5,90d95cbbbdf14435ae70f5108db2f995,delivered,2025-01-15 08:02:00,2025-01-23 08:02:00
280269234ef646199785653f3e4d9466,58a5ecc20cca48818bf520165bc8ac46,approved,2025-12-26 08:36:00,
2bc5015fed7a41358d44cdac7900e25d,75cc9a89464146a9be8a43148d99598d,shipped,2025-02-04 18:05:00,
494c958a0a2e4674ab2a578ed7abd9db,84152b05294842eea89045bb85d2cdf8,shipped,2025-03-18 19:20:00,
7fba45506cf74bc89849ecc17296b8e3,c194c862537d4c04ba941971073a6772,canceled,2025-07-17 09:19:00,
34c40577ee224a10a9fc7bb42fc1cf53,910542e08e6b44c8ae0c7a9afef0c1fb,delivered,2025-02-09 08:35:00,2025-02-18 08:35:00
4e93acfca1a14d9ca64cdb71441ec022,08dc37b62899407bbfdd5bad08986cfe,delivered,2025-01-30 13:52:00,2025-02-08 13:52:00
4d4f6176eb94467a8a21bfc1a0d4d5f3,a35ddd1f25924ff786e0a9d551429bbe,processing,2025-04-14 18:41:00,
42a310ec95e84d30a5498642a417c50b,5ccfa02784664557bee342a8f86d17ac,delivered,2025-02-03 15:10:00,2025-02-17 15:10:00
a5d6a37bd051497b8683ae9de90d4879,817074b390a244e3af3ec20950f98e97,shipped,2025-07-18 09:58:00,
a2767ab49101429f8b443ae08a2e814e,3dc57d4ef24244e69b481bd77e6127db,canceled,2025-12-13 08:08:00,
ecc312376e0a4481a24b9d58a66a49e6,3c41ed4a28fd4afe85d4e3fd02c8857c,delivered,2026-01-01 11:04:00,2026-01-05 11:04:00
2771da620a314e64aaa3ea53bbc17a56,54ab0439036a4a8a82df7e9dc183db7f,processing,2025-11-17 13:50:00,
9a0f95c0469244f4850ea7024e0c983a,1652a2206d3741d49e65f0b66fdb31d7,delivered,2025-04-16 06:02:00,2025-04-28 06:02:00
ba3c1a31cf8949dba4dbb0029cfc79ae,caea8366dc7647778d7baaf78bbd58e2,delivered,2025-05-01 11:52:00,2025-05-15 11:52:00
43df5651deeb42b8884a62f7c774eaaa,7ed0f4891a804b67bda78ceb4b32c8c2,delivered,2025-11-05 17:29:00,2025-11-10 17:29:00
e49e530fa34b4160bc18ea43c75e41a8,adcc08c718464a10a11647b27ae49cbe,shipped,2025-08-25 17:27:00,
905e0ec92d9b4e9faf02de6710274a7a,1df0983fbc694bf693792c09fad51c08,approved,2025-06-01 09:01:00,
d7980b1441c840a49f529be1086764ec,6f5ded723b964b3d8c5b224329907610,delivered,2025-06-07 17:08:00,2025-06-09 17:08:00
813cd66ab0de42de95b1bcf1e838b7f0,2b7c577564764d4a896671efc0a8ca86,delivered,2025-06-22 14:47:00,2025-06-24 14:47:00
2aa86c648b4c4b06a910155b364c764b,c194c862537d4c04ba941971073a6772,delivered,2025-05-15 15:44:00,2025-05-18 15:44:00
d5c8287ff5ea41a49fae6a3f662dbcb9,2cd1d5d8b5cc4507ae2ca9a6a3d70294,canceled,2025-01-12 22:55:00,
5d7e1ade53374fdca93b5be48c21de94,afdd3e696b434cafae67d19307cbeacb,shipped,2025-07-04 10:45:00,
d126e93deb0c43c08d270497756461a6,352fd93880ce44728374e71d3004e455,processing,2025-06-15 15:55:00,
e0daea83746848d6a199f8af7ed0d535,cb7c8c48d9864cdfa1d0fde1803ecbe5,shipped,2025-03-06 11:32:00,
1a68c9a4f63e43f7b929f1e4fb061212,2a15b66d99a246beacf195c02a9024bc,canceled,2025-02-06 14:05:00,
b69be96041c44fbb813568b829f06999,8ac9174ebe184938b3042c0c45182e68,processing,2025-04-14 10:22:00,
2f6a5694b5374dca8bb0b0c75c14877d,1b9fce2c4a0641bf85528eec54bcb894,delivered,2025-08-09 09:15:00,2025-08-14 09:15:00
0e27dd078d4a4177aa93054db6ba4076,55e2b95cb59848fb9bcce7f8b130124a,approved,2025-04-20 06:22:00,
722d38de5f984ebb90e5e13bbe7cc327,75c4ead55502466494f1e6d745d32cbc,delivered,2025-11-18 13:06:00,2025-11-21 13:06:00
97f29d6d3b4540099dfba18eeda911a4,fe055f2add1e4091a10bebbecc13a3ed,shipped,2025-12-25 13:31:00,
37154203b3e841ed87938398a675f3e5,439e264fb021479cac9e049524567fbb,approved,2025-12-23 19:30:00,
ea152179707144548543d7f6751ce579,ce34b2fd06384567b2667f3ab6802b34,shipped,2025-01-28 22:11:00,
09ee14cf9f1542a0a5e9bb2012e60124,15b6994319244d899851f9866f89cb48,approved,2025-07-09 11:47:00,
20e0afd9e2d544b4b7530e94978edfc0,4db38ad2f1634f65bf772b6593b6a523,delivered,2025-03-02 08:06:00,2025-03-12 08:06:00
38dbfaa995054f5597a030f42971d87a,d52acc78a3074505aca34572eee50ceb,delivered,2025-10-21 12:42:00,2025-11-03 12:42:00
1fd2926a25564b02bcc1815beb597b71,adb0f758a3fb4eeea9c268dcfe0be79b,delivered,2025-10-27 12:56:00,2025-11-01 12:56:00
a1ebf773a61d41efad91ff9b3d318491,0c190580cd884321a14c14ed0077c583,delivered,2025-12-01 08:12:00,2025-12-11 08:12:00
37c96dafa3ca49119f393fd98a8dfeef,63c81b46587548e594f6f00d043a48b5,shipped,2025-11-19 19:52:00,
6e593fdbf8bd4777a7998b3acc908cf3,505fb25e645e406d855a246f70dac89b,delivered,2025-09-19 10:35:00,2025-09-30 10:35:00
fa9b9124fe284c6997b858a470f72617,abc9ff9655b846acb51792fdf13149fa,shipped,2025-12-06 22:40:00,
fb26cb54eb3b46db8729e70f3ea9d1ff,f75e52005a4f48f183e0a40f9f414676,delivered,2025-05-17 13:13:00,2025-05-31 13:13:00
648af542c90c43c9b6d6201a06806e4a,8921e1098ea94f928d79e571150d132e,approved,2025-11-26 22:26:00,
5992094c2f4a4805937b9493c14e46cf,4a054d4b8eef42f29d9f3879ceec1afd,canceled,2025-05-08 17:32:00,
979222a9017342539137378f7bac7f11,20a8e50be6f54c1b8eb98d14e94798b7,delivered,2025-07-05 22:49:00,2025-07-14 22:49:00
de89f4a3f9e14be88a8474cbf67cc2fb,c9ae29041b944812a925659118dad927,shipped,2025-10-31 19:32:00,
a76f0050774d441d83815879d5a0a838,ac4a41e62ed04ca9841a16d840890fcc,delivered,2025-10-12 21:36:00,2025-10-14 21:36:00
f22808ce0c384eeaa7a138458f13b781,186e3aa2f8e443c39dea0df472a5b965,delivered,2025-08-03 14:17:00,2025-08-07 14:17:00
d492902abc98487aac388c8acc56f39b,66b553e7a5144703a69edcc96699255e,shipped,2025-10-22 22:46:00,
461b6a97e944445eb50622cf4dacf0c7,8c4db6e569ee4adba90dceed4db1ed0e,shipped,2025-05-20 22:17:00,
0c8b96a1b3fc4d7c954d3cfe6569a65a,f3fba11bed2f4e199f325a474919c76f,shipped,2025-10-26 11:43:00,
7a9666e07ef24b89b7ef412bddf62584,9ccea5b3c5d44ce7936cf0903477b26c,delivered,2025-03-16 07:51:00,2025-03-25 07:51:00
03389c185be04faa970241b50a9293ee,9c55e031975843a6bdcc1c5c25b4c31c,delivered,2025-03-16 10:59:00,2025-03-28 10:59:00
49c83af133a542ca96411d83e2479630,a7e03a5c5802459bae4a8b9d1664afdb,delivered,2025-10-10 07:05:00,2025-10-16 07:05:00
62074d468e9c4a32b8aeac16d7e77db9,a6a062cbeba24896b1287a63cb245fe9,delivered,2025-10-23 12:52:00,2025-10-31 12:52:00
07da27ef4c394c52bf8dcc42425be663,718776e053824e21b30c6a9cf35ee193,shipped,2025-11-07 09:21:00,
89edcace6c45462cbfd8361d890349f1,647d606240be464e8210ca972682d92a,delivered,2025-09-18 18:26:00,2025-09-30 18:26:00
4dc8a83966b34578bd6bb48c7cc9d1c0,55fb4b098db344a09b78094d8d0e60a6,shipped,2025-02-24 14:03:00,
3e5c00b07f0c4b01928cb68a8ca4c43c,722f9cd5521f4606b99a268a38512c11,processing,2025-10-03 14:56:00,
f68c9fc1191a45de9382ea8f24940aec,21646f168ec64cca8163de7d787d4785,canceled,2025-06-16 13:26:00,
7552de6aadaf481e844d9fcbe57dde60,d385f997b15f4c099299f235f5a05473,delivered,2025-04-07 11:58:00,2025-04-15 11:58:00
b44cf95f883d4d4b99b720130db08998,3e31904d7fb8429aa82f61fd70bed96b,delivered,2025-06-26 20:03:00,2025-07-06 20:03:00
f28b78fb11b94b6e82890d8f0593c414,039b0dfcfccc4fcd91fea561f7fce7b6,delivered,2025-08-31 17:53:00,2025-09-11 17:53:00
5e2c89c502c847ae99ac3374e594fee5,6ecaec12bd0b430fada3c45533227588,delivered,2025-02-14 15:19:00,2025-02-26 15:19:00
ee17f942f8ce493ea04f41c8a13edd28,d60139ae3c7341eb9f4550da82f6f2b3,delivered,2025-09-23 14:59:00,2025-10-04 14:59:00
c38b3bef7ae441379704ef05221fb9b5,c8e73f92dc2f424f92835e5ee0cc76bc,delivered,2025-11-07 17:30:00,2025-11-10 17:30:00
5f650d66eccf459a9c602832b4835da2,ff5a2f7f175a445c9aade6a10da4305c,delivered,2025-07-16 09:06:00,2025-07-22 09:06:00
d66d227947284defbe71742e640c6177,bc185e9b7c2542b192c95cd852d4f406,approved,2025-03-27 12:52:00,
3ebee8db19e745869ef488319666e8b2,e4509ab4ca444e3894da75680ea71409,delivered,2025-10-29 19:00:00,2025-11-06 19:00:00
c242d21d18cd4a9eb289e80859ee4346,763ab4e9f43b4a16a1428eb528a2ca2f,delivered,2025-06-30 11:11:00,2025-07-14 11:11:00
488a6e9f18a14831b26754093d530780,a153229b6acf4747afcd438313a6d29e,processing,2025-07-05 06:38:00,
3593127713c245b6aa6cecb615fb2f80,df502d08d2204773bb5a84de1d5256a3,delivered,2025-04-20 19:01:00,2025-05-04 19:01:00
a4f9ca2a44604ebb95ab7b9d21190fae,730e1d8e041d4f3a92920d908a897ee6,delivered,2025-05-28 18:46:00,2025-06-11 18:46:00
58074dd37a6a46cdbba37742835f16f1,1b88f10b87d1492c982a936f7121d7e6,delivered,2025-09-11 15:20:00,2025-09-20 15:20:00
cd94563edae245e1a22a7dfd4b830c82,0ee6b2abc0df4bc5ab94fafa9e0284a9,delivered,2025-09-25 10:27:00,2025-10-07 10:27:00
291fc61f7fd94975898404607c527c16,65b7af3933b54076881426c0631bd412,processing,2025-11-03 06:40:00,
f2cac47566ea4fd081843cbd3e3a077f,ac4a41e62ed04ca9841a16d840890fcc,approved,2025-10-25 21:14:00,
ef74fbac54874aa2a220dff4ff59ff12,828f3d9db6724cd8a81224edcc2e6832,processing,2025-04-24 19:22:00,
cd23197833424617a9122cdc9345fcfd,73f6812d213e47958ef42707079d4688,shipped,2025-01-18 20:29:00,
6bb17828af9e4bfb801ba1411bb5c0d8,4104b0bc4fbf4249a0e8890d10b708a2,delivered,2025-05-09 12:12:00,2025-05-15 12:12:00
94113f2493384b759530373066e24f98,170ddb3b40c34c908c40b2d31986868b,delivered,2025-12-16 20:03:00,2025-12-23 20:03:00
59c50c85df6a463bb0e6a1c3b3692374,7d87aceae4404f21b8bc31b931f69ac3,delivered,2025-01-16 09:44:00,2025-01-28 09:44:00
94a33b6afaa047d2a16296984f690c8e,66b553e7a5144703a69edcc96699255e,delivered,2025-05-29 13:47:00,2025-06-01 13:47:00
1b0fc80c9d0d4c5f9b2cd9110a564abf,5f9f20e88ce7472ead9a37a39f687300,shipped,2025-12-17 21:44:00,
041c50b9b1384223a3ee2ea32bff7e7d,54c3545729bc46969c1751c43009dd33,shipped,2025-08-05 13:06:00,
31c1c5ec77794e4783932f2a78074917,242015e20343453f8b4dcc0d68e51ee3,canceled,2025-07-02 13:47:00,
d62cef0abc184ebc9b988df07fb2a430,dddac87f62c040a89f8cdee3b112f5cf,delivered,2025-03-16 18:57:00,2025-03-19 18:57:00
41a64d772d0a4263b5ada8558fd665d5,aa81f6a725f64dd09ff3d2777e78365c,delivered,2025-06-19 22:54:00,2025-06-26 22:54:00
38c17d9c6951409c84c1013c9cb7fca8,0d2d0fefd7bd434186cca62581d37009,delivered,2025-03-28 12:58:00,2025-03-31 12:58:00
4b9cd678f93a47888f26510a21b002ee,ca947998ca574fe4b082364b5bd0408c,delivered,2025-09-24 16:30:00,2025-10-03 16:30:00
039f3e75f97c4329b3f129ddcd40ecd4,45eabf3841e14f61bf554f358a621c4f,shipped,2025-05-25 19:09:00,
19bc706439e3424a85f03f3ca19451df,45e7fbf243474844ab33ddccb9266c2e,delivered,2025-05-29 10:01:00,2025-06-11 10:01:00
239a71268c804a08bbb70051a1796228,834bfca41e174f17b0c972e7f1b00446,delivered,2025-09-23 19:25:00,2025-10-03 19:25:00
ae1a8086d36d4daeb5bd4a8875e9276e,4d05748201b448d38f0e54472fdf6edb,delivered,2025-07-24 13:47:00,2025-07-30 13:47:00
c40837a8e6274b6399be45939ebd9055,abc137207f254785a1749efbf3521fe9,delivered,2025-09-18 08:18:00,2025-09-29 08:18:00
8a6c071987ff414fabe5e2f76700b20b,70500e61b3d342688c3662ae991b3d60,processing,2025-08-14 14:06:00,
fc60941ac9374f7d9de4638932e5497c,87a0059c393e43b9844b14352a7b301f,approved,2025-09-15 10:29:00,
28d779afa8cc4e739d3a5a61e0ff01ed,ee5d9c4b979b4b07ad6fbdc10d861ec2,shipped,2025-02-22 12:48:00,
116a88bd6bfc4072a10761c3284aa071,39eb97876e34447f90d1c5567a5f8707,delivered,2025-09-27 11:47:00,2025-10-07 11:47:00
8105980385e942cca21664b46c1ddb58,d8ee899ff9444ba79e87033f40a07912,processing,2025-08-28 19:44:00,
352962b814f04c3486f2badb3e248e04,f31dec9a54554bb3863665cbef56dd23,delivered,2025-11-02 14:27:00,2025-11-07 14:27:00
6a4d4b0b0e1142c1ab940a4ab4684cfd,f04c6af1bc224e6bad538140692d94f0,delivered,2025-02-23 22:25:00,2025-03-07 22:25:00
e6bc547e748c4222bd1a17859f358643,ba2b5aaa09fa464d9deb8b983a5bd3da,processing,2025-06-12 14:30:00,
6880f673541649ce985e850dd11758d8,8cfce1974fe34e77bdfff77c128775dc,processing,2025-05-27 16:29:00,
ab58008faf0d433587941807a6d84acc,0cd3975bc5464327832aecd1fcf3b232,delivered,2025-12-21 20:11:00,2025-12-30 20:11:00
301a92ff3a4f4aae8d2dc3c0c67d6ac2,de1de8128c0448dca8d7389fce042563,approved,2025-08-22 12:07:00,
8fd20cb79d0247e38178cd0e2105b5c9,1347e0a7e6d74b00b52fb4a590f5ae3a,shipped,2025-11-04 06:28:00,
eaa8fa72d2ae4939aff3a6424bb9b87a,3579a8b3aef743d583e1c847c3d9f217,delivered,2025-04-08 19:28:00,2025-04-18 19:28:00
fe1ac28a2ae9418f9aac18de68e4926c,289ed13519254790a5c5770c1eda458f,shipped,2025-02-25 16:22:00,
f50683ebf11c442b8cc2b21e4ed18428,de2fc75d8eed456aa9e48178b1aff9b1,approved,2025-03-23 13:28:00,
493c8af08f614c889c47b760a01309b0,41b2f858a59447adbf028042e0b75a70,delivered,2025-10-30 20:28:00,2025-11-11 20:28:00
c0ec30f9f9f14bae97c74ddbbe586f27,35a1308b99b845d18fccfb29fc570a09,approved,2025-05-19 09:16:00,
a8e1fdc107b543c88e18fe8585590c2d,5491bdb91f6044d8b8339e0c2c9aadab,delivered,2025-10-04 19:05:00,2025-10-09 19:05:00
bb58224c62c4462b8b0dcb1759bc8248,cbb37ecd70254f97918c08f77590a4f7,delivered,2025-03-19 13:23:00,2025-03-30 13:23:00
472482f33ab94708b509d0c2503b49e5,af924fed7c5b4705b22fe7bf07a7a4c1,delivered,2025-03-07 22:29:00,2025-03-16 22:29:00
d054a8b8a09540fc8f67b96fc982a6b0,1a587243fda94f52b1725270b150feda,processing,2025-05-14 22:18:00,
34464194ae8049dca1c9d8a0cd0b1159,1baed8e1c97e4a1e859de3ee26f49d9f,processing,2025-05-25 10:04:00,
047ad24814944518afb3d3ddf16590b2,20dec5c691cd4205ae06e9ecf2931fe3,canceled,2025-12-17 21:37:00,
6ed4a286c1ae4e7a9c346dcd9484e11a,bbb6f02f03c1412781556cb85dffa8cc,delivered,2025-06-20 20:26:00,2025-07-03 20:26:00
02fff6090b25435182ff51adddee9eba,1c3b8968dadd4486b73568843619b992,delivered,2025-10-20 18:45:00,2025-10-28 18:45:00
191a193e1b1f4e95b8e188b045fe21b3,f1fda24c29684cee80d8c0d035029c24,canceled,2025-12-18 20:36:00,
2d47fd226f354f5fa56eb05e2846ec10,d827faddc0f74d53b6faf9f24d8b6ae8,processing,2025-10-17 11:31:00,
cd57b24e903c4eea9817aeb983cbd936,ba2b5aaa09fa464d9deb8b983a5bd3da,shipped,2025-04-10 18:40:00,
448a9fc4358d439f8800a586c18eead1,bc5a384836d145b6a02a9c92f9def0dc,delivered,2025-12-27 21:37:00,2026-01-06 21:37:00
d820641940434094946fa3aeded20fb1,7b2374073b1f476c9d3bab950523edbf,delivered,2025-10-18 21:47:00,2025-10-30 21:47:00
afaa7a30173546ae89876884a9d91672,cbc6d77916634c19bb975878312a93cc,approved,2025-11-19 11:52:00,
54c61cf487cc42b5bf86fd4ecfeb1878,e19f68a2505447c69734f33e2c98d994,delivered,2025-10-23 22:15:00,2025-11-05 22:15:00
538b93cb0fca44de8e6e75e84c19c7b4,ada3c1dbf1fe493497edd66d166fd9fe,delivered,2025-01-07 09:57:00,2025-01-21 09:57:00
7d1cebb187a441639ff6fc26b71d10da,8c20779c0f8c4cccbebebe282619ef8f,delivered,2025-03-08 14:00:00,2025-03-18 14:00:00
aa6e48c6cbef4244ba4f323f96bf9b8d,35b28fcd47824fb8966f831b2fb3a664,delivered,2025-06-21 10:45:00,2025-07-04 10:45:00
5b10a69af3b94ff0bbece4b8561b1eb2,303eb507c0a94c838319d61cddf56034,delivered,2025-07-22 21:18:00,2025-07-28 21:18:00
acf045e156504a40aa013bee96bcf6cb,32088480b5da45318a39a9c9ec14f707,delivered,2025-04-09 11:09:00,2025-04-21 11:09:00
d6afef5d89384a118a2da4def4bf1efc,955d88268eb84845affd090c1ac2acb3,delivered,2025-06-06 18:29:00,2025-06-19 18:29:00
1cbb708b6b5943e995e2c6cda16d2437,7c5940d5b2d844b98fb6e6fb79fe5edc,approved,2025-12-05 15:32:00,
53fe7d0e51e5427c82aaa7db6cf36b50,c8ff4c50fed441e68055f452041dac45,processing,2025-01-06 17:36:00,
8a06d3113b6a4b8faaac60d6a8a46fe0,f10d06a718f44e959380e90c95f2fd1b,delivered,2025-05-27 11:00:00,2025-05-29 11:00:00
f08b0fd6051e42f5856349e341c84214,61f85b6fd0a6474895d08b1f4a84f062,delivered,2025-10-19 10:14:00,2025-10-25 10:14:00
f379da9cc5d246d6afbe4240cddecedd,cd439e73fcfc432ca8f734f164cda8ec,shipped,2025-02-18 15:55:00,
e7ef61bfbc8f4217a5efbe4b662018dd,d1756bba44444d47ae4a4a01ab8874cc,approved,2025-05-26 12:43:00,
78598b9b651345f79d82fb2672e15680,682539fd2d60431b834e10045d15a1f6,shipped,2025-01-31 09:15:00,
fe22ff6f2f954e56a0fdced6c7fe6abc,5d898f654cda4c6d90d3477fd3318271,delivered,2025-04-02 14:38:00,2025-04-06 14:38:00
8a34d69aba7a4da2818cc19b88bc3c3e,6056d4c03c5247068f9023e48a352ac7,delivered,2025-06-01 07:50:00,2025-06-14 07:50:00
2ea52c77acbf4d0ea71bcbbb84a89033,4578f9713ad74d84b54c222d252043e8,delivered,2025-08-03 16:31:00,2025-08-08 16:31:00
a9fa40e924a9472f955936df575a142c,9dccb5330a6941a3bc2b9be39234caca,shipped,2025-06-22 13:40:00,
c68fbf3250954480b0b3455f6f4db128,05e1fb7f73f441b4a121cbfd046097ee,delivered,2025-02-25 11:59:00,2025-03-01 11:59:00
e7f16cbb6021462c84babfb113c9467e,131e6b794ba648ffa4d61699ea8ebdc3,delivered,2025-02-13 16:50:00,2025-02-24 16:50:00
4f07311759cd477987025c045f3dc1bd,faa5b54b110f423ca8a3c42346ca70ac,delivered,2025-01-25 16:24:00,2025-01-27 16:24:00
b3d2f56c818d4fb49b7b5ccd5bad3f04,53f81ebd3cb147a39ba93e41d38bdcd9,approved,2025-03-18 14:31:00,
664c1fc2002d4ff08cb5b223c525b8a6,1089f04a122d42058c49f6c55e0b392d,delivered,2025-03-28 08:15:00,2025-04-11 08:15:00
e3337b2de93b4c7999d99914ac158e6a,6a1aee3700904ad7a1875634cbb541b0,approved,2025-08-26 06:03:00,
2e30edd233dd4779b9c29472cfbc3f4f,62c009992b3b43439a09f80c597bc68d,delivered,2025-01-06 19:17:00,2025-01-10 19:17:00
52edf65d0c224cab8078e32547f1d12f,5fc564bf6e4a477aa8a6868f30b5ba37,processing,2025-10-14 17:20:00,
9a2ebcecc3564179b1bd75e63543e0ba,c95d54e8dc9b4cbc8accd3e8e90fd1d4,delivered,2025-11-18 12:11:00,2025-12-02 12:11:00
fd155c6efe50496bb23d7cf6ce3ffbd8,3fc41cfafc014461b01af3723c2f19a6,delivered,2025-12-29 22:08:00,2026-01-10 22:08:00
c3fb779524e54e58b435e25bfe5efe0b,a985fac7b6f348e8b39d64845150edcd,processing,2025-06-03 14:43:00,
818f93ad365d4266a644dbb196921dd6,c18ab1457fb14972a6a74f770e8b0add,delivered,2025-04-23 07:40:00,2025-05-01 07:40:00
8ffa2c3b2001452480a2fc65679ab889,0337ce9d1e4a400fa7f15a0d0742543f,delivered,2025-07-09 16:42:00,2025-07-23 16:42:00
3d8e8eef53734d27bb0db8416d683724,c9ae29041b944812a925659118dad927,delivered,2025-03-04 12:26:00,2025-03-10 12:26:00
47f8728415e9480eb78ece715a2b6310,ddf2fa066ccd46a2b94e01dec2939589,processing,2025-07-15 14:06:00,
1e91562aa77341e4aab05a3783db179f,0fa85b65024040feb3812be99ed2436c,processing,2025-03-05 22:08:00,
a88532d4d3c6434bbc2ba5e389709e3d,47b1b1eb54124cd7bc659d1072c938d0,delivered,2025-02-27 13:42:00,2025-03-12 13:42:00
b787fb4293fc4d8d921e05f2945c3d81,9fe74f741d04463ba6149fbf2346209f,shipped,2025-10-23 17:03:00,
cb795a5987ad42bab00c49c1ae6e9d56,ad3323610a7649079e9da5f9d5144d82,delivered,2025-05-06 11:12:00,2025-05-19 11:12:00
7609e0698f6542d3a269de566bc5df8f,414ec9f59f7d4638aa1f0680a747ef58,shipped,2025-03-03 12:36:00,
9de294480b9242a0bed40ea36d6d8161,4e54089774ae47deb2a75eaa9a388661,shipped,2025-03-11 16:59:00,
50c32003c2cc4850b4f9acf8454dd85d,31c74c91476a467093a26da519f20298,approved,2025-05-25 11:31:00,
c0866fa17c3a4a18aafc56d8cf434b13,8e0febf3036448769d429f396f76ff57,delivered,2025-03-30 10:06:00,2025-04-12 10:06:00
176d10773c7b49cb800cdfed306fa411,79d82d89a45246eba04458012ff76bfc,processing,2025-11-13 08:25:00,
7aa839ca8db046bcafd92762e6f6e83b,dd05c84b3ad94523a4aa980822c9dbf1,delivered,2025-02-13 16:14:00,2025-02-25 16:14:00
e24cf6438867491fa376c3e5efbd377a,030cbdfd3d0342b1bcbb7c26f4baa771,canceled,2025-01-01 16:39:00,
70cf65bee2eb4601ae0098f7001afb42,494b1aac08424227895e926ac9ef8d6f,delivered,2025-06-02 11:52:00,2025-06-14 11:52:00
4daf2894a31343e9a9ca9fcad78fde11,587a63e816cb419ab6ba5d2ad7f0e2d1,delivered,2025-05-31 13:40:00,2025-06-07 13:40:00
c8d530c216c947989b61c960bec81f7a,8ea50d8b6a48405995e6982ecc375e1a,shipped,2025-11-13 15:44:00,
042d693fd5c34527b812ac0e73511672,2fb62b822b2a4f818663959286163559,delivered,2025-10-20 20:38:00,2025-11-03 20:38:00
f11076ba917b4c01a520941304fdefcb,679e771331fd467d9ff858c91b37856b,approved,2025-09-06 19:15:00,
a6a989d9e66e4eac85de4cb6f33c0009,89d5f0683d124fe6894f73ee0ffa7ed9,shipped,2025-11-01 09:06:00,
21a4a423c1c845779c9e2552209b4b68,5cbb03af58894bf7b87ae29cc9d9dee6,delivered,2025-04-18 09:52:00,2025-04-26 09:52:00
1678dff394fd44099180307710f5f221,8a57fed1b4034f91b7bc7068b84244d8,delivered,2025-01-27 08:42:00,2025-02-02 08:42:00
88a0a596a6c34495b75b5cbe1b386d2b,4bb17eefe0b448519d8151b162599b5d,approved,2025-01-01 15:43:00,
201501f8522e421ab46732299b2077ba,0f5ec75ec41a4602a6bd863bcec050c4,delivered,2025-01-15 19:16:00,2025-01-27 19:16:00
95ef1c62b2e3438d939c7277b928fbb9,a04d238e823e4374baaac1875cfc5f8c,delivered,2025-03-16 06:40:00,2025-03-18 06:40:00
67e2a6489fc043efa02caf9ae230a94b,c58c32beb77445dd85343b8cbbaad071,delivered,2025-11-20 11:45:00,2025-11-29 11:45:00
941a28989f4644269da4c7acc78d766f,527e370696e943409d333d1f89d3760c,delivered,2025-07-08 10:41:00,2025-07-21 10:41:00
c4c2896eb7e54aa4a22783af937b3369,8a782a97cb1e4355a565f9c251725ded,delivered,2025-04-15 20:08:00,2025-04-22 20:08:00
a748b815732f43b49149cdab9bfb11f5,3a6f0e8f40df479e871bc97d7d08f06f,shipped,2025-03-06 07:47:00,
57b08221b39e4c408c75a92133de0677,a6438f8029db4e6ea710e83f8c8a1c4e,delivered,2025-06-29 19:44:00,2025-07-12 19:44:00
5776748d4cd048da95b235afa13257f4,c810702ea65049b7aa1c944f49110f25,shipped,2025-02-18 19:28:00,
b690aef250d2474aaff4c901d5a0f6de,a24f56dcfea8456ab8576269c70dfbd3,approved,2025-03-14 20:52:00,
2cd0e8a04f2e4929890a4f9f6b32eaf8,b2621e5d3d8d49d3b937b25bd5178583,delivered,2025-05-19 06:06:00,2025-05-24 06:06:00
7637355724ac4c4698c7568d008c5eb9,8b0ed437d6334a2c85d8bde2fd286e79,delivered,2025-10-23 20:08:00,2025-10-30 20:08:00
46b1f04eccc84913b9e4561bfac98eb1,56ae967ea3f7417eb723ccb0eaeb4945,delivered,2025-03-26 15:49:00,2025-04-07 15:49:00
bcaf84e02c544a9e9f955e06024cd104,afea0c13a81744229cfae82d408b9394,delivered,2025-01-23 20:42:00,2025-01-28 20:42:00
5e7a83e0310a4d90ab39775f3b0e364c,ec9f42bbd5b94ecea164234c5826418c,delivered,2025-08-06 22:30:00,2025-08-16 22:30:00
ec65e3abe4dd464ab07abe04c94aa24a,b92f20da50724c87b43e5c6efa382e08,processing,2025-10-22 11:59:00,
3f794a9738ba4ce3be806661b32766a6,33d1a1fd15b14d06aec3fd3ffdc509d1,shipped,2025-03-11 10:34:00,
167713a44bea40268f4d1b2cee54f263,35a1308b99b845d18fccfb29fc570a09,delivered,2025-01-24 14:00:00,2025-01-28 14:00:00
7c3e8b8d92884f73a2708bf382116907,de7aeaa44b2a42ec9681f101e5a709c0,processing,2025-08-08 18:50:00,
3affa782a6924dc3beb683a8cdf3f5c2,e1c2cbf814784f7a803e4cb4125c1b04,shipped,2025-06-13 07:06:00,
249e026740b146fda1cae2cae3ab9c33,2c075db566fd49d9b4172ef294eaacec,processing,2025-12-01 10:10:00,
00bc859b72d04c48aae16c51040f8449,d5767deb467942828fba31bcb5252c1b,processing,2025-05-15 22:07:00,
415bd04befc24a3c8401658a5abbd967,647d606240be464e8210ca972682d92a,processing,2025-07-28 06:18:00,
9ef05b8374654ca1b6dcded40c7c5ca2,0b4009b3f54a457fa90fd3fa2229ecdf,processing,2025-11-09 11:45:00,
8071da38cdf4478f9c4a2af5d11455aa,f41b6e2f44c14cd3a1409e98f9f0460a,delivered,2025-05-25 21:02:00,2025-06-01 21:02:00
24cc17600fb645ee83db8313b1ceeb90,11471412cbcb4150a68c001b690baddb,shipped,2025-06-04 20:43:00,
57132ab03eb545a0ad80a40e75997869,023eed58a898411bb769c53e5a872ace,processing,2025-03-16 09:10:00,
940abf208d2745c9ae0b53174312aedc,3f921107c3dc47699f7be5e645be87e9,delivered,2025-02-18 16:52:00,2025-02-23 16:52:00
bf9fbdbcd4914999b8d07a95b15a96ad,fd4607dfc7754031a209e5c46f04a08b,delivered,2025-07-03 13:12:00,2025-07-13 13:12:00
89e10f4a29a4469689ee95db6a85e49b,2f5141585e4a40ddaf9d5c951d3f6903,processing,2025-01-11 10:26:00,
355db1e46872457989a03a8e0dd79eb5,b659672cebdd45cc89c04dea24473448,delivered,2025-09-19 12:13:00,2025-09-22 12:13:00
f689928639324d608d28f44fc803ad8e,b0014c120b854b88b8efdf0079563072,canceled,2025-04-01 07:32:00,
5d72f05e6bb541be838ddeed699a02f2,e408c0bbdcce40daa1694112663f15dc,shipped,2025-01-23 17:25:00,
ef4cade921724f78a2942dd22a2b6b85,6455be872b2a4e89925d1139b63cc80a,delivered,2025-09-26 06:12:00,2025-10-02 06:12:00
402485ae437a49b888a4d0af476cd9c7,9331ea6c40494b6396224487b6648f69,delivered,2025-10-03 17:27:00,2025-10-10 17:27:00
f416f6c016a04473bcb13cffa47617f0,c58c32beb77445dd85343b8cbbaad071,processing,2025-02-10 21:47:00,
ce7a88e22d0c4d19985dda510ee74611,90102c958a9840dd956460c3aac10d17,shipped,2025-11-07 17:02:00,
dd31babce2b34204acbd3c665de5f2fb,8a2ab60b775c4e8ea134a7dab7d26eda,canceled,2025-06-01 15:55:00,
73c533d8f8a6408e954123cc70387fdd,fa5122854f2b4d7e8e7404436cbcddcc,canceled,2025-10-16 10:48:00,
3fd5468b2bfd46c29bb4d931d843ded4,58a5ecc20cca48818bf520165bc8ac46,delivered,2025-07-10 14:20:00,2025-07-17 14:20:00
4350483435c74bb5ae93e3ea4e2e0453,de2fc75d8eed456aa9e48178b1aff9b1,approved,2025-02-14 11:48:00,
1d7836d817324837b09ef9719be7e124,d4f1a319301240d08b2b60c46e10dbe8,delivered,2025-02-20 20:56:00,2025-03-05 20:56:00
f40bfb278fb44405a11ca665c9ccda3f,e470ccd7270642d18cc391206c752608,approved,2025-10-26 15:57:00,
8e0bf63442de4ed5bb6b04ab779fddc1,4e4c49e67d6a42268fe7d09289ecf0ba,approved,2025-04-05 22:15:00,
01f929cf951340d3878f4c7538647784,0597af4f4a1446f6a5e18fd0f552ddde,shipped,2025-10-21 16:42:00,
667e1199bc5340b8b5c91cd007e54917,3a856855a80142dfb39c7a9dcfede6da,approved,2025-06-01 10:28:00,
43f9c82860c844bd8835d14bb4cc35b3,aca80c0b87ac4c018e39d504140641e3,processing,2025-07-30 13:00:00,
df5eb18e3858481998fee25270fb8b14,3ce2a2cb71344d7d937e79b87535eb1c,shipped,2025-06-14 16:01:00,
8af21c956d5846f696668e913afeaad6,81763a872a6f4e759738b2320511dea1,canceled,2025-06-05 20:34:00,
7414a7601d724c1fa575b1eb953e120b,28ebcb3c28434594b68c1a41d3663573,shipped,2025-12-30 15:04:00,
9fb8e29cb88048f18c46f3b1bcfeec98,4a83a7dd6ccc49958f16febb3dc206f2,delivered,2025-10-11 11:32:00,2025-10-23 11:32:00
2d581b529c8e4014a12c345e129a9b68,f3a5b2dfdecc44c7a86b08e61eaec28d,delivered,2025-06-22 11:22:00,2025-06-25 11:22:00
2dbcaef03d2a4ad4a067250f5ac14f84,b704a5b599fe46b391c10be111511678,delivered,2025-09-16 15:24:00,2025-09-20 15:24:00
1332452e8fbf49fd86ecf232e080ebdc,64e450d90fa7479b871d3edb5405a407,canceled,2025-02-12 19:57:00,
d36b9cb795834b60b9990869511b7554,ce54c3223a4a4049a58bb5968825602f,delivered,2025-07-08 18:14:00,2025-07-20 18:14:00
d5b66fbdbb034d0c9af5e4207acdebc3,8f3990f0d209481b84a8f974da599bc0,approved,2025-01-01 07:59:00,
0b7812315b7c4f04abe271f372ecb182,98be58a44a0d4a3a8b812f1a47ce4492,delivered,2025-12-14 12:12:00,2025-12-21 12:12:00
706d5b4a13904bcbab4daf19c05af293,56ce7ec108654dff816acd5950ae7824,approved,2025-01-21 08:22:00,
a721a667a9784fd68794a1b678ed0646,851bb0adda94435ba7cb2890a4ffdebb,processing,2025-01-07 20:42:00,
e332c5dcfbe54999ace8e6beb44c11b7,27be9a3f369841f4b18075c3c88682b0,delivered,2025-06-18 18:36:00,2025-06-24 18:36:00
d132f98d325444d785d3365e84db6522,f2ccd58e769745f395873b50daee95fc,delivered,2025-07-19 20:13:00,2025-07-26 20:13:00
0e4b46943ad5433bac6fac5aa474aa0d,18d8f24444904e53877f8c1d243d4b79,canceled,2025-03-16 22:12:00,
da4bcdbf5055493bb963027009aca884,5fdbe80210bf42df8cba94621e7bfa05,shipped,2025-11-12 18:51:00,
53af7769a4354980954b86540397d26b,89961fde823d43e1ba35ea872d6b3c04,delivered,2025-08-31 20:16:00,2025-09-13 20:16:00
1cb75268474c4a18b79a2189022d57e0,1acb0d7240364008801b7c7e6230b71a,shipped,2025-03-04 19:58:00,
fb10df8b863f43d69af8cbc972e79b85,b3ac8f5b24064cfa86e164807e6deefc,delivered,2025-07-21 16:57:00,2025-07-30 16:57:00
858acde268c440079325ca17f648e242,03c7b422cdcf41fe84fa3bc3c70a9fa8,delivered,2025-07-23 12:15:00,2025-07-31 12:15:00
87b6aa197a9f4140b595b89ff990a891,17e2efa8082c4b3992ca550acb27ad92,delivered,2025-07-20 09:28:00,2025-07-23 09:28:00
c0f15fa90a4941d6a03a87542f537ce2,bafaa32a19b94772aaa71cdb51705f93,delivered,2025-10-20 19:29:00,2025-10-31 19:29:00
2bb8871741d749e29fe3a77c31f39a01,06d34e0b7b664967938d25048ef7d39b,delivered,2025-11-12 11:17:00,2025-11-23 11:17:00
a844854bbc464e22a3ec956ecb02252e,27d93ecf33414cda8450dfa3e2fd8222,delivered,2025-03-21 13:19:00,2025-03-27 13:19:00
2be1e365d36c49f592825a27d318e991,1e15c36dd6e44247aaacffa458eba2e7,delivered,2025-03-30 22:58:00,2025-04-06 22:58:00
5150f85b3c6d4a18a142294deabf5fe3,72a76da777c54ccf9e6e9de14befe39a,delivered,2025-04-06 22:13:00,2025-04-15 22:13:00
d031fdcf81df48a3a526b05b04536db0,851e027f7b2a4372b42dacb147254c27,processing,2025-08-16 20:40:00,
c0ee51ec07af4f6d8d3a1f4a6a5748f4,1eafef8f3ae248d5813f3b37407b975a,delivered,2025-04-21 13:44:00,2025-04-26 13:44:00
9fab12831c614bfead4e2c203f668edb,f65bd7188bb941b9bf1e313775dffee1,shipped,2025-01-29 09:03:00,
d9832d3d3d994ccc973cb77e4b55d5ed,5f9f20e88ce7472ead9a37a39f687300,approved,2025-08-06 21:24:00,
2bd89c4af6ad4ae7aebabeb2254f47aa,d32b7bda9a2e4e68966698aa1e7da9a3,delivered,2025-04-20 15:47:00,2025-04-27 15:47:00
4582a7ecdd234835a574bc8eeea0ae19,5855cfcdf5ee4dd1ac8bcca50371d78b,delivered,2025-10-08 09:27:00,2025-10-20 09:27:00
6a08944045d94f939e9fb5764183e497,9fd3dc1a364c4d92a20c31eb6c624f59,shipped,2025-06-08 07:40:00,
ec405553425b411ab99265c57dd47411,e64c760f24884a368d4e9f250b8d4c73,delivered,2025-09-19 15:24:00,2025-09-25 15:24:00
b347de8cb2294afbb554bedda1d12771,fed1c68c77554d1da9889fc700de392f,processing,2025-09-10 18:00:00,
862405af3e3747f089afb41c70cba9aa,8c91818a5d684ca8ad91da1208a29c95,shipped,2025-07-09 20:57:00,
2ded08e834254e28b16dcba47818924e,d17bad49acc746d0ab10cce3b62d3d12,delivered,2025-01-14 12:54:00,2025-01-22 12:54:00
2618b0a57b8b4366b2f7bbd28ed9e282,b307245c18334fa49ecc1594aedf904c,shipped,2025-05-25 10:34:00,
804b018d396d4a19899f4cf6e96c61a2,a38b059404e74fcf99cc4e85c0a652b1,delivered,2025-03-15 21:06:00,2025-03-26 21:06:00
caec613387f24d159a53c84760e45a54,89467b3d79e440349bf4fcdbe2a444e9,delivered,2025-08-22 13:26:00,2025-08-30 13:26:00
1a34f68635a24b77a4d5e1d7492cf91e,b3b8e242728a4895a94ec1bf073dd557,canceled,2025-08-03 20:14:00,
79c4b60516634f3b94f8fc3769f21a3a,4f6e1ea69cf9441ca0eac38c3343c6cd,delivered,2025-12-15 07:59:00,2025-12-24 07:59:00
1848f44cf71e4cea8b635c922f963303,e7651fe14b4443c6a23994de8f27317e,delivered,2025-09-11 11:59:00,2025-09-25 11:59:00
693a6d8593d34f3fa3b8e89a424ae0c3,bd6a883053114371829888003f43af99,delivered,2025-07-11 20:26:00,2025-07-14 20:26:00
e7f4d69381674fdcb46480cdf4fa6e2b,fd416fdcdfdf44a2a689db6b60ad6e91,delivered,2025-08-10 19:22:00,2025-08-23 19:22:00
7104244c80f248c795dbae337a32a16c,627c664474814453af869d206969224a,shipped,2025-08-02 14:01:00,
dd7c6aa8207e4e948f6990e4a2363e39,897fe0f417ea458b8ae0742f5148a690,delivered,2025-02-26 10:52:00,2025-03-03 10:52:00
a3821c2c49ef4d1891de0d63182376d5,9331ea6c40494b6396224487b6648f69,approved,2025-10-26 14:52:00,
2af57d714c7843d18d5a630202addfd4,e2aa549a4eb24151b062824684497796,shipped,2025-03-31 14:44:00,
01887bc4c82c4b0fa7f58ac9a172bf04,6f5f8f95cc2c429d8a4a0404e7bc2e7a,delivered,2025-02-14 20:27:00,2025-02-20 20:27:00
bb081942852941298452659fd91fa613,e2c9b026a24442e5ac31b1b7b97a39d1,shipped,2025-04-05 19:06:00,
45c2c03ac0b34f84a6f636c0929de2f2,4443a7408a354cd1adb92e862258d14a,processing,2025-11-22 08:01:00,
c07bcc88fc634cbe9dafec23ad04bb71,e99204bc838e4e4082fcf3b6ba18b868,delivered,2025-06-24 21:32:00,2025-07-08 21:32:00
674839723b1944a6b02b476b8d6ab9ba,9ca1e11596e24e888420aa70133dd292,canceled,2025-05-06 12:33:00,
e1468ab98d0641219b25fb52d885995b,4501cd3172e04def86ede6afc062bd56,processing,2025-09-09 06:14:00,
c7e5d1093ebb4cd5acf00e94d09b3c7b,85e69a209a884bfe9393d402ecc09dbd,delivered,2025-03-01 17:25:00,2025-03-15 17:25:00
59d9598c340043bdafb0347f10169d0c,50ef9c8644a642bb8d26658ee99e8811,canceled,2025-01-05 16:12:00,
7059f4c583eb4109a4cf1ad2635c2ac0,66bd4edab52e4bf68d6b61a9734d1f22,shipped,2025-12-09 07:34:00,
a658495fa47841dca56aaeb1a8f8df98,a4464b44af314fa3a12eef98928190da,delivered,2025-10-02 12:34:00,2025-10-14 12:34:00
7815374a854143599cab958aef33d53c,a1ff61b6b7f14edcb0893b6b3bf3ce18,delivered,2025-10-19 18:44:00,2025-10-23 18:44:00
840226ae0fa7429f99ba64a57733672b,fb07b886190c4fb1ae2d6b45eab0d13a,canceled,2025-10-08 17:26:00,
73e3d22545e145b5adcec2a0511dad6b,f0679fbf36974c8a9778ed872e54c509,delivered,2025-01-22 12:00:00,2025-02-01 12:00:00
8f5e32e898514a98b7d22a1831fc30f6,8816d886a70242f68103687c0bcc539c,delivered,2025-07-03 22:24:00,2025-07-08 22:24:00
b2b98464dc6241cbaf79c7e55b431cc5,618c5e0e1cf94b6d9c1e24ea2ba3473b,shipped,2025-01-15 14:03:00,
23f7b1b3ea924f2492279f658e1a3fb9,b82554e4aee041a0ae5fb12868a8738c,processing,2025-02-20 18:04:00,
c3a7e2e0c98747029c84d145dfcd3e1f,c37696247cd545708cf683ec5a073a85,delivered,2025-11-25 09:12:00,2025-12-09 09:12:00
e540d708ef904c3dacded391f354f606,66750da3c6844cad8f56f229a8e7bca7,delivered,2025-06-17 15:33:00,2025-06-24 15:33:00
65e7dfc1c67648e0821be3e79ef3552e,dd3b551abef7446db8bea33b0001f296,delivered,2025-08-03 08:40:00,2025-08-17 08:40:00
d768ec8077cf4075838dd2ad1ffc307c,8e91932c5b734a5a9e979bb78274223e,delivered,2025-09-21 06:32:00,2025-10-01 06:32:00
dbff4ac3b9834af4a700c7612d502bc3,28652920c99e408eb9b6716549a253c6,delivered,2025-12-01 21:57:00,2025-12-07 21:57:00
632fdff070d34bba82044a04c5cc266d,98be58a44a0d4a3a8b812f1a47ce4492,delivered,2025-12-30 21:23:00,2026-01-09 21:23:00
bbadfafc00a94e02828b807f15b4a681,a685f981e2214331aa63940a469fb1fc,canceled,2025-01-28 11:19:00,
d0e2628817ee46f1b112a7961a65fb9b,0aef955e2ffc4884911425726fa56e0c,delivered,2025-08-24 08:52:00,2025-08-29 08:52:00
17c9de230380484db6549bbd0a6321d6,17d4819d172a486684a1821ca90f7925,delivered,2025-03-14 20:36:00,2025-03-27 20:36:00
13fda597fb7c422ba57b68380fe263b9,98ce5d1178f4476993bba6b83bbf9b31,delivered,2025-05-25 14:43:00,2025-05-31 14:43:00
ecc79f9fe454469b96d84ca0a821ae4b,b3b8e242728a4895a94ec1bf073dd557,processing,2025-10-05 06:21:00,
cedea8ae793748ad91902c7725a00963,0a45594b0ec2409a914e1287deca5292,approved,2025-04-14 07:07:00,
8ccad3753a2e403e80b18d9c22e047b0,e1dbad8a28ee4044ab4412bb92ebf9b4,shipped,2025-06-15 10:25:00,
8e7a3c3f9c5d4287a74d552310dd120a,5ccfa02784664557bee342a8f86d17ac,processing,2025-12-25 17:50:00,
d142c389fd2f4e2b915fe9d63ccf68b0,faa5b54b110f423ca8a3c42346ca70ac,delivered,2025-09-23 11:53:00,2025-09-29 11:53:00
90f93e9231f643cbb49bc3e5698f0e2e,11ab58cff1424d45995ca9ec3b2a3ae5,shipped,2025-07-25 19:14:00,
f729654c9ca24c58a957314daa039fc3,a4ec2b0374294bac921451b306f4c56a,delivered,2025-07-03 09:08:00,2025-07-13 09:08:00
af2b44c774a74389bc4b87afada11938,201353fb39d64f8fbd880137c385f6ce,delivered,2025-08-13 19:14:00,2025-08-16 19:14:00
5473f3f760ff4675a7739fe0fb6d0903,b62c6625fd714177b342b4cef490dac6,delivered,2025-04-12 17:25:00,2025-04-22 17:25:00
ac011f4c0a5d440bb12d2af649c1134d,9e16579e38664fdf9231a91f2557dd63,delivered,2025-10-20 16:28:00,2025-10-22 16:28:00
113a258009704db0a931ce91ba55dff6,7c57730dc5ea4d36ac97c74fd4d1c22e,shipped,2025-01-31 09:21:00,
3234a52da531464dbce9061152d93f3e,13f194b1e6c54cd3a3be87c490974b5e,delivered,2025-12-28 13:17:00,2026-01-02 13:17:00
2101efa026714efd89717f2b7294227d,641d6ecfedf646f29c25139c7b8ab259,canceled,2025-08-08 10:39:00,
9523ac6654d946b2b5eee4dcd4bdeeee,30af380fcb3344ffbd669639023fb6c4,delivered,2025-06-14 18:11:00,2025-06-17 18:11:00
16381ccb53de4e479ca9b17750622339,5f7a89002f334669ad09b6c12fec8fee,delivered,2025-04-10 13:23:00,2025-04-19 13:23:00
f4774b2d4b44423b931c20c9a5b0b571,8a27d9277bbf4c30925fab8f3b204459,processing,2025-03-30 06:56:00,
8584165115a74c109b960d6a1c1e524e,ef53fbd5954040b0bfb25b25ad784877,delivered,2025-11-12 10:52:00,2025-11-15 10:52:00
ff50265d24a3486fa7801ef0e56d67cd,c3ef3719fa3c447db4ddf0744fc05ef8,shipped,2025-08-06 06:24:00,
f285119af80d4fc1ab0fef92d568f147,e0c6bbf2dd7b43e6a95422ea01fc5e32,delivered,2025-11-10 20:49:00,2025-11-14 20:49:00
dda3f155e296413cbe1d3c70baed269f,8620846811704e4492cc176111292096,shipped,2025-08-18 07:09:00,
f5e363913e7347e2a094d8edf81e50c8,5ceab32583464cc4a163f46982cbf933,delivered,2025-06-08 16:56:00,2025-06-22 16:56:00
2d4e05405fd94e3486ffc10ff917c6e6,90d6a899534e40e98bdae6b22b825f9b,approved,2025-12-12 07:30:00,
1be00e9933e946c7b858b85e57c77dd4,58268e59d47a45ffa86ed7ce00e6aecc,shipped,2025-12-26 07:30:00,
4f3e85629c70450884fff8f26b9b2f34,97bf7eb2ddef4e25a05120b4f1cbd8dc,delivered,2025-12-11 18:02:00,2025-12-21 18:02:00
c0b9f93d363e4c058f048c66ebc4417e,a9c9875340604178b529bf652b880d37,delivered,2025-06-06 14:14:00,2025-06-18 14:14:00
89c63eda5e0447dc8b316650de8cd0c7,32c8863b5e6f424d958da6100c001203,canceled,2025-10-28 13:17:00,
3f8e7694c227450c8307dcf790a16747,b3ac8f5b24064cfa86e164807e6deefc,canceled,2025-09-10 08:26:00,
21d5e9a2158b4f50af15a5f58fe8d0d8,3acb235cdd3e4e62832aec7f1767d5de,shipped,2025-07-05 19:13:00,
3125df1e43864e50a51724ed02288a52,4ce342b56b5147edb169c673be3c91b6,delivered,2025-07-28 08:01:00,2025-08-11 08:01:00
7f741c2a559848ae990e335a96e57f44,6253daab070b407f8e49f368a18ad669,shipped,2025-05-05 11:13:00,
94208bf0ac3448d296bbb86cf5db348b,9cbcf6b3169f463e9df2dafca9360832,delivered,2025-01-12 13:56:00,2025-01-20 13:56:00
ca3b433934554c9ea19f31901999875c,ddd9f2abd69f491c9d41ea67011a9f26,delivered,2025-09-15 15:28:00,2025-09-20 15:28:00
b709d19b726744febd166a5cad14e1e3,4514ca805cf94ffa88521d114fca047d,delivered,2025-07-30 07:12:00,2025-08-06 07:12:00
3de3f79fa4234875b5050c52c1706753,9df95f7cf7c64235a43f99cdd6b84216,delivered,2025-05-20 10:02:00,2025-05-28 10:02:00
24236064b12d48e7b4077ef4abfacd3c,bee8e992bc65491fb93db26185af9ab9,delivered,2025-11-09 16:46:00,2025-11-19 16:46:00
64d0d762a90f43d9a086ab38288458f0,b1bafdd6036b43b2877dd9b22fd21204,delivered,2025-05-30 16:52:00,2025-06-02 16:52:00
ef791c02e05345d6bfd1925158b459c7,6cd795ba223f4dad87eaa010eed13b0d,delivered,2025-08-09 22:46:00,2025-08-19 22:46:00
02a5e23d54e24f5dbfd91dddca02941d,fd4607dfc7754031a209e5c46f04a08b,delivered,2025-02-07 08:56:00,2025-02-13 08:56:00
d1d4deb87fdd41b0b81ef179e9ac7218,722f9cd5521f4606b99a268a38512c11,shipped,2025-09-11 17:33:00,
9036055da1c142a5904c73e5c181b27a,0d7b79d36d854096b96e30a91dd05463,delivered,2025-12-15 14:24:00,2025-12-23 14:24:00
f5714f710e4b4e4da2c5f6f455e6bddc,80c947c92e9e4ac2a3e33ddc3a467a7a,delivered,2025-07-24 22:08:00,2025-08-04 22:08:00
01c355f41dba4775899dd85b887d7744,d59603b059cd44abb2e93c02b9fe4ddc,delivered,2025-01-14 21:13:00,2025-01-23 21:13:00
aa79ed1600fb46c68ec4b4ff93fea5e8,df62b2ee1fda4b6b8051ef30178fd4c7,delivered,2025-09-16 20:50:00,2025-09-25 20:50:00
8e013e695cc541d399b46ae842af91ba,de1a3109ab2c4e978b877a4cb624a79c,processing,2025-05-18 13:32:00,
3994b89f9f824dac96936a63280b0b1a,11471412cbcb4150a68c001b690baddb,delivered,2025-09-26 22:54:00,2025-09-30 22:54:00
9832d1937afe4243841536661f5d3bc6,9f4d6fb553674eb9b8d002d2e64dedda,shipped,2025-01-16 15:17:00,
a8af4c21bb8b43648a78af72cfaf6ed0,8a76395a9f8b448ca0a070e620355e05,processing,2025-05-10 11:35:00,
f96136c8b2ed4a63a83fd7bb02364d27,93c75b12e65d4ee2a1fb4cfe19bfcfc5,delivered,2025-09-20 21:40:00,2025-09-26 21:40:00
0da054bbeece4f2ab59b251f47d7b084,1e9a5ad2068242f497ac86f76f568ac9,delivered,2025-10-25 14:14:00,2025-11-04 14:14:00
d9dfdad679144a5d8f6bc893c7572c74,3483d80902324a88b890b8422c729491,delivered,2025-05-25 20:53:00,2025-06-08 20:53:00
a44a18dc8bbe45ceaa1ab6218f7c81ad,13910e2af9404122a3102e7ada0791d9,shipped,2025-05-16 22:37:00,
92ae87397ab043519d8cfefea55b3a28,f79b87ceec364ede9075ebd706d52c2d,delivered,2025-03-03 22:48:00,2025-03-11 22:48:00
50fd75d340284b3ebc261d1e04f45375,b9b48a67c29f42b481a922a65c5f9504,approved,2025-01-15 20:23:00,
02395cd6884049d7a560663f719d20b3,bc5a384836d145b6a02a9c92f9def0dc,approved,2025-10-21 13:42:00,
da16b78308d64b16ae6732973e9d9129,708157c7d00c4348b0876b667f1ae983,shipped,2025-10-10 17:49:00,
87dbfedeebab40c7b6b00f472f0023dd,ae07eadb56e4436ca140ff5ba91038cd,delivered,2025-08-05 06:01:00,2025-08-19 06:01:00
27311376e4d14bea8dc5afa762e0d51c,0419867e309345688d67f8caa1af54bf,delivered,2025-09-03 07:37:00,2025-09-13 07:37:00
4e1c273238b04bae9a4e6925384df2ed,de3216cab67142ecba640f2ac9961c26,shipped,2025-07-30 16:18:00,
ed762ae8cd894a71943fcf4bd5208ac7,3dc57d4ef24244e69b481bd77e6127db,approved,2025-10-27 15:40:00,
adffb2b39ba143548dc40c835aa46b2b,d8ca0aad4387484382ad3ba0d0c40560,shipped,2025-04-21 22:41:00,
b063ef80d9b4478a8977043e1e9df7ff,c7d9c60555c64e7093fe76b46c01f666,approved,2025-07-07 12:59:00,
b91f5505117448f493a9496cbb0453dc,5e29c8d3158a4797abb3bddc6cceee43,delivered,2025-08-16 08:59:00,2025-08-29 08:59:00
89c26454c9d6475bb4280f5b9a876dc0,77406237857a414184927d72bcfc1de0,delivered,2025-01-21 14:49:00,2025-02-04 14:49:00
a83f5072d2624fc98ab03fb9be9fe968,bfad96b4a258451f9802fb2ba34d6aff,shipped,2025-10-11 07:22:00,
fb499bd97af94d059572c448bca9d1ee,5cd82554de7b418c8283d58af4ae20cb,shipped,2025-12-26 15:16:00,
4989e57b534e4aab9771b697ef2b2b0d,a04d238e823e4374baaac1875cfc5f8c,processing,2025-10-27 11:23:00,
f1aa0efecd9f4e1cb8966c8bb7689e34,7ae6a180ce3f4a5091d9da821ef3f356,delivered,2025-05-15 09:18:00,2025-05-25 09:18:00
348a1e9020644bf8a838551f3e8ee656,14df649cbae441d5802f0370a9c0772c,delivered,2025-05-13 16:36:00,2025-05-17 16:36:00
8cd46accd326480e80cc146c00ad3db4,47cb8e58b1b0409ea3db867f52981e57,shipped,2025-10-21 12:06:00,
e73363e76bf048c5ab1fe1913c243bbd,359efa2f6de74248b95239c1e3008336,delivered,2025-09-24 21:24:00,2025-10-08 21:24:00
d9893481afb54bde953012e3e794c081,d8cc4922aafe46e28d01b269331cdbad,delivered,2025-11-04 14:51:00,2025-11-12 14:51:00
0c52646f0c6b4c438495670f39d094d8,c5b932fc5ca84256a3514b94987679fc,delivered,2025-05-24 08:24:00,2025-05-31 08:24:00
8df07f5df3bf4389b95142723eadbbf4,83b09b82a7a64bec95072eeccc175884,delivered,2025-02-23 21:57:00,2025-03-05 21:57:00
733a738b9afa4d4597425cc5b9ee4355,205e2d022a0f45fea2af31c88c0f6beb,delivered,2025-06-09 09:01:00,2025-06-16 09:01:00
9c1f95405a294ea490fc6d7dc6566f30,2ada13a58a2a4334ace82a1119e0a68f,delivered,2025-03-08 19:57:00,2025-03-12 19:57:00
331c3cbd2b6f4b76a791c938250a2bbe,c6b277986fb34cf5afb4d932f1fdf86e,delivered,2025-01-17 11:49:00,2025-01-24 11:49:00
c16bb37481a5419f871e52c48de45458,fc0f4bc14ef144a6ad8420eb86ab079b,shipped,2025-09-10 19:21:00,
df73a14e00e14179aec303b8c4d5f46e,4741689fcfbc407b909060b8f2cf128e,delivered,2025-10-10 18:26:00,2025-10-18 18:26:00
80c3523fe5f04a75842cc8fbf6df3d54,4474982a23134b2cb01916153b4942e4,approved,2025-08-07 06:14:00,
3bb6b3dcfe014aa9b1ae75ba688630fd,b08ce9cd3cab490cbd3824bc48c997c4,approved,2025-02-26 11:17:00,
7b116139de554002bc6d12c776145241,f23b80dc38cb47a9bd4f86d25881b92f,delivered,2025-02-12 17:56:00,2025-02-18 17:56:00
6369728035ee445b8cb01bc66ca91ee0,80c947c92e9e4ac2a3e33ddc3a467a7a,shipped,2025-09-17 15:57:00,
e1ef68f9d30349a384a6a69348260c74,f45985ee6a164b69896b971a0283db29,shipped,2025-02-21 17:04:00,
3a6d381b39ac4eb483c39813cdaeafba,87a484c393e649cfa2f17350974ea93a,delivered,2025-09-20 12:44:00,2025-09-24 12:44:00
4ecc3050a27041298ddb6066bc7cbe83,6a601ec822d44616a9807d2d4ee9b8ac,shipped,2025-03-14 07:32:00,
5c6fbe9b35e14f69a6b35c0b8816b21d,57b638af3b414fa2a654727f66a0c224,approved,2025-09-06 09:01:00,
edfe21ae90154b85a8dfb5a495778bc6,0438d8697a124b8c83ab2c7d627c969a,delivered,2025-01-06 11:12:00,2025-01-11 11:12:00
e8a3332854bc489a974d80b55910a441,1df0983fbc694bf693792c09fad51c08,shipped,2025-01-11 14:28:00,
0c7cb6642d004e5e91eea41c3c540875,b04c881a2af3494587db007b09e6e541,canceled,2025-03-19 21:50:00,
e1fcd6d46ca44452ba709843ae2d527c,6911e8eb505d496cb024603113c8c6e1,delivered,2025-04-08 21:59:00,2025-04-15 21:59:00
ba162c3faac240929b4c0184c0c60598,f77aee15f3ad4135ab7fcee60808c698,shipped,2025-02-20 09:27:00,
2220d05431fd4d17849de5e734aa3c2f,4474a356ffb64d4d944942404b082093,delivered,2025-07-19 20:04:00,2025-07-29 20:04:00
4ec14c8865b24e7b9bffaa5ab9e247f2,00a208eaa27d40e193447b79f8d658ee,delivered,2025-05-18 20:28:00,2025-05-27 20:28:00
6128883fbd3a427498d3e9201565109e,6569575aaf4d45baad723689f1dedb36,delivered,2025-03-01 16:39:00,2025-03-06 16:39:00
b19b3456b47d44a09b9b3b378ccda933,b1ebc9702aec4e2d8a341205c02d1018,delivered,2025-07-25 10:41:00,2025-08-07 10:41:00
3b1e8d1a594b43fd8cfbad5e185f6aca,04bfe0bbc95c478d9fd3a1a3e2a393da,delivered,2025-07-21 09:05:00,2025-07-31 09:05:00
564177d6b28740da86109311868c7ed2,6143a7c1bd8448ac84d76cc6483f03bd,delivered,2025-03-26 13:43:00,2025-04-08 13:43:00
f205a083b6bc497494ac632c502adeba,4eaa38a12a2a47d1b5ebae81840ebc5e,processing,2025-12-31 14:02:00,
f46fc946ae56495ebdb4d1ffe40144f4,1ce21a525f1046dd96895ef199059e9f,delivered,2026-01-01 07:42:00,2026-01-11 07:42:00
138abf5b5db14254a2f88b91af921677,0f225c2d2cbe4037a76558ccb2681060,delivered,2025-10-12 20:18:00,2025-10-24 20:18:00
be64533e6fd745879da1ec11a787bbaa,5fda70083ce3481497d5d9945b214683,delivered,2025-11-27 15:03:00,2025-12-11 15:03:00
9ad0a01820f149b7845d6fd1dac5e767,4c10ba9676b2418cadf4012cdd64a041,processing,2025-10-08 15:10:00,
5879a7b389a84ea8b296cf8dc2ca675e,e089eb3d7dea43ceb75d7ed21e6fbf9a,delivered,2025-07-05 14:59:00,2025-07-16 14:59:00
3da47f412c1d47e3bec72dc788227e1f,30c0508debc64c3b95b578f975cd9318,delivered,2025-07-18 20:42:00,2025-07-25 20:42:00
92d47a7eeaaf4db680b801f610962bed,7f0e375fec654624a52b5179f92b64e0,delivered,2025-04-27 22:26:00,2025-05-05 22:26:00
582461d2e06f4ae98bde5ccc8d852c3f,d8ee899ff9444ba79e87033f40a07912,delivered,2025-06-09 16:41:00,2025-06-14 16:41:00
c49fe105fb904980b64283eec1ab307f,73c79d6c9f2940c09c34ffe572fdcf39,processing,2025-12-11 15:52:00,
4f12cbfeef4e45aebf2ac36e96101c97,98aac6f011684ec6ae0d9004206fe159,canceled,2025-04-13 12:31:00,
f7c821448c9649e4a101ccbe07693ba4,ef64f27f370547f1b6110990cf6dbe64,delivered,2025-03-30 18:42:00,2025-04-05 18:42:00
9ce8117b7d9342efb31849c61319a24a,ccd1de903fa042aa9bb2815e9d29d077,delivered,2025-11-04 15:19:00,2025-11-10 15:19:00
9a3687b9a3444032ac29f0ea196d78e5,fb16cc8ba49f4a6b9be5fb1d4b0e2a20,delivered,2025-01-31 10:01:00,2025-02-10 10:01:00
661f51081db24527aa8dc58459a46564,7674dad0f2da49488ce289964cd99e74,delivered,2025-08-28 13:22:00,2025-09-08 13:22:00
7dfcd7c8164449c09f32a4dd2e9b7adc,0dc63bdae0af46838c8135cc7054efa6,delivered,2025-03-07 08:20:00,2025-03-16 08:20:00
de1c6e5ebb9542d4b40b871e2866dfc4,047765236c794a34b0fda8398832565a,delivered,2025-05-12 14:45:00,2025-05-22 14:45:00
760fbaf0afe5418b803b8fdd00530f65,2463a7e2340b4b2bb48dc7b2c7811eb7,delivered,2025-08-10 08:51:00,2025-08-14 08:51:00
8093c2dfb0dd45af97208217faafcf72,5f81e004e6bc49f49959e24961a92be4,processing,2025-06-10 10:43:00,
e927608838ff4807878b528c6d2113e3,cd0a4b32b7334de482216c26724ca5f6,delivered,2025-01-19 09:36:00,2025-01-21 09:36:00
135f3a89993348eface60c5392ee7dc5,58c69c57f3e945d19597c67d6cf0b4f5,delivered,2025-05-27 19:48:00,2025-06-03 19:48:00
5af0e9f583a943e292d57643701822f2,0d2d0fefd7bd434186cca62581d37009,approved,2025-02-03 10:55:00,
278d6a75599d41e1832da0cf005cb9d4,26217f508e1442fd8af9e911ece76813,delivered,2025-03-20 14:18:00,2025-03-25 14:18:00
48f4dbee42b14bd895b710e0141dfa41,8d174edb495d4e068c33b914b02b70b5,delivered,2025-03-20 10:46:00,2025-03-22 10:46:00
8a4e84947f53466da337c65292a75aff,d60139ae3c7341eb9f4550da82f6f2b3,delivered,2025-06-29 14:23:00,2025-07-07 14:23:00
8e2852d436074863add4fac83109aaa1,27d93ecf33414cda8450dfa3e2fd8222,approved,2025-08-04 21:03:00,
5a11615221834083b8afe8245f096285,1df1ece015644e199fc5866e7ade0111,delivered,2025-01-25 20:03:00,2025-01-28 20:03:00
8a5e8e536fc74263bc3d74159a94d241,58b50a29434c46eb8b1aff313bb922a9,delivered,2025-07-11 17:30:00,2025-07-25 17:30:00
f1cec6f1694b4f98b916ed30b4d30382,0e2936442e7f4123b82dcef83e34231d,delivered,2025-09-17 22:46:00,2025-09-21 22:46:00
cf84d728f77e4801b4a8393ca0b7c188,e138063ca84b4ecfbfc8401866e19ff0,processing,2025-08-20 14:44:00,
2766fa1b72934967aa14078945854f3f,39bf7ce593f241069e0376091dbf6cfc,delivered,2025-02-22 21:41:00,2025-03-08 21:41:00
41f10eaa1e124c598d0af8f488b63a07,a24f56dcfea8456ab8576269c70dfbd3,processing,2025-12-19 17:54:00,
41858ba440d14e10981c4d9a2d76453c,5bdb2a572d654e42a8da16b904374396,shipped,2025-11-13 09:44:00,
bf55c33cd04b46e2bb91163f00fb8914,62b6185dbe2c43ae8dabacf85f79ce7d,shipped,2025-08-30 08:32:00,
45a5a41c2b3043c7a4891f703a536e69,56b0053a677941a8bc53503ea52c48c7,delivered,2025-06-18 22:48:00,2025-06-21 22:48:00
a1c229fdb39c4742ac693360c38422de,5ab069e9811f4da69f97e6bd4321961e,delivered,2025-03-03 22:40:00,2025-03-11 22:40:00
1878a0bad7ed44018707df3659a94ab5,24aa1672f0c549689ca6cb14e44e95ac,delivered,2025-04-16 20:33:00,2025-04-22 20:33:00
f4cb816feb6849f997a0332db6ad2be1,854d253dbdb34768a90b34aa380ba7d0,delivered,2025-08-26 08:36:00,2025-09-02 08:36:00
21d09e71b468482c89f016ba06710a47,adb6a1df491e4151ab41b5e8dc4a8b36,delivered,2025-07-25 11:48:00,2025-07-28 11:48:00
718a437a245e45bab49dffbe592fb412,a49bab17d99b4ff3a103dfc5f3fbccf5,canceled,2025-01-10 14:57:00,
004c49499d8c4690a6b4dab5ba49505a,8f2c82a4be024c1d9bed1949b5e79e11,shipped,2025-02-05 15:02:00,
d4c46cbf118a41658ca2b1d767d877fa,4a83a7dd6ccc49958f16febb3dc206f2,shipped,2025-08-10 22:21:00,
e1270ec3ce5a47f99894384dda531452,73c79d6c9f2940c09c34ffe572fdcf39,delivered,2025-01-29 12:57:00,2025-02-07 12:57:00
276ce1ae7023499f945741d696c4500f,574e276c5dfd4a29afa3cfeab99a6253,approved,2025-08-02 08:59:00,
1dcd82ad2228430cbf5dcf34789abed4,90967f7a6ee4460ab9041ecf13a766c5,delivered,2025-04-16 08:03:00,2025-04-20 08:03:00
e05be41658134f2c9591bb5a8112f2dc,6d0ce1857d3a47ea975759d114e60b86,shipped,2025-03-30 12:30:00,
3a7097f3a92d4f6ab15ba17a9f256818,1fe68038734b48c28c1e13c1f5593ea4,delivered,2025-11-29 19:08:00,2025-12-04 19:08:00
df1a2306613c4ebcbb294caeeb19a3d8,aa9d3c1049014c8a9fd53947aa314de5,shipped,2025-05-21 21:00:00,
85e0dd0a47fe457d871dbe652f96bc31,90493fa1aa2941ef962ee0aefe79a83c,canceled,2025-07-21 06:47:00,
386f2accff684a36986760ea7a648fce,d5daaae31e074fd69831580ed58d7700,approved,2025-12-28 11:39:00,
b35a0e01f6844fbb9c21c9ea38fc8420,7559a22aa56f4dcba6a6c7a5f0ac2613,delivered,2025-10-29 11:57:00,2025-11-03 11:57:00
b84c1c8d7ff4410a95620be9c738d79c,4d0f552964ac45bea04a5d647d1f4e3d,delivered,2025-02-18 13:18:00,2025-02-22 13:18:00
1f0bc152e71640e9a04e2a14c24a6142,a0114b76d2964b01911be3ad84f6eae0,delivered,2025-09-18 21:27:00,2025-09-23 21:27:00
f42da3f0168b4425bb696f8cf0be8c16,f16da6104c4d4b668e0d25eb16f638e0,delivered,2025-10-31 22:25:00,2025-11-04 22:25:00
96fa34eae94744c0a773cf798702a4db,b84df03efaf44d008d435e1f1dab8938,delivered,2025-10-10 06:12:00,2025-10-13 06:12:00
60566734e03345c5ae5b66e2b90d4927,b0cd22bad4854e67936d66e804972571,delivered,2025-09-24 16:12:00,2025-10-01 16:12:00
b312f9fc9b4b4a79a190cfffc546072f,0aef955e2ffc4884911425726fa56e0c,delivered,2025-06-28 22:11:00,2025-07-10 22:11:00
6cc59cdf5152449e8cfc60c1276aec1e,30d4444dd68e46138bcb7b7961475279,delivered,2025-05-25 20:33:00,2025-06-04 20:33:00
da3235a4071040009d370117b3f93726,c775825876c04d939d92eb08e7bba7b8,delivered,2025-03-14 15:21:00,2025-03-26 15:21:00
e7e866b43c014b4cb42c728fa324b865,7a7b326db2ba47e1bec7a7e4daaf7df8,approved,2025-11-08 22:31:00,
36b4db7854d4439082b0137771ce2d98,ce69f107e91d4812bcf6293b4e93f002,delivered,2025-04-21 12:36:00,2025-04-24 12:36:00
0662a98e7fca482bab3245ebd8d4cc28,00bbf232bca34c7c992c206142ec74ae,delivered,2025-03-08 22:10:00,2025-03-20 22:10:00
ed7dce88aedd41d2b435b068fa36dc0a,21bd8c83bda148f3867beab7519f4897,shipped,2025-12-27 20:20:00,
999c16f30ead4bccae996cdb9f341138,522fde2e1fcd43598242bc4fe2fc1687,delivered,2025-04-15 22:30:00,2025-04-17 22:30:00
c7107ee65a614951a7c5536408a65356,395650a4c76c4f60b88230b23aae7b14,approved,2025-05-27 15:01:00,
a394aa3c07a148f28ea046d80a671c54,d99941b6763e42aeb7fcd96ab9c4957c,shipped,2025-09-06 16:22:00,
b8f99d4c978d436499fed4a9aafd384e,46c063d671784faba8d2f1e7c7dbc82b,delivered,2025-02-27 12:26:00,2025-03-10 12:26:00
2bb90554a2474bdfbab5407b48286f8a,1ba41fe5aedd432d9f1b6dac52ffee44,processing,2025-01-18 11:46:00,
2747b044ee8344fbaaa97547f04c91bc,6b4e1f00ea2f4b319d5ede69ae115964,delivered,2025-11-11 09:17:00,2025-11-23 09:17:00
1d4664a143f44eb2a6721c0d387d30cb,07202bd8c8a84473a660e3750be0a40b,delivered,2025-08-29 09:30:00,2025-09-08 09:30:00
ead7cbcc2215494aa16d76f999531c47,c4a2c2870a2f45bfa47c0fd6e7e80337,delivered,2025-08-04 21:48:00,2025-08-11 21:48:00
e6f1d273ae0d44d7b75eacedf242c5d7,ef64f27f370547f1b6110990cf6dbe64,shipped,2025-01-06 06:17:00,
5411ead5a2874965aca8ee1528bf74f7,e0041e2b1a784b219e11a19661a02527,processing,2025-06-05 16:31:00,
36a9d8f083a14063b2bd2534c4a0c6a1,de50462fde564105b7d380e31b0b88a3,delivered,2025-09-12 17:14:00,2025-09-21 17:14:00
69c109dd92584989b007db57d8e29da6,c768416ee84b4f678d0052f88f9ec6a6,delivered,2025-03-27 18:54:00,2025-04-09 18:54:00
62a651c1c88e4c70a1b3a2dd543ceef5,81a40a0564134990b6a527bc6dcbcc87,approved,2025-04-13 20:09:00,
97b27d5569be4698ab6006f1ed456e9a,29d1bf4394e5432f915f17d9fdf1ff44,delivered,2025-10-19 21:46:00,2025-10-22 21:46:00
b040373382014f96901b2a385e9cd787,fe1aa6a5fc9b43d7b6e41d8af554ea19,approved,2025-07-13 16:59:00,
31a25cb64c7b450a9072437175c3360e,2714195c1bec49cfbbec4fe9cc082405,delivered,2025-11-23 13:26:00,2025-12-04 13:26:00
0e6b3c3a64044673b57d9502d719812a,053935d67c2c4a0497fb29e92e750c29,approved,2025-01-24 07:37:00,
7a727030dee64826a016beea40cd8d3a,dfdf1616709b49338800cd70e032e8aa,processing,2025-06-27 22:23:00,
aca154604c5e47908ca7dd45582021e6,a8e0169022e6456c9ee272cf7917ec57,approved,2025-01-27 10:38:00,
16405e08cb2f46c0b9e42e9bd0f3cd76,428cbb60e67c4b2b9068a6a91df571d4,approved,2025-09-18 17:15:00,
f0c237810ec7463b99c7a669d45f2894,18231d727a93489ab0c97253ee83df02,canceled,2025-12-28 21:01:00,
79751ca6e912419e85c09cfc49d72cb3,1f31cd387fa5430b9b2a1303387c8606,shipped,2025-01-18 08:13:00,
78e2147169e84518899c72dd942f1444,b68df56e2a734b959a276f72c278ea8c,delivered,2025-10-22 18:53:00,2025-10-31 18:53:00
a7681127d6a6470f9f025e181e04a9aa,6e6cbe319a39433286a9f14cb24bb3e1,processing,2025-08-08 13:57:00,
8e303e430d5d4f3b83f64b30b258ec1e,d3536982fc374c28bfa653b0d712b9f3,delivered,2025-03-06 14:25:00,2025-03-09 14:25:00
2c4cdefc2c5647ca869e20bc5f0041d3,f5dfe7e01f1142e0a1213e72c07daf91,delivered,2025-10-20 13:07:00,2025-10-30 13:07:00
f32eac93a9d34510bf692c851decc6a6,575cb32bfc7649519a0ec0c5fdafb119,delivered,2025-06-03 21:38:00,2025-06-09 21:38:00
27541b11a0864b02a63052cd1fda70fa,4cdd0b3826d0442080ec3f9eac6fcc17,delivered,2025-12-19 16:50:00,2025-12-22 16:50:00
5afafcf26b1e47e781ca491acf50c468,9d097a12977643f1a5c7e25c21ce81d0,delivered,2025-11-06 06:26:00,2025-11-20 06:26:00
8cc3e758d01a4cb4b8db396d8ea14fac,33d1a1fd15b14d06aec3fd3ffdc509d1,delivered,2025-06-19 19:40:00,2025-07-03 19:40:00
a46df187aae9428f97f4d06c57ef8ff8,97ee4a88c312453ea6b0265c25d70dbd,delivered,2025-01-06 18:04:00,2025-01-08 18:04:00
36297dc5a75143fb88e3971b87d648b2,6dbfe3f5d92a460ca0b3d42f3ac6f3e3,delivered,2025-01-30 09:31:00,2025-02-13 09:31:00
2777704cbc5b4c319d99fcff0b2b7142,c7b2d5e3cbe6417499f75e468110553a,canceled,2025-11-14 17:15:00,
cf04ce513ed74bce85103b6a5d64f708,e1aa033dd1e44f29a494da3fb289c924,delivered,2025-02-19 20:30:00,2025-03-04 20:30:00
d0f0fbb54198426cbeba95c2488d0ab0,f6fc25ea3f554749b7381696f2f37ea5,delivered,2025-11-11 22:19:00,2025-11-20 22:19:00
822c858b26cc480c92677d8753875edf,e09b13ef90894846bdb2f350c7152373,delivered,2025-12-03 12:04:00,2025-12-17 12:04:00
772a6f127144479a977160a0e3d51334,f8a9d0a35c9d4504aa4f32d2a9e8da5a,shipped,2025-07-05 15:20:00,
a908ddae268744d4bfb9dcb106b74ce0,0369024ad4174d7ebd2d31010f099586,delivered,2025-04-20 13:44:00,2025-05-02 13:44:00
5d1793ad4c12491da92ebb59c8967126,8af31bc9b333487ab7308bffb3fc303e,delivered,2025-09-24 13:24:00,2025-10-08 13:24:00
b401c163ee69439ea974ab1fd9ea3e51,5491159a33b5405f810a5bd992e97f55,canceled,2025-01-21 20:16:00,
b725fd9869854473aa293f0aadbc6c04,07202bd8c8a84473a660e3750be0a40b,approved,2025-10-10 19:35:00,
f096f60b6a6940899d131c0d51818146,841ff44f11994af284603eecc68f66ee,processing,2025-12-18 21:46:00,
d8bd5557991a45c884a45d0d32bfa18c,950e33293d4243ada2375343dd8b34d7,delivered,2025-02-19 20:52:00,2025-02-23 20:52:00
ec7a1346ff3745d9939952c09f0304fd,cbe0ca1badbd4121b0b7a5a5bd9a4424,processing,2025-04-10 07:43:00,
773b414dba774ecd934442d7afd6b015,0f6d5b6846c948f397088357943088de,delivered,2025-06-27 21:53:00,2025-07-07 21:53:00
c107283f484b438cb941a50ed3277fba,24752638d2a44ee39d104fd2497c726e,processing,2025-02-18 18:20:00,
1e365e953c684775a281fc44e4475a9e,fed1c68c77554d1da9889fc700de392f,delivered,2025-04-11 06:02:00,2025-04-24 06:02:00
9c64d528b370423e8f338646e37d1e37,7d909fcea4f74636a54ed7942c7f407e,delivered,2025-03-24 11:01:00,2025-04-01 11:01:00
cc3d607fce264dfa9e59b2e30b59b01b,b8a5d00822cc4e8dbb608c5fc1ca8588,delivered,2025-01-12 19:41:00,2025-01-20 19:41:00
212831102bf14269bf69b0130553fdf9,7ab7708a8a034f908cef3624c1a971f5,delivered,2025-09-14 13:26:00,2025-09-28 13:26:00
446eee6f5e4b4aaeba74301f6122f4f5,dd7fdf5209a841978079be0d826b0640,delivered,2025-06-06 08:46:00,2025-06-08 08:46:00
e2f9d8e8c72844b39d1d5cf25f33d672,ad81600771d7466ab276718bf262d831,approved,2025-12-26 11:38:00,
afa5a27b9c194b24858ccbb6622c0779,fda1dc15abf04028b3544ebf09027f9c,delivered,2025-09-19 06:11:00,2025-09-27 06:11:00
63abfba58b834fca9447a859569f2175,03ea9ad5ea6548fe9021eba95c2edf9d,processing,2025-12-02 10:53:00,
7a9b27cd8c07431a93da9dcd7f2b6f45,08dc37b62899407bbfdd5bad08986cfe,delivered,2025-02-08 17:06:00,2025-02-20 17:06:00
04dc24f65e0449ea8459bddfdcf772c5,97ee4a88c312453ea6b0265c25d70dbd,delivered,2025-08-09 16:41:00,2025-08-23 16:41:00
cc93f73443f146bdbec70e3390a0f00d,d4f1a319301240d08b2b60c46e10dbe8,delivered,2025-08-15 20:11:00,2025-08-26 20:11:00
f063bd3f4c6e41d284ddd78f175415a6,300509439881431b8671c1db3287ebd7,shipped,2025-06-26 20:33:00,
aae231d906ee48af8e82577bbc0d9e6d,d8ca0aad4387484382ad3ba0d0c40560,delivered,2025-08-01 22:06:00,2025-08-05 22:06:00
530df40384c84f42b706f172f1d8b8d7,ac5747d07cfc4dc982dc4c4e3f1f9eb5,delivered,2025-12-20 13:09:00,2025-12-27 13:09:00
9c20703baa3842feaac5934eee3735a6,b8e3c5ae39e14bf8a6d2af3ff2baffe9,delivered,2025-01-21 08:40:00,2025-01-24 08:40:00
3f9d2bbefcc94f1fb19fd742fa7611ef,c6ac3c90103643fd8908f52975c0ad71,shipped,2025-04-05 13:58:00,
493114adfcfd471996b7f6af3d1080b4,e19f68a2505447c69734f33e2c98d994,delivered,2025-09-26 22:52:00,2025-10-06 22:52:00
df3dd13158cf4b3eb613869ec33096f5,181e291b234942d0934dbffb4c4f46e7,delivered,2025-02-09 10:10:00,2025-02-12 10:10:00
d5a66d3ceb1946b6b2d07a82bd764b56,96f9890be12e4990944da835920e9b6b,delivered,2025-04-12 19:22:00,2025-04-16 19:22:00
eb8e02105cd84fe08d85fbd71e8b05fd,1040ba3a111548ef86e3c342290f85db,delivered,2025-01-17 20:51:00,2025-01-29 20:51:00
c2fe774327f7475babb82b80e9d592ce,e181432842364fb697114337195949a4,delivered,2025-01-25 17:45:00,2025-01-27 17:45:00
a9c99e21282d4029b7b3bab486635d59,45966beacb6c48c59d318e7baba22cd7,delivered,2025-10-23 08:04:00,2025-11-03 08:04:00
9f5031c1632842c7ba0e6089b8c5b09f,6cd795ba223f4dad87eaa010eed13b0d,shipped,2025-03-01 16:32:00,
ec8a1daf47de4cecbc0825d17661b58a,f3fba11bed2f4e199f325a474919c76f,delivered,2025-07-10 09:05:00,2025-07-23 09:05:00
1696d9597c9944c390d519549f2d3cd0,caa6f5622d974ad7b2d874a55f1f0a5e,processing,2025-06-15 06:42:00,
b30a864210af473bbc2c65f44b386251,c775825876c04d939d92eb08e7bba7b8,delivered,2025-03-26 11:46:00,2025-04-02 11:46:00
b2b96bea100643ffadd1a71c734d5339,316479a7e05d483c9bedc3b666563823,processing,2025-02-28 11:57:00,
b117fad4633443a583a1ca4f0ef38736,c747d043ab5b41a09e5cdd9a37819bff,delivered,2025-06-19 07:33:00,2025-06-23 07:33:00
9eccbc0a4efa4891b2f7347b82a97ff7,9c129a0fc4b24d09bf674b6e36c608b0,delivered,2025-01-22 12:36:00,2025-01-24 12:36:00
11e1fb4ae89f4901a69beea73de7d1f2,3d4f739a9f854dd18b94c1086cc33ba1,delivered,2025-10-13 06:28:00,2025-10-24 06:28:00
2eece27a270c4550b8d788177829f03d,8af31bc9b333487ab7308bffb3fc303e,delivered,2025-11-06 13:31:00,2025-11-09 13:31:00
d0af218741164fdaa1ae008d67953c47,4d897f28625e4598ac25d4f6e0a24d8d,delivered,2025-05-22 17:07:00,2025-05-28 17:07:00
0e8a1c237fff48658cc4e2a5c4851921,a483f4113305400eb8b0cc64c126ae32,delivered,2025-12-27 22:50:00,2025-12-30 22:50:00
4c151aecae2649cdab1d7314afc0e04c,a6052707a9c44707ba563cd285d49418,delivered,2025-07-29 08:02:00,2025-08-09 08:02:00
4d2311bed903429aa34b6b1d09cd8185,4553cf3f49374c99a9f58023fe5da9aa,delivered,2025-06-01 13:21:00,2025-06-12 13:21:00
d0e6e5719b4c446a9762c16912eef821,1e8cdf2b5d124c88872eb20ffbc981a6,processing,2025-08-28 16:56:00,
8aa7207a9d834b5a90016b325c69396c,4681c32e0f2f469891babb24763f3538,canceled,2025-04-05 15:59:00,
0ab701315b5e41dc8b4fda9199990cc9,1db47e4bd7db4c409dfa753e7a811042,shipped,2025-11-13 07:22:00,
a15ea424b3cc43ecad1ff5b641bc1eaa,ea2b056f73cc45f28df6e42ccff394d7,processing,2025-12-16 12:46:00,
c439d008b88046af887e868f2e3604e4,817074b390a244e3af3ec20950f98e97,shipped,2025-09-01 16:00:00,
25f180e522fb4485841945b22528d596,d1437f2290b04fecb634d8d0e5efbd45,approved,2025-09-05 12:22:00,
be8ce46aa6bd46ce9c9323bd9dbc6932,ce1aa7dd4c53473e80e589b7ba544d2e,delivered,2025-11-28 18:59:00,2025-12-04 18:59:00
52ecb06e1e004565b2bfb5b8ec109921,562527d5a6464e33a3cd7bd1a9866034,canceled,2025-11-20 17:33:00,
b0206070dbb540828b973f4c70f2ea92,26a708f834d549e7bcf50d93d1242e32,delivered,2025-02-07 09:34:00,2025-02-14 09:34:00
23f690e47d944b5ba01d8f02edbfc52e,55f22b2d141b45119dc582ac83719ae8,delivered,2025-02-13 21:01:00,2025-02-22 21:01:00
256d9173dc6e4e6a8b83d95bcf063b50,4b7e19dc4dc249faaea97a10f402c962,delivered,2025-08-07 19:58:00,2025-08-11 19:58:00
b5028d97cbd04b9bb2e767a6b4ce4800,5491159a33b5405f810a5bd992e97f55,delivered,2025-12-30 18:06:00,2026-01-01 18:06:00
4004e9994a0c4231abef9ce579f1434b,a247181eb08d43d2afa6001eb61fcb25,delivered,2025-01-17 13:01:00,2025-01-26 13:01:00
8923540081d64516ba934b5a71c73546,0c190580cd884321a14c14ed0077c583,approved,2025-06-28 13:35:00,
0b71e9334f3848b6b1c99fc190719692,b479efc600554a308c3d0b750bb1bb11,delivered,2025-09-14 08:20:00,2025-09-25 08:20:00
2a421782dfe44cf4ad500115b79e778e,ba4ded7cf04240b388bc1b882d014a58,delivered,2025-01-05 20:59:00,2025-01-17 20:59:00
fb7e620e7214454db65138caeb9127ad,3b480b30ad2648f19488bfe5d31e3952,delivered,2025-03-01 19:38:00,2025-03-03 19:38:00
748e2bb7a0044dae9a0c0b765f40dc27,4aa34c02cf4942faa233cec4605b2327,processing,2025-06-12 13:16:00,
e5fca07eb5cb45688113616c013fcbb1,9ca62f973bd845b19056dfc7273fddc0,delivered,2025-06-11 07:47:00,2025-06-20 07:47:00
28bf9469d333416ba651e6175dc5ad07,d37079b6f717427984f1541056e07764,canceled,2025-02-20 14:19:00,
02a1b8bacbb84c039cb9a3e9acf2786f,b9bf8c893db04bae89ec495696c681ca,delivered,2025-10-30 14:17:00,2025-11-07 14:17:00
866f30e50e5648da8b3807cb0d747437,17ab532a8fd44758b1bd98c0818ab57d,delivered,2025-07-24 11:26:00,2025-08-07 11:26:00
8b4c42464aa3443fbd5bc487bb5b8f36,853599b0e2cd410e85d07806631c9711,delivered,2025-06-26 09:37:00,2025-07-09 09:37:00
14b911e4991b4095a5364e2d4fd0164d,7c5940d5b2d844b98fb6e6fb79fe5edc,delivered,2025-04-27 13:12:00,2025-05-03 13:12:00
3e8b8b0e104a4c81bcee2acf2eb78a2a,8617fede909045fd8de5dae4458e9689,approved,2025-11-27 15:05:00,
6aedd1505fd148028b610f0d1eb90c07,e864818807394f70933e25d47cb6a8ec,approved,2025-04-03 11:29:00,
046ed1ec35a8432abceb5fc9615f8284,8d174edb495d4e068c33b914b02b70b5,delivered,2025-12-14 20:05:00,2025-12-19 20:05:00
426cf54c27e34fffb0eb26456a133897,d31ee5442f0e4c3aa21cbd7e9280f195,delivered,2025-11-06 19:07:00,2025-11-20 19:07:00
e55808f0d4e54175b4ea2c9f38e1a36f,8dd070f353854c099fc2965736988b7c,delivered,2025-02-11 12:06:00,2025-02-14 12:06:00
cb23c2a206a345038acc0d109e69f8c9,450af2b6068d418aa0a55124caf1289b,processing,2025-12-11 21:32:00,
f2201172348e4bc387b6f81a4ada4b3b,9249abda378b43519279f2ec64327617,delivered,2025-10-04 21:42:00,2025-10-15 21:42:00
864e4f821f2d468098a824268c1e3099,3aeba5f4a6a24bb780da2d3aeeb676ff,shipped,2025-09-26 11:36:00,
7b879d308eb8478a9932e8b45c30e207,77d0f8b2dd0e43c79c3145654dd58047,delivered,2025-01-30 20:30:00,2025-02-03 20:30:00
d5af71a6bef04f1e8d52224af231105a,cab012fc6fc946f8b7279f103bf38415,delivered,2025-01-25 07:38:00,2025-02-06 07:38:00
522d88a0a01b4a0bb230e5210ea7640f,8ab3698b9862498083e21cd5b8cd9b5e,approved,2025-04-06 16:01:00,
7d37bfcdb5944deaa63dbad42ea5a808,f73a456cc6d64b6fbce51b3fdf9d2955,canceled,2025-05-20 19:45:00,
ff4100173cdd4cf2be86898f443e2a5b,4abdcd4acb664e95aebf1597fd3c371a,shipped,2025-01-02 16:56:00,
aa224a26ffca473897fd16fc581e29d4,ddf2fa066ccd46a2b94e01dec2939589,delivered,2025-10-18 06:59:00,2025-11-01 06:59:00
86e69065cea94b549563d25a46e7215d,710dde0f5ca44ca88e8f2d34c25b6056,processing,2025-07-09 11:55:00,
bf0d58bf4351443180630a8a62f1c49a,d01046b04f33499eb5794cf90832c721,delivered,2025-11-02 20:12:00,2025-11-11 20:12:00
4ca459c03a5b4c57a12d86bb01d293b1,95246b7de33a481aa41ee20cf0d4a765,delivered,2025-01-14 20:42:00,2025-01-16 20:42:00
7a376ef3c3c548b28d6106b63670e744,47e62651894c4ae6bb68f7a2f8ca48df,approved,2025-10-25 06:11:00,
fe5a9ec42bd143ff80fc5bb669b142a1,ad1e2e4d73354c779dfa85aeb107ce2e,processing,2025-07-30 09:31:00,
c2b7e3f504964f62a7b248036e591eb4,5202572240fa4ccfb881f6198b59873c,canceled,2025-04-08 21:36:00,
4229d5c9ffd14adc8b6d92a5c6333b48,ec490ae6104c4b2294145c80f30f3210,delivered,2025-04-28 07:36:00,2025-04-30 07:36:00
ae2f531ab1334b62b767f137e39d298e,de347621fe51421fbd00597221048b78,approved,2025-04-10 07:07:00,
93e73c9ae8cc4238af74dc6c85422f3a,08c1b9c18a724ed2a01f3d6fe6c885aa,delivered,2025-06-18 09:54:00,2025-06-28 09:54:00
5f9ff7e53c354efba801f2787ef41b41,75c4ead55502466494f1e6d745d32cbc,delivered,2025-01-11 14:33:00,2025-01-18 14:33:00
f30c7a0cc86f40d09d2d0343e080b15a,753011f9dab846d3a651cebb3c49d7cf,delivered,2025-04-15 08:15:00,2025-04-29 08:15:00
439d132674c94a638293a6a2fc131334,d5a2aa73c85b437b9afd9db9cd9a9e60,canceled,2025-05-31 14:53:00,
f6e42ea886484f68b8de7413c95f80d6,b9a36a72858b496da8cf095d466f4d65,delivered,2025-06-26 18:22:00,2025-06-28 18:22:00
441e1b75b00c4f72a8b018072743ef61,a39e880533714eb5b24de824c8d7e170,processing,2025-02-20 16:47:00,
bf62122b2e704d09a426e680ef149208,b1a5e8e2a2434628ae952575cd4ce2cf,approved,2025-01-06 21:16:00,
59038b570bcb482c9ebf3d317a560f58,c27fef16366c478cb61b421bec9cd279,delivered,2025-09-19 10:27:00,2025-09-29 10:27:00
ad6a80f47d7444c7a41908e2ab81c479,ba1991eafcdc4852abfb308dac103bbc,processing,2025-02-11 10:02:00,
bcc548de170a422fba75ecb3c1c99f71,02e47ecdd5784535bb3d83b07e28e69c,shipped,2025-02-25 16:51:00,
f8d56f0506854b309f124e9fcf29ce00,2101d46f450d4e8f8c6042ef8bc9cb76,delivered,2025-03-30 07:30:00,2025-04-11 07:30:00
26c12ce490f647f59362a84e8fe39079,faa5b54b110f423ca8a3c42346ca70ac,processing,2025-12-17 21:36:00,
ecfbb53c5cf4479c9247f2f7972a6a66,4d09ee4e16d64562b7a2a5ebf3a85303,shipped,2025-09-10 16:43:00,
2eb115229afb47c3bbca2a79fdb6f402,0306b8199990439ea70e63fbb275fb47,delivered,2025-09-16 19:56:00,2025-09-27 19:56:00
32438b73633d4140bec4380a8a0aa8cf,5f5bd0665d3842f4a694117a356100a2,delivered,2025-01-09 06:27:00,2025-01-20 06:27:00
eb4e1cedbf794f6289fa45d21eb657d1,d06dd5e6aee24446bf5094d6432d8fb3,delivered,2025-06-25 22:28:00,2025-07-09 22:28:00
f441938baa28479f91051e767a0ade2b,787da0294f7149039a163748cc7e67e3,shipped,2025-10-26 14:37:00,
cfd039a162e84c6992cbbd0b31ad4d04,6253daab070b407f8e49f368a18ad669,delivered,2025-12-04 12:07:00,2025-12-16 12:07:00
f9f6ad5582d74db888ce8a95d1f350f9,9841041176b14de19a49abab5ea25495,delivered,2025-01-05 08:51:00,2025-01-14 08:51:00
2132910066d2440b8f452f88f0ac7e5e,b8b02394ab03481294217ac404c84bcb,delivered,2025-04-27 16:54:00,2025-05-06 16:54:00
2444d9540069414c8b1dd8e22d4b734b,9ca1e11596e24e888420aa70133dd292,approved,2025-01-31 12:44:00,
9c9bf38b0f6e4a82a5486ac8367dfcfb,6c8e3a5e55074ceba01a252a8eb51384,delivered,2025-02-26 21:26:00,2025-03-05 21:26:00
0ea87f1a904a4c72afc02a4b24cb92fe,31c74c91476a467093a26da519f20298,canceled,2025-02-13 22:50:00,
dfa51bd98f974012bb59cf162bb90d60,535eba1249664bdfab91f9231dadb113,approved,2025-05-03 20:53:00,
1b8b502f09484612a4ec684134e7d05c,6ecaec12bd0b430fada3c45533227588,canceled,2025-08-04 08:41:00,
5753b22b8ff0490a86490ed7d9bd7886,68161c00400f4fab9be4aa2ba562c1b8,delivered,2025-03-09 17:21:00,2025-03-22 17:21:00
c0498b343fc148998461f9291391abef,ae94e2a8eb7045aead38710ee7b47483,approved,2025-06-26 14:36:00,
d0d2666ff06545bd8b8687a662f17b40,f99c2add291d4d908559be91ee927b4f,shipped,2025-12-10 21:34:00,
d64459b7edf043d6b46b1d0381def758,be576a8dcdb24c1e8d75ab8dc38ced2b,processing,2025-08-03 14:03:00,
4666d6ccd8944cda9729ab062e0b1926,1ae41550eae74fa581b10e7e754bf84e,canceled,2025-05-19 14:19:00,
0768c64b2d4f4f1c8bfa523a3c5a6643,021e2acf820e48248f89153d1bd9fbe6,delivered,2025-04-04 22:33:00,2025-04-11 22:33:00
8a287a5f752044ab83fdd28f84fcb453,9ca898be21a2442fa2d8dd2b25e7966c,canceled,2025-06-10 08:03:00,
9b1446912aa246a58baecc5396564808,f79b87ceec364ede9075ebd706d52c2d,delivered,2025-02-25 21:20:00,2025-03-05 21:20:00
f2e7f68883f94e08b12fa988a6cf179f,6ecaec12bd0b430fada3c45533227588,shipped,2025-05-07 16:31:00,
098c5138da324e30aa26274e9bfba2e2,9d26255e3fda46948dba47e2e17aa5e3,delivered,2025-04-10 22:04:00,2025-04-20 22:04:00
9ee8dea66ef142ed877fa9b3786e180f,7c6651255ad34864b9900aa42e96f495,processing,2025-04-14 11:03:00,
ebc4188b90384ab89b44303a2a74b350,a49bab17d99b4ff3a103dfc5f3fbccf5,delivered,2025-04-15 18:21:00,2025-04-21 18:21:00
e9c7e537871d47ce86e61ac5b90fc4d1,90d6a899534e40e98bdae6b22b825f9b,delivered,2025-02-24 09:08:00,2025-03-04 09:08:00
d40443ad4ef84b6aa06f2ea924059296,71465717997f4e379d66f5f508d107c6,delivered,2025-09-26 20:41:00,2025-09-30 20:41:00
fc6d4645f20a450681d56e21bbbebf63,ce66e40efd1d499899a71c4d05255cae,delivered,2025-08-16 19:05:00,2025-08-27 19:05:00
db484a6140af4a6a8b289dfd3bb42cf5,b4bd94594f214b0399fe3a5513d219e7,delivered,2025-10-01 21:30:00,2025-10-13 21:30:00
4fc256b7c6b646bfa4e7121f18cb108c,432b69d84b8c4ba0a774b658189260a0,delivered,2025-02-19 13:06:00,2025-02-21 13:06:00
de66206ca41c406795342382585e3060,f34969b57484456cbad3313fb416af21,shipped,2025-08-08 10:16:00,
92d586d67a7a4cc7af94dbdc9464d7d5,5e26edcfd6b34c28ac3339869abd4db6,delivered,2025-03-05 16:48:00,2025-03-14 16:48:00
2e26d8bce7f34cf989a93c98e1f3800f,ab0eade256e64b0fb07e693cc982fb33,delivered,2025-03-13 18:21:00,2025-03-17 18:21:00
3f2d8bfbcfed416d8451d9f55ec8ac20,2e80746579b24962b4393b3176ba108a,approved,2025-03-01 06:25:00,
a3d72c83488e4dc682e0e0b44ca09956,c955bc4b2b62456a9b0eb618511fedd2,delivered,2025-08-05 19:22:00,2025-08-13 19:22:00
29d47f517bd743858e2fe3327a89a8e5,3c09518f0e3b455d9ae553a77411e95e,delivered,2025-01-17 15:11:00,2025-01-29 15:11:00
63e6e34b8aa24b4787ed9e097841204a,62a7d5ff935f4ce886e86552a0f38d8e,processing,2025-10-24 08:41:00,
0f892a135ae841ea8ea07ff9e86e7c51,4aa34c02cf4942faa233cec4605b2327,delivered,2025-08-15 14:37:00,2025-08-24 14:37:00
54ee38c5355b44289f0be9c8e437ac8b,e4b1feeeb0e74f908b957eac82d634d5,delivered,2025-07-05 19:31:00,2025-07-08 19:31:00
0c87755701e94b88bfa356d2ca56bdbb,be576a8dcdb24c1e8d75ab8dc38ced2b,processing,2025-12-26 11:19:00,
7114fda2e57a4f668a614b9911bfe2a0,0708490410714152b328c5259bc92798,delivered,2025-08-17 19:40:00,2025-08-23 19:40:00
33b7910913d948c793d0059abc32f0ac,5ccfa02784664557bee342a8f86d17ac,delivered,2025-08-31 10:07:00,2025-09-12 10:07:00
42e07bf149564c2b8a6d48c48038f2a2,152d149c15ba48368855ec391b3cf0f2,canceled,2025-02-03 08:15:00,
d8c26c4c8c3f4cbea56421501acbc150,b7679efe658645cfba9de6b26f99a387,canceled,2025-09-27 13:51:00,
e5fb9ecdd30a45f0bde811bbebd16eaa,b7eb0516591648efa48f6850420d101c,approved,2025-01-25 11:50:00,
8de0ae088b7842f588c8af0b515970e7,c49a592359cd4480b553d99dffda506c,delivered,2025-08-20 19:31:00,2025-09-02 19:31:00
741b4ec9df804d6895f8dd17cd2e3015,69602016b57c4dd492320db0e4b1afab,delivered,2025-01-09 21:51:00,2025-01-12 21:51:00
b1779f49b7f34caa90a732269baec86e,50de8affa1554591b2d514eea84d7563,delivered,2025-07-07 06:52:00,2025-07-19 06:52:00
91dfa7ac87f54fea85d078a0d534fdb9,1298cb43e2614f88ba0cb14a00caafce,delivered,2025-07-28 19:33:00,2025-08-11 19:33:00
e152305026c144579d3cf2b7002e60bd,9f29ee7363804bdfbfcb7d56fe6b314d,delivered,2025-11-08 15:38:00,2025-11-12 15:38:00
329315ae3a4a4f72baa6e4aece40b72a,1344c271a2c04573a9c3a2f410955ffe,delivered,2025-08-07 21:30:00,2025-08-13 21:30:00
31709a893e434a25955548688b21e305,2c7912805ed64e78871657f3665a8674,delivered,2025-03-28 15:21:00,2025-04-06 15:21:00
055b8568b2574d3097835b08bbfd67ab,7da65609e7574ddeafc9a269042342c1,canceled,2025-10-21 16:54:00,
095e16a9abd64111be34411878ade8cc,7efe2b21d74f43ce8d0ae896b5a7698b,delivered,2025-08-11 14:30:00,2025-08-15 14:30:00
3d071cbd11e04ff98e6017c267fad4c3,3b8099623e6542cf94b677fcf9e0f5a8,shipped,2025-01-22 14:04:00,
7a3485aca5c14463baf5282d49cf3049,ce1aa7dd4c53473e80e589b7ba544d2e,delivered,2025-10-06 08:30:00,2025-10-15 08:30:00
71a4fdf2e23a40c39b291db4c03610de,63a51949704d49bd8b8b2314a68e800f,delivered,2025-07-17 15:17:00,2025-07-23 15:17:00
2add32c0ffb4491ba5effe19e82cb73b,82e43736b30c44c099016e86bda39d2c,shipped,2025-10-15 12:37:00,
e4215cfef4804a22862d8fe49c0b9f02,303eb507c0a94c838319d61cddf56034,delivered,2025-03-30 14:31:00,2025-04-01 14:31:00
71aac8064f13450dabc6d63453c357b6,b078f2618ce24c40b566985ddc344d19,delivered,2025-10-27 17:20:00,2025-11-09 17:20:00
cad90e0fbdbc4beca731b76c75018da7,78b0ca05981344989b15cd030e2e57d9,delivered,2025-08-29 09:10:00,2025-08-31 09:10:00
972b393dbe8b4944bab372dd5163ea1c,5855cfcdf5ee4dd1ac8bcca50371d78b,delivered,2025-02-15 18:35:00,2025-02-17 18:35:00
1f3d3e56b9884dc385b3562034f9f217,dc01184f298f46f3aa66ba29a56e2b4e,delivered,2025-10-15 11:17:00,2025-10-19 11:17:00
a9f42f42fcd94410afcc1fcec5d5af0b,41b2f858a59447adbf028042e0b75a70,shipped,2025-11-04 21:40:00,
2aeddaaa7f7e4d83958fdbdf1013b329,f5b80d95b8e24d7da7550ecca99af215,delivered,2025-09-04 16:12:00,2025-09-08 16:12:00
86bff102a67f45c19d17988ae19bca38,973c30301a17410ab3780355efc494dc,delivered,2025-10-02 13:36:00,2025-10-05 13:36:00
abcc1b540de74a28bfa15a80321aab00,4054bee3a4e042319fa8a2f9d308bc61,delivered,2025-06-24 07:23:00,2025-07-04 07:23:00
58508025cea64a9d81394c98bf6d440c,f56d9e858dc84aec9700bfb6ab84f5d1,delivered,2025-03-01 15:32:00,2025-03-05 15:32:00
7724b393d716430a958be8caecd01b22,213d419bdfea4bc8bd0b20b7df9b58e2,delivered,2025-06-01 09:04:00,2025-06-11 09:04:00
0b75420d306a412aaf12815c8aa28cc1,113243bf008e4144bea13d05ed9da280,delivered,2025-04-29 14:25:00,2025-05-08 14:25:00
f0f00643755d4d3a959a462bc045a408,7e3cfa7e3e474f929cf68b44428b6fbb,shipped,2025-08-05 09:48:00,
0b4bea43fe2a4a47bbd5d007d8c92cbd,651a4be3c87c42a2a23205f28aaf2ed4,shipped,2025-10-04 14:31:00,
9254e662d0a249aab32819bb5edb754c,5f7a89002f334669ad09b6c12fec8fee,delivered,2025-01-16 18:15:00,2025-01-25 18:15:00
f68c26bf8efa4e34a6be0ad8b80a6062,1c3b8968dadd4486b73568843619b992,approved,2025-08-13 11:04:00,
132e8ad341034fefac7902e94aa96818,fb16cc8ba49f4a6b9be5fb1d4b0e2a20,delivered,2025-10-15 10:08:00,2025-10-23 10:08:00
fd9c91e3b8034ccab0ba04e490e8c204,c79e96fb11af4fcb87129a096a42223a,delivered,2025-06-07 07:21:00,2025-06-13 07:21:00
8fe893b907dd4f2699f7bb29c95655ed,81cb73c7e70448b587199b771bcb3169,delivered,2025-09-17 16:39:00,2025-09-19 16:39:00
61bda1bae2c8440bb6652227b2a2a8eb,20ab14a0bad14427bc8fd9ca53aa3fa7,delivered,2025-03-29 15:03:00,2025-04-11 15:03:00
cedbcbb36bfa4a3f9ad3404f77aa9ff3,4398c8773938456dae1a60f129f76a6c,delivered,2025-07-07 17:01:00,2025-07-13 17:01:00
80b0fa70a5ee4de0a944b661fdca4e00,d9e7e25c0f314f259fd3b1a49f2dd511,shipped,2025-06-16 20:35:00,
d2b57c5573584d08bd1e80838953a0b3,b7d5c91413424c16ae18c5d2ef6d83e0,delivered,2025-03-19 21:31:00,2025-03-21 21:31:00
6e1b6c3c761c42598ecb718535e524ca,744275e26ecf4b0b9a3808ad307e6ef3,processing,2025-07-04 13:12:00,
04cb97d3a7c54830b1ac29a5b9e92828,40c6a4ae80284042aeb9098cb79fb5fa,delivered,2025-03-11 13:53:00,2025-03-22 13:53:00
efc1252447f54e598b518a9f3e6e5152,8676124047c14634abcafc643fe33177,delivered,2025-03-20 13:32:00,2025-04-01 13:32:00
400bf48ae8b04b008d1239d01b9dd641,7104c2214d73461891c090017f0a0a41,shipped,2025-02-11 21:17:00,
f20b742ad6ae4999ba19405ccee08437,0937d098be914e498ad04090d4d32d9d,processing,2025-01-29 21:16:00,
26e9de62df934bf4af675771afa60455,49075d9e46244763af887a573836a942,processing,2025-07-17 11:34:00,
a1d626a1141c488ba34cfee42632757e,778e3a544cc247d5a1386920771f5167,shipped,2025-04-19 11:14:00,
9bee733dfafc47e39ff14a0187247ad1,817074b390a244e3af3ec20950f98e97,delivered,2025-01-22 12:20:00,2025-01-30 12:20:00
8b0a945938f4460cb760a9b404830df1,76f284f91e4d4aad91155da502739c55,canceled,2025-10-31 14:17:00,
c382555d8e1f4f629f011a616137145d,ba195de61f9b44e5857d0a6baeffe850,delivered,2025-09-04 11:54:00,2025-09-08 11:54:00
225494fc676c4caebdc2c3d888b23767,a8071a5829c549bb8cd3d399f0fba71e,approved,2025-05-27 21:09:00,
5316c9bee0a44c92906ac7232c09d5c7,c49a592359cd4480b553d99dffda506c,approved,2025-11-25 13:14:00,
a9abfa208eac44c096a96e711f0ce43e,33d9707f05b74de181b2c8c48c4ada90,shipped,2025-03-23 18:02:00,
0c8fa3df212348e9b256b662079de503,58a5ecc20cca48818bf520165bc8ac46,shipped,2025-04-03 10:09:00,
9a14b7c81da8498ea0450d13bc4ec4a6,26388398cecf4433b9fc66bb2d22fd60,delivered,2025-07-12 09:31:00,2025-07-24 09:31:00
28053ed1736d4f6f88eb9943b10f2dfb,d2e985459b02454f861cea643240263d,delivered,2025-06-06 14:42:00,2025-06-09 14:42:00
774728365e7940289d8d0d74cfa2c19a,4312daba871849599e3822a4bcd0598f,delivered,2025-11-16 22:51:00,2025-11-29 22:51:00
86912c2b2866407f8d005826e1e002db,72a76da777c54ccf9e6e9de14befe39a,shipped,2025-09-21 08:45:00,
8c1033997e6b4b7c991cb4f23d084ba8,a28e5414d6ca4ee9978582c6f0dae585,shipped,2025-03-15 15:46:00,
6d1d41699cfb4f20bb5aff6dc24a5377,f1fda24c29684cee80d8c0d035029c24,delivered,2025-02-26 11:38:00,2025-03-06 11:38:00
734b7019b35f4283a2121157935889ba,da26ade159cb413eb34345bcf3d4ce86,delivered,2025-11-05 21:23:00,2025-11-09 21:23:00
c3eb441bb9c64ae09b1ac12ca55c2e08,841ff44f11994af284603eecc68f66ee,delivered,2025-09-18 13:09:00,2025-09-20 13:09:00
91f956f8639c43a5b3f1bf55f87dd6ba,2e726deeeeeb4a1687d369be24949991,delivered,2025-09-08 14:39:00,2025-09-18 14:39:00
3afcb368f0c54d2c920a7b2c373909d0,2ccb0252ba9d4de292333c7d8ffb47e9,processing,2025-11-07 11:39:00,
69b3a0341e964d2eb9eb271fa78005bc,850a392e26214a06a2b67f0f36d3c748,delivered,2025-08-13 17:53:00,2025-08-16 17:53:00
634284c360604179b56c2a24c7d22afc,2ef98043134f42d993da62b3285bf88a,approved,2025-06-25 14:49:00,
9dbf3cbd48f342ec856476734d7eb964,84a40b5ae33640f68c70d5114695c60d,delivered,2025-05-20 15:09:00,2025-06-03 15:09:00
8998297227e94792887327a58904e734,44aeaca18ecf41afbe074f344d3a4323,approved,2025-08-26 13:31:00,
35adc6fbac114cb8b77600c928321fc8,9ecbcdd7a16b464390902e61f4489587,delivered,2025-04-07 11:50:00,2025-04-12 11:50:00
4f717209c4364d60ad0f29b316d8b2c7,d2ce7e8c94cf4d679d2f0998bceeb4f0,canceled,2025-05-10 12:12:00,
a153cd66dbb841f2bf0ce882fe3b87c7,688ab405c36a4a4496d064526a5edf05,shipped,2025-07-10 20:40:00,
e76cc7f17122466a9025d1c2011334d8,77a0c0f739e64327ba5f4fc07a33f7bf,processing,2025-04-23 21:34:00,
f52460d4c09c474482e4e28c302a3e46,2b8af0b5d1034412aef634514f593055,delivered,2025-11-01 12:57:00,2025-11-04 12:57:00
09992681e28c40b0bb7a6a38dfffc8cf,c7161d5b71e9472490fb4e870652308c,approved,2025-07-19 16:13:00,
ce690dfa8f3342728499c0366049084a,71d9db98572448d7bb7dbabee037f25c,delivered,2025-08-04 14:22:00,2025-08-12 14:22:00
3389982954274029b773eacc5ef103ad,1b403483eab940c7a7f550a4c2318807,shipped,2025-07-13 20:58:00,
40a3db1f01974c77bfd3ff04b166dd37,4a580f0d4ac047fc8b421ccc0b2fb04f,processing,2025-01-18 17:30:00,
99bbc99febc94f9db1bb86ef649df672,c7161d5b71e9472490fb4e870652308c,processing,2025-09-03 08:23:00,
7c9ed90da2994cb49edaecaa487d0386,0cf1110071be44afb36563f66dfb0985,shipped,2025-11-30 13:58:00,
4b23f1bed6264a139db9495388924264,50ae17f285474808a1a1a90995fa5b29,processing,2025-04-26 13:23:00,
06159c8cdb314821a6ce888620e28aae,9c129a0fc4b24d09bf674b6e36c608b0,delivered,2025-11-20 17:21:00,2025-11-22 17:21:00
f74df0052c7345838eaa18464ce88ea5,0256530eb97f49a88a044699dee6beac,delivered,2025-10-10 15:07:00,2025-10-24 15:07:00
f3b6695af2f0454693b20ad33961be47,5dd3133a638a47669ccd173ce8354035,shipped,2025-05-05 14:05:00,
bed17e53c6a64c5e96a592596fd6f0ad,ad3323610a7649079e9da5f9d5144d82,approved,2025-08-14 12:52:00,
99d1ff03696a47e291c2b63549da2ff6,c8b9d0fff6754925a5b0fa68969041c0,delivered,2025-12-05 10:08:00,2025-12-07 10:08:00
aa7feacd58db498384984481d5de58d9,e9049cba07544ce6ae8d4d840a79f188,canceled,2025-08-22 13:52:00,
4057b43f8496417fb73b0d0c08985b25,587a63e816cb419ab6ba5d2ad7f0e2d1,canceled,2025-03-06 19:49:00,
8a7631fb49b94e2fbade680ac9609f8e,0db5dc4c67a641f88a892af7df049b84,canceled,2025-07-23 18:40:00,
afb32a7638404f7e8f303aa5b0be2949,8e1d885657a849be8bc13145a14cd868,shipped,2025-11-26 19:26:00,
602bd99779bb400cb4ff0759ed1f7751,2889469d68a54929953f4180335c0ccc,delivered,2025-09-04 06:39:00,2025-09-15 06:39:00
94b276ca0f764599bc7b6650077ba00b,b0bce64aa90042a3a54401512cff85a6,processing,2025-10-06 19:51:00,
b033de2b22ed46de94a9ac144fc13641,27130d0f623445bc85d848cb7a31da8a,approved,2025-11-09 22:54:00,
7a701956a7f942d6b293f5a84bfdc68a,2739bc6fac67417c9722d38ba6ef442d,delivered,2025-08-08 09:36:00,2025-08-12 09:36:00
f2c0319966794b86b2df49d9cd1a01e3,2f4f1ffe50644aa8b27aa4b6a438bb07,delivered,2025-06-19 08:05:00,2025-06-21 08:05:00
3602e8cbbb9e4ba3a383d770ce7e0bbc,7559a22aa56f4dcba6a6c7a5f0ac2613,shipped,2025-09-27 15:37:00,
d108bdb155bb42feaf66922c0f2817e4,6ebfb7836b7240e58d91a6f63d6fb7ea,delivered,2025-04-08 16:00:00,2025-04-19 16:00:00
9a33d2703601414f8b66f17c9fc0ff34,64e450d90fa7479b871d3edb5405a407,delivered,2025-08-15 17:12:00,2025-08-19 17:12:00
41cd44fff3e94b379a82b61009de6b12,429341b0191144c5813df7b200397c93,shipped,2025-11-07 15:54:00,
b92309d1f7c545e1a0ec76fa0b6d3580,547d07189ccd4b35be16e8e0daabb7b5,shipped,2025-04-08 10:03:00,
d496857c7bb34dfa861d89233bc89ad9,834bfca41e174f17b0c972e7f1b00446,approved,2025-05-05 06:54:00,
7ffa844b22dd4b5c828e4a8ecf5da9e0,851bb0adda94435ba7cb2890a4ffdebb,processing,2025-04-11 12:10:00,
cb36c08d96ea44478c1727f73c10cfdc,b1cac4efa40e49efae8f5e7cfa561462,shipped,2025-07-20 08:52:00,
d607d4682fd442d09859b85e874fc8af,67283a1da64c4d4fa75a086bde188c21,shipped,2025-07-13 18:19:00,
1e93d3c3b0964663b6ed45304d42fef2,81dd085515ed4f71853d01ff69bcaa05,processing,2025-02-07 16:05:00,
0ac341362d6e425bb758388f26d33ddf,a1ff61b6b7f14edcb0893b6b3bf3ce18,delivered,2025-12-26 14:59:00,2026-01-03 14:59:00
2e3814abd0a7424095c0f773c5050123,359894ce6e1b4eb69a1bc5371c005d3d,shipped,2025-03-17 12:39:00,
f0a37966bd9149e0aeeb72f634a166ec,272d2b7f99cf4c5e9bcc898493cdf915,processing,2025-11-01 21:35:00,
47cc0acff04f4af99d743833c8c546da,e23a324c5ffb487d9535d8cfa1eab327,delivered,2025-01-10 07:33:00,2025-01-12 07:33:00
f87bde1c9a1e49e9b1b94a43aca8772e,66750da3c6844cad8f56f229a8e7bca7,delivered,2025-01-02 12:11:00,2025-01-06 12:11:00
85e0997f954c43158ba524d1c2ef96db,eb9c81db7d0a4354b8adcc0f91c91e08,delivered,2025-01-07 22:32:00,2025-01-21 22:32:00
070345a8464d4c90bf69d6a1df7cae9b,7423d11b61434a248630a8a9a28924fe,delivered,2025-12-04 12:58:00,2025-12-15 12:58:00
4f43d9a0486f4755ab3c7882bdeb04be,c2749d3f2fd840ff933dc8d65ff70d32,delivered,2025-05-17 20:15:00,2025-05-20 20:15:00
c5310cfe2d1940bca89cd17b9ea47f65,92002c647aab4bbf96c065c634eab84a,canceled,2025-04-19 22:33:00,
93f35f5be77c43d2a2c6ac333993eaae,300509439881431b8671c1db3287ebd7,shipped,2025-04-24 09:48:00,
7dde6e3d850e4307ae58a4c75dcd1984,6c0b962ff2b24f559bdf4b1cbe0c63a2,shipped,2025-01-05 15:55:00,
734e560326c145d1b68724b9acdc0371,0b455fff6f164e8e88961de979a36596,delivered,2025-03-16 13:47:00,2025-03-24 13:47:00
e16a119639054755a9e5e60fd6073ada,15b6994319244d899851f9866f89cb48,delivered,2025-02-13 06:42:00,2025-02-24 06:42:00
2cf714541aca4088a9dddf751141e83e,de65fb488f284daa9c10e5fc0b7a60f2,delivered,2025-10-14 12:45:00,2025-10-24 12:45:00
d057f97362c44cefb45e11fd56eb56a4,8b6d031029d34b1b90044ea2b58ff4b2,delivered,2025-11-24 09:02:00,2025-11-27 09:02:00
25ae40c851524788957ceaf79062a6c0,5118c9e1ec734617a02ab1f9d4fcee5c,processing,2025-01-03 19:03:00,
ede878c6a6dd49c1bab422dc53c1494e,d4bd454670da4f6cba6bacc7ec38959b,delivered,2025-09-21 15:36:00,2025-09-30 15:36:00
69eb665cc42e4d33801bbfacb7879b3b,d5d80a1504154c2bb2c70445a35449b1,delivered,2025-12-12 10:44:00,2025-12-14 10:44:00
c6771416708642a4a483f62ec046fbdd,0dc63bdae0af46838c8135cc7054efa6,delivered,2025-08-23 18:54:00,2025-08-31 18:54:00
4afdc5d138f940c190e90c3fb3b84fec,ff64807d0ee64dd49306f3df110b778b,processing,2025-02-22 07:03:00,
453cf628a3fe4a678b1af875fa26ecbf,ac7782581f034a969ac2312c93ac2885,canceled,2025-06-21 12:04:00,
8b5ed0d872084ec79d9301c43b01e065,37fa44c7f4c1420fbeaafb46c9cde4ff,shipped,2025-12-29 14:08:00,
291463d06ff44e978191f04adfa0101a,9ebb8b1e5057447dab54febeca7426cc,approved,2025-07-16 16:47:00,
78afc0c33c4648688870d91c7f133b9d,816827a440ca4bf3a2abe900b26d252d,delivered,2025-02-10 14:56:00,2025-02-19 14:56:00
8a692ae3d2fc4b47a9945cc2567232d2,b8b3fccf3d0642c4af6d60623f1d9834,delivered,2025-12-14 17:00:00,2025-12-23 17:00:00
bc4bf66cd8544506b8cca854542fd399,5372d610ebdd47a4b2d49cdf97296602,processing,2025-04-11 13:52:00,
efad1a7492894972998821b7cd5eba6c,8256ad4255274182a4a5ffd3a13e6f44,canceled,2025-08-23 17:02:00,
19cb0beac6264f2fb09c46b1748a8bcf,0dc63bdae0af46838c8135cc7054efa6,shipped,2025-06-08 14:32:00,
f1d15adc27b1400ca903be759097cf9f,64ec58609e9442a1a0bbe456f51a2b90,delivered,2025-12-07 15:47:00,2025-12-18 15:47:00
ea0820aaba1d4189877b73ef1bbae23b,32c59c69426643e7a68a23c078125051,canceled,2025-01-05 08:25:00,
9b6768ece81a4ca1b7fa9d495242a6d8,67f047a1f0ac4e119f70ea3a1f4aa958,delivered,2025-09-20 21:47:00,2025-10-04 21:47:00
d6d0b462b4454472922746fac5468eb5,02c91e7a25774d4d9e3701cf6b7c7a97,delivered,2025-01-16 21:12:00,2025-01-25 21:12:00
4085ad1e58324525a76a6103e8ab7915,84683232214e496face0e13f52962974,delivered,2025-12-03 16:30:00,2025-12-10 16:30:00
ff2a832f6a1e424c9df5c1119d4954a4,14eae22ab0974fd1b895f8db8a0a31a0,delivered,2025-05-04 18:13:00,2025-05-15 18:13:00
0810dfa0d5034705bca05223663faec3,76bdf3b838c347699cdc71360ce9200a,delivered,2025-01-17 09:52:00,2025-01-22 09:52:00
9f9d9bc8c8c54115a5ccd6a97235b3a2,a80e3a2dd366495e97202fcbe0080609,shipped,2025-10-07 09:00:00,
0a11186e073c48fbaf4a404e00def390,57b638af3b414fa2a654727f66a0c224,delivered,2025-08-15 22:08:00,2025-08-19 22:08:00
1c4f587aaaa74186ad742a48c0191a81,c8516164abd144759c3682fa2dcaac74,delivered,2025-04-29 16:33:00,2025-05-07 16:33:00
5718eb21e46a49888c8a5330508145b0,ea7827fab33841a98216187b38e78039,delivered,2025-03-14 10:14:00,2025-03-20 10:14:00
940600e005ee45a8b27a1b2ebc45fd00,8790aeea94d84107b3d74951025b1b8a,delivered,2025-06-04 08:01:00,2025-06-07 08:01:00
cd9c8fa159ec4c08af068c3a56201b98,82eeae06b5274669a4e04856a56baf84,shipped,2025-03-14 12:57:00,
dd7e40b37809462397f8d07f4bb54365,4a3920defcf84335a62c3f6c45b7fdea,delivered,2025-07-19 16:48:00,2025-07-28 16:48:00
848d4bc81e894dc3a0bd1802db947887,941c3e27ad364ba4809b713e1bfca873,delivered,2025-07-26 09:40:00,2025-08-07 09:40:00
2b0e65719b68495ea90411ecbb82425f,e23a324c5ffb487d9535d8cfa1eab327,delivered,2025-03-05 21:16:00,2025-03-10 21:16:00
19950dff71e14ae38b86d34d5d32b9e2,257469d9fd7140db9036e89a3448894f,delivered,2025-01-15 15:15:00,2025-01-26 15:15:00
789aa474e559479587e12558317dc474,fd3fed9fc73a47f68bd11b31c58b2aff,processing,2025-10-16 12:44:00,
989d4b31f357422585beac7558f9c7ed,6fe7f440297d441cb8ecd36ae283af4e,delivered,2025-12-27 09:27:00,2026-01-07 09:27:00
5e54a994f1824c58b69ea7bc785fc2e2,28b787ba4e714410b5b7f1867e77e166,delivered,2025-08-10 22:00:00,2025-08-24 22:00:00
5718f136c68f49bd93a5a2a13d0e1856,6e2b4032da7d406f8ebb9c79d1066e8e,processing,2025-07-20 21:18:00,
917226a198ab4516a99d6e95048a39f0,d7eace90e68940cca52e67f2dff202dd,delivered,2025-11-19 09:28:00,2025-11-27 09:28:00
493ad7e1e5b64c4ebb7e116cdf9a3a88,1f8bc422e66746e0926561d24361c8ac,canceled,2026-01-01 19:07:00,
66745926e3684b54be35a56e341af1fc,389eb5035d8c4f62bb0f3d0994699707,delivered,2025-12-17 18:58:00,2025-12-29 18:58:00
b1b8193c2d5044758b3fb34c3066c448,253815c45e824d1e89e08341705b767e,delivered,2025-12-20 20:24:00,2025-12-28 20:24:00
c8dc7e848aa04697856bba323cb873e6,be8b5dba37494e339310e839f5528d63,processing,2025-10-16 11:58:00,
c89bf967579b4c93a84a6adc8a33db7a,f56727282c2a4a199ce8cfa23a458189,delivered,2025-12-13 07:11:00,2025-12-23 07:11:00
5c46f61ddb994043b5ae51a7c24cd3e4,595e3753d00a48a786119ff0924a7173,delivered,2025-08-21 15:26:00,2025-09-01 15:26:00
535cba6737304e17b15b7dbdb7ab2a77,26804501b20142188a522e5cdd5357a8,canceled,2025-10-06 11:21:00,
6411768c39a84a3084f73eed814c086f,62a7d5ff935f4ce886e86552a0f38d8e,delivered,2025-06-10 20:24:00,2025-06-15 20:24:00
675fb7dd9020435eae3100eaa344106a,9be3def6f3f1446d9d50765b73a3c283,delivered,2025-08-20 11:02:00,2025-08-22 11:02:00
8603b16f1f1a4bc88b9b87fa31ea281e,59065095a8e64fccac0361eba9da2837,delivered,2025-12-06 18:32:00,2025-12-11 18:32:00
c9523b15d5f2462b86dbda99d8318547,5118c9e1ec734617a02ab1f9d4fcee5c,approved,2025-03-23 22:04:00,
cc2278bedc97459f98bbc7906ec46abd,958c0953be1c4ff08495e871f4e5934e,delivered,2025-12-12 14:11:00,2025-12-26 14:11:00
8a0ddd58dabf46c3b99e85712da431ed,abc137207f254785a1749efbf3521fe9,approved,2025-08-03 17:14:00,
7699ab22166d4cb384d418d4824821d9,2948f75fe0be434688345c60844306ca,delivered,2025-12-02 21:40:00,2025-12-04 21:40:00
df8701c0658a4eb8899a5c8b5d46c990,006ffef175304fcba4a29196b7eab6c5,processing,2025-09-01 10:24:00,
5898cfd99ce94e8c816b984c1b3844fe,8a0056b2367847f899211a0244dca173,delivered,2025-10-09 12:56:00,2025-10-11 12:56:00
49b1c62964ac474899a3cb3ab28d2d93,a6d08a75b56344d2be6266a72418e605,delivered,2025-01-26 12:02:00,2025-02-01 12:02:00
18461fcd1950467190b4287297fe4e26,1dca33a3200d4bfcad6d74da9886cb05,delivered,2025-09-06 20:36:00,2025-09-08 20:36:00
4819479eca1c4f7d97e2fed1114403af,1efacc5ab5ba4d72b9cba7f402b4b25d,delivered,2025-02-17 10:58:00,2025-02-20 10:58:00
3744786e5ed2402db71b6ff3aca9f2cc,9e643a61344745baaeef272031f10d89,approved,2025-04-03 13:32:00,
f7fee1fb8bdb48edae0e6a522d13a0b3,84032334bf324c64b16a066ccaab0fa1,delivered,2025-10-19 16:23:00,2025-10-26 16:23:00
8eebd4a2eb564c58afc5758b006b28d4,e806cf0fa54045b4a999778913145d27,approved,2025-08-08 11:31:00,
a54d135be51846aca1fcbd5cd3e8b9fe,5c5f41a19026440fb7dc0fe174a2e3f5,delivered,2025-01-27 18:12:00,2025-01-30 18:12:00
4055b8aed5c945189c730bd8eebc4f79,623b967506614054a50866fc8df8e760,delivered,2025-05-26 14:47:00,2025-06-05 14:47:00
081fa5048cd846a7b51dfeb43e2f3013,20c391014a5841189adb0850397d6767,delivered,2025-08-19 18:17:00,2025-09-01 18:17:00
20d984ffbec34ccd812eec3fb431145c,f56727282c2a4a199ce8cfa23a458189,delivered,2025-11-10 07:42:00,2025-11-24 07:42:00
176d2c2279804532aa33a99270f5e0ea,52426db13a4c4b5d923c555e5c3519c6,delivered,2025-02-02 18:22:00,2025-02-05 18:22:00
1363f50808f44e84833f25aaff2c9ffa,c67c8c579c9043fa8cac0f6ff08a5f51,canceled,2025-06-13 14:58:00,
6c2086f84ba542469ecf90f063720f87,0f3eba3454504fabad5e2c2efc8c1b09,processing,2025-09-05 07:17:00,
a9287dac76254da6b1289ad7cd14b9a3,b704a5b599fe46b391c10be111511678,processing,2025-02-03 15:07:00,
19c7e6e906a84660965d9aab9db5bc21,42bac5972b824ea0bee04c85e4afe7eb,delivered,2025-10-12 20:28:00,2025-10-26 20:28:00
b84116d104cb4c18978dcaa680deb9c2,d816ec7596d0456887111c99c0f2cbf1,delivered,2025-01-31 06:00:00,2025-02-11 06:00:00
ed47ae21beb14670a7a691a7a3f0c9c7,3b8157021fb94ed1bb1b1d717d7fbe51,delivered,2025-06-27 07:26:00,2025-07-09 07:26:00
c0b5c6505dbc4c4aa660f4e11fdce70f,7b2374073b1f476c9d3bab950523edbf,delivered,2025-06-24 21:25:00,2025-06-29 21:25:00
0290eb82c2ac42f995348af84c929b4b,8a782a97cb1e4355a565f9c251725ded,delivered,2025-12-02 09:11:00,2025-12-07 09:11:00
e11e7cbdd8ec45f4af96c0274b57eb40,413a447ca83b44318a6e108221006a39,processing,2025-11-27 12:41:00,
6cf5338fdf9b41e585a9e8ef0d646d11,32c59c69426643e7a68a23c078125051,delivered,2025-07-21 10:00:00,2025-07-26 10:00:00
d0c7614443604fe8bd65473c19551fa4,b7ca809a09ba44398ce490376ea681f6,canceled,2025-01-29 10:40:00,
c311cdd22b9e444ebc3850de0ffe123b,9d415f045b94499b91779d7f2b6943cc,shipped,2025-01-17 20:15:00,
989a3d360d0e48cba3ecb75476a712e6,5f9f20e88ce7472ead9a37a39f687300,delivered,2025-07-22 19:52:00,2025-08-01 19:52:00
657c1a5434d04b40b216503ecb4c5e43,d78c75e78d89436187aab2404e870a09,delivered,2025-08-11 20:27:00,2025-08-13 20:27:00
98ca615aea694fef90df2707408b23cc,8f59a24079264afb80706d27ca9168d0,shipped,2025-01-08 14:57:00,
b76b43c30fdc4548891c747b61915f54,06a46b0f159b41bb9448eefaeb75265d,shipped,2025-01-12 07:21:00,
c4530e796bad493da1e77a233597fb97,70f891eefa9a457cb29ee3efaf39e92e,delivered,2025-05-02 08:37:00,2025-05-13 08:37:00
d4ceb5221dfd46dcb3db0b3a2d226842,b127f7fe6695494d86b44ed879cad215,delivered,2025-04-07 14:17:00,2025-04-18 14:17:00
44e29a9e78ae49b78cdccba3fc166787,3afbd9068a924c01bce313cf9fbbc17b,shipped,2025-12-01 18:05:00,
3566cda8581c43db9243f249f90de6fb,b3ac8f5b24064cfa86e164807e6deefc,shipped,2025-04-06 20:39:00,
dc6d4a9b8f3a4b0e9382d17437e282a8,e85f51c5042547c69f67c85664dc3892,delivered,2025-03-19 19:41:00,2025-03-23 19:41:00
7db474e386e14a14b00ed5410d9e96da,5326ae52ee464fc49fa4064c6a3202db,approved,2025-06-22 16:28:00,
e6ef7640616649fbb90eef0e20ef98d7,b78f5457135948e1be89ed3bf1aed115,approved,2025-02-24 14:46:00,
a0fff13ea7054661a2b409dab49d2171,390acc49af6b4d59a8e178b2600e2d30,canceled,2025-01-23 22:40:00,
5c108516324e4f838bd4dfde4e991c61,43003682111c424ea705ceb3adc49701,delivered,2025-07-16 06:14:00,2025-07-24 06:14:00
bee54ff569ee42d29fea32b058ee2967,3c090d60cdfa43dc8363838545a5d077,delivered,2025-10-26 08:45:00,2025-11-09 08:45:00
89a25a3b3dbb4e1fb950772d6a07b7f8,cf5f645125234f03913ac02b17b2a13a,approved,2025-02-10 19:36:00,
ae6815825886448b9f88cd90d178e36a,a39e880533714eb5b24de824c8d7e170,delivered,2025-04-12 13:24:00,2025-04-17 13:24:00
514ecfd9afcd41d8a68804168c6e29ef,739f6ffc83fc43ad9d07a112a1bf9916,delivered,2025-03-30 06:17:00,2025-04-11 06:17:00
48ad2fed91824ddd82bc38ffc59ec60b,9c4d44babe084735aba5c36f35ad86a8,delivered,2025-07-17 14:17:00,2025-07-23 14:17:00
54ec7385639e474caba45c25579e46dd,703346a3d65744d4b238948f0e22e634,processing,2025-02-18 18:19:00,
60e0dc7cf24648c880b9c13a3c47af4a,400d42386bbb41388b805ea0987c5c02,canceled,2025-08-01 09:50:00,
15b0ae066d5a4e4bad4e8c5276cc629d,a4464b44af314fa3a12eef98928190da,approved,2025-11-22 22:26:00,
615df23c32644898acf121de79697a9c,253815c45e824d1e89e08341705b767e,delivered,2025-11-10 09:23:00,2025-11-18 09:23:00
7c1179653715490f9ba62603487324ba,aa120f96c26e4d5c8e5072f63df6e8a3,delivered,2025-01-10 21:44:00,2025-01-21 21:44:00
9434b78e08704e27a31059610232d0b5,5ceab32583464cc4a163f46982cbf933,delivered,2025-08-13 06:27:00,2025-08-15 06:27:00
d6295ea831b4482580fd6fdb996f9db4,f2e10fec67ea4ee9981f70aa480108a2,shipped,2025-10-05 09:08:00,
d6fcfc58784e4c109f4a5ccea87bd147,d9af601a441b42959d767c15c60ef20b,delivered,2025-02-01 18:01:00,2025-02-05 18:01:00
1be768a432f94a319dda0cdb91a163ed,bbb6f02f03c1412781556cb85dffa8cc,shipped,2025-03-26 10:16:00,
8fd7130db6db438a8d1e515090d1e273,e3a02dc90f3344b5a3156035cb0bcf77,delivered,2025-12-25 20:04:00,2025-12-31 20:04:00
b710c99981d84f80a24b4e2fc552769b,a8bc351d9efb43babdcb321a07e0389a,delivered,2025-07-29 21:22:00,2025-08-09 21:22:00
3e46fd32bb8b44beac5f34afc826aeb7,b9b9346335fa4e1a8770eb69d0959e22,processing,2025-01-17 06:49:00,
9b8771b1d3884425afd1e96ca9837449,465b5e698d89477a8cee11ef9171b75a,shipped,2025-04-04 09:43:00,
f34d9b1f32f041d58e6270afb392417b,ffa9a6f254e742a5b43fe1df7fa78867,shipped,2025-11-14 20:58:00,
5318e244cc444bdbaf99d10b97a58bab,56e96b08197b42eab9e35d714992d7c2,delivered,2025-11-27 20:00:00,2025-12-09 20:00:00
f263233e094f4df39b504ec58bca3e57,39fc8981a4e145c89307320c1c0f0120,shipped,2025-07-29 06:05:00,
fd43f30dd5634d74b7c93741d2a1aa03,de7aeaa44b2a42ec9681f101e5a709c0,delivered,2025-02-05 10:19:00,2025-02-13 10:19:00
c15dbc63269e4929a6ac60557d912d2c,164387e559b9423a81cf91a54ed9e647,delivered,2025-07-31 17:04:00,2025-08-04 17:04:00
90db59d66c554b759651e6fb4b59c25a,31fc425427a948019914d3a85d777e2d,delivered,2025-03-11 22:46:00,2025-03-23 22:46:00
efcd80e350c84763948ab381075ba469,4de3818f04e341468e4ec00e9f4d3de0,delivered,2025-02-25 14:11:00,2025-03-01 14:11:00
159e1581f64d459c88660320056c85c5,6e4cec523f7d43c3b8278bed66fe25b9,approved,2025-12-06 15:31:00,
944b6a6819b34f67873f49b55a2d904b,04eb41109ced4aabb5690f1770228af9,delivered,2025-09-07 22:22:00,2025-09-10 22:22:00
60f4929bb4784111970cc7ff32c009ed,172a41cfa1e9403ba32f890527777035,delivered,2025-09-28 08:38:00,2025-10-04 08:38:00
37fdb1d0807a4e4f96c8797dd0ff6123,6b44399a5bd34d1eb303178fbece052a,delivered,2025-05-21 14:46:00,2025-05-29 14:46:00
e0412e0e47db4000975d0910e3174776,3ef0fe8033c44ebc9686358022466616,approved,2025-12-18 07:52:00,
41f6530ecf6a4487a8e4a20c3226cb65,a14011f4ae00438593b8902377bc921f,shipped,2025-11-29 10:59:00,
7668203e83344c2c828c704c14ea8bd8,1d3a4b70543e4a558c8a9fbb04d0c8b9,canceled,2025-03-12 08:28:00,
2b8e13b6308b4fd2a8ac5102810c4f59,a0114b76d2964b01911be3ad84f6eae0,delivered,2025-02-24 10:06:00,2025-02-28 10:06:00
cc080c0e6c2a4066a3efeeb5655d29bc,f629f9f350894f27aabcc657a92976f7,delivered,2025-06-27 22:32:00,2025-07-10 22:32:00
35fe1b517ac14d54bc111c2207f93a92,682539fd2d60431b834e10045d15a1f6,delivered,2025-10-26 12:25:00,2025-11-07 12:25:00
4c4940aea1f3433185703c1c934016bf,77a0c0f739e64327ba5f4fc07a33f7bf,shipped,2025-03-28 18:40:00,
8e6deac3c3a64b74a765bf5faf5fe624,6253daab070b407f8e49f368a18ad669,delivered,2025-04-24 15:37:00,2025-04-30 15:37:00
18d59ce83db84a18bf99fde9a9d636fd,d60139ae3c7341eb9f4550da82f6f2b3,delivered,2025-09-20 08:46:00,2025-09-30 08:46:00
be392838caae44f2943cb567533916ac,595e3753d00a48a786119ff0924a7173,shipped,2025-03-07 09:37:00,
fd379f3094db4552afa6dbf332ab2faa,c33e8f8f171e47b5ac2564c5ecd3cec4,delivered,2025-06-25 11:08:00,2025-06-29 11:08:00
6695371d02c146a397a8fdf8ad12439a,be28fe0524924af8bd72afdc9c781bef,delivered,2025-02-03 15:59:00,2025-02-07 15:59:00
5f74aee8f8b94d07a1c4fd2851d10f4c,0f225c2d2cbe4037a76558ccb2681060,delivered,2025-07-05 15:30:00,2025-07-16 15:30:00
a411556b7e414e28a4bcefb82daa35be,bf2a97b635b348cd9dced108721d6b86,delivered,2025-01-05 14:55:00,2025-01-16 14:55:00
545cffe1f02843a5afdb9b7967fffcbe,54fbc7fda23f41abae88632ca68d56a8,shipped,2025-10-20 22:42:00,
e3d2293bdd3f4926b101c453ed6f0969,30dc95f5ade343be89fbe4a5c895f8a6,delivered,2025-12-30 11:01:00,2026-01-07 11:01:00
8441887901a14129a16bca0e961d9832,97a9d0faee68425eaf89ca421bdc587b,delivered,2025-04-28 16:55:00,2025-05-12 16:55:00
a86391ac5d1c46e586a3c3b34d51fce2,8318af6cd56e4011ac7cb60191e03d0f,delivered,2025-12-29 11:57:00,2026-01-08 11:57:00
d62c45028b9346e1ae4483323819c6ba,93fc20f0fcf74c7382a62069a199780b,delivered,2025-11-26 08:59:00,2025-11-30 08:59:00
81ba671aab424e34bf9803340be19b5d,7b2374073b1f476c9d3bab950523edbf,shipped,2025-10-16 12:34:00,
9845cb53e1884a6e9e366d19eac8a67c,b267fd4ed6b04b2a8344c2aa14ae807b,shipped,2025-09-19 14:12:00,
eeba010bd2714ab2b68a52c34ff3af43,8a10d18873094865b459f9f81e5f1968,delivered,2025-05-30 08:16:00,2025-06-09 08:16:00
b9c5e32c3bbe47bcb0937a6d8b5bc254,bb386c3eacba4a7a9650ed76f4e23d49,delivered,2025-05-24 11:28:00,2025-05-29 11:28:00
3c61a569dab342c1bbaabe91291730d4,1c3b8968dadd4486b73568843619b992,approved,2025-10-27 11:03:00,
e833c874a6304cc698d884c22a6b0143,1acb0d7240364008801b7c7e6230b71a,delivered,2025-09-06 07:56:00,2025-09-20 07:56:00
1ecc6be8fa3f418b95d845b2188f9450,e92aee34e34e4d0aa265f021906c895c,shipped,2025-11-03 12:09:00,
3f1b95b341e74430b9514228f3208427,34862b187b524c92bd28a2b67912ca6c,delivered,2025-05-20 07:05:00,2025-05-23 07:05:00
8eec8e7177bd48acb6e46a91d6e91937,c3b75519606b4c4eaaa9f01d44bedf5f,delivered,2025-09-19 06:05:00,2025-10-03 06:05:00
45caadbbdc3d4e8b8abe9bd63ff5e089,272d2b7f99cf4c5e9bcc898493cdf915,delivered,2025-01-18 20:15:00,2025-01-22 20:15:00
7671d3428ac94289b7f272523b42ca64,6e19e2069ec7464eb9f0756c10c094a0,delivered,2025-10-22 20:56:00,2025-10-29 20:56:00
b9721e1d1e324b268d8aff41bf02c2a4,42cb6b4683224c43ae35dfad467a1110,shipped,2025-01-17 20:31:00,
e3407bd6640e455cba434d9b52e67697,a6962e32504949f4b1a3554154db1f0b,delivered,2025-10-12 06:27:00,2025-10-20 06:27:00
886a21fdc53f441aa2547ac926829561,55f22b2d141b45119dc582ac83719ae8,shipped,2025-12-06 16:27:00,
163466ea6083444abb716431eefe1ad6,d5cbecb0f1e649c78ba130c4d1e7ad34,approved,2025-04-30 14:57:00,
218948e4d6554ecc9a929911ec07d9b2,575cb32bfc7649519a0ec0c5fdafb119,delivered,2025-03-18 19:43:00,2025-03-27 19:43:00
f4449ec40f0d4899a05efee60be6f63e,cccd54181a6e455ba16abf17ccb239fb,delivered,2025-08-21 10:51:00,2025-08-30 10:51:00
857d5e15d09644b1bd85aef66d3d253e,9249abda378b43519279f2ec64327617,delivered,2025-12-12 16:16:00,2025-12-17 16:16:00
e367f7e65af1474a8d159e820a91ceb8,b4bd94594f214b0399fe3a5513d219e7,delivered,2025-11-18 19:06:00,2025-11-21 19:06:00
48ea72d54319409aaf8d46a283a11d16,fdd2599243194722a73488b659ac4092,delivered,2025-09-22 09:56:00,2025-09-28 09:56:00
c2a5f6c9618540f19474ee41e72c0f9a,af10b5e29c1142de9accd57f4133a458,approved,2025-11-30 09:32:00,
65dcc83ebfc24e0ca5772c79c6635c3c,6b7561ce41af4e289eddff8974c514a2,delivered,2025-10-18 13:03:00,2025-10-20 13:03:00
312c8e14114a46cc984777ecc5410bdd,3ac8d06c4f8d4fee8643cf29488d01de,shipped,2025-05-21 10:10:00,
4c288a09e80f4b77aa40fffa6bd40859,9d26255e3fda46948dba47e2e17aa5e3,delivered,2025-10-10 20:25:00,2025-10-22 20:25:00
0b57c0c9b8474360a448a96d8731c5f2,d81341b1f2e045efb8bf0fbb239ee741,delivered,2025-07-30 09:07:00,2025-08-09 09:07:00
0a4916b2e10f46f3a172f939119e6968,8a91166bed8c46929cdae14a16b6dd69,delivered,2025-01-26 08:53:00,2025-01-28 08:53:00
4c1ca1ff85604737b65a6c91322ad627,d020f7473b6f420f9e2293fc5f328a3e,delivered,2025-09-01 13:28:00,2025-09-11 13:28:00
335d0a57919c4e22b3758cd6ca1db1ba,928133bcc8ab4980a222cf47da699e24,delivered,2025-06-14 17:42:00,2025-06-28 17:42:00
5c46476adc364af3857ca94e9834648c,3eb615d9612e4a44b4f825e8f7d2e760,approved,2025-11-08 16:21:00,
30593c21a2844cd2aeeedbe898fadcf1,80c947c92e9e4ac2a3e33ddc3a467a7a,delivered,2025-01-22 12:16:00,2025-01-25 12:16:00
cbbc06c8197c41abbc2f267062a6e9e1,6111bc068b5448009104c0617f174cb9,delivered,2025-08-03 16:04:00,2025-08-12 16:04:00
b9ba6da3d4bc410cae5ab87d6fd64df9,1e0956dbdba54df185a36f84c667a863,canceled,2025-12-14 13:41:00,
3b523daff527428c972f96ea0e4a4473,62bf15f969d947bc9b763e17895afc80,delivered,2025-09-06 11:22:00,2025-09-17 11:22:00
56c14b0a054043debb455ee35c391af2,9ca62f973bd845b19056dfc7273fddc0,delivered,2025-04-08 17:39:00,2025-04-21 17:39:00
941dd73a68f443eea7888e7e4f024d47,c3ef3719fa3c447db4ddf0744fc05ef8,delivered,2025-03-02 17:04:00,2025-03-14 17:04:00
9c86614790c5441b941d5ebf2b9fe238,b844bfdb366249ffbe4f4c42d7de1e93,delivered,2025-11-03 09:11:00,2025-11-14 09:11:00
a5c99576a88b4802bb69148a36c9edca,8ef52c1fa271444a9fe5b3035d9d3b7b,delivered,2025-05-20 22:59:00,2025-05-28 22:59:00
08304cf62f734efc8ca125157319cf1b,a9392530c4204be48f70493702ebdab9,delivered,2025-02-12 09:00:00,2025-02-17 09:00:00
84f37ed9b602441d836fce3f6849a458,12a4960865eb4250a017e03b427c95e5,approved,2025-01-14 20:29:00,
512500e28d6944c3a1c3e231f7729990,9ca898be21a2442fa2d8dd2b25e7966c,delivered,2025-10-30 08:10:00,2025-11-01 08:10:00
41864947a5634604973e3ebe99f67d29,b8f65eadf7f64c7fa344183ac102f2b8,delivered,2025-06-24 13:32:00,2025-07-03 13:32:00
9f89c9ae00f84d76b2a1b726a05a8c6b,c602dd393a124932bb953fba57b443fd,delivered,2025-07-12 13:33:00,2025-07-24 13:33:00
230afc8afdad4e8998c99b5e0009216f,90967f7a6ee4460ab9041ecf13a766c5,delivered,2025-06-16 14:55:00,2025-06-24 14:55:00
6740d56fb0b040d48882fc488b9759ac,7087560d5e67464fac6a3e50ceeab448,approved,2025-11-14 19:24:00,
17d5ffc449d0499f9726cf47b00b241f,4d05748201b448d38f0e54472fdf6edb,processing,2025-12-14 07:00:00,
0689d58ee0d0424fb1871675d532e78b,527e370696e943409d333d1f89d3760c,approved,2025-04-30 18:12:00,
0fc697cbf81b4831a0afa173238d2c77,05e1fb7f73f441b4a121cbfd046097ee,processing,2025-12-16 17:30:00,
d1965e3d2352489693b04f3779d650a8,ac873884346b4e319e956f490cc6b7c2,delivered,2025-06-19 08:44:00,2025-06-29 08:44:00
3b9339b7f40a48f99051671202f7db9e,a49af2d0cf6a4dffaf093b2ba9bb12eb,delivered,2025-08-22 21:56:00,2025-09-01 21:56:00
441098f64d5e4e21a9ad8960be5d1d2a,da26ade159cb413eb34345bcf3d4ce86,delivered,2025-08-07 22:11:00,2025-08-15 22:11:00
5ea9b499ad3d4ac1a1f13dac80401e6c,eb3ffa48cec84a9298a80da82ae69c39,delivered,2026-01-01 15:25:00,2026-01-07 15:25:00
929dc79be1ab440482253e78c3fe5f05,c5d55a120ecb482b8c099f856d46705a,canceled,2025-08-18 17:57:00,
25a0bcf5ae53430780c79e0364cea0f1,64ec58609e9442a1a0bbe456f51a2b90,delivered,2025-01-23 10:26:00,2025-01-31 10:26:00
e594adf7a091468ca5d850477460fe58,92b3529a7d634e4a9a16a22473952964,shipped,2025-08-16 15:54:00,
a304226e9e2d475c90763a1deebe1e73,c1e274f9170342dc9642d8eb7598c124,delivered,2025-08-16 08:17:00,2025-08-26 08:17:00
b65348512e8d46a8b00d3b9e644c0417,d2c1a0df68fb44cbb76ed8c52771fc62,canceled,2025-04-01 17:22:00,
f907492f4fe54874bdf221ad1d3f6544,35e3e4e7badb43f1a83356e9e1751a9c,shipped,2025-12-14 18:22:00,
90c7c33d39934943bb2710ed7cbbbae1,b307245c18334fa49ecc1594aedf904c,processing,2025-09-11 14:17:00,
d87b6aac131b484384393cbe9aa92fbc,0d7b79d36d854096b96e30a91dd05463,delivered,2025-02-03 16:35:00,2025-02-15 16:35:00
1fe72d1e58794a4c8748d65982702d9f,c25dd39b9eca40528724bc8f02250619,processing,2025-08-02 22:55:00,
a2c0145009704e7496622a7445d9e1f7,fe86233e83644cf79990da351631560d,approved,2025-03-29 20:51:00,
7d41997ff5d5412993b5b2fac7a04c9c,2c3906f419ff465f904d806fd9968a43,delivered,2025-06-19 11:55:00,2025-06-29 11:55:00
fd376fb0564c4ccd87b317ad3a7fb678,8c20779c0f8c4cccbebebe282619ef8f,processing,2025-03-18 14:01:00,
b1128f7e09d240f685276f6c7a76f0f7,b8e3c5ae39e14bf8a6d2af3ff2baffe9,delivered,2025-09-24 08:08:00,2025-09-28 08:08:00
4cdf84a617b843a69ddb8322b9fc93df,4b124e61de4946f3aeee0657665129a8,delivered,2025-11-12 20:06:00,2025-11-25 20:06:00
58dd048833e348639d52bd36dee48605,637933e827e9440480844d3eaa3344f0,canceled,2025-02-24 07:09:00,
573c82b289694a8eb773d6775809bf88,df502d08d2204773bb5a84de1d5256a3,delivered,2025-06-02 09:19:00,2025-06-14 09:19:00
065c157788b4426a84f413f9f516fc4d,1ce21a525f1046dd96895ef199059e9f,shipped,2025-10-29 07:03:00,
b8258e8dadbd418d8ffe9d8a14b85bc7,c480454677dd43c2ba4c4d3825cc346e,delivered,2025-03-04 20:52:00,2025-03-13 20:52:00
cd0f85bb22934cc2a5f2b409d5c2cb57,a73c7205b042478c8290bd3b58cbc35b,delivered,2025-11-21 09:36:00,2025-11-25 09:36:00
9e1f18f3a4a24e3d9d2da221a1585b72,9b012647a7a94477bd814b83889dd488,delivered,2025-06-01 17:52:00,2025-06-04 17:52:00
6077501a622848668d71d17d0a6f799b,20ab14a0bad14427bc8fd9ca53aa3fa7,delivered,2025-08-07 20:01:00,2025-08-19 20:01:00
50139450afe8442cb6c6fbcbd1e69d23,30af380fcb3344ffbd669639023fb6c4,approved,2025-11-15 08:04:00,
27fc684bc46f40d6a7fb5b040ce15c54,537e6e5e646c4f39a150887d2f2887a8,delivered,2025-11-08 13:50:00,2025-11-14 13:50:00
2d0a143d1bff45ab88ce00bf7477c4f1,e4b80827299842e8a2efbc18c9f5f7bc,delivered,2025-10-13 20:29:00,2025-10-21 20:29:00
f25590c50be341b5b4678adde806b4e5,3aaa98f517484addbf11e0ce2a78b9c2,shipped,2025-08-30 14:47:00,
a84349d569b743318c1780c7729361a1,85a0b4c450134bcfa8e5561ce6929d09,delivered,2025-04-17 06:44:00,2025-04-26 06:44:00
698e0550f6f2464f828db26d9228bcfe,9ecbcdd7a16b464390902e61f4489587,delivered,2025-09-06 11:04:00,2025-09-18 11:04:00
2f56a9a0397e48069e8828c8d2cc3083,d52acc78a3074505aca34572eee50ceb,shipped,2025-03-11 21:38:00,
28357abd2b9b4b93a38c28cb58b4adb2,c706bc8aee5c45e98c1e41ffead2279b,shipped,2025-01-29 18:47:00,
bf03fb6ef58a4886a874d6a2877e6ede,91f7dd46268a4a1e9322ed3ae96569b1,shipped,2025-07-21 15:11:00,
8f16066fdeb740a0ba94bca792c05eb8,0f0819f3d5c744f98f06d59fe448ae55,delivered,2025-05-07 15:23:00,2025-05-19 15:23:00
ebfe252924274d8d9c2b8219543f5644,b093d0bc239b418c895b71f7718a0eb2,approved,2025-04-08 17:32:00,
1559941557e747cfa3f9485e8b411b87,d51a2fde045c41a29ec3e8d4aafa49e9,delivered,2025-02-19 08:05:00,2025-02-24 08:05:00
c5996ccf59df4881ae5abd2fcdacfb3a,8343b088566a492d9c672f9af8428fd8,delivered,2025-11-10 11:20:00,2025-11-20 11:20:00
675da94cd5d34df49d37fe0a1d690163,9ace27ac5a03454dbeb73a3141c39c86,delivered,2025-06-13 19:50:00,2025-06-19 19:50:00
6c06e1f483de4769b62c07a5aed2b8a3,b3d4860131e94ba4905bb61f7b54f947,canceled,2025-03-03 12:10:00,
9142d9ce920d47aba93671f21be77aaf,fd3fed9fc73a47f68bd11b31c58b2aff,delivered,2025-07-11 18:04:00,2025-07-16 18:04:00
330d5d75cda44c8d8dd35c6fb8e52539,0386f175ba474a0680228d215d9b8db3,delivered,2025-04-23 13:42:00,2025-05-06 13:42:00
ac4f1899d79c44eda86c10efb9f31fd5,ea5e6a1c57f349939b5f1b0474c6083c,shipped,2025-01-18 15:27:00,
d675c80ded8a4020b00753d8cda2d1fb,20dec5c691cd4205ae06e9ecf2931fe3,approved,2025-05-30 18:43:00,
2aa627cfe030452e8830b64a183f1d55,16605b8fae9b4b14b0ff9b96ff4f09a6,delivered,2025-06-02 07:30:00,2025-06-06 07:30:00
17b3ff6d559b4bdfb679d2b889ee4ba2,7e02f2f854d24967b08bbe7b504b7c3a,processing,2025-09-28 07:48:00,
4e291da7e9ac4339b20a1fe33a0b5f45,546b1eca3b4543fb8a25c17d37b8de1e,delivered,2025-09-02 21:06:00,2025-09-16 21:06:00
158d299d61a6416d866463227492c240,7ab7708a8a034f908cef3624c1a971f5,approved,2025-01-12 14:35:00,
32cb67ad2b194207b6cb7573dec9ba5c,c057ee1fabb744178e73c9b0f706ed43,delivered,2025-12-24 11:31:00,2026-01-02 11:31:00
37ef7faf43dc458da939ce7cbbf6bb60,6253daab070b407f8e49f368a18ad669,delivered,2025-07-03 11:31:00,2025-07-10 11:31:00
eab88631d3b4426e8d3fb4fdb943de69,be7a9c948bf04d6cb77d3b0c8afd0ddd,delivered,2025-11-21 12:48:00,2025-11-29 12:48:00
4c7aecb065234da6ba2f898377e8050f,9a116e47669d444999084a252e1e3aa9,approved,2025-05-03 11:02:00,
35c6570a893d4925bb3abd2509e9f572,d411410d73fa4efe906270304723a770,delivered,2025-07-23 13:49:00,2025-07-27 13:49:00
62fb4561e19a4525895b004b30c2fd53,6e8f34279d0c43e1a612d1f053ef740e,delivered,2025-03-30 22:06:00,2025-04-11 22:06:00
ba9e7042d31243de966b2343ab08eb7d,02c91e7a25774d4d9e3701cf6b7c7a97,shipped,2025-10-25 20:36:00,
fd571967ce434fb9bcd128ee66a7ae74,647d606240be464e8210ca972682d92a,approved,2025-02-10 09:50:00,
06b478183416429cb0a3e8e436e4439d,134dde5fad914bca98ed91672dbf93d3,delivered,2025-09-01 13:26:00,2025-09-09 13:26:00
114a0f4c39bc440b9e5262eea55fac17,f903e6f414bc4bf4bfee40fa5bf1d121,processing,2025-11-03 18:29:00,
2238e9a6731547ab8bc45c1516a1138f,4bb17eefe0b448519d8151b162599b5d,delivered,2025-10-29 19:50:00,2025-11-09 19:50:00
bf47c596d24d4903beac13252a9c9c0f,70500e61b3d342688c3662ae991b3d60,delivered,2025-07-14 11:25:00,2025-07-22 11:25:00
874ded8f233d42fbb7d504f592bfb0b9,bc733eb584e14f54825602d8070f7f7e,delivered,2025-05-19 08:27:00,2025-06-02 08:27:00
e3769194953444c4816858951a437888,5927c018aba64b8a901247d27af66bbf,delivered,2025-12-06 17:37:00,2025-12-15 17:37:00
e0693be37a79452f81b8b21a978b730e,c3d69d3ba4074e6e8ee4c672d29e17fb,delivered,2025-04-21 11:58:00,2025-04-24 11:58:00
2aef20e5ec9443498f60a50ddf3f4f43,1f1b7d42ab91446a8aad96174e1d295b,delivered,2025-12-08 10:05:00,2025-12-22 10:05:00
3e91188bb3a54eae8e05a5a51eb89c72,6a68101f380e4f798b861a01837f6e50,delivered,2025-11-14 20:56:00,2025-11-26 20:56:00
938b0b77ef6345a5ad306ea19cb2d84a,2e0cc7c1ce43485897501be8380803e3,shipped,2025-07-26 10:29:00,
071923de89a54cb4a9d49a05108ef354,f31dec9a54554bb3863665cbef56dd23,delivered,2025-08-08 21:13:00,2025-08-14 21:13:00
e43f318828ec45758da8b3970b216be8,81763a872a6f4e759738b2320511dea1,shipped,2025-10-11 14:09:00,
ab76af40c6de4f5aafc8fbe18068dc46,ef30579ed573425da778bea65720403b,delivered,2025-08-01 08:52:00,2025-08-10 08:52:00
8c62f4df8c1e4377adc3279b20f4f89a,c080803ae258459f9c6505b8fb7e92c0,processing,2025-01-05 16:19:00,
c9512a5b078a4de09cd59a3efc3ddc88,ed3a0dad53c44c719f82f15c1bea6572,delivered,2025-11-29 09:08:00,2025-12-01 09:08:00
27489e8156394e7fb56aab1d7d16b5bf,083586dfccb948a6a6ae04a5282b4fb0,delivered,2025-07-13 22:52:00,2025-07-22 22:52:00
9592f19831224571925e460d494e4854,7306f28f860c4ab3b08b25489b88906c,delivered,2025-02-24 14:17:00,2025-03-07 14:17:00
4ee24d3ac0b6484ea131a702560c41b8,0f4daa0406e34b10a52da7b557caaf8f,approved,2025-09-15 20:30:00,
8cd292791bf64dee8b7a54a9f9a95f3b,b02a404d42b34c4381f72bd682f16eed,approved,2025-12-20 17:33:00,
937a403eedfa43338ea1c44f6f237b1d,fc912a5bcb7642aa96e47480fbd91353,approved,2025-11-08 10:48:00,
bb1c9d454f864dbc8561676adda2d584,bc5362adce9245ecac20e7b00c101a32,delivered,2025-02-20 10:43:00,2025-02-27 10:43:00
8e8e77ea8c4e4abe9881249bbd7e00f8,623b967506614054a50866fc8df8e760,delivered,2025-04-21 08:37:00,2025-04-30 08:37:00
a2973873f2b64f818c93626b874b8f79,21441cea5cc1443cb8b0250675e6e1cd,shipped,2025-04-20 19:32:00,
b73a51b159c546ba8c1b1b8378845b8e,8d896b1359c440b7bae15e4c2823ef54,approved,2025-05-17 11:07:00,
3c98f3e452e34d0fb01d3afba5ef348d,0432ee9891054426b7e6f7287546f75f,delivered,2025-03-10 18:04:00,2025-03-12 18:04:00
42c1d9301e384f6594b02a84e2d3fbb3,4c423b857f9e43df845d60f259f04874,shipped,2025-03-11 22:45:00,
7fb8545a668e4da3ae819fbc6a0c2d36,506183cd689e41aa84dc231a7838f807,delivered,2025-06-11 18:42:00,2025-06-18 18:42:00
177561e483a24648aaa76061e925c62f,35b28fcd47824fb8966f831b2fb3a664,shipped,2025-10-14 12:31:00,
1b878c8dd8004b9aa09ef6907e23a894,c14105788dce473e96d0cd91928cb8c9,shipped,2025-11-18 20:14:00,
38e9fa2769514ef792268bd2ca46a823,357d199d21c94babbf6464104056074e,delivered,2025-06-07 11:27:00,2025-06-19 11:27:00
9dd693bea7cb4d1fb6ece81a782e235b,4f6f1185a37e4988a9a1dd28901adb21,processing,2025-08-15 12:01:00,
cf0f579c7844495b92a1af7dc4f41df5,98aac6f011684ec6ae0d9004206fe159,delivered,2025-03-10 12:21:00,2025-03-22 12:21:00
ad53872ce8d14a18aa45c7bb7f03b1f6,66ffc0cad60143c880b52da11ba826f5,delivered,2025-11-11 14:15:00,2025-11-17 14:15:00
5f42bf2245ea41a7933561a17d6ec172,1baed8e1c97e4a1e859de3ee26f49d9f,canceled,2025-08-23 08:44:00,
acb980e68a1c466b8a7d765051f97f21,c09c5c544b4340bebcb7eb8a55ccd98b,delivered,2025-09-06 18:27:00,2025-09-12 18:27:00
88e3cf59169449bc937243f580193e25,6a601ec822d44616a9807d2d4ee9b8ac,delivered,2025-12-23 15:33:00,2025-12-31 15:33:00
a9d9b4ef8d2e4473bade1d5970634901,f3fba11bed2f4e199f325a474919c76f,shipped,2025-07-16 14:07:00,
89579d57e96d41bbbe09f3a3dc52d9d8,b7cdb0f28c254507913c9c534f47259c,delivered,2025-01-12 18:25:00,2025-01-20 18:25:00
61447fcd07f74453abfb965a614f1e3b,46d4cc693566462e8e3a355a087dcb11,shipped,2025-11-10 21:09:00,
fab9a36feb364e71a81145689401e26a,be28fe0524924af8bd72afdc9c781bef,delivered,2025-03-02 12:46:00,2025-03-09 12:46:00
0bae44c1df254bda824796b406cba86d,1f7ba741abe54ba9ba2fbaf8982e6c2c,delivered,2025-10-31 07:04:00,2025-11-12 07:04:00
d4ff329103254c169398630266442460,aeb2332e73e743719a5a32412b4ff979,processing,2025-01-08 18:35:00,
cf05d9c89f5a46d4b18623b07b7650b4,a24f56dcfea8456ab8576269c70dfbd3,delivered,2025-08-08 16:55:00,2025-08-19 16:55:00
bb4391ad89794ec3be4805039f5ba36c,538c98328f664290ad78310c27f79ae6,shipped,2025-04-15 18:53:00,
7ec5efc9d12e44349e3eb90eca649e26,fc50da13a25f4f96887f6a0717f0eef8,shipped,2025-03-17 19:10:00,
c729f45268ed47e4addd03cbcbb2cb35,c593385f7fea46eb9796d71887e42d6d,delivered,2025-01-12 16:47:00,2025-01-24 16:47:00
d51d934181b14c578c735fa18cdf1c02,dd904b2ca85144d287572fd9c62943b6,delivered,2025-04-05 19:00:00,2025-04-09 19:00:00
6f4e8fe713c7425299bfb79e6a57b545,dd294322e8a944c9a7c7553a46fc68e4,delivered,2025-07-19 11:18:00,2025-07-21 11:18:00
0e598b99838e44648137aaf28eb404fc,c1fd96c3c32b4da09f41494ad866886c,approved,2025-09-22 12:28:00,
95d344ba2ee24c32920d01cea82e4b48,5a58f76f9f954ac0b3613d983584b200,delivered,2025-05-13 17:33:00,2025-05-22 17:33:00
51ca48a1742647c38874be2cc49c30c9,f81c42b16e3848b3aacde7ec8396df22,delivered,2025-03-15 12:48:00,2025-03-17 12:48:00
67978d3c40434a4ab6984bf59b4e0d9c,cd76ed881df9453bbeacb1a6094c7682,shipped,2025-02-03 07:47:00,
e7a08793870c452ab02f83701c1e6315,a4464b44af314fa3a12eef98928190da,delivered,2025-01-22 06:26:00,2025-01-31 06:26:00
4316d2f42f564cb38a88e715bfa28506,84aa63b82667438fbd7389b3b6e05fc9,delivered,2025-09-26 18:31:00,2025-10-07 18:31:00
c296c937c06247b88d81768d22fbf98a,4997025dfd224651a567308b172d5cd9,shipped,2025-05-27 06:40:00,
8fb73631e46c4442a41f24d52ea35c43,dc01184f298f46f3aa66ba29a56e2b4e,delivered,2025-05-20 09:20:00,2025-06-03 09:20:00
9828d019fe064baca785f378c6c71c8a,df7b0a711b7a40e8aa2b6a860fc55b04,canceled,2025-11-26 17:57:00,
c36c6e68376a4248a997c62982843d12,462e9b697c6248bb8e33f23af997b515,delivered,2025-09-09 19:16:00,2025-09-15 19:16:00
ffaecfbdadc64f37afa1538ca4e994c9,14f28ef0551949d89acfff7636387686,delivered,2025-05-07 11:06:00,2025-05-13 11:06:00
3dfe108200cf488da76fa4492c059f90,c27fef16366c478cb61b421bec9cd279,processing,2025-10-19 18:19:00,
11ad3907abb54c60be95a6c4b671b0d4,e51d9977c9eb4d69b86abbc3aef4b164,processing,2025-02-01 15:49:00,
c3ed936e1e6b4964a8b2a7976a12acf5,5edad1c5a86b484b83614360c39760b9,delivered,2025-05-29 16:05:00,2025-06-09 16:05:00
dfe47197d39c42a19abf2cd99d20b0a8,48be572aac774828adac9c883c66d259,shipped,2025-08-07 07:03:00,
bb25fcc7a19248e786d65515a2ac0f52,e4509ab4ca444e3894da75680ea71409,delivered,2025-03-12 10:27:00,2025-03-24 10:27:00
b85a1c13aa994001a88938dcaac1489c,8fdb2c529929433b8fb89a856feacd13,approved,2025-08-05 21:56:00,
ec60416e67944c8da48267a0e6716154,9d55d113d48f41c3a81c3098718e3a33,shipped,2025-08-04 18:08:00,
9886cb19775c4fbc9a00b63ef26d5f05,bd833cbd113d40b69d7fc155cca509c2,delivered,2025-05-23 09:56:00,2025-06-01 09:56:00
0a4755ba62e344c5859b8d4380526491,d2e511e008ed4fe09a901063899d2f30,canceled,2025-02-03 15:33:00,
d6673e148d694d3c9868954c2b85e34b,ae882a179c114b55af134258b8d4bd06,shipped,2025-10-03 18:23:00,
ebd90a9836c748c594c05668a60e5c66,5cd755dc9bf5445daf2ea11d0e705165,shipped,2025-10-13 18:06:00,
c70330cf99f24f8dbe08bdd1edf5739a,456f1a273ff24f41ae4e1e485dd0518e,delivered,2025-03-19 09:44:00,2025-03-22 09:44:00
deee6034df8646dda5dedaf68a12da0e,b7679efe658645cfba9de6b26f99a387,delivered,2025-12-15 18:34:00,2025-12-24 18:34:00
4c4c316ce8e346d4a13b7850406a4888,e09f341a53e84baaa12e8fcbc6efba2d,delivered,2025-02-16 11:58:00,2025-02-20 11:58:00
646e7330fac14568863bbe3faf6c84e8,9ca62f973bd845b19056dfc7273fddc0,delivered,2025-08-08 21:00:00,2025-08-20 21:00:00
85284272ec01407f947f21c541402409,763f036ec4844a35aab5dfebf07d632a,delivered,2025-08-31 08:34:00,2025-09-08 08:34:00
34d83788d1cc4150835fbcb98aaacf38,016fef5902824745bf5d7c9309826a18,delivered,2025-02-02 13:57:00,2025-02-13 13:57:00
66b0b6be24b0433d9830f6665d91c2c8,ccd1de903fa042aa9bb2815e9d29d077,delivered,2025-10-04 07:32:00,2025-10-12 07:32:00
ee566ed61aa64bd0953c8fb3c1e3b5ba,613ce6ceb1ed4034bc5dbcafa179271c,shipped,2025-09-24 13:20:00,
dab4f54ab1b34d6b993b7953a12abde0,7930c1d6d83c4ddebae70fce90fe5246,shipped,2025-11-21 21:06:00,
72b48ef424c644a9a0575a769911a069,2ec1fe9d78a249a0a8e0ac96bdfda563,delivered,2025-01-17 12:59:00,2025-01-20 12:59:00
2ca9c3adeeff43eaaa5744afc01bfec2,a8eb8a671a6743b7802ad496336ffab8,delivered,2025-04-04 08:09:00,2025-04-11 08:09:00
6e4dbceb813e4594b77d1c228cacc051,624f4c0f67954a18a14c4b1ea7ab4306,delivered,2025-06-21 13:21:00,2025-06-26 13:21:00
7ae6f74cfe8640bfbeb0c56c7af39606,65d99a4bfacc4059ae00bc127f6923fe,delivered,2025-05-28 09:10:00,2025-06-05 09:10:00
dd096dc78ba84cccb542deb9ca687f9b,1eed8a556f214831ab59d4c0b53c8505,delivered,2025-04-02 07:27:00,2025-04-12 07:27:00
e9dd50314c8a430db98377ec79dacad4,b6a2a065ee024268bf3d2abed77a9786,delivered,2025-01-23 06:45:00,2025-01-27 06:45:00
7f4fcfe1b7b142d496e53f7fa9316a6e,39fc9aa220dd42d0aa524b5f91cf090e,delivered,2025-06-05 08:04:00,2025-06-08 08:04:00
9e91a61989f74182a808f1610733ee14,70bd0afde9a544e9833a82a791d2f7ab,delivered,2025-03-09 06:05:00,2025-03-16 06:05:00
0a9e8373c8de4e1a9e1c6a56d2044f95,3760042191e24cc8ad6eb720cefa7c5f,delivered,2025-07-12 08:55:00,2025-07-19 08:55:00
8ebee9cd32514408a20f191c8f7433e3,d31ee5442f0e4c3aa21cbd7e9280f195,approved,2025-05-11 10:29:00,
11180a89fe164a78a21459a7f090cfde,dfbf5d02019f496daf2f45bc411bbfa0,delivered,2025-02-16 14:04:00,2025-02-18 14:04:00
3362e6d5390a4d51a97aa70f8519aeb9,3c41ed4a28fd4afe85d4e3fd02c8857c,approved,2025-03-11 22:34:00,
dd065ef3cea74c59bec6ae4414d20b89,9ccea5b3c5d44ce7936cf0903477b26c,delivered,2025-08-10 22:32:00,2025-08-12 22:32:00
cee3fc7b59b94ac88e87545f75ae68f0,24e1cfd224be49009c6747062530d0fc,delivered,2025-12-16 14:59:00,2025-12-27 14:59:00
dc13db8a49b145de9de13af907eea801,98b52ef3e2e0446d87f8b22bc6e14805,delivered,2025-07-14 06:21:00,2025-07-27 06:21:00
735a24ca7f5248a09a468d515e9d8461,bbe1f509487941b99e64f775ab610195,canceled,2025-09-14 17:53:00,
b58b350d3eb34469aa0d86353ba669f4,b5e3c884ad784564aa193e771bfe230c,shipped,2025-07-16 14:06:00,
883cdf2c608346808a6590c46b0b78eb,56ae967ea3f7417eb723ccb0eaeb4945,delivered,2025-10-14 09:06:00,2025-10-18 09:06:00
ed28721c255342018092903669e411e2,acc664ab7bf84f74b2d2761ca3df2f8c,delivered,2025-06-05 14:35:00,2025-06-15 14:35:00
122b459c9b21494cb3d476ed779ef72e,c09c5c544b4340bebcb7eb8a55ccd98b,approved,2025-08-01 19:32:00,
1b8de89cf2974e3097956d7c2cbeadf3,7aff84cbf9474a25aeebbaa87dc04f43,delivered,2025-06-12 17:17:00,2025-06-22 17:17:00
4d0fbfdfd3324f33a895ad62ca992f0e,d96889156ea8457db31c09c6cd1c3c93,processing,2025-10-16 20:21:00,
9654cd7bc0bf44a086bd2086985626d6,df7779403bd541a89c37cc303996c9a5,approved,2025-06-27 21:02:00,
27c95dc388634b0ea78da2d58886ac0a,d4cec67206894f489f5992feb865c56a,delivered,2025-03-13 22:44:00,2025-03-19 22:44:00
c86d4d0742404e089eabe8c2052be315,363c80ce9a3f40b487135d8875e246f7,approved,2025-04-09 10:39:00,
8820cafdd1a048f38505fcc3c93cdc92,0f6131d6a68b4a06967382bf7e142145,delivered,2025-10-05 08:45:00,2025-10-08 08:45:00
e01275aa3301446cbb1c2b4c9ee05ce0,8ff605fd9dfb46b99437b6eb7d7650c2,delivered,2025-11-01 19:11:00,2025-11-12 19:11:00
71ae9505dc7d4f4a86da4eed629fe7e1,b8f65eadf7f64c7fa344183ac102f2b8,delivered,2025-06-17 19:05:00,2025-06-22 19:05:00
c10fc058474a4098b60cc986592fe4c5,da85d03dcd30468ca622374779ef5093,delivered,2025-02-22 06:57:00,2025-03-08 06:57:00
5217b16e934e4300ae60f15452551cb9,88264f5dba4b428095ebf4dfb6494926,delivered,2025-05-13 10:07:00,2025-05-27 10:07:00
ed36b753786a4542b19d0d5f01ed9afb,a6962e32504949f4b1a3554154db1f0b,canceled,2025-11-14 19:59:00,
b000a5c4be7042d7993f4f7c83d771c0,848eb96207a744fbbfb2b2b167bd66db,approved,2025-07-17 07:03:00,
417730e2f4d841bb9d777e4d9bc524de,2e3255807db14c7eba2fd26bf9609884,shipped,2025-08-27 16:28:00,
72cf988e83954c6f9d198ce9f3f867cc,dd05c84b3ad94523a4aa980822c9dbf1,delivered,2025-06-19 18:08:00,2025-07-02 18:08:00
016b230734b0448cb09a59e55233de73,e2eca6bbc26642e888ffb712e635e101,delivered,2025-05-26 21:26:00,2025-06-01 21:26:00
3eaacd3b6dc14f60b106db2aaff27b4f,5512d0b0291946f482f5876d6ed8d759,processing,2025-12-27 08:47:00,
ff7c465b58d246f686bc37f19d00a7b0,40066627acbb44f38a6448a0b4a09b82,processing,2025-08-22 22:50:00,
cc19a0b6bd6247d48b8ea46948975cb8,c704b95799644cb6845d54030a280244,shipped,2025-12-24 06:37:00,
dc1df570c239490aad6583b5b36400ff,154d29222a74414d880e96d10b37cb95,delivered,2025-10-09 06:37:00,2025-10-16 06:37:00
16e59a3939fd4625af366d4609249ad8,41c5bc1f29aa4b4da968314311e99771,shipped,2025-02-01 17:24:00,
35c3e8a55a4a429aa085a2f34f5ba5ab,19cd46c527694e81b1b31a5ba9d70af2,approved,2025-03-07 18:53:00,
d6a371ee7e5b48deb9750b6b815f3126,18932abec93147e1b8f8ab66727179dc,processing,2025-03-10 16:46:00,
8de5edebcb0f481a88422a88673b5147,dd0e36a901064e8a9c9e3c93d97fc89d,delivered,2025-02-19 17:54:00,2025-02-24 17:54:00
e294013baca34fa4894a439c850a6424,6e447ad1d550489f821b4dbe298387a8,delivered,2025-01-18 13:14:00,2025-01-20 13:14:00
d41bbf851e5240d696d8c5428eb47b60,053935d67c2c4a0497fb29e92e750c29,delivered,2025-09-05 21:26:00,2025-09-17 21:26:00
68cf9febea9645f1afa01de3c2bb1bd5,aafbf4eb785e44169d9293ff1c29aab6,shipped,2025-10-11 20:46:00,
288150ec588e4179a5e72c0359bebc60,8ab3698b9862498083e21cd5b8cd9b5e,delivered,2025-05-31 08:03:00,2025-06-10 08:03:00
e971f5785f7f42f5a5cb2c61bfb0b91d,e00f560feff6499489e2b250b0ccfb0f,canceled,2025-11-15 08:00:00,
66a146c0c4a742e0a60c873790004948,5f9f20e88ce7472ead9a37a39f687300,shipped,2025-10-16 19:31:00,
958b81738654496383227eb66a92c5d6,b1e334080f2f4d7aa356d27925ff6f4f,delivered,2025-09-27 16:22:00,2025-09-30 16:22:00
e4d9b14d66854c648c0e295242d95228,2a15b66d99a246beacf195c02a9024bc,processing,2025-08-18 07:12:00,
a7591b9f11474c4d94a7ff8864ecad17,50074baeb01c47558612c439c1a60c45,delivered,2025-05-25 08:28:00,2025-06-08 08:28:00
08127d60cb754e04b4ed36834fdce23e,8a10d18873094865b459f9f81e5f1968,shipped,2025-01-28 13:41:00,
34c511a631d04c58a8afd116106586e0,4fba87cf4c2f412f89edd3f6357b77a7,canceled,2025-09-10 07:21:00,
c7a7179ccb434667ba2225803624ab98,920859778f604b28a804189817377a67,delivered,2025-04-23 15:53:00,2025-05-04 15:53:00
d0221b1ccb614e7493dcbbc1cc73c75e,fc15ef11b070479398edeb2fa50f0f18,delivered,2025-09-07 15:31:00,2025-09-14 15:31:00
b312713a8f1d4b1c87df057dd6bf54b2,74538173235449739a34a43d622ad4bc,delivered,2025-07-25 16:13:00,2025-08-05 16:13:00
f177b4526b8b4126ba4744a6f0a36920,a13af56b41df48d19fb71c708cb76bb5,approved,2025-12-19 11:32:00,
be0103e3660c41a5807ad814efe217c0,c92a48f65d554a5a839939057852014e,shipped,2025-07-12 13:16:00,
0cc7c6c690494e19b2e7b851dfbde853,ab3c43ca1a784f7a83c318af8f410a10,delivered,2025-02-02 17:08:00,2025-02-09 17:08:00
7f2e1d7c58084e5aa792216497c73d0a,c4f62879d2474c57a1f04346769b27a3,delivered,2025-02-21 18:22:00,2025-02-23 18:22:00
e6d3dff12ea54649aa6bfc5be0f554ef,f122cc61897248e8827d70d4a7a27657,approved,2025-06-01 12:45:00,
cd4fb84d9c8144869ab9d4fd41dc4257,f1537ccab1f84ad99e8dc643abda7c4c,processing,2025-01-14 17:18:00,
44fa1e18f39f4a108ac4715f2e9a9cbc,109a6287e399479482efb9c4ed805aea,processing,2025-07-26 19:23:00,
d8075b0a40f84fa98a9666324fa9f9b6,b2a4f909cd24463dac7d40bd6080c96c,delivered,2025-03-14 18:54:00,2025-03-24 18:54:00
c00686c4723a44049e0a67075cb3753e,69602016b57c4dd492320db0e4b1afab,delivered,2025-06-23 19:48:00,2025-06-28 19:48:00
f2b0780fa66a45509f3ca7c9d75cf1bf,d5b634fe680740289581912cc4b78afb,delivered,2025-02-01 10:57:00,2025-02-13 10:57:00
3c96b7ec47ce489c8077f3ad4261656c,7b98739502a34b34b525911e44648ddc,delivered,2025-02-07 08:30:00,2025-02-16 08:30:00
e71354935fee4a95941f3d3c705b88a7,f75e52005a4f48f183e0a40f9f414676,delivered,2025-12-27 12:27:00,2026-01-05 12:27:00
7c03cd8af6764035b7677c30ec0592b9,3ea45829ef334e52a3d25d2c42eb831f,delivered,2025-09-05 15:10:00,2025-09-19 15:10:00
f44ce6c79a2748cfaaf2b958c0693b33,85b43c8dcf78407b8fa18a1911437e7e,delivered,2025-03-09 09:49:00,2025-03-22 09:49:00
4ff92c704d924550a542c9effee5faaa,bc8159cdd7c340bc85c4434ad571f562,approved,2025-03-23 19:47:00,
5d96fb89cac7407ab3654fae8a9fdaa7,b659672cebdd45cc89c04dea24473448,approved,2025-08-03 06:36:00,
beefc112130e4927af10c523f896fc6b,c05a8c75ce78439c985f13a27e5d9100,delivered,2025-08-29 12:55:00,2025-09-09 12:55:00
f9c56c3ca68f40ee913c289f10ad0340,7d909fcea4f74636a54ed7942c7f407e,delivered,2025-02-21 13:05:00,2025-02-23 13:05:00
2be98491170341d294a379ce45884301,774b9a315b344196aef05d82a2932f31,shipped,2025-10-19 19:49:00,
28caf2dd5b8845f98aae6aec8168602d,b3db3c6de1614c9a89aa9d841be91014,delivered,2025-08-08 12:21:00,2025-08-19 12:21:00
8d3f41d8ab784910aef46d880718a0f9,3ac8d06c4f8d4fee8643cf29488d01de,delivered,2025-04-26 06:42:00,2025-05-10 06:42:00
6020fe821d2346b99d5517973718feaf,e5b4e3ab4eac4e8881623031490c0060,approved,2025-07-13 20:19:00,
3d59cfb60617481aba59239d07045fcf,e9ed99ca26ef4a18b74db997f32df043,delivered,2025-09-08 07:38:00,2025-09-16 07:38:00
a1c628f388ef4cd58f83e13203c5a0d9,fb776d5c122d470bbb8dcabe8e5b1bf9,canceled,2025-03-11 17:26:00,
47c7f3641dcc47bd97e89d1b77ac1ca1,d64492ddc5f44216b63d8c91bf9b657c,delivered,2025-07-06 08:27:00,2025-07-08 08:27:00
d56d6ab18af6452893958b714297f6a7,9083670ab55c4dbab656e3732ae71a70,delivered,2025-02-02 08:19:00,2025-02-08 08:19:00
dd7761d9aad447a9b8ab379b05c0db53,c67c8c579c9043fa8cac0f6ff08a5f51,shipped,2025-10-05 08:19:00,
727e83ce8ca44d08bb812ede388cd2d1,173e3e68b5de4d8e876bb1dc53bc957d,processing,2025-01-30 13:08:00,
459bee265f794c549201a6b37829f4f2,adb6a1df491e4151ab41b5e8dc4a8b36,shipped,2025-02-22 16:16:00,
9796de000bd84c88b5ef7893dc2d2c8e,bb6c1bad6a5a4aa883a29bb402293219,delivered,2025-03-21 17:23:00,2025-04-01 17:23:00
804645da88944b1cb6dd77c500828384,5326ae52ee464fc49fa4064c6a3202db,approved,2025-09-13 08:57:00,
51c754da4daa4d15a268ef5a910b9cf2,456644ff141e48cf9c27b1485a697109,delivered,2025-11-19 06:30:00,2025-11-25 06:30:00
175396b527ed45dcb0395cf17f00a1ed,09d4731331e04171974573ac66702d8e,delivered,2025-02-24 15:43:00,2025-03-06 15:43:00
fd58d1788e9342d9a3bb1d18d435fad2,6473ac7b1bbb4af5b534b0e8e719d3fe,delivered,2025-12-09 21:32:00,2025-12-14 21:32:00
713bc3e2e3e345da802ade73babefcec,8790aeea94d84107b3d74951025b1b8a,shipped,2025-05-27 16:12:00,
b81bae6c29f84d81ac4202de1726d5a4,40c6a4ae80284042aeb9098cb79fb5fa,delivered,2025-03-26 09:57:00,2025-04-07 09:57:00
bb274286bf3646cf91ff1a0442d3a1cb,1bba7055d4964afcb38b639a44311e71,delivered,2025-01-30 14:44:00,2025-02-01 14:44:00
2cd379804e5b4bf7a5d633fa5b358428,1347e0a7e6d74b00b52fb4a590f5ae3a,approved,2025-01-15 13:47:00,
d35c26856ae8480f950057c12e0f486e,d0b6c1c16ce744c89e0da86decdca9b5,delivered,2025-08-18 07:04:00,2025-08-27 07:04:00
4a9692122ddf48969c57be8abc388874,cb4f2c0f861b46a199633c9c5107d2ba,delivered,2025-07-08 08:34:00,2025-07-14 08:34:00
c82df3d8d1ff49d890105c47a30116ac,34b3f40ed31b492391afa3cdc6961f4b,processing,2025-08-27 15:16:00,
c6ad9eec75484173b2cc78571926be19,cf51f93a19224411b50c0d0079f9c042,delivered,2025-06-12 14:43:00,2025-06-17 14:43:00
77bcdecfad4b49a4ab4e4521b8bb032b,2675049c646a4823904a0d11bc8dcf8b,delivered,2025-12-10 11:08:00,2025-12-14 11:08:00
ef003e5a61b545b1a874a4e82c2b1d39,52426db13a4c4b5d923c555e5c3519c6,processing,2025-06-03 11:14:00,
cf5607bb05064898bf89a19e72883f70,09129394b77044ebb401117d50377a7a,delivered,2025-06-02 15:49:00,2025-06-14 15:49:00
e7424b7c988b489aa434cceded61b56d,ec490ae6104c4b2294145c80f30f3210,shipped,2025-01-18 13:32:00,
0520bc2cb4d7458791cb77a190086e6a,14f28ef0551949d89acfff7636387686,approved,2025-06-05 21:27:00,
fd7ffaedc15740bea88cd75bf0bdbde5,1f9098833ce94885ae442708e9bb6487,delivered,2025-11-15 16:11:00,2025-11-28 16:11:00
a5c1acf869ec4040981fda8f5c40d98a,ef8298f713b640c1b3a20494acf6f8cd,delivered,2025-06-13 12:46:00,2025-06-22 12:46:00
8db116aa9d8c431f8e8a7a6d0e5d8e00,3d4f3dec4d434a338099ec904f7d03a7,shipped,2025-04-03 11:40:00,
cdfced83a199408398e47d6f0f7d8f90,524bd699896145ae83b7e07a9dd00ab5,processing,2025-02-02 18:18:00,
76f93c998ef9446888af003ca737310a,46c7600c4d29453fb010ab368486f36c,delivered,2025-06-26 09:18:00,2025-07-03 09:18:00
d4da7375189b4a21af3ebaadfef8c981,954d96c877e5443daf6e140cb6a610d3,shipped,2025-07-27 10:24:00,
94df9654b7cb4b5092873df5185ecc0d,38871e275c734f0780f65f07441ad5af,delivered,2025-04-28 22:23:00,2025-05-05 22:23:00
70e53d637c6e40fe8c317cca14f46b08,0583b1294a3148fd82c55deccb6e9c32,delivered,2025-06-23 09:46:00,2025-07-05 09:46:00
ea9273cb0e974ca1858e763e762b1375,f56d9e858dc84aec9700bfb6ab84f5d1,delivered,2025-02-01 13:59:00,2025-02-07 13:59:00
a600191f3d7448458f3a511058541d74,9ccea5b3c5d44ce7936cf0903477b26c,delivered,2025-05-10 14:47:00,2025-05-21 14:47:00
85b3d3422a2f4f3690c614585489e784,d1437f2290b04fecb634d8d0e5efbd45,delivered,2025-10-12 16:13:00,2025-10-25 16:13:00
9bb946b751de45109c729bb03ea89fff,c602dd393a124932bb953fba57b443fd,processing,2025-02-23 09:48:00,
b0979fef6c2c48a896afcb206314864e,29efedbeb626450eb2f8442e21e25f14,delivered,2025-01-28 12:09:00,2025-02-10 12:09:00
a69ad3dcc6ff4e6caefae5683250d465,2a8ea05fc8bf4d3ba40da9017c2baddd,approved,2025-02-23 19:06:00,
7c1fbffc3ca04aca88826c36a3069008,fc912a5bcb7642aa96e47480fbd91353,approved,2025-08-03 10:22:00,
9c93b99e69a14b87a0b722116bfc01cd,308a4bc714224da99e7009b58e803939,processing,2025-10-22 20:13:00,
b2544ad8c45f4f25a6093a165560d0cd,0258808a0d6a4dc584fb57155b69effa,delivered,2025-01-16 10:50:00,2025-01-28 10:50:00
d7e8ffef49ad44b3a349d0fbbc76c57d,c33e8f8f171e47b5ac2564c5ecd3cec4,shipped,2025-11-22 13:13:00,
1294a726490b4414b42be90e5f97d68f,c0681de872b740dcb8f987ef5ee95826,delivered,2025-06-16 10:41:00,2025-06-26 10:41:00
783fefdbe1f94130ac877b78b4419f33,710277daf1334f8fa27b06683ff6e549,delivered,2025-01-29 20:18:00,2025-02-12 20:18:00
e123bd6270904bd68811be0d36c28803,37feb572ed024871a18f53972ee558a2,delivered,2025-12-05 21:04:00,2025-12-07 21:04:00
d9197b7bdaa942e48c4b9f99be464c74,29b9cfa34a9d4e32b3ac6f096d0720b7,delivered,2025-05-30 07:17:00,2025-06-13 07:17:00
47d8d29180214094996f42dc0ce01dc4,4ce342b56b5147edb169c673be3c91b6,approved,2025-10-12 07:03:00,
2d6cace63dff402381d2c42b77eb4e0e,ed3a0dad53c44c719f82f15c1bea6572,approved,2025-07-29 19:21:00,
1a1a22b379e94f42826a4c749df4135f,1483c957727445a7b79d38dc525f69e1,canceled,2025-02-09 16:54:00,
1547a58d01e94d6880a8737b3a014952,95bdde3f652745f8aa636d1372722dc9,shipped,2025-07-13 10:09:00,
21fc2a693f36490da48b5aabd6b41ea8,77d0f8b2dd0e43c79c3145654dd58047,processing,2025-11-11 12:24:00,
38e0df0e132b4c68b9bb7aac37807fc4,e5f89cca302443f4aae83727d980e06c,processing,2025-10-21 17:17:00,
652c4e22ffab46ecb68a0893ebdff8f6,81763a872a6f4e759738b2320511dea1,shipped,2025-08-09 17:44:00,
abd5d80359f34645800706b643bb0aa0,fd0fae230d184786a83fdfd7c3a04fb7,approved,2025-03-15 06:23:00,
582aa2b2763f439592fc38e58890f410,3c27e5859f9f48b7a25b96d184f695d2,delivered,2025-09-26 17:03:00,2025-10-05 17:03:00
063d6f4ce19549f0acfde16356c726d7,1652a2206d3741d49e65f0b66fdb31d7,delivered,2025-08-26 08:26:00,2025-08-30 08:26:00
0db729abbc3341f5a25f16c652ec16b2,dfa77a397e1b49bc9dee3b049822e09f,shipped,2025-12-16 07:55:00,
40fc3c416c394c72ba57e3ed5ceae76d,6a601ec822d44616a9807d2d4ee9b8ac,approved,2025-03-26 19:38:00,
4e0046bdae0e4ba2b265ca072fe7f904,5ae501dc7b3b4ad8bddfff0f2011a8a2,delivered,2025-04-18 10:02:00,2025-04-29 10:02:00
98d09892b9db4ceaade58ed65c1f019f,4d4d25ba8d13401da23e302a94fd684a,shipped,2025-08-02 10:28:00,
662ae6fba0504aedb24c4fc83ee34f6c,ce66e40efd1d499899a71c4d05255cae,delivered,2025-01-18 21:00:00,2025-01-21 21:00:00
8b359f18ec08449fa1f578f3360009be,19b8ee83d426438cb1163d813efdb742,processing,2025-01-07 15:02:00,
1def774393ad4a2ab32f56aae5bc1dd8,c9a463f9445c423899d099ed0d7021c4,delivered,2025-09-23 22:10:00,2025-09-27 22:10:00
c5450d34e9d7440c93cd2af8edded226,ba195de61f9b44e5857d0a6baeffe850,delivered,2025-12-14 15:32:00,2025-12-21 15:32:00
267fe4974afe40828dabb571dce220bc,ee6ab0e8126e4dafa967b0f4fc01014d,shipped,2025-02-02 21:32:00,
4ba1f20ac1274402b73695fde84c26ec,6165fda9bd124481a4f4103f9eecf38e,delivered,2025-09-16 21:13:00,2025-09-22 21:13:00
d5e03b6de7424620938ddd551f729e3d,f652d98040f4489098e0379ba6b4220b,canceled,2025-04-30 18:58:00,
78ceb8265185441db9997d4f69f8d38a,494b1aac08424227895e926ac9ef8d6f,canceled,2025-07-26 20:29:00,
cf64e7782e664414b7438beb27ea9486,3b0774bca31e432abac1e6e815fc3049,shipped,2025-09-04 12:28:00,
4c2a9424de1e407da968c416b27fe449,d1e3dcb71216443fa75ad5fa238387fd,processing,2025-09-01 10:35:00,
90e127812b834a6db7e134d1bb2807ce,4514ca805cf94ffa88521d114fca047d,delivered,2025-08-15 09:45:00,2025-08-26 09:45:00
c81523f8eae646e5909a4fab7e3cbe35,6e7843ecfd05417abde3007b71eab7ce,delivered,2025-12-17 18:47:00,2025-12-24 18:47:00
e8f92cf205fd4a159b719d61d1102e7e,7aff84cbf9474a25aeebbaa87dc04f43,delivered,2025-04-09 16:30:00,2025-04-19 16:30:00
be881957d5e2401b8967a93195f5386a,ba195de61f9b44e5857d0a6baeffe850,canceled,2025-04-11 14:57:00,
9c0e763111344b31b6ff11383ff7222f,4e93c8c57d084da0be112a3cecd0be34,shipped,2025-01-19 13:19:00,
c220626c408748959d8442835b3c1c75,5179c421220e4bceb1fa79cf2a9d9359,delivered,2025-07-12 10:39:00,2025-07-19 10:39:00
d95eef761c344b2786f2acd6969fe073,5a1fda20181c4083aed010e3c3e945c0,delivered,2025-06-09 15:04:00,2025-06-15 15:04:00
d769cb2b1e29481c9ef693d52167688c,42f1fd589c7a4b5e8697f155199bbbf2,approved,2025-09-08 20:59:00,
e67d3d797ba7408e9d8e596cfab8ddca,8c4db6e569ee4adba90dceed4db1ed0e,delivered,2025-10-19 14:07:00,2025-10-29 14:07:00
aa79b49153d64f388b480d7130758723,53a06f7f775946ec992013ff065e49c7,delivered,2025-09-21 06:34:00,2025-10-02 06:34:00
d4c50ed41b744be49107522e04480abf,6e4cec523f7d43c3b8278bed66fe25b9,approved,2025-09-26 07:37:00,
6f6f398a3038454ea3671f6a67780b94,c194c862537d4c04ba941971073a6772,delivered,2025-08-13 18:18:00,2025-08-19 18:18:00
ff326ded0f7b4e4198517225620b5cab,3518abc583d84955b066fbc7a01765b4,delivered,2025-02-03 21:53:00,2025-02-10 21:53:00
4208749bd7e94a959ac264d6ac4f46b5,f3562250ec6b464b805efd376ec370c6,canceled,2025-06-21 13:38:00,
1d8ace6e7bb1415a96956f6830aafcde,1b88f10b87d1492c982a936f7121d7e6,shipped,2025-06-29 16:08:00,
b6f76c82218c4fe0807d76206dfb98d1,54d62987858f483389e3c5f170cb2373,delivered,2025-01-15 12:03:00,2025-01-25 12:03:00
fd9e6d32f6cd47cf947d292b68e9b1c7,cf46f1ee7c194cad9a2a8839851c0b71,shipped,2025-08-27 12:46:00,
cc0717f7ba074f848d8fa6612b666061,c9a463f9445c423899d099ed0d7021c4,approved,2025-01-26 11:30:00,
f533a1412f3c4d43be73225b2d5bb527,75227fdeebfd4218a6d8d146f5d79c0a,delivered,2025-04-12 13:08:00,2025-04-26 13:08:00
13e4939b491a40e8956b47d61e9a332d,a6fcc4be232e4caf88a92599f8cf214e,processing,2025-06-23 22:49:00,
ec5cc62776624783b2c1594430e3c130,87ddef2bdf3846afba6969e82f6cb4d4,shipped,2025-04-17 07:12:00,
f3b66d00b43d4d4eaabf89a18e3628e1,2fb62b822b2a4f818663959286163559,approved,2025-03-06 22:52:00,
4b0be68d55ad45ce852d9cdfbaf3233b,390acc49af6b4d59a8e178b2600e2d30,delivered,2025-08-08 20:17:00,2025-08-13 20:17:00
23442d12044349d4a0cf7b1ac4bace32,9e16579e38664fdf9231a91f2557dd63,delivered,2025-05-30 22:43:00,2025-06-10 22:43:00
762c64f326f24771ad6b9181a2f2038c,7c1ad2766a484b16875d8f5eae44872c,delivered,2025-05-04 18:08:00,2025-05-17 18:08:00
9b6a9f54d6ef49d9a166219c924c34cd,46c7600c4d29453fb010ab368486f36c,shipped,2025-02-28 20:46:00,
b91ae0c711344df79f7a2e51abf42499,39d365e7b03243eabd73b1cd9cf78eab,delivered,2025-01-21 15:45:00,2025-01-30 15:45:00
0362a2b518a14d7c9bc126ed3162274c,301acb89085949a88d19c5f7da62d38f,delivered,2025-09-19 22:00:00,2025-10-01 22:00:00
918427321d0a41d6a2759e7d2ba45bb7,124d698bfa8848aeba483348997e6146,delivered,2025-11-16 17:04:00,2025-11-21 17:04:00
b2e6e6eb08b148699d9d8cb5d05627ed,bafaa32a19b94772aaa71cdb51705f93,delivered,2025-05-22 11:36:00,2025-05-30 11:36:00
997ac13177cc401db39a4da6158e4948,fd91729c25be468dac148f60f0ab53fe,canceled,2025-01-08 20:16:00,
734e2724b2514b179ea667d4a3b468fd,23116ee579444ff49974ae962da89100,processing,2025-10-08 18:47:00,
c9b9d980a4e046e6966d538d404f9bac,d2ce7e8c94cf4d679d2f0998bceeb4f0,delivered,2025-07-13 15:24:00,2025-07-16 15:24:00
231360150a624d3caa2aacf5e06cbe64,109a6287e399479482efb9c4ed805aea,approved,2025-08-22 09:10:00,
079701b5b1ee421e9ee199fd9bd1cc60,0d7b79d36d854096b96e30a91dd05463,delivered,2025-11-04 14:39:00,2025-11-07 14:39:00
7c170b3cb8aa4d2f8d827e6976dab1b2,cd76ed881df9453bbeacb1a6094c7682,delivered,2025-06-13 22:57:00,2025-06-24 22:57:00
23956628287146faab729917e31749bc,f991d1a704954becbb94a7a88a9c7be8,delivered,2025-04-23 08:26:00,2025-05-06 08:26:00
1ede43b151c74f888b1e871f69cf395c,cb4f2c0f861b46a199633c9c5107d2ba,delivered,2025-05-31 09:18:00,2025-06-12 09:18:00
f36651f8934e443699f9d6f350f91e8d,76bdf3b838c347699cdc71360ce9200a,delivered,2025-07-05 19:54:00,2025-07-09 19:54:00
155e4ffd43344a4db0d2ef1a7dfcf471,0deaac672e1540eead72dad32d12ca74,delivered,2025-04-16 13:07:00,2025-04-24 13:07:00
23db141b464b4306be41ec063d67e994,dae8a817d4794cf08b3a9a54740120f5,delivered,2025-01-25 07:15:00,2025-02-03 07:15:00
6aa648d946aa4559859e11d6ddcd73df,613ce6ceb1ed4034bc5dbcafa179271c,approved,2025-12-15 15:41:00,
1269a1bbef7d4570acde33c4b532d867,fe59402a77f2417788533dc37c8a5137,approved,2025-12-05 14:07:00,
43474702dbc449419b35826eebd8a0e4,985ac87ef97a469b83229e94f7e318fc,shipped,2025-07-03 08:12:00,
c82c91bfd13048f7be69eca23a8a8f4f,ad1bb89c87ac47d0b03e8457129ee2cc,delivered,2025-06-17 17:09:00,2025-06-28 17:09:00
a13c7fb1b91f4b678a6e856a5ebaa617,45966beacb6c48c59d318e7baba22cd7,shipped,2025-04-12 17:39:00,
f5b42075a72a41829c3f525a21e5d02b,329e526838244c5197afcba7249e7fcd,shipped,2025-07-07 21:41:00,
fa9bc23196eb4bd8a61c75b76b862204,b560a8c1e26c4418bbc4b66696ab1214,approved,2025-04-11 10:52:00,
60e4201da85948fd900e77dced072a75,26388398cecf4433b9fc66bb2d22fd60,delivered,2025-05-04 06:13:00,2025-05-06 06:13:00
f4ff5fafcbe24c7bb214b42d1979e91e,156e11d96fe24eb89314cafe7b80b8ec,delivered,2025-04-30 21:04:00,2025-05-12 21:04:00
d9c8005a5a604de68023ed8d4f28822a,ce2ef6d78aa84601ad471e62136331d4,processing,2025-03-17 14:49:00,
df614da92a9a4c26a34cecfa223d0373,554a627d567345c3acd62ca5aa322fe9,delivered,2025-03-17 17:41:00,2025-03-31 17:41:00
7083412f0be349ea94375e4c135caf98,b9a36a72858b496da8cf095d466f4d65,shipped,2025-10-02 09:54:00,
d3684560534647989f488c402c4ecb5f,1b403483eab940c7a7f550a4c2318807,delivered,2025-04-08 09:43:00,2025-04-16 09:43:00
22c9fb838dc342a7bdd6e12e1911baee,19cfa4b2835148b0bbb5990766362daa,processing,2025-01-27 11:43:00,
a5838a022e0447daa721b9011ce587f1,465b5e698d89477a8cee11ef9171b75a,delivered,2025-05-04 08:05:00,2025-05-10 08:05:00
13a4f3967871442ca4e1fe2801fe3e02,89d5f0683d124fe6894f73ee0ffa7ed9,approved,2025-02-18 17:13:00,
b870af00b1e74403996dfb737fec3091,758a6119fba045eb97f93867c52045ca,canceled,2025-01-08 15:03:00,
593cff16dbc345b6bbefd2364036bbf5,7a73752138a7429d852a25570f446617,delivered,2025-07-31 08:29:00,2025-08-09 08:29:00
b1c49077af1f413a960a7d875e365780,5927c018aba64b8a901247d27af66bbf,approved,2025-03-28 22:37:00,
72bfcb08ec13461398a3ebf25c9d1a16,c903f32e4a5044e0bb39cb62c982e45d,delivered,2025-04-23 14:59:00,2025-04-30 14:59:00
84e597e744b14018b9ad69e28e42c26b,03a750ba0544445a9faff18e7c37c0b4,delivered,2025-03-16 12:42:00,2025-03-28 12:42:00
42de2c7e77604e8683d8d61027107f79,af902019a206476091ffa5da9ddcdd11,shipped,2025-12-15 21:33:00,
b0bc024de14f4e37908c21b7821fd0b5,4bb17eefe0b448519d8151b162599b5d,approved,2025-04-01 09:46:00,
c734e36c7b1a4c0aa039415d4dbb9811,512a42fff2cb480180aafc98b67a3f4c,canceled,2025-09-01 19:23:00,
3c380a3691e04d2cbdeadc5f0990ed8f,d32575b8f732489d8da91ba4dea5c284,delivered,2025-08-13 06:30:00,2025-08-21 06:30:00
20cc39b03fb54758a9094c79276f637f,ea462dc7ae6e4a7fa2c90d67c618bc07,delivered,2025-05-11 09:26:00,2025-05-16 09:26:00
41e927cfc25843f48f8d366d51b8c261,2948f75fe0be434688345c60844306ca,delivered,2025-03-13 08:18:00,2025-03-17 08:18:00
8ddcf44082344cf6a7b415fd54185919,aaa27e0e7911474f93a7367fffea1604,approved,2025-07-13 09:07:00,
44ff38fcc4c3493095dbfd33c53afec6,a7e03a5c5802459bae4a8b9d1664afdb,approved,2025-01-24 18:18:00,
1e1941177895458a853c11fc2d49a84a,f23b80dc38cb47a9bd4f86d25881b92f,delivered,2025-09-15 11:00:00,2025-09-17 11:00:00
efda96ca7c6946eca04cd7f2ff57a93b,81bb7c81ec6d447dbbef6c2664ebed72,delivered,2025-02-02 10:50:00,2025-02-08 10:50:00
4fb1b1337f90429482c3d023bf755aab,fb776d5c122d470bbb8dcabe8e5b1bf9,delivered,2025-07-12 09:38:00,2025-07-18 09:38:00
283b4cb1d1cc4d34b7f7d7940fdc3150,34972bbf73514a33868f68e302351dc2,delivered,2025-08-26 06:39:00,2025-08-30 06:39:00
27824810a57b4558a5bc4c32f2e0a7b6,5d1308c33c654b77b1d1a4088283bb42,shipped,2025-12-09 21:38:00,
572dc9ff1f9c494792c5587c67433007,5f67f1fb1aad45aa9646254ecdde6a19,processing,2025-04-04 13:10:00,
09d607a196a34ec5aef13f59006a3ddb,80d8cd1b68a541f0b7cab53d676a46c2,shipped,2025-08-14 20:53:00,
835b2dbfc97f45c18d0393aa52f37531,4d733858200641d09c493dc753ec3a63,delivered,2025-10-18 17:13:00,2025-10-24 17:13:00
85f59a9de96b474499e1f36fa24635a8,f3dba722f5ed4a4f8e39f98d086e0b8b,delivered,2025-02-03 21:03:00,2025-02-06 21:03:00
13ae12224d0247f8b594e0a9362cb7a0,46c063d671784faba8d2f1e7c7dbc82b,processing,2025-06-12 22:34:00,
5bc34eb7847842ec88455b9f1e3dcb6d,0577802677714cd0ae11a9ccf7a8ec12,shipped,2025-03-03 17:23:00,
90656592e27f4fb280244de391c6abd5,55f22b2d141b45119dc582ac83719ae8,canceled,2025-05-16 13:55:00,
2788500ec9214bcebd0b6e55410d29aa,e089eb3d7dea43ceb75d7ed21e6fbf9a,approved,2025-09-16 21:07:00,
4a63b4f8517940fba76623bebf33035c,af8c60bf111b4467a6b04473200de21f,delivered,2025-02-22 18:05:00,2025-03-04 18:05:00
179a0122735d4644ba3b72afb0b7a58f,5956ce5a96064f60928cf77c18ea0ef5,canceled,2025-06-08 08:06:00,
478fa3a225f74174b717553e8176d7ca,751008514e724f9f9209ca35e4da42d7,canceled,2025-02-03 10:24:00,
368cdefda28f48b8823774756186d6c9,5c5f41a19026440fb7dc0fe174a2e3f5,delivered,2025-12-10 06:27:00,2025-12-23 06:27:00
40c02c71ea23494993e8cdd10de7d1e5,f75e52005a4f48f183e0a40f9f414676,delivered,2025-03-12 18:30:00,2025-03-18 18:30:00
384f16b4040d4318b8ecd88f41590f59,e92aee34e34e4d0aa265f021906c895c,approved,2025-11-01 21:28:00,
62a5f9eaaaf14610aecfd9404b96b02d,399b360d404c4108ba6527bd4f1d9290,delivered,2025-05-26 12:06:00,2025-06-03 12:06:00
a5c9fd5ea3724b84bf017c99ee5c05b9,4741689fcfbc407b909060b8f2cf128e,shipped,2025-04-21 15:34:00,
15641c05fd314914a9613310a27cff4d,31a35531e7a5481e93f54142ae294149,delivered,2025-08-15 15:36:00,2025-08-17 15:36:00
7663a5d53aa649119f7c577a9f4ba5ea,ed3a0dad53c44c719f82f15c1bea6572,delivered,2025-06-03 21:05:00,2025-06-12 21:05:00
e58654e14948487f87c09961f08aee0b,33c40fcd66b247fdb7723a0acf19332f,delivered,2025-06-21 19:18:00,2025-07-01 19:18:00
4fb8164c6eb84b9898cad15db8c7befe,763e342296b44beab5872e94b49d2e69,shipped,2025-05-10 13:09:00,
f81ab10b70a342cab00ac50b31a1ee08,506183cd689e41aa84dc231a7838f807,shipped,2025-07-20 18:14:00,
6d54a6523218417483f7f73cc1d20570,678e6ccdc6b74e7c83cd211048c912b4,processing,2025-11-21 09:20:00,
7bf0535b9bd84bbc8738f34e694d16e6,2454d09574e94388af69d55819953d6f,delivered,2025-08-04 06:37:00,2025-08-15 06:37:00
eaf15f86f48e4fe1979038ba0d259161,4f436ebb52cd48a6b52a36b52568892a,shipped,2025-11-27 11:24:00,
cb004a2066b1404dac0db426a0be0bd5,91d4bb99d814473889aa8b5bb770c79b,delivered,2025-01-27 10:27:00,2025-01-31 10:27:00
aa9e19be8e2343d6ab7576510d76733f,32f39f18b1a74df6a329352c84b52b44,processing,2025-09-20 10:16:00,
1bf43f30381d4a9c9cbcbcab1233b9de,42215b4558c5476cbbeb965c54dc5d13,delivered,2025-06-27 10:04:00,2025-07-06 10:04:00
c3e8776a103e483886f15a73ad9a4913,d9e86d8abe6c45fea5e26085267e2ce7,delivered,2025-01-26 08:42:00,2025-02-05 08:42:00
545db86458ca4829bcdd7d71ed077a5d,d4bef15b3717497d9ea3b15c3b3244c4,canceled,2025-05-03 12:44:00,
7679d29ff56347399bd6cc8bf412a0fc,47baeefefc8344218ff39a4c3451daa7,delivered,2025-09-02 09:21:00,2025-09-14 09:21:00
d88216f7491748d5aff607b3343235c5,ba53fd858d3144d2ab80f182d48a88d5,delivered,2025-10-27 18:49:00,2025-11-05 18:49:00
3de1fbbdbb684d20b52735cd34867068,6248f319ec9c48369bf0d84aa3bb6098,shipped,2025-04-08 09:48:00,
5194df24edba4ed1b6cbe9880e057af5,4d0f552964ac45bea04a5d647d1f4e3d,delivered,2025-04-01 22:06:00,2025-04-11 22:06:00
23980a63b4b643a9b1fa63da14848d21,535eba1249664bdfab91f9231dadb113,delivered,2025-10-01 14:02:00,2025-10-10 14:02:00
bf0101d6b4354e078e5247d2f324c81d,e503204963554a75b004898ea2a96b62,processing,2025-05-29 13:05:00,
f3c1c9fd29b2411e950cb88c51cb180f,4578f9713ad74d84b54c222d252043e8,delivered,2025-12-15 17:40:00,2025-12-24 17:40:00
136e4cb87de44351a50273ccf4ac6ed4,0bcb3126f24249908dddc6b8333a114d,delivered,2025-07-21 22:56:00,2025-08-03 22:56:00
a031981744a04fc48f3981b61d83bfce,0bef63ecee6a4ffeb7183b332eaf9273,shipped,2025-06-23 21:03:00,
636245b87d9a4ab6933337420c472646,dd05c84b3ad94523a4aa980822c9dbf1,canceled,2025-12-21 15:59:00,
aa7a64c641144621b5c8afb308ed66d8,b096c049280c439eaa3cced2684223af,approved,2025-03-10 21:02:00,
7b34356c88e64342bf92bdd055101844,cee15a6794bd4b54a85d5a7c841a745d,canceled,2025-07-08 17:30:00,
fa755b5af2c34f61ad633f6c546be3f6,a38e64ea2d3e4ba7bd43608367f4798a,approved,2025-03-22 07:56:00,
7d061d2d1cf74a33ae96b7965f607890,230ce076feff4b4fa381e6d73100e4de,shipped,2025-12-22 13:26:00,
7ba3a6ed0fd84572bedac851fb544840,0a3c37cd5cba4941bc3fe4b495c2a439,processing,2025-11-02 07:35:00,
ef3a57191d374fb48d514acd84708315,2c19516f9b3349a2b27339b78459aa90,delivered,2025-04-23 16:58:00,2025-05-06 16:58:00
e45d4b7151ee4f599db87c7e367bf900,4ce342b56b5147edb169c673be3c91b6,processing,2025-04-01 07:06:00,
770643c407074ffca3e7cb790ef88e2c,c6ac3c90103643fd8908f52975c0ad71,delivered,2025-07-31 20:44:00,2025-08-03 20:44:00
1737ee924ee4499abdf69fc4a03dab5f,c78ef674d086494bb5308f9ddb01a4bb,approved,2025-10-20 14:59:00,
f8ea74f16f0048dfaff053f1b3d8d137,1089f04a122d42058c49f6c55e0b392d,canceled,2025-02-09 08:23:00,
b9441c5f9f2147f68ee72f5a6065658b,cd439e73fcfc432ca8f734f164cda8ec,shipped,2025-11-12 09:09:00,
2262a701495e4f83a4cd1e90bf9626d6,68161c00400f4fab9be4aa2ba562c1b8,delivered,2025-01-29 20:12:00,2025-02-06 20:12:00
be012dfb8f5d427cb6c83c49bc43c6c1,17e9b490997c48a48b1fdad3a8a475be,delivered,2025-07-29 10:31:00,2025-08-02 10:31:00
9672f0dbe3944ea6a8f96daa0c9c139f,82eeae06b5274669a4e04856a56baf84,canceled,2025-05-23 20:59:00,
5a13eab6b87e4a40848d3f860df69a22,131e6b794ba648ffa4d61699ea8ebdc3,processing,2025-10-25 19:30:00,
d95a95c9d842442aa4e74d8964f65638,6301884d49b945cf94679654c5a1a0c8,delivered,2025-08-21 08:27:00,2025-08-25 08:27:00
fa096d1a76dd4e0cab40be78a9b52df7,4741689fcfbc407b909060b8f2cf128e,delivered,2025-07-02 10:27:00,2025-07-14 10:27:00
7049cd4404ce45e891f811f314673978,c0778937ebef493aac2a8697c3cb9d7a,shipped,2025-07-06 16:44:00,
574fe888e31b41838e5df5a6aab5690f,f43fe7ca422d4f2e8d7e504f50c9406a,delivered,2025-06-23 20:26:00,2025-07-05 20:26:00
120d62a44e3d4967a138d870cad026d7,4f9fae7b9461439ab750448d8a8be1c3,delivered,2025-03-25 06:02:00,2025-04-01 06:02:00
8d5d0ed6fda241ea83131f3dbff958ee,4878c65824704caba472521f5432e494,processing,2025-12-18 16:22:00,
c9681eef09dd409f857d522e9c3a7897,80d8cd1b68a541f0b7cab53d676a46c2,delivered,2025-12-07 14:01:00,2025-12-16 14:01:00
00fe154137a04cbf9ca8abddde93e935,8eac6823a9894a44a77c238ff764796d,delivered,2025-11-18 12:33:00,2025-11-27 12:33:00
9bd835be328d48ccbbacb4ed254be4dc,091e6b14e431492d9d626438623fa38c,approved,2025-08-19 06:30:00,
3515ad5dd8ed408db96eda7593036df6,9b17904594f1420d9460a4c163a85167,approved,2025-11-07 12:14:00,
58ff41a383084823b5ddc33ff8e17c10,4a580f0d4ac047fc8b421ccc0b2fb04f,shipped,2025-04-01 15:10:00,
3ce882c4fd0b48b7b363b23bc4d5cf19,ff3436db30c5427785b0a7599efbbdee,delivered,2025-05-09 10:15:00,2025-05-22 10:15:00
a5ffdf64a2d04f3c83d468fdbcb6a4f5,22ef7237092248869bf9625d47b4ed6e,delivered,2025-01-07 09:47:00,2025-01-16 09:47:00
a8f8f8df507b4521aa1a02adefe60c3a,62b6185dbe2c43ae8dabacf85f79ce7d,delivered,2025-04-14 21:33:00,2025-04-17 21:33:00
8b39635a548947959409ada731cd2f4b,c02ffa59141245a9a3da724d70affca0,processing,2025-03-04 19:33:00,
15c3320f6464402084d09cee49e9a87f,4c423b857f9e43df845d60f259f04874,processing,2025-10-06 12:37:00,
85901fc125a24eb987a010e1f9c2400b,ac52c00c864d4476b089f908a193abdc,shipped,2025-06-25 14:12:00,
d716bca9fcf64ccab8a0fbfb8fabff94,93fc20f0fcf74c7382a62069a199780b,shipped,2025-09-13 08:08:00,
6c326b231ccf4c038654a29aa6cd24f7,92b3529a7d634e4a9a16a22473952964,delivered,2025-04-22 22:16:00,2025-05-06 22:16:00
7a830550e1eb4649baa10cf1f9210a3f,4aa34c02cf4942faa233cec4605b2327,approved,2025-10-10 22:29:00,
579d73d01cc04345b3bcfe7df1536e7f,170ddb3b40c34c908c40b2d31986868b,delivered,2025-11-11 08:36:00,2025-11-16 08:36:00
7d2c1f7fec0d4bd7937e3adfc0e059ef,71d9db98572448d7bb7dbabee037f25c,delivered,2025-08-25 13:08:00,2025-08-30 13:08:00
78f782d7def24fd6a69cb5e3a4e34084,500825f33a6a44bba24217625dff2d5c,delivered,2025-10-18 16:03:00,2025-10-29 16:03:00
3759349702ac4ea09aedd85e58c43e4f,537e6e5e646c4f39a150887d2f2887a8,canceled,2025-04-07 13:19:00,
226327042699414b826ea510e5793b45,0147f1c4837b46dcaa0cb83e18e4df95,delivered,2025-07-06 13:55:00,2025-07-16 13:55:00
8ff71b7d83114eabb0fdc76854c04972,bcf0a8e3d6d7455ca3f68fd80a4b4930,shipped,2025-05-01 13:12:00,
4f8f8c28217542b195abb06d5cae74e2,95c07d77489a4d22866ef25905252c3c,delivered,2025-09-24 21:13:00,2025-10-06 21:13:00
9cd026bc8d9f4032a3a4c7ed230b73a9,c28ca43bd6404f9c949b1256fe6340b7,delivered,2025-09-26 07:20:00,2025-10-06 07:20:00
eb6e1e6a15884a688bca735373a6927e,4e487c6403494666939db1f8e7e7e62f,shipped,2025-10-27 22:38:00,
77b60aa54aa24d6c9cf82705a6411c2e,8a57fed1b4034f91b7bc7068b84244d8,delivered,2025-09-15 08:18:00,2025-09-25 08:18:00
30eb8e710a0a4bc18759cf3211d6086b,53a06f7f775946ec992013ff065e49c7,delivered,2025-11-11 16:04:00,2025-11-18 16:04:00
2760502f310941d8a2b47de0ed69e2b2,3b770af1065f497990fa20e626837a92,delivered,2025-05-21 18:19:00,2025-05-25 18:19:00
0775d7d770224c7b9b90d10c8456489d,5d4da88c8b994591899091ad654c47ab,delivered,2025-01-27 07:26:00,2025-02-01 07:26:00
d8d6fb7f30994357acee38757e0348f2,ff9c4fc0a2de4ac492599794aec8006f,delivered,2025-01-20 14:51:00,2025-01-30 14:51:00
0b33218e1d5e48bfbac7f48570daa1c0,2b7c577564764d4a896671efc0a8ca86,delivered,2025-03-13 22:58:00,2025-03-25 22:58:00
9b156d8632b04fe191bd79796507d098,3483d80902324a88b890b8422c729491,canceled,2025-12-09 09:38:00,
587a968a95094476903582d87dee03ab,8c66397ef56a41529b3f174d94327008,shipped,2025-11-19 14:28:00,
e59232e790464ee393a9583515b6a303,3a95512afb1142729ad8c25d9b324323,delivered,2025-11-22 20:31:00,2025-12-06 20:31:00
8180127fbc6d4c64af1d5839bddaef4e,7fcf18f0212d4d59b9c90dc0010b0e19,delivered,2025-05-03 22:01:00,2025-05-09 22:01:00
43e4131acae7433f8b7fe68642c94cda,9ef97b3572bf4ed089b950dc954625a4,processing,2025-02-28 13:53:00,
1752180f7773478b964356560d0ab438,b1bafdd6036b43b2877dd9b22fd21204,delivered,2025-08-21 19:55:00,2025-08-23 19:55:00
70168705d8f54384b3a8fd46d1121896,de2fc75d8eed456aa9e48178b1aff9b1,delivered,2025-10-28 09:47:00,2025-11-06 09:47:00
fc9993512aa949a79a80bf12d147d4c5,71465717997f4e379d66f5f508d107c6,delivered,2025-01-11 16:29:00,2025-01-22 16:29:00
01df2b38e3384e3dbe07b1c724014e45,5473c47c62a1498c992b824db8a8e98a,delivered,2025-02-21 06:32:00,2025-02-23 06:32:00
fb9efbfe18504530ae23722cf4b54b8b,7c57730dc5ea4d36ac97c74fd4d1c22e,delivered,2025-02-05 13:27:00,2025-02-09 13:27:00
6e7bcd13cb334c0f955fe93579a5bccf,4690252f28864891b7d92724ca89e541,approved,2025-07-08 21:33:00,
899647f7a306411cbac31db84fea5f1e,43fbba5ed36445b9a5f2c4afa67737ee,delivered,2025-10-16 06:15:00,2025-10-20 06:15:00
75b746fa6ea84b5caede842cd3550dca,e93fb2b85a74433e8125432e853e8afc,delivered,2025-03-01 13:52:00,2025-03-14 13:52:00
3dfc7264e58e4b13b6f4801c507de2b7,42974f8a45994a2f8a9c951689ada8ae,delivered,2025-11-12 08:35:00,2025-11-20 08:35:00
eeba3df01c304c21a6b174fd8d2eea75,7f0e375fec654624a52b5179f92b64e0,approved,2025-08-30 06:39:00,
1c43b95c09314d43b1ef9ba9b9fdedaf,3e1a0f49ad514c02a250e70501cbaae9,delivered,2025-10-25 16:31:00,2025-10-29 16:31:00
f47d99331f1340fc8f24db13ac1081d1,ea28b665411c4b35a80daa7843075247,delivered,2025-07-30 16:47:00,2025-08-09 16:47:00
e3af5762e88243cd84bc7b0b42325e7d,97a9d0faee68425eaf89ca421bdc587b,shipped,2025-06-29 12:46:00,
34d220037cae4d09919652d2044203dc,0590548f8bcc45a6a218561f85f4202f,delivered,2025-09-18 08:40:00,2025-09-20 08:40:00
fe9d9a20ddfc4736bfd0957c9cd85d6e,4553cf3f49374c99a9f58023fe5da9aa,delivered,2025-06-08 06:23:00,2025-06-13 06:23:00
161593fc85094588bb122c7a09c65fff,dd904b2ca85144d287572fd9c62943b6,delivered,2025-05-27 11:57:00,2025-06-08 11:57:00
1a244c3be78140e6be4a56d078d8cc61,246390cc47e04942b0e82bfa01cee561,delivered,2025-10-04 08:49:00,2025-10-06 08:49:00
d9bd6d203bbf49f89a773add90dc0925,cd76ed881df9453bbeacb1a6094c7682,shipped,2025-10-26 13:17:00,
6267d476806d45de8a9481068d60b6cd,aee8828f3dc34f578b5c7e5a17dbfb10,delivered,2025-02-06 13:37:00,2025-02-18 13:37:00
f78f4bd413b4491ebe0637bff4a60766,62973b0244ae4cda924940a27b7e1fe5,processing,2025-12-08 11:24:00,
d3aaceb23e214e54a133ff0a816f00b2,d385f997b15f4c099299f235f5a05473,processing,2025-12-06 16:54:00,
fe2bbb6ffde542a7b256defe0062bc5f,5295fe749f664f2ea781aec4e4402b6e,shipped,2025-11-11 18:08:00,
a102b80c360d4ba1b12968443139a212,ecd0bde68045474793f2de1d0654d435,shipped,2025-10-31 08:28:00,
f22025bd76a34da4a3a0b600463d5408,6f5ded723b964b3d8c5b224329907610,processing,2025-12-01 11:30:00,
7936fb13a2a44fc281a7628990d36d6d,04949f8dea9248c88ae4e4b06283ecf4,delivered,2025-03-13 20:15:00,2025-03-22 20:15:00
b670978d4e374cef91d47db306644cdb,bf42ff670f864303a48761ced8e1cb40,delivered,2025-03-13 19:12:00,2025-03-27 19:12:00
f3d30511be7c4a438769291f22ddd6de,0010c6bb36b84d5499206c2f091606a5,canceled,2025-02-27 20:07:00,
2950e67cf1c341a0b046470f359f59c2,3583908e83ee42788c38c55f95f06942,delivered,2025-04-09 12:21:00,2025-04-19 12:21:00
2d39112a0e6146aabf2cbf94dbdf9216,bb610d42511f460397dbf573207e0111,processing,2025-09-17 09:01:00,
80a60ed5ea014095886fcc96b10fc4c7,1382ce26dcad4a40b0616e1951f019bd,delivered,2025-11-26 16:00:00,2025-12-01 16:00:00
9e580843a19a402e87c510cd9e97fc82,52709726e8cf4d338d6e602276e9fcf6,delivered,2025-11-26 12:23:00,2025-12-02 12:23:00
3d05fa8123ec449eb6fc1ec6a831a4c4,cdb48b8999d54a44800d99a5f15c5d52,delivered,2025-03-01 12:56:00,2025-03-13 12:56:00
b1dd798eb7654393bd2195057a30e31d,5cd82554de7b418c8283d58af4ae20cb,delivered,2025-11-13 18:05:00,2025-11-19 18:05:00
d7008bc88e424fa2af0401b50ff76d5e,1499b29a1c4b4ac8ac8ae1cdeae37559,delivered,2025-01-31 16:29:00,2025-02-11 16:29:00
95efb94eab484ee7bc6b44a8f6fc24de,9f4353e478d04fc4b1d4696d43788ae3,delivered,2025-10-08 15:14:00,2025-10-11 15:14:00
418c05ca7bd645fab557f39ad29ae999,e408c0bbdcce40daa1694112663f15dc,delivered,2025-09-06 08:07:00,2025-09-08 08:07:00
7bfdc64ae5454e4689bb981ee5a14386,aa81f6a725f64dd09ff3d2777e78365c,delivered,2025-08-11 17:21:00,2025-08-13 17:21:00
635e2c9a892049fd86eb6b96bbef7310,18932abec93147e1b8f8ab66727179dc,delivered,2025-05-02 06:11:00,2025-05-14 06:11:00
17312ecada8b4f6293e22af12f24ecfc,14df649cbae441d5802f0370a9c0772c,delivered,2025-10-03 18:50:00,2025-10-10 18:50:00
0ec5fdc4537a46d48a16a86b194db4a2,c1bc91e1330f4d9dae069681d6ab7e5e,delivered,2025-03-22 07:19:00,2025-03-26 07:19:00
7cc94fcd2f6943c48e15eb7fd5b31bdd,fe4350bea13841ccb9a06130b199ffbb,shipped,2025-03-23 10:56:00,
b760647f044a4493aabc49b6d49c63d0,b127f7fe6695494d86b44ed879cad215,delivered,2025-01-05 14:10:00,2025-01-15 14:10:00
4e22fa6ccff5446b85f984a3620c66ff,9523955678a643e7be509520da388fe9,delivered,2025-06-11 07:04:00,2025-06-16 07:04:00
1183449930da4420b4e96b0af7572633,de7aeaa44b2a42ec9681f101e5a709c0,delivered,2025-06-01 16:01:00,2025-06-11 16:01:00
c405a34fb63b4660b276bfba291feb79,be28fe0524924af8bd72afdc9c781bef,delivered,2025-01-28 06:33:00,2025-02-04 06:33:00
70d3f621135e42428bdff485f723e91d,c02ffa59141245a9a3da724d70affca0,delivered,2025-08-15 16:09:00,2025-08-18 16:09:00
d292c72e3bac4fe4b5c928767fc150ec,d4231a6ae7474c0c81e871e4bf8f9fde,delivered,2025-07-16 15:17:00,2025-07-28 15:17:00
078ff9b217e04aa094b81e98e47b67a7,82ee2a7718574e02ad622ab264cb5f1a,delivered,2025-02-20 06:08:00,2025-03-03 06:08:00
cf5715b64c60432c9d29dfaf35dc6c0c,bd993d2a2958488a8f45436eed6bcc53,shipped,2025-03-10 06:36:00,
bf9a41c330b943bea476210b5640eaf9,1378d2a5e3114944b71993cd84816447,delivered,2025-06-24 22:13:00,2025-07-06 22:13:00
ad090d43ed9644c5ad9c911120cde3d1,1382ce26dcad4a40b0616e1951f019bd,delivered,2025-11-26 21:56:00,2025-12-06 21:56:00
9de2594665844f728336ef8423250265,ed5c3199d52340b2a9205701176d6d06,delivered,2025-09-24 11:29:00,2025-10-05 11:29:00
6a3e97bb15d8453da078ca86ed222cc2,6e7843ecfd05417abde3007b71eab7ce,delivered,2025-04-09 14:35:00,2025-04-14 14:35:00
4f4fa036f468423dbc4784e30ee6d807,63ddfee6950f4fe4895ed4d48a36a424,delivered,2025-09-24 06:31:00,2025-09-30 06:31:00
9dc48fb70e5546558c150555a8e523e6,0597af4f4a1446f6a5e18fd0f552ddde,delivered,2025-11-16 06:07:00,2025-11-25 06:07:00
4879f185728647faabb3abe96aa919c8,8023b422ef3b4523ba5061f03097a8d8,delivered,2025-08-27 21:22:00,2025-09-02 21:22:00
3b0fe8c93d174ccc8d03c792d7385368,0d7b79d36d854096b96e30a91dd05463,processing,2025-01-17 13:41:00,
fe3b08fa44bc4474bf391e04d3c50770,0a88acbcf3c04b2189aa9c070f022bf5,canceled,2025-11-20 22:07:00,
94dd25e20c41489db7e78811aff97143,b1d1d94ddaef4ffeaaba24f05c9b8310,delivered,2025-08-07 19:19:00,2025-08-20 19:19:00
38f2a174a4e5447dbdcaae414f3ab7f5,21569511c2ff4d178be65c4c80cc6f2e,shipped,2025-11-08 19:35:00,
7c20e17e52ac4e5baa7a4562696aa4ba,14df649cbae441d5802f0370a9c0772c,delivered,2025-01-14 06:13:00,2025-01-25 06:13:00
97caeffec5874d91bf497ae9cebbff78,0ccee63aa7d44a1fa10c52807268339b,canceled,2025-09-29 09:44:00,
2d8ead8a2683428b812ec8f9391508cd,a8eb8a671a6743b7802ad496336ffab8,delivered,2025-01-30 15:28:00,2025-02-07 15:28:00
50818ab2434349da9b8457281bed19c8,5e07ffdb19344d6eb8073034a4e79533,canceled,2025-06-20 15:55:00,
72d53b6cc06148aeb7d21cfd2164040d,77cd6cdcca7b445f9d9cf6c4f652915d,approved,2025-10-14 22:21:00,
9d73377e61a744e48a6bb88782ec6777,19a7808b11ec4e0c86c29279bd058f92,delivered,2025-09-09 11:04:00,2025-09-23 11:04:00
ddf91d5e56d14b62a112d3d5e969d374,d8fbde31473446e09001662dd2c6b7d3,delivered,2025-06-07 08:35:00,2025-06-21 08:35:00
0c54cb3fbbba4e309c6cb77990ccdc96,462e9b697c6248bb8e33f23af997b515,delivered,2025-06-02 10:37:00,2025-06-16 10:37:00
3913269da0bc42d6a5777ddba71ae7ae,083586dfccb948a6a6ae04a5282b4fb0,delivered,2025-12-31 15:26:00,2026-01-04 15:26:00
9c15809954774a1aa83338fb0dc0ff00,b30c470445fa43af86b0fc176bb5cd6f,processing,2025-10-09 21:14:00,
c4f01f24514f498d9ad04fab901c0874,e66407bb1fc64218bd6b9b3957a120a6,delivered,2025-03-13 11:06:00,2025-03-20 11:06:00
6a3e47d9cbe54b568777b8cabc5b69f7,d17bad49acc746d0ab10cce3b62d3d12,delivered,2025-06-01 12:38:00,2025-06-14 12:38:00
5e4d1e659e5849f893b5220f2ad87d59,a6ac288d519c4c4f8495562feb218ea6,delivered,2025-09-15 10:40:00,2025-09-22 10:40:00
5024f2a271b54f149aadf783d01952d7,e93fb2b85a74433e8125432e853e8afc,processing,2025-09-17 09:21:00,
6dc4707a16d44d10897d2ccf34a1f7b8,2ec1fe9d78a249a0a8e0ac96bdfda563,delivered,2025-04-18 11:50:00,2025-04-30 11:50:00
19664d97452d4a8397691dfe8bfc72f3,19359cc2421f49e8bd1d05376062dd32,delivered,2025-06-16 20:22:00,2025-06-23 20:22:00
b955478f20264251b0a892f9568fbca2,2e70c4c39bfe4a26a291b7c881004835,processing,2025-09-28 13:23:00,
671dcde6ed4b49608d634dd62479e1dc,f16da6104c4d4b668e0d25eb16f638e0,delivered,2025-06-26 14:04:00,2025-07-01 14:04:00
c89cf49b318d4a7a9d66522971692169,b3b3effc9fee425e8c31789dad2b4887,processing,2025-08-30 14:55:00,
6cf81a8b54874913af343ae50b395eab,8d5755e54cd34b1bb15edb3f8a465489,delivered,2025-10-20 21:36:00,2025-10-24 21:36:00
152b18f09013459bbab2ce40a2d59f0f,9fb8524669134ff79c2fcd5c3fce3eba,processing,2025-04-06 10:59:00,
452d226fbe00480bb99c0cc318795eeb,20d51596407e407baa42e9bd0bb8c1ff,delivered,2025-03-15 13:43:00,2025-03-28 13:43:00
4ee867e8d70a491f83c63e0e38045380,9807839fe6aa4f889881cf83b5793939,approved,2025-01-05 13:09:00,
36be3400fe51472a81503780a0ee7dab,ebb7d57563e141d3a1f8226f06b8980a,processing,2025-12-22 10:33:00,
d2d4b965bbd047b79b184157ca02ad5c,c49a592359cd4480b553d99dffda506c,canceled,2025-11-08 21:50:00,
08f34d90db10408bbaba4d7290184fa8,4f7811f1dbe040169c1784b78a21ef02,shipped,2025-12-12 19:01:00,
c296b07bf3c14168ad93a7e43dd202ff,e97edb86a6de48c98b03b335acf313e6,shipped,2025-03-13 07:27:00,
81ae283af43b4aa5bb3e908258211d15,2a646bacde574276856c17f618d9025f,delivered,2025-09-26 15:06:00,2025-09-28 15:06:00
351c4ed3ac79459fb0650f4d694f26dd,cf9615a7f3ed46a483a32054fa83fa41,processing,2025-12-04 21:30:00,
872f09571f3f43f48b817b069c0e7bd3,3af8001384fc47b2971f9f9d40ffecaf,shipped,2025-06-22 12:57:00,
6c4740494ac6444280c6dc7767b3a9b1,80b63018e406418499854f1b8662c41c,delivered,2025-07-21 12:42:00,2025-08-02 12:42:00
dc8b934520ef4feba9efd26e3f09f12b,a6c040b6f20241119e4d02ac9f675b0c,delivered,2025-07-26 15:09:00,2025-07-29 15:09:00
a2e1a05a8cf8485c965f436a0b475129,0304f32228e542e2bfb7994fac4a4b9f,delivered,2025-12-31 21:10:00,2026-01-04 21:10:00
88fca730b3ff490496f4948b691923ba,7ae6a180ce3f4a5091d9da821ef3f356,shipped,2025-01-10 14:45:00,
697e6534ea4943f988dd37abf0b5c6af,26f37942251541f1a40227beffb685fb,delivered,2025-11-05 08:28:00,2025-11-18 08:28:00
0b199ea4f34e46f3ba52d408d5596e96,63a8ef9bbae1430b84b11d6b31a042b2,canceled,2025-04-06 12:35:00,
3ca844a4c6144213acde3f1e5a24198e,f652d98040f4489098e0379ba6b4220b,processing,2025-11-29 19:38:00,
642e8ca29ff14d81b7ae637782b50a56,d0c6b851bddf4762b14ad2a8e4340a73,delivered,2025-02-12 22:03:00,2025-02-23 22:03:00
4847e0b608804d4ba4812e5c10c515c4,92a0865535de4c2c8e3eed9e10d2f667,delivered,2025-08-31 15:20:00,2025-09-07 15:20:00
d9ab91050c244da5846830d2a6d56b3f,0342e4f18b814c0cbfc1baf90081b415,delivered,2025-08-19 16:40:00,2025-08-24 16:40:00
4103ac9c9bb247bf860a58951e4613e9,2b6138bf08bf4bb28dd8988574c4b4a1,approved,2025-01-13 14:59:00,
48aa681695a84faead0cc6a787ada425,0cd3975bc5464327832aecd1fcf3b232,approved,2025-03-30 12:14:00,
bdb82edb28c44d7690474ebd6337e6cd,3e7574bc84444c7d8942aaa034277bcf,processing,2025-10-15 18:18:00,
41745c154dc54240a4e0ffc4d9cf61e5,5e7930eba0b44309bf8c5b9b7861c785,delivered,2025-11-06 10:31:00,2025-11-15 10:31:00
e6c5643b48984f64b4a6074e529f6468,1089f04a122d42058c49f6c55e0b392d,delivered,2025-10-10 13:43:00,2025-10-23 13:43:00
7bbb3cd21e12495097c22581044015be,9ca1e11596e24e888420aa70133dd292,shipped,2025-12-23 19:41:00,
b2b4072f5a614ea59f3ae7b3681be092,50074baeb01c47558612c439c1a60c45,delivered,2025-05-05 19:45:00,2025-05-12 19:45:00
866e310638264ab689dbe65d91a01608,1c0152b24960463782b73d99520a507c,delivered,2025-09-28 22:38:00,2025-10-07 22:38:00
9b6ae1fb9c104e8fa79fd0a188a2a1a4,4a9edff8da464668bb5e3d331b3c7208,delivered,2025-04-24 08:38:00,2025-04-26 08:38:00
ffa25bd86f2d4a3ca1c7d48d7b7ac873,84caa754a5a742828add7386d2b0923d,delivered,2025-02-12 17:22:00,2025-02-18 17:22:00
92157ba801994806a2c8abb459c9cb9f,bf759f83f3554f7e942f4004027f172b,delivered,2025-09-06 14:18:00,2025-09-16 14:18:00
fff174d0685a4e6ebfbdac3c1363a408,c9ae29041b944812a925659118dad927,approved,2025-04-23 08:44:00,
7d32aff02baa4d8fb9b67414d9d173df,ddd9f2abd69f491c9d41ea67011a9f26,delivered,2025-05-18 21:18:00,2025-05-29 21:18:00
fd856f5be84a4aab9e84c6e7158caaf6,2803ecdfa73c41ca8bb1bc280bd7779d,processing,2025-08-31 11:15:00,
7fd07b99dfbe4c148d2ccb03107be89e,13f803c9add844eea00cbe03d0ce072b,delivered,2025-04-14 13:56:00,2025-04-23 13:56:00
376946c21c37443abb9a3b7912261d71,66bd4edab52e4bf68d6b61a9734d1f22,delivered,2025-04-12 06:44:00,2025-04-19 06:44:00
c707eb82e694401b992d1a99718833a0,f353152aa3404cdbb899dd63d2795c7d,delivered,2025-12-19 07:44:00,2025-12-28 07:44:00
bf4a5cff99eb41e599a8fe8ea6857854,953860f738e24896ae076117e5959580,delivered,2025-07-28 13:07:00,2025-08-07 13:07:00
bcc0ec59f33848549f3e0adb5152f97c,ce34b2fd06384567b2667f3ab6802b34,delivered,2025-09-14 16:11:00,2025-09-27 16:11:00
e845af169a6c4fad96c24f9d4461023d,a1fb54497468488eb8a7b66733a2340f,delivered,2025-09-24 19:09:00,2025-10-01 19:09:00
ca7a843a7db448acbeae207f8680276d,aa7d9feca05b4925ae0aecfcf372a3a3,shipped,2025-07-19 12:37:00,
66d869cc52e04d4ab634662cf612c63c,09df76435ac44491a02f3f8f72fab651,approved,2025-10-03 21:18:00,
fe0befeb79ef4dcf8073d68848ac182b,7bef0bf8926a4747916dd239a50938dd,delivered,2025-04-15 15:37:00,2025-04-17 15:37:00
f0c0b7247ca44f5789de72b98edfd9d6,0aef955e2ffc4884911425726fa56e0c,processing,2025-04-13 14:09:00,
3d7fa7a1df5d4097987b4584d7c0f010,1c020b1d150f4ca7a7fb44ab8eaf8856,processing,2025-10-27 11:26:00,
0a15248ceaa149cfafa23ea47ab8284e,981a1a1836a24a26b3006070a9390fba,approved,2025-06-07 14:19:00,
c5891f5e1b224c528c548463d3f36c60,6f63d25b8bf1480a83087473b83ed906,delivered,2025-05-09 09:58:00,2025-05-11 09:58:00
284f4a31e7b94b4ba89fef22cf311a77,14cb17c4bac5486db8b480b5ea42169e,canceled,2025-06-22 22:39:00,
7db48a2d794c455fae0c0d2cdab821eb,81cb73c7e70448b587199b771bcb3169,delivered,2025-11-01 13:40:00,2025-11-10 13:40:00
46ed5839bf224486a0cfcc51a1412a10,d3536982fc374c28bfa653b0d712b9f3,processing,2025-03-28 18:31:00,
c6f611fd1a07442e857f7c2efa655d03,ecd0bde68045474793f2de1d0654d435,shipped,2025-08-11 18:47:00,
b18266e9a0294397863cd08d8212e2b8,679e771331fd467d9ff858c91b37856b,canceled,2025-09-09 12:19:00,
41bfd28aa21d4358b2e46a142f1ef179,3f866d9f15cd46c09569bdac833751a4,shipped,2025-08-24 09:01:00,
d7429e89e40e466f89410b568e740965,c810702ea65049b7aa1c944f49110f25,delivered,2025-09-20 06:26:00,2025-09-27 06:26:00
28f94550892b4521a7e782d31855c5fb,7c4eab5c568747578058f9d3611ea402,processing,2025-03-30 19:19:00,
f71ffba01db94fff8fdda3766581dc69,0f3eba3454504fabad5e2c2efc8c1b09,delivered,2025-04-14 08:16:00,2025-04-22 08:16:00
2815a4ba536444cf8ae6f852ee38ff6d,b370b072a4c84e5a827895f0634f4ab7,delivered,2025-03-20 07:09:00,2025-03-22 07:09:00
a7ca93796d0148998e31b50c80740e0a,76b1a11532624ebaac96358e3d99f27f,delivered,2025-09-07 19:25:00,2025-09-21 19:25:00
67a074befa4b48bd88d29b7c27c1e02b,a38e64ea2d3e4ba7bd43608367f4798a,delivered,2025-02-11 12:19:00,2025-02-16 12:19:00
e6d3731647e7497cb9ce1bb6c824aa79,2c7912805ed64e78871657f3665a8674,shipped,2025-08-26 20:53:00,
8a2107e4b0864d1697578b60f97c8bb5,3583908e83ee42788c38c55f95f06942,shipped,2025-04-29 18:45:00,
11767b4e303342cb95bb5b24995cd0fe,e227fa0e3def4bff9d7e2f71a6c04495,delivered,2025-07-28 13:28:00,2025-08-07 13:28:00
ff763b59bec748d7b4456df5abdf26d9,12b031cca9934d4db35bff5840bfa23e,delivered,2025-01-03 14:22:00,2025-01-14 14:22:00
92b6629631e04cfdb1421f8496d2a829,b7ca809a09ba44398ce490376ea681f6,delivered,2025-07-29 21:54:00,2025-08-11 21:54:00
8392185921c6446fac06e51870695343,61c93c854ea441809c70ed1f087827f1,canceled,2025-05-10 07:16:00,
ab64290cb20d4528892b26410b491f80,2e726deeeeeb4a1687d369be24949991,delivered,2025-01-16 18:50:00,2025-01-28 18:50:00
45e551d92e934943a29191e9a1f35efe,b6003af4bb8a4f28bd55e403c4833dd0,delivered,2025-02-13 09:05:00,2025-02-20 09:05:00
ed369b2ae4db42a7bd0255236fc6f565,4a78ac8cf62141d9b2beed7afad76656,delivered,2025-06-25 11:39:00,2025-06-29 11:39:00
f3235458448745d6ba263e4c0a1d9965,a38e64ea2d3e4ba7bd43608367f4798a,shipped,2025-03-05 12:25:00,
eddde6aac9ac48ff8a00c2f0521abb87,57b638af3b414fa2a654727f66a0c224,delivered,2025-10-09 06:49:00,2025-10-22 06:49:00
2fc6fc60b8384cd5a2994d75820fcad1,4905e0df06054185874ddc6e860caa7f,delivered,2025-08-29 13:57:00,2025-09-03 13:57:00
8ff2536eedd14f438687fe84270643e3,3863e23ec50f4c4d9bbc6aacb67ff12e,delivered,2025-06-23 07:09:00,2025-07-05 07:09:00
f5e7c31ac4cb4a24bb80003fa3153fcb,a6a062cbeba24896b1287a63cb245fe9,delivered,2025-12-05 11:43:00,2025-12-13 11:43:00
cbf645deec9445c2abe0e7299dd4417a,4a2c9950efd040f9a7dd6fec449f09f0,processing,2025-02-25 14:58:00,
85d2935f23eb4cd2ac18c51793808674,a97b5765503b498d8e3428a73422a975,delivered,2025-01-18 12:44:00,2025-01-29 12:44:00
1e8e731a78c241a6ab750f6d3c87ab71,f87aedb486eb49689d9d600620640eb3,delivered,2025-06-10 08:19:00,2025-06-13 08:19:00
442a77ea4b3b49dea2ce22214e32ce02,18aaec3e1cf74e26b43ae5792a60d5fe,delivered,2025-02-04 08:49:00,2025-02-15 08:49:00
726ab3b42ba44ec1bf7e97c7788b7301,898c76528759402c94f9b035754a95a0,delivered,2025-09-07 13:55:00,2025-09-15 13:55:00
c4a33b16d8ff40fcb8304d727782cb0f,3815ace157e4417c804fb96d3e57aa60,delivered,2025-12-13 13:29:00,2025-12-27 13:29:00
d33db59e3c41478e87f00150fb789e46,d0d594f733f04ac5925993fc3f385bc8,canceled,2025-08-26 19:07:00,
108d191c15f64c19bfb45598a834a050,3cacdf1b3e4a4f66afc5bfe46075317d,delivered,2025-09-30 15:37:00,2025-10-12 15:37:00
37c65e520f0f49e8a05b86eb280bbdf3,634be7dfd2924223bd16d394ec3a30f8,processing,2025-09-17 15:00:00,
0baf2862593141bdae5519ea6fc5160c,f111c4d57a8a43f8ab7028ba20ad3410,delivered,2025-02-08 07:22:00,2025-02-12 07:22:00
e7277530f1014ba18d2eae9448d77357,0577802677714cd0ae11a9ccf7a8ec12,delivered,2025-01-11 21:27:00,2025-01-24 21:27:00
5766f8e9120441a6881f57abf8989e35,4b2b43ecf4024bef82aabccdc2145036,delivered,2025-07-13 09:39:00,2025-07-23 09:39:00
0c2efd0f52c24cae8444f66e331d2dc0,66e7838495cf400bb36314edb8fea82c,processing,2025-07-15 15:22:00,
140fb407e0d441d5bcee4935932c3f91,b8556e53d38f4d8ba60ec1959a614bc8,delivered,2025-04-13 20:14:00,2025-04-18 20:14:00
a70d24fd06654c5380aa01378736f4d9,7e66174af00043fd91e06ab7b6b37ca0,delivered,2025-08-13 15:28:00,2025-08-21 15:28:00
2022c682a896407db17f7e264073dad1,77662da6278d41ecaf0178eb4f3c539f,canceled,2025-02-14 07:30:00,
8fad91050a6a419ebabda524f661c52e,352fb93c0aeb4188b2dcba33793c8a58,delivered,2025-11-27 17:15:00,2025-12-02 17:15:00
752ea9b1ce394d77bfc7a326a4b8e321,14f28ef0551949d89acfff7636387686,delivered,2025-02-10 14:57:00,2025-02-16 14:57:00
fed5a0b930d142dc95c960939b9c88c5,06514f1ad587466a8d9e617c4702f9c8,delivered,2025-07-09 21:52:00,2025-07-20 21:52:00
a048728267444f15a509daab7a48e5cd,ed90b6736d23439980e199ad45afe0af,delivered,2025-03-31 20:48:00,2025-04-04 20:48:00
a13ded00c27f4a129356f8b7876f5849,854d253dbdb34768a90b34aa380ba7d0,shipped,2025-12-17 12:21:00,
c8467ee2976546d488fbc23c77aecc95,caa99dffa587449d960c6e9dda00ed7d,approved,2025-02-06 10:00:00,
f93da052c1a547f6938c15084dec970f,6c2ce8637ce74d529f7b28149de23203,delivered,2025-07-03 16:19:00,2025-07-16 16:19:00
16230a01e0694b6dbbe82ba372029733,3f921107c3dc47699f7be5e645be87e9,delivered,2025-01-29 06:18:00,2025-02-07 06:18:00
d223647d44d44f98abad6ca0ece3485d,d2e985459b02454f861cea643240263d,shipped,2025-08-24 07:52:00,
6c52e93dcb0b43f19cdd91284b26f56c,c6ca79fb4b2d4b5a865332044aba6f67,canceled,2025-09-23 06:35:00,
21fd7d5e148a4b78bab97fe11b318d25,fefa99038f784c899a7112915a146bce,delivered,2025-05-21 09:59:00,2025-05-24 09:59:00
c13c927301d6461bb20b3fbfa20770de,447ffc1e4a7a4857897c0baaa28032f6,delivered,2025-08-03 08:02:00,2025-08-06 08:02:00
00cbe8ec614d4fd197d8fb1f9e49ad10,b1bafdd6036b43b2877dd9b22fd21204,delivered,2025-01-28 09:23:00,2025-02-02 09:23:00
2cc37a4660e64c068f5903c6dc37b206,960479941df54bdea8e3bc1a1a7e1873,processing,2025-12-12 10:55:00,
ece3972e64a640d9a2ccb35e2d4c23a8,8f59a24079264afb80706d27ca9168d0,canceled,2025-01-12 07:51:00,
f222bdbfd55b4b00a64b091c0f9d38c9,778e3a544cc247d5a1386920771f5167,delivered,2025-01-20 22:34:00,2025-01-28 22:34:00
74ab99d95105474aa4ba706167c0a29e,416dfa1b00174568a45155cd28a8614a,processing,2025-12-04 15:05:00,
99e6cf0ee8ca47d59963a3e622535cc3,c4306a36b271448eab6a84fd69613fef,canceled,2025-03-13 15:51:00,
a523ee17fd374b0f8e937e1e6ac6db34,e3988601011d44738e3fd49f4bd70e6d,processing,2025-05-14 14:28:00,
c9b620f097ce47ae9485b64cd152538e,2ec1fe9d78a249a0a8e0ac96bdfda563,delivered,2025-01-15 17:31:00,2025-01-26 17:31:00
f0d0158e375a4b0aacf831fb9638881f,27c3c4144da04df2b49a7bbc9d293667,delivered,2025-12-06 08:49:00,2025-12-16 08:49:00
a8f6ed15c12e48a6976134e300d82f66,b60919f4533148e2bd3d5fbbeb77615a,delivered,2025-09-04 19:45:00,2025-09-14 19:45:00
bf5ccbe1bcfd427e994832934df26d9d,34a40e1618984d4d8e81063a8c6371e3,delivered,2025-11-07 13:12:00,2025-11-14 13:12:00
95878105a16b4fcdb4f8bcb9c3d54ffe,82ee2a7718574e02ad622ab264cb5f1a,delivered,2025-05-17 09:38:00,2025-05-24 09:38:00
7d569e51a1df479383fc8ddc94763a3d,cccd54181a6e455ba16abf17ccb239fb,delivered,2025-10-12 18:15:00,2025-10-15 18:15:00
cec5d26a3ab0488baf32581762e58ddb,e745a4e1e0854ca28cca7a066e3627b2,shipped,2025-04-02 20:33:00,
7c978ee800a941f9b090bea84ca19439,cae0093f1e32486a8ea259455864ea58,shipped,2025-10-14 17:26:00,
f582afec8f1c443da760428316961e75,b8b02394ab03481294217ac404c84bcb,delivered,2025-10-19 18:56:00,2025-11-01 18:56:00
3478b4833a5c4d96a951102639bac72a,5523cc629d6c4514a59b6207a36c3847,shipped,2025-08-27 17:24:00,
31c90ee4afd4415bba92f316973adb73,38c0a609ecbf4289b6312ddfa8c6d6d7,delivered,2025-01-17 22:20:00,2025-01-30 22:20:00
5fdb16c27a9044a28587b452264d3e7a,1347e0a7e6d74b00b52fb4a590f5ae3a,delivered,2025-07-28 19:22:00,2025-08-01 19:22:00
abbef2f898054e4c9b84901d0ba18c9d,6f21f7474e124b508e4aa513b1a8ed80,approved,2025-04-22 15:33:00,
24d73ba0933a4d77813f3dc413307864,a8bc351d9efb43babdcb321a07e0389a,delivered,2025-07-13 14:55:00,2025-07-23 14:55:00
35ef566dbc834f2d9d068d7522ab0be4,6647634e0a474cfd8103a74d0f603122,delivered,2025-06-18 09:41:00,2025-06-21 09:41:00
98a1994d933847038ce52a615dea736d,7ed0f4891a804b67bda78ceb4b32c8c2,delivered,2025-03-13 18:59:00,2025-03-19 18:59:00
59091f68ac0c49bbbf801202accbb50c,7104c2214d73461891c090017f0a0a41,shipped,2025-03-22 10:51:00,
50a5a524a5f747da958ca55eb2d73724,b0014c120b854b88b8efdf0079563072,delivered,2025-05-03 16:37:00,2025-05-10 16:37:00
20a38c76775545b2afe3e9fb1e6bc98c,d11700472c104b0cbf7ff854bbbbc819,delivered,2025-10-11 22:01:00,2025-10-24 22:01:00
cec725aefdc842399ec4970acaf6a05e,0f0819f3d5c744f98f06d59fe448ae55,delivered,2025-03-10 18:54:00,2025-03-14 18:54:00
46e27fe309444e8696c4c81f33da1d7d,ba8ebb5d1642499996db8bdab0874bc2,canceled,2025-05-06 11:28:00,
e3b95825494845f69fa6944cefbdb35b,851bb0adda94435ba7cb2890a4ffdebb,canceled,2025-01-09 19:45:00,
003673f292ad4f2289729d001f744ce6,d38b36a2e137440c9f61234152a5eb47,delivered,2025-07-23 10:23:00,2025-07-25 10:23:00
4dec39382890463a81498ce485bcd3ec,b252586094674ef48e011855444d2fe3,delivered,2025-12-10 21:46:00,2025-12-22 21:46:00
05371317449d418eb363ff0fd3fdf46b,c58c32beb77445dd85343b8cbbaad071,delivered,2025-07-26 09:06:00,2025-08-06 09:06:00
8cdab9e594b94ca29eb3c217ebdfccfc,a83e90f655c541c2aca251976c822802,delivered,2025-02-01 16:58:00,2025-02-09 16:58:00
8f662f6acc594a3aa7e80a5913b2aada,751008514e724f9f9209ca35e4da42d7,delivered,2025-07-12 13:46:00,2025-07-16 13:46:00
57efef90725440a39fef31b5d6e3b45b,de53dcba8536408888530ae15e96682b,delivered,2025-04-10 19:31:00,2025-04-23 19:31:00
32634fbd88334f7f812172c50fbad2ca,04af739973284785978c4e821f9007c9,delivered,2025-06-24 14:46:00,2025-06-26 14:46:00
44283635b00f4840baa5e2d24a7d3888,2a8ea05fc8bf4d3ba40da9017c2baddd,processing,2025-09-02 12:07:00,
a42850ceaae944feb36bc7fee2b7fa1a,d788dbe104eb4d7692b609fed229223c,delivered,2025-03-29 06:54:00,2025-04-11 06:54:00
61412471cc4d4a729b2aeadb443c1f74,07f1faadcc10442fb833dca909f3922d,approved,2025-03-28 11:07:00,
b0ab35873f7c43159aeb7825d64d780f,5b4b1d4587574b04bfa084dd3ba6a12a,delivered,2025-02-04 21:18:00,2025-02-16 21:18:00
a85e62533a67464789e24e2139e755ca,f04205dbca504143a7fccbc0d4d56bac,shipped,2025-11-13 13:35:00,
00e8747e41fe4cbda4878b31a0697109,bfa392eee2b74f14be27461c2e7fbf01,delivered,2025-08-19 13:14:00,2025-08-25 13:14:00
fb48e42c6a0e494d857cae21de2edb80,90fa53379f264b81b7b0ef08524218f3,shipped,2025-06-21 18:15:00,
ac5fcadbb8324560b55ab517b43c7470,b3ae8176cef04ca8bd1ddd519c5c2945,delivered,2025-10-27 11:15:00,2025-11-10 11:15:00
bf7beacc17cb40cfbe8adfaff3cd706d,5326ae52ee464fc49fa4064c6a3202db,delivered,2025-08-08 10:16:00,2025-08-12 10:16:00
f1cbcc91b53d4de4940bbcb3ba9ea523,80863360a36040e4b762a4cddd57b7ac,shipped,2025-08-06 18:52:00,
a31e9be7d21440f3930a3f44eb39960a,b8301c58cd834061afaff2d0b798be48,delivered,2025-08-18 14:08:00,2025-08-30 14:08:00
1cb9fd7890874d49abfbd01340f385d6,a8deabf0cb30431bb00abe69f27cfb92,delivered,2025-04-18 22:59:00,2025-04-30 22:59:00
61b173ce1d314da2a2011658061476fd,eb0dcdf126b941e39fdb2972c5733df3,delivered,2025-03-17 22:56:00,2025-03-19 22:56:00
4fcf06cb128244eea479e6287f093bed,8d731533b9d14cabb0d2f44cb6b65f13,delivered,2025-04-24 21:03:00,2025-05-06 21:03:00
b0ba4614b9084b44af5d03d06f8b2f52,aa81f6a725f64dd09ff3d2777e78365c,shipped,2025-07-29 06:39:00,
41d1a15a9fea4fe4bb4a2ed946e41e63,71c40f59e8354c85a6232f9d702cc868,delivered,2025-05-27 08:29:00,2025-06-08 08:29:00
74bec483a8f741a4947480787e78978b,41b2f858a59447adbf028042e0b75a70,shipped,2025-05-08 18:07:00,
dfbef32a86ed4bf69b5617fcd2790921,595e3753d00a48a786119ff0924a7173,delivered,2025-04-22 12:35:00,2025-04-25 12:35:00
458b2d81b1064e559ff0a4bc1a0aa2d2,f896e1b6e5c54f4d9d5ab3f43c01eb94,delivered,2025-06-25 14:42:00,2025-07-07 14:42:00
212c81c58ec44aa7be85f4837fc5c1dd,aa9d44547fd6480e8e26dd51f7f54b3b,approved,2025-06-29 08:44:00,
4e8d039172cd4c0fb64bfef567e92f5e,6e55003c4fe64263ba876998a4fdfa95,approved,2025-03-22 13:49:00,
67235df03c9d4ee2b9640bb9dfb74623,5c5e540b23864269ad804fe2f3ef2d2c,shipped,2025-10-15 20:09:00,
0d4847fb9f494473845573e02e0e4604,a04d238e823e4374baaac1875cfc5f8c,delivered,2025-07-15 20:45:00,2025-07-18 20:45:00
1c53df8ba7d04cdca0b24d9b0bf2a57d,0f225c2d2cbe4037a76558ccb2681060,delivered,2025-12-16 13:28:00,2025-12-29 13:28:00
8e9a495e127040c7a3d8a8755b91b6cc,50c982cf1d4544b896b14e32e306c972,delivered,2025-05-02 09:15:00,2025-05-08 09:15:00
f3f78d025b5b4f24a1215d531952b516,ff9c4fc0a2de4ac492599794aec8006f,delivered,2025-04-27 06:44:00,2025-04-30 06:44:00
e6b76287465a425b904270df9efbd6c7,955d88268eb84845affd090c1ac2acb3,shipped,2025-04-27 13:36:00,
b5b9521d976343d7bda82c17eaa3bf1b,70f891eefa9a457cb29ee3efaf39e92e,delivered,2025-04-07 10:52:00,2025-04-19 10:52:00
e3d41c404b4a4efca8c19ba2ec3b7564,a3e6a1a3509f4b02b51cc8805dd4f907,delivered,2025-11-11 06:07:00,2025-11-15 06:07:00
6c7d28e4aa9a425984e1cfbc1f79c141,45095bcb30a84baea4fc2ddd0869223c,delivered,2025-06-07 13:40:00,2025-06-15 13:40:00
213ed5ba4c51433eab1534478cde8811,90f9102235bf43b4af18bed5ee6ed589,delivered,2025-02-01 13:55:00,2025-02-13 13:55:00
0e84f7c45e3248308fedcae52158a3cc,259b9a1901774eab85be01bb2f28e8b6,processing,2025-07-18 20:59:00,
ac7408f49517471b997886a5c9ede257,763e342296b44beab5872e94b49d2e69,delivered,2025-12-01 12:18:00,2025-12-09 12:18:00
437bc5cc2f7e45508683a5280150e5e3,a1f629f9fd2f4cea90674afc6f63f779,shipped,2025-07-15 06:24:00,
b11c72fa8ce041359d24aabb7916b729,752ffdccfa0b4f9486ee9a0470dd9cb9,delivered,2025-03-16 09:43:00,2025-03-25 09:43:00
62d2639ee4284de28c5f3f52a7452768,270dbca43e284d629f2ce105c178bf62,delivered,2025-07-31 21:11:00,2025-08-05 21:11:00
b9bcf7f26eb94afcbd13f2355d193170,d411410d73fa4efe906270304723a770,processing,2025-08-11 20:31:00,
710a4eecad8a4c219e22aa0800c80baa,05732ac340944932adf67ec4d889b82b,delivered,2025-06-23 12:35:00,2025-07-01 12:35:00
38ed64a8807a4bf7a8d17bd0c0dfb76c,17e987935b6d485fa900bc9ed22229b1,delivered,2025-12-20 21:45:00,2025-12-22 21:45:00
45cb8cdee94342358bb845c3449aae87,f353152aa3404cdbb899dd63d2795c7d,delivered,2025-06-03 10:06:00,2025-06-13 10:06:00
9a103674c8d64308b8fe241a9ec3a904,ec9f42bbd5b94ecea164234c5826418c,shipped,2025-09-19 12:06:00,
592631d13b3d4e61b54396cbf68779dd,f62add79108d403ba4377e84cfffad09,approved,2025-11-06 22:08:00,
7e6d328d07354dafb85f055b127bb8a6,8e89cf6b31bd4e92b3b909522fc835ef,shipped,2025-10-23 17:15:00,
81a9903dc0914802a729641d2874ea7f,bc5a384836d145b6a02a9c92f9def0dc,delivered,2025-12-15 06:21:00,2025-12-23 06:21:00
8e2d8c226e254062bbd2194d66202723,c09c5c544b4340bebcb7eb8a55ccd98b,delivered,2025-08-22 13:58:00,2025-08-29 13:58:00
9edf1c68aba14dd1b301c5e21a5ee0ee,623aa5939de840a9a3b9739c523b8043,delivered,2025-06-12 18:22:00,2025-06-16 18:22:00
bb32fc5f66704d258691468a5b7fd7aa,32f40c2c070042b98bf3c737a2308031,approved,2025-12-14 06:23:00,
9b9df268c67144ee95aac4c87037126e,97c532409df243b7b6903b6e986c6fa0,shipped,2025-01-20 12:25:00,
6f79e1d347f643e886a1f4fb404e2db7,6f21f7474e124b508e4aa513b1a8ed80,delivered,2025-01-09 14:40:00,2025-01-17 14:40:00
a9ad94cdb34b47be8125a2e094c86aa7,77a0c0f739e64327ba5f4fc07a33f7bf,approved,2025-06-20 09:00:00,
5f8b5aa583d545b0aca805d2e90bbc89,575cb32bfc7649519a0ec0c5fdafb119,delivered,2025-10-16 16:00:00,2025-10-18 16:00:00
46859e17be0d43938420b9454f72e379,aafbf4eb785e44169d9293ff1c29aab6,processing,2025-10-13 21:10:00,
99ac6e91fff341bcbbc941969dad799d,9c129a0fc4b24d09bf674b6e36c608b0,delivered,2025-08-03 10:28:00,2025-08-06 10:28:00
ae18e9fd02084d03b482de00aead1a6f,c62e6169de384ba5a71c98cc1efc51d7,approved,2025-06-29 10:54:00,
4962ecfbff08404d8e919bc9eb398dd4,8d731533b9d14cabb0d2f44cb6b65f13,delivered,2025-05-06 16:53:00,2025-05-12 16:53:00
ef13732dbb1f4847baa55e2019d24d7d,9ffa16b2a622444d9c14bc886ecc6972,delivered,2025-09-12 11:15:00,2025-09-23 11:15:00
c5f84d68353e43d9b77fc953334c8c73,e2632e8e63794625b55ea26315a5bfe9,delivered,2025-05-09 20:18:00,2025-05-13 20:18:00
c6abb03e8af541378373c52129b232a8,21727ba694324c7eafefca65b7adc428,delivered,2025-10-29 09:39:00,2025-11-09 09:39:00
86d8514fa96146b8ab5e93f298cb2f2a,9d41604935584afb93ffa43b282ade6c,delivered,2025-09-09 15:27:00,2025-09-16 15:27:00
5d5ddb8407964a8c974f76946b0d4843,a97b5765503b498d8e3428a73422a975,delivered,2025-06-01 19:43:00,2025-06-08 19:43:00
c8e5bbb9e36647e4ae8a9a540d010804,477dcce510044cdc8ab9c5bcfe6a93ce,delivered,2025-02-26 18:01:00,2025-03-12 18:01:00
945935b8efaa472e8e9566f3baa0d70e,ef64f27f370547f1b6110990cf6dbe64,delivered,2025-10-15 22:37:00,2025-10-21 22:37:00
c618feefdcbb4b409260c3b43230b98d,2a87c3c872c34417810785626bc7cba3,delivered,2025-10-21 21:35:00,2025-11-01 21:35:00
abaca5b605744087b224a145911df020,3169df9615b44f0e8dec5a4ad61b065d,delivered,2025-09-10 10:27:00,2025-09-24 10:27:00
fc7e33328f6043a1a10376734dd12ea6,da26ade159cb413eb34345bcf3d4ce86,shipped,2025-07-02 10:33:00,
4e505e1af4c7467985e812a78ebea71c,4054bee3a4e042319fa8a2f9d308bc61,delivered,2025-09-15 06:43:00,2025-09-27 06:43:00
36969870f35e4a45817fcb82968e41e6,f56d9e858dc84aec9700bfb6ab84f5d1,delivered,2025-04-20 09:19:00,2025-04-25 09:19:00
4660e8bc9ad24fadaf1cd9d46524bfb9,c33e8f8f171e47b5ac2564c5ecd3cec4,approved,2025-01-20 10:22:00,
0bfdc4b7ad53465084ebbb8a62bc5153,05732ac340944932adf67ec4d889b82b,delivered,2025-12-01 10:49:00,2025-12-12 10:49:00
212e69f6d150442dae0a772c15605321,643177893a544ea5bb211654c7370d65,processing,2025-11-16 06:18:00,
334b93ba94564bba9e5de3196b196e87,c89f37ebd8d940f7b72c232f772060d0,shipped,2025-10-21 07:34:00,
1cfeee538cd149828dadc6cb3be5f389,1bd3f5d10b66420d84fc8813a73e03b4,delivered,2025-06-11 13:16:00,2025-06-19 13:16:00
18455f0a98754dacb87aaabeab759efb,c333ab62ff5444238a4178b99e12eda1,shipped,2025-10-28 20:56:00,
6857ebf9075241539fc8db4427284192,97a9d0faee68425eaf89ca421bdc587b,delivered,2025-06-18 07:48:00,2025-06-26 07:48:00
30ca885bb9a44d958951c0ca7c471ed5,620df9a44c6a41aab768e7c58ab01410,delivered,2025-05-08 09:41:00,2025-05-12 09:41:00
ca615879c1544f308bbe6a716b0753eb,81499a8f25e346288c0e292ec5b4e2d4,delivered,2025-09-28 22:43:00,2025-10-11 22:43:00
6129723eecb940c5bb7e69b600b3bdda,6e4efae7d4074120b20da5fa41cc3715,delivered,2025-11-27 11:25:00,2025-12-05 11:25:00
079fe56d3fd64d579ac95c87ef6e8ae4,694b1ab106904879aef52a9af45f8771,shipped,2025-09-01 14:48:00,
1a17f53966134027886fb182ab271db1,27fceb1f5fff4f6a919390fdc4cacdd7,delivered,2025-05-02 13:58:00,2025-05-12 13:58:00
b999519c5dd2470481de316e65f8e71f,2ba0f9ea0d46477383b036b36f01bfad,delivered,2025-06-09 18:04:00,2025-06-12 18:04:00
e48885cd7ca543c59eb2901602eb0729,b62c6625fd714177b342b4cef490dac6,delivered,2025-06-12 15:38:00,2025-06-25 15:38:00
9342e57c687940acb28f79cb30ee4083,2e3ee94c713449579ce374c8b5400556,approved,2025-08-23 08:43:00,
4faa1a2ea76d4876983e3be9d9e3cf54,fc25680b74aa4f45862f5ac8ee2531f9,delivered,2025-01-06 15:39:00,2025-01-12 15:39:00
8bd4e338d6a4454387b284f5e3cf4b07,53781c6720a14c6aab24658ff435b340,shipped,2025-11-29 08:23:00,
9634b44b14b14f1492ef384ab0733a60,385615042d18448f851fcff6a53bc0bd,delivered,2025-03-04 14:21:00,2025-03-07 14:21:00
ac151265ca1048bebb0e3a3524d3792f,d647f82cd7394771b5d22424b51f1749,shipped,2025-10-05 12:04:00,
ef627f1322b44518a216993237facdde,eb862f1eb8254f1490073fd83bc3b20a,delivered,2025-12-17 22:07:00,2025-12-30 22:07:00
db1004c303fe4032a2cdbff03195294f,3d3938065e764df591504a8f4b72b259,processing,2025-01-21 15:52:00,
73c0a796c8ef437c97a1bf06dbf5c0b8,aa9d44547fd6480e8e26dd51f7f54b3b,delivered,2025-07-04 18:53:00,2025-07-07 18:53:00
5b789064dca64309baff0b3821189fb1,b078f2618ce24c40b566985ddc344d19,canceled,2025-09-07 10:27:00,
1ee41b12e2ed40cb8aca543a034331d8,6ca91ae8eefa4b9ab760da7bba955f1b,delivered,2025-07-14 22:43:00,2025-07-21 22:43:00
0e1778013aa24f93afbd4e1541979220,620df9a44c6a41aab768e7c58ab01410,delivered,2025-05-30 07:41:00,2025-06-07 07:41:00
b16a58ea85024349bcf08880f7d69e70,19c1281cf2e540f494b92e6ebbd9612a,delivered,2025-01-27 16:35:00,2025-02-10 16:35:00
69485353323e4bebbb4cef67560bccc4,62a7d5ff935f4ce886e86552a0f38d8e,delivered,2025-05-31 17:06:00,2025-06-13 17:06:00
68352402661c481dac02cb80c0acb1d2,9ebb8b1e5057447dab54febeca7426cc,delivered,2025-03-29 21:50:00,2025-04-02 21:50:00
a6b2ab2106a24ec1b5f66349177b2d56,cbe8b6634cfa4fc8a056b646bbe83c28,delivered,2025-03-23 08:07:00,2025-03-31 08:07:00
2be1de405a3f4346bd08f0b956f4de0a,155aa69bb4a44b90a779b529ddf24eb0,processing,2025-05-26 21:10:00,
f2ad682731d54a5b8e8b4cf378ca82f8,ff64807d0ee64dd49306f3df110b778b,delivered,2025-05-07 10:20:00,2025-05-21 10:20:00
d1d2019657da4dd09153ce3309efcd68,071ccf8d0bd34e13a566bd494f61105d,delivered,2025-06-03 17:39:00,2025-06-06 17:39:00
f824f957fd894bd5894cc3ba6cf2ef37,f31dec9a54554bb3863665cbef56dd23,delivered,2025-09-13 17:37:00,2025-09-24 17:37:00
cb68df5620224e41ad4b646f401ced88,9083670ab55c4dbab656e3732ae71a70,delivered,2025-07-07 11:49:00,2025-07-12 11:49:00
897976f8aa794bfa905b8581229b15aa,0ec6905aa74d40e59f340a2d1cde7975,delivered,2025-09-15 21:07:00,2025-09-23 21:07:00
e02d40a566e246bcba1c51a6c146f7a9,b7eb0516591648efa48f6850420d101c,delivered,2025-08-13 17:27:00,2025-08-23 17:27:00
c7d6976711c34f06844ca21646396a44,4d4d25ba8d13401da23e302a94fd684a,shipped,2025-03-11 11:19:00,
814337f891974dd2be33c96dc967e6ae,a261115829e54d629ae4507b0841e470,processing,2025-07-28 22:02:00,
a7b23772f4e5480da4c8c87ff5ba9440,f300b06c37f8456a8753081d643e43a7,delivered,2025-08-29 20:22:00,2025-09-10 20:22:00
f103cb1c3e084322bc1e670eb06712ba,7ad6a89358264c88a5ceadf9a079cf1e,delivered,2025-06-15 14:26:00,2025-06-20 14:26:00
56d043ca66be45d5a40a9da8e3378748,99e799283e9f47d3b90229b8518f7e1d,delivered,2025-08-05 10:06:00,2025-08-10 10:06:00
95588b71bfe74b9680c9062ded72f0a7,b8f65eadf7f64c7fa344183ac102f2b8,delivered,2025-01-07 19:09:00,2025-01-18 19:09:00
f085d048c0164db2be51a3581150e351,a247181eb08d43d2afa6001eb61fcb25,processing,2025-10-30 14:59:00,
9aa0ba274be6494e9101052a8ee4d642,a6deaeaebd824ebeba5de9e724b1b0a6,delivered,2025-04-04 21:08:00,2025-04-10 21:08:00
d69b40ae5eee42889935d77a7765ee7b,4a06842627b44fcd838f1ee9ceac2a49,delivered,2025-09-07 18:38:00,2025-09-18 18:38:00
2105d7b2d8fc427882e1815b01a5ea03,2266fdb48a3c48c9966d8cb505ef4918,delivered,2025-09-13 16:04:00,2025-09-16 16:04:00
989d91611f4a4473ac091dfc3a6e5e03,aafbf4eb785e44169d9293ff1c29aab6,delivered,2025-10-31 13:43:00,2025-11-05 13:43:00
b919cda6d05d42b6bccfe510c1f44415,0c0cd63d8c7b4f828c34a5e1fa93f33a,delivered,2025-04-18 19:01:00,2025-04-21 19:01:00
5c99bc2000504ad7810eae127dba739d,80bf3f0a318f4f7da77184762f6571b6,approved,2025-09-10 09:23:00,
2fc8d759bc874e0d8cdf2c9a431fc2f3,ac52c00c864d4476b089f908a193abdc,shipped,2025-10-21 20:31:00,
d33a0c3669e84c97862064c427db5643,c28ca43bd6404f9c949b1256fe6340b7,processing,2025-10-22 14:59:00,
80dd2c06dbf049b88f88f1f0cd4f1541,9e16579e38664fdf9231a91f2557dd63,delivered,2025-11-15 17:44:00,2025-11-26 17:44:00
134a15db330145cfa791c6d52bc9f035,cfb56295aa97459dbe69db13b91f1190,delivered,2025-01-20 20:29:00,2025-01-26 20:29:00
8e377505c2b84f08bd6aebfad396e3f1,bafaa32a19b94772aaa71cdb51705f93,approved,2025-05-25 09:53:00,
c2a9e0312f7c4502a0d6f1d26f05a2c2,13f803c9add844eea00cbe03d0ce072b,approved,2025-05-10 06:20:00,
6074c5de7f99458e98758a36164e4e3e,35b9f5e5beef476b856a56ee2d41aef3,canceled,2025-03-11 13:53:00,
5fff9889ff21455a9251dd4533a9ffc4,63ddfee6950f4fe4895ed4d48a36a424,delivered,2025-08-25 18:37:00,2025-09-07 18:37:00
4c46ec4b91bc48da814ffc1f5510b1ad,9da9d70f4e294fa2894fc8da018bf1ec,delivered,2025-12-03 07:20:00,2025-12-17 07:20:00
bfa8e61caaae4c23b4898704d7297c7a,2df6429c2f9144069790bc1111e03be8,delivered,2025-09-19 19:17:00,2025-09-26 19:17:00
b17b42f315f64aa6a48c4e19e97fd163,0258808a0d6a4dc584fb57155b69effa,delivered,2025-12-03 19:05:00,2025-12-11 19:05:00
2acafef74326461ea7982e3446f7f119,6c2ce8637ce74d529f7b28149de23203,delivered,2025-05-12 13:40:00,2025-05-25 13:40:00
22474884c2ca4d95a797405b10fd283d,f629f9f350894f27aabcc657a92976f7,delivered,2025-11-26 11:10:00,2025-12-05 11:10:00
743958b5bfa545adaf6eb35792c4bf1e,ef1486fb99804640b47db23bb2447257,canceled,2025-02-21 22:51:00,
270c42eb4de244a38e7af2b013c7d128,19a7808b11ec4e0c86c29279bd058f92,delivered,2025-05-16 21:03:00,2025-05-18 21:03:00
c4ced66bb19d4022adc51f1d75f49547,b1a5e8e2a2434628ae952575cd4ce2cf,approved,2025-10-14 22:31:00,
9661c5e316c24952b23bf5238201ac6c,d0b4fa66333f4059b105758b187ebe3f,processing,2025-01-03 10:51:00,
168ba113f44046189b4cd678a4d15994,d3b8aceffd714254b7726ced63057696,delivered,2025-03-08 06:52:00,2025-03-15 06:52:00
35b1276737e84b9f8bd07cafabe95f6a,5512d0b0291946f482f5876d6ed8d759,shipped,2025-04-30 18:54:00,
4e4021bc304149ab979d12fdd5647cf1,fd416fdcdfdf44a2a689db6b60ad6e91,delivered,2025-10-24 20:26:00,2025-10-28 20:26:00
19c72a162d774f04b635d62b2e3fd87d,fce423261d5342c89f5a1e102d4a05e2,approved,2025-08-15 08:59:00,
cb31810adda34d9bbab05a5763475daf,4a78ac8cf62141d9b2beed7afad76656,delivered,2025-10-13 11:59:00,2025-10-27 11:59:00
4e19c4a869684272be1bcd49848ca6eb,cfb51f4571124f648552c044082d9fbe,delivered,2025-01-11 18:48:00,2025-01-21 18:48:00
9ae5783a8235450fa4847feb13a279de,41996235ccd24a438e2c568341897928,approved,2025-07-11 15:02:00,
387c9c0d5f5d441a863e47d6675d852c,22cb8826f2684ccd898d7f0248ae9329,delivered,2025-05-10 22:46:00,2025-05-24 22:46:00
d60a168103cf45efb61f02aa4175f81f,7478671ef9ee41be8b1d9c2fe33bbcd8,canceled,2025-08-01 22:09:00,
c99fbd950f2c417fabcf3789a4fd0b5e,eef3960264c64beb819b1b4ca0b8037b,delivered,2025-03-25 22:05:00,2025-03-29 22:05:00
e516d6d539fb465cb1713bc82b7c71d6,5491159a33b5405f810a5bd992e97f55,delivered,2025-02-27 20:48:00,2025-03-08 20:48:00
222a6fdcee194db4b16514ab8c83f603,9523955678a643e7be509520da388fe9,shipped,2025-03-28 21:34:00,
2077cbd4268549dc96ec6fcf59a9072c,07b801ad458049e7b0cca7fadadc8552,canceled,2025-05-16 12:30:00,
ac9c9d3a30ab41e3affcc009d4ea96ae,3815ace157e4417c804fb96d3e57aa60,shipped,2025-08-29 11:17:00,
8b281870dd5f45d4b1272daf7a748d8d,3e99abf26cf744b8ab19d0541a575d80,delivered,2025-09-14 08:17:00,2025-09-16 08:17:00
45daa88fe70043cb9bb89d65a149d792,98b52ef3e2e0446d87f8b22bc6e14805,delivered,2025-01-30 16:34:00,2025-02-01 16:34:00
1b3eb128869f4925b5c76b3e34053ba8,13f2ea9ff8b64caca7f7893c295721d6,approved,2025-11-23 17:13:00,
fda01941f41b4d219553c6bfb7825ab8,627a73e3d91d4e98a049608cb3246e61,delivered,2025-06-02 20:03:00,2025-06-09 20:03:00
a454b84d60eb47fcb305ef0f96851be9,6665da435320457787c297690ee80dcc,approved,2025-05-15 20:21:00,
2ea215e5f23545a7b4858daa627d2748,35b28fcd47824fb8966f831b2fb3a664,shipped,2025-01-19 21:41:00,
9bf046b15bfb4f0ca27671b0c26a8961,24813d43c1454e9a9494924ceac40bbe,shipped,2025-04-21 11:34:00,
4407f5a2e656447f91ba7cc7f95fa61d,bd2ee57efb7a438db2c10970ef0fe46e,delivered,2025-07-12 22:43:00,2025-07-23 22:43:00
9ba720d5b74a449a845ef5607bac6aef,158640667e304aaeb1ff00dc10022a16,delivered,2025-09-26 08:40:00,2025-10-05 08:40:00
eab415287a1146579c7e76ea2618b78f,98aac6f011684ec6ae0d9004206fe159,processing,2025-01-19 11:09:00,
1b0d4453889345cabcea84ce2221b929,264d40cd1f71492f934b1b748db2d6f7,delivered,2025-05-18 07:13:00,2025-05-23 07:13:00
fb9aa869836144debea78a502f81d2aa,90102c958a9840dd956460c3aac10d17,delivered,2025-09-03 20:22:00,2025-09-15 20:22:00
90f94b286f0d4f88a1b5a8b475c3b4bd,85e69a209a884bfe9393d402ecc09dbd,shipped,2025-05-07 12:24:00,
1988aba5dbeb4fc3ac6367e7933e3591,654b2e8bebc54e2484b4bdecde3616a4,processing,2025-04-29 17:32:00,
d3ad897f46c34029a830c19ffd926a6e,4054bee3a4e042319fa8a2f9d308bc61,approved,2025-06-24 14:37:00,
14d13f2dfc6e43bbb82fcce239c499d5,df8cd1060cd6421795fbed9b1f8486a2,shipped,2025-07-29 21:40:00,
212f59e49b9d46bf97b008813b4b1257,2081996722e64795aae3d1874bda54b6,delivered,2025-09-15 10:48:00,2025-09-20 10:48:00
93053b18b4574089af88d16350bd7d24,1df0983fbc694bf693792c09fad51c08,shipped,2025-12-27 09:39:00,
33080401e49a49adb18fa3a009ddc171,75a67952077340c18851cca3ada1d84f,processing,2025-09-13 18:42:00,
8811d91381284b01a841017a517860af,f651cbee344141a48f87dd17bfa3f2d7,delivered,2025-12-08 22:47:00,2025-12-13 22:47:00
ce2a5ac0c2534ee6a3a5786883f6415a,1edae9dc5894493d941a3273b658b03f,delivered,2025-07-14 13:33:00,2025-07-24 13:33:00
52bdbba4b4fc47f4816edce249f53896,2a87c3c872c34417810785626bc7cba3,approved,2025-03-27 22:10:00,
196ce0934aaa4b48858aca90cc6d9ece,c6eae6715b1646489724e61cde9c5b65,delivered,2025-07-24 21:31:00,2025-08-02 21:31:00
3b4fabcb18144cb6b5cd7bc7151356af,9da9d70f4e294fa2894fc8da018bf1ec,delivered,2025-09-30 15:11:00,2025-10-11 15:11:00
c5c1985a26a24d72819e8f15110820a6,7ed0f4891a804b67bda78ceb4b32c8c2,delivered,2025-01-31 20:53:00,2025-02-09 20:53:00
1d768691584c492f8fc16b5685e17b62,9d415f045b94499b91779d7f2b6943cc,shipped,2025-04-19 19:34:00,
63dd7b0b3c8e43a2ab09439269ff8430,0a46383cd49c40a1be578020c8e7f881,shipped,2025-12-07 14:55:00,
c5d27b76d85c44b4baded5896657a792,7f9294530d4c413da1f731dd126da8f1,processing,2025-07-18 13:09:00,
e7621d3f90574571915ed7f3a7c21886,849a2c50556d4cdeb0119ebf0ae4e364,delivered,2025-06-26 15:24:00,2025-06-29 15:24:00
07875717016943f58f682c5bddbe24f4,5017647fd8b1421abc01c9e13fd0383f,delivered,2025-10-28 08:46:00,2025-11-01 08:46:00
3c79139cd88449fc96f0cf59e9716050,704145d32b264f84ac2170da4b03e12f,delivered,2025-12-01 19:43:00,2025-12-10 19:43:00
5d6aa6e827ce40faa6cbe140caaa98a1,8c20779c0f8c4cccbebebe282619ef8f,delivered,2025-10-30 14:46:00,2025-11-02 14:46:00
1eef741a9e654e13bc03d04bd747bdc2,e4509ab4ca444e3894da75680ea71409,shipped,2025-05-12 10:41:00,
c831e3f515c947bb8d5cda7282436ab0,272d2b7f99cf4c5e9bcc898493cdf915,approved,2025-12-11 16:43:00,
ba4e89e5fad846d88e1635c5b468723d,bb610d42511f460397dbf573207e0111,delivered,2025-06-19 22:03:00,2025-06-23 22:03:00
1ef4bb4b8a6b42af9a47a4c55d598076,f5dfe7e01f1142e0a1213e72c07daf91,delivered,2025-04-19 08:20:00,2025-05-01 08:20:00
04e043ebaf5945f5b64aaaf714a177a1,2330640a1865441684f8cecd0acd9b2d,delivered,2025-12-08 06:36:00,2025-12-16 06:36:00
74996abf459a4ee4850a6409c33175a0,66a538175b7b42dab90ca762a6d86128,delivered,2025-11-10 10:03:00,2025-11-13 10:03:00
128c16d883f5460dbf384e5c507d2919,d270d79fd18b411d990cbca46ccf417a,shipped,2025-06-02 13:20:00,
896733c8253e49bf8a3a521384262dbd,f4fa719dd11a4eb09d46f420845c2106,delivered,2025-04-25 06:49:00,2025-05-06 06:49:00
5efd5a00bd514b1ba6e30be104a84d51,d8cc4922aafe46e28d01b269331cdbad,delivered,2025-06-13 21:09:00,2025-06-22 21:09:00
d262a3a3a8b748fdb067239fdc695483,824151ee17aa4df88db4bfb67f2ed733,delivered,2025-02-22 19:44:00,2025-03-01 19:44:00
3af655f855d443eabb82f9216805c869,f991d1a704954becbb94a7a88a9c7be8,delivered,2025-07-05 19:12:00,2025-07-09 19:12:00
6d0549b7e8a94c2189d102edddc124d2,81bb7c81ec6d447dbbef6c2664ebed72,delivered,2025-06-27 15:47:00,2025-06-29 15:47:00
fe151e2825204a6d940160be4713b285,5ab069e9811f4da69f97e6bd4321961e,delivered,2025-01-01 18:20:00,2025-01-09 18:20:00
f481db0cc8f54c46966c775e466ebd92,b46f2d33b97b45408483bd64ba35b6ab,delivered,2025-06-14 14:40:00,2025-06-16 14:40:00
918d22a98d1f4162a1bd587afc7fec5d,b659672cebdd45cc89c04dea24473448,delivered,2025-07-06 11:06:00,2025-07-15 11:06:00
4e1f167e10a340ad8e00bce156a04bf4,708157c7d00c4348b0876b667f1ae983,delivered,2025-11-21 19:08:00,2025-11-25 19:08:00
437fd95d6b8d49c1953991fb573e9ed7,e99204bc838e4e4082fcf3b6ba18b868,delivered,2025-12-13 15:47:00,2025-12-27 15:47:00
25d08baa7ea24197b4a5a1b5c4cd85ca,3583758b7f9945408c995677d193a759,delivered,2025-10-04 15:17:00,2025-10-12 15:17:00
4bdf9e802991485194a405f1ec335475,6604a0ff1d764661965669b41c9ef6b8,shipped,2025-04-08 10:28:00,
5e04248d8a154e558f8bd3a68978c6b9,2f5141585e4a40ddaf9d5c951d3f6903,delivered,2025-12-04 20:25:00,2025-12-17 20:25:00
a1129afb20514287a818362b92d1787e,2a87c3c872c34417810785626bc7cba3,shipped,2025-12-27 18:28:00,
569cf98671e84acf97d8129c62fc5828,1f9098833ce94885ae442708e9bb6487,delivered,2025-01-03 06:06:00,2025-01-15 06:06:00
02717a9377224899b3f96264d178930e,1483c957727445a7b79d38dc525f69e1,shipped,2026-01-01 15:29:00,
3bd0a058f3b544a9b56799c11d586bee,124d698bfa8848aeba483348997e6146,approved,2025-08-07 18:37:00,
57bf024803ac48e9a1b8c3363c29dada,b6003af4bb8a4f28bd55e403c4833dd0,processing,2025-07-07 12:22:00,
04b359f6c9574b5698da111f53eb82d3,f0679fbf36974c8a9778ed872e54c509,delivered,2025-08-16 08:09:00,2025-08-22 08:09:00
ae548cef161344c58b03014f5615869a,e00f560feff6499489e2b250b0ccfb0f,delivered,2025-05-09 21:24:00,2025-05-16 21:24:00
8b9b1e18ae7b4f9bbaa77b756c22c0c8,8617fede909045fd8de5dae4458e9689,delivered,2025-01-15 17:24:00,2025-01-19 17:24:00
93135442b74149418844ff1db2c20480,268df2bc79ce4c7b96146df728f62d1b,shipped,2025-08-21 09:34:00,
c254e619f5ca483cb28949af7177ce61,4f7811f1dbe040169c1784b78a21ef02,delivered,2025-11-23 22:33:00,2025-11-26 22:33:00
a087d8ea1b08482d876f4d69cf35833c,65d99a4bfacc4059ae00bc127f6923fe,processing,2025-11-20 13:29:00,
7169e8812bdd4dbda2101fe4fbade2fb,289ed13519254790a5c5770c1eda458f,delivered,2025-05-27 16:41:00,2025-06-06 16:41:00
fe17f750d1b3426fa6c9b2d5a93e045a,1b182b4d3b234d1a821478896ee40dd3,delivered,2025-10-30 18:47:00,2025-11-01 18:47:00
2fa5154dabe748ddba889eb926921b5a,be850540574d40498563fdf86762c68a,shipped,2025-06-11 07:29:00,
d13c42fe12f14dfd957c881662b4079b,6ff6d10b89554dc18d16235769cfc203,processing,2025-08-21 16:49:00,
be752e550b1f405591f15cd1e1805cd3,cb4f2c0f861b46a199633c9c5107d2ba,delivered,2025-02-07 20:32:00,2025-02-09 20:32:00
ba926b4fc9e245808960418b9a8c20e9,907d3be09bcb44fbb6625f58c4eef3a1,delivered,2025-08-16 15:54:00,2025-08-26 15:54:00
1f2f64f3f67f449da7d84a97b5c78800,29efedbeb626450eb2f8442e21e25f14,delivered,2025-04-13 06:45:00,2025-04-25 06:45:00
331e20d0adc44d658be711e2ec774420,1cc115d0ee2e43099fe11b0c4f026fab,delivered,2025-12-20 19:32:00,2025-12-26 19:32:00
cca2945585774454aa93b08dc80a9b16,6eeaefe68e684102a9d20ca83e104ef6,approved,2025-08-06 13:59:00,
90ed46fad1604325a29e396163710ec5,6a2226e62cd2428889c72cdb2e247144,delivered,2025-10-08 09:15:00,2025-10-15 09:15:00
86287adc8a9c4889b060fe852ba03be8,4c737e36236247d4961492308107567c,approved,2025-08-11 17:29:00,
d94e7ee999ff407eaca60cc58b62a6a3,053935d67c2c4a0497fb29e92e750c29,delivered,2025-10-09 21:53:00,2025-10-19 21:53:00
848bd21f3a304ba799405ef3fe7a477f,368683964560438e8faa0028b4d31603,shipped,2025-09-16 14:43:00,
b003298900b14409b9662734826f11af,7da65609e7574ddeafc9a269042342c1,shipped,2025-08-26 18:11:00,
005407e031c24c6f91049a631783d4e2,5473c47c62a1498c992b824db8a8e98a,delivered,2025-01-19 11:25:00,2025-02-02 11:25:00
eb8249ea49084a0982de49fcb4ca5e0f,b9a36a72858b496da8cf095d466f4d65,delivered,2025-11-01 15:26:00,2025-11-04 15:26:00
7615bce1492e431ba248d85d837e89e5,93697a3cefac4ad0a62d766499574d7d,delivered,2025-12-14 21:05:00,2025-12-27 21:05:00
ffb0c45ad4ba49adbadb95683de139ab,abc9ff9655b846acb51792fdf13149fa,approved,2025-05-23 08:33:00,
6a4a1c363c444b75b70f8c1085a0ad93,7104c2214d73461891c090017f0a0a41,delivered,2025-08-04 07:16:00,2025-08-16 07:16:00
65a9eb32241e45b9870b6c5801e8fe16,eeea85cca3ea4f2da0441ad37d78c20a,delivered,2025-02-14 10:37:00,2025-02-26 10:37:00
d8d95316160247c6b963181373a2a6b0,773e9c6a44434fc9b35f430e01121c98,delivered,2025-04-13 10:09:00,2025-04-23 10:09:00
476c8b0f5f1449dfa59b43c2f0df1359,4de3818f04e341468e4ec00e9f4d3de0,approved,2025-12-05 11:38:00,
5bf6d864dca748b1b842695a2109088d,5202572240fa4ccfb881f6198b59873c,shipped,2025-09-19 06:50:00,
a29170c4313e4ffd90f5537235fccbb8,2714195c1bec49cfbbec4fe9cc082405,delivered,2025-06-02 21:09:00,2025-06-15 21:09:00
d987efd989c3440bb47982ca5f879425,d0d58e02490c4135bdcf5ee024abd81e,approved,2025-08-11 21:58:00,
088066d235c34931aa39edc71c68b0e9,f79888c77a874324a373b02051b15474,delivered,2025-08-05 18:30:00,2025-08-12 18:30:00
b71386f286f341459738a67f45a1ec5c,eb63a9a0e9694171a564eb19abc47a88,shipped,2025-07-11 12:28:00,
ef52ed00a2564f819596f50ef267151b,4d0f552964ac45bea04a5d647d1f4e3d,canceled,2025-01-13 13:55:00,
3ddd3d1454d3439e962bb07f3f35b944,eb0dcdf126b941e39fdb2972c5733df3,approved,2025-03-30 21:19:00,
eb75aeffe4c349d1962dd706a32a4138,5c08f565983b439c8ac04e77463f5707,canceled,2025-02-13 15:14:00,
1504da8264744480ad1908924297b5fb,3815ace157e4417c804fb96d3e57aa60,delivered,2025-08-15 16:52:00,2025-08-17 16:52:00
f3ccae78c1d248bc8bc9fc181d84affc,29418aae53d04e3e932636eeabcd985b,approved,2025-01-08 12:13:00,
98bd203ea58c41829646e92a2a1164cd,ae07eadb56e4436ca140ff5ba91038cd,processing,2025-01-19 09:18:00,
b569a24187c549f689bf851fe042ae35,32d5ddb2eacf4f3dbf610cf01782e150,canceled,2025-09-08 09:22:00,
448ff1360dd24bcd882bdd72f396f8d0,744275e26ecf4b0b9a3808ad307e6ef3,delivered,2025-11-22 22:35:00,2025-12-05 22:35:00
d030e0d9048744b594779e6f829453b0,4f841e58b2814e758799723e2ee98d09,approved,2025-01-27 13:10:00,
4ca67092727145b78982ea75c87594b7,6db6597929a2470c976cb0a06b9873a2,delivered,2025-09-16 08:15:00,2025-09-24 08:15:00
2a3684e1c47f4589b23449203b98fb25,9d415f045b94499b91779d7f2b6943cc,delivered,2025-04-10 20:17:00,2025-04-17 20:17:00
78e175ca50d340a092d09aede960c774,3ef1cd1a24a24961b3d7108350150ecb,delivered,2025-07-22 19:49:00,2025-08-04 19:49:00
76f61cfff2dd49f2bd41d0a8d3a657f6,6b7dcba1f6bf4dfdb624bb30abe5e5ab,delivered,2025-06-05 06:34:00,2025-06-08 06:34:00
ea75312ec9c24e0887df88377fbea09c,6c24322805f24442bcacfe353dee2770,canceled,2025-09-12 16:32:00,
5211c2d21f634d748b0c5a2dc73f1be8,b4b2edd10fc345af9149bc4d5fa55cae,shipped,2025-03-22 21:28:00,
20336978df9f45d5bc81831a61035652,e5fd3b2f711f4a058ada04cc57728cde,delivered,2025-08-20 11:54:00,2025-08-24 11:54:00
b5dae9b99b394319b107e6d9bfc97747,c810702ea65049b7aa1c944f49110f25,shipped,2025-01-27 08:37:00,
30a274205e9d4b8db734dc45fed9d7bc,ea462dc7ae6e4a7fa2c90d67c618bc07,delivered,2025-07-12 20:22:00,2025-07-23 20:22:00
e1fabb2bcf434402a939a37804b12ca0,e557ad07d2ee436a882bba97c9aa31b8,delivered,2025-11-12 18:13:00,2025-11-17 18:13:00
a02ca5a00c4748929cdca4b32adbed25,9cbbd46085584859ba58ed8cd69267b6,delivered,2025-12-19 08:38:00,2025-12-24 08:38:00
328278b572154f61815100a5624b613b,2c075db566fd49d9b4172ef294eaacec,delivered,2025-08-26 06:35:00,2025-09-04 06:35:00
8f75f64c64964078841307795dbf45d7,aa9d3c1049014c8a9fd53947aa314de5,delivered,2025-01-28 22:51:00,2025-01-31 22:51:00
c2e2708b48964767a5a6f9095aedbe6e,bf5f4694ed1f403eb3c9e2da0f07237d,delivered,2025-12-15 20:25:00,2025-12-18 20:25:00
aab4368712794c3f9c0393736559b7ee,d65be64b22ad455ea60675336a2e8c3d,delivered,2025-05-28 10:35:00,2025-05-31 10:35:00
c79ec32ad8054b5bab68eb2a73155a83,8b99c223c984466fbc05b28fdf5fb73b,delivered,2025-05-21 16:15:00,2025-06-04 16:15:00
9897ae033e0048d18e2c8b2ca51e0222,0342e4f18b814c0cbfc1baf90081b415,shipped,2025-05-13 16:21:00,
5a35698ac2704854833158e48485bd92,d37079b6f717427984f1541056e07764,delivered,2025-11-21 20:08:00,2025-11-27 20:08:00
e37f6045046c46a5b73f2a0604162c25,07afb90bc24a466d86343c4be10ae073,shipped,2025-08-13 17:48:00,
494acb31cb0d46bbbe72ef617f96ee46,b307245c18334fa49ecc1594aedf904c,processing,2025-11-18 20:40:00,
5718e3728bd24c75b0fc6a33eca27d2a,5a2e5ad2fd6d4af39bc26c550b856eb9,delivered,2025-03-10 07:05:00,2025-03-16 07:05:00
20892206b9934251a7583309a95a4a77,f73816bfa2f24a84a3295d179bbf8852,delivered,2025-11-10 11:12:00,2025-11-19 11:12:00
509c285238fb46a9889667eb865bd210,869196754cc9450c8f582e29bb7967c6,canceled,2025-04-03 17:43:00,
4402380f330e427f8b8489dd37c736bb,d760412b8676427484652c00689568e8,shipped,2025-12-12 18:34:00,
7f4f4da966ef4f2b9a31f92fd86d27da,e54b275be58040fbbf8c2f20fa514191,canceled,2025-06-14 06:24:00,
aaf77925f214470e88dd7cc53568eebc,e4d88aefd819446e8a86ee64e09f78b5,delivered,2025-02-13 18:22:00,2025-02-20 18:22:00
a2eaf780863a428c8ce4c76abdffd751,196a990ef0bb4eebbc398d5bb8770b02,approved,2025-07-24 17:06:00,
b8cc4f4693814c27b4db00416dc2d5fb,67f047a1f0ac4e119f70ea3a1f4aa958,delivered,2025-01-15 13:20:00,2025-01-22 13:20:00
b0ef6717f09b46f290d5a6a0d8edc3bb,6b7561ce41af4e289eddff8974c514a2,delivered,2025-10-06 07:43:00,2025-10-18 07:43:00
6d7e2b01f0f94a109d6b9164a67b5240,7bb61d00dea64d1a874d6ed424354df4,processing,2025-08-01 18:41:00,
cc686a4758734a7ca63158677fde2d8a,97bf7eb2ddef4e25a05120b4f1cbd8dc,delivered,2025-12-17 21:30:00,2025-12-29 21:30:00
f6dd8e1bc5ac412c979d559fcfe276a5,20d51596407e407baa42e9bd0bb8c1ff,shipped,2025-04-07 19:01:00,
d14bddb61ab148b8a704da5cfc7cffa2,9e8afb78e2ad4fa48a438c361907e9a0,delivered,2025-05-20 12:34:00,2025-05-22 12:34:00
3f47c7df1fc2445ca55e5a285a55a442,898c76528759402c94f9b035754a95a0,approved,2025-08-06 13:46:00,
aadc56cb202a4df2b9e8778c7e4a8e70,802fc4041d1442bfae1158fa0445908f,shipped,2025-04-30 21:33:00,
f3891b58bb2a4dacbd3564694ff1c5a4,1f1b7d42ab91446a8aad96174e1d295b,processing,2025-05-05 19:37:00,
1816598adfaa4f9c81f7ec456abb6410,0342e4f18b814c0cbfc1baf90081b415,canceled,2025-01-07 21:42:00,
80e9175f63aa497cbd9f8ab734c83564,91459fe4a3ec4356ac0937b5e85b3d5f,delivered,2025-02-03 09:51:00,2025-02-11 09:51:00
cd13c69d869d4f54bbe1b084104c059f,b60919f4533148e2bd3d5fbbeb77615a,shipped,2025-12-19 09:27:00,
74c7b5a61330407590d423c89e9044e8,d13ad1110af04ec29cd4dffd4c03199c,delivered,2025-10-06 07:01:00,2025-10-12 07:01:00
a34616a5747649c3b366d45081780925,da6bd7c693bf4f1fbcc1b8e288bad16c,delivered,2025-06-17 12:21:00,2025-06-26 12:21:00
14d4247ac0c9408b882cb8865c1d738d,d6d3f4c4948643b797795e2c25a33ce1,delivered,2025-11-10 12:21:00,2025-11-20 12:21:00
09d3cc5e7c1846dea853dff96f2329ad,1d3a4b70543e4a558c8a9fbb04d0c8b9,approved,2025-09-06 07:57:00,
aba4791fd3c94c83afc62579e6138e96,9c62098cc60f4070994404e0ccdfdedb,delivered,2025-12-05 17:20:00,2025-12-17 17:20:00
408b23bb9f1d4ad08f5eb9b6bdfc5d23,4d09ee4e16d64562b7a2a5ebf3a85303,delivered,2025-02-25 20:33:00,2025-03-08 20:33:00
0249babfbd6240209dfd2c025a2d431b,131e6b794ba648ffa4d61699ea8ebdc3,approved,2025-01-30 16:59:00,
417f3875024044539b462049431bdf47,1b182b4d3b234d1a821478896ee40dd3,delivered,2025-05-15 10:14:00,2025-05-19 10:14:00
7b09d388605446659c1462c8a1fa2474,c5d55a120ecb482b8c099f856d46705a,delivered,2025-05-16 12:41:00,2025-05-21 12:41:00
d1d27bfdcb1043dc88b3726eb8b3cbed,e0dd4b62d9a74bfba13927cc44f895f5,shipped,2025-12-18 12:11:00,
f91f91bba76c499ca8777506ba351c1d,403e2bc15a064dd4b88fc1ad4057da1a,processing,2025-03-30 15:12:00,
0e5d5662a4314898b915f940c18dfaa0,88264f5dba4b428095ebf4dfb6494926,delivered,2025-09-21 12:15:00,2025-10-04 12:15:00
e40b05587bf84c1c835c93dd950511a0,e19f68a2505447c69734f33e2c98d994,delivered,2025-11-19 08:15:00,2025-11-23 08:15:00
e9a583aed034471a9a5349b6de5ac6de,439e264fb021479cac9e049524567fbb,canceled,2025-08-05 06:57:00,
eeb5a11a3feb458a94d4c7f35f31fb50,2ead6351d68944d3a1b9f9243fe8c33e,processing,2025-12-11 21:41:00,
2db68ef00d2f448d9b38ed4bd54c9e86,a7e03a5c5802459bae4a8b9d1664afdb,delivered,2025-12-02 13:00:00,2025-12-13 13:00:00
3992b85875a6443d87d88a9ef34c5958,c6368133183d441fa48e305c98fe6758,shipped,2025-02-22 09:53:00,
df1587edeabb46629aa9fabdea3d8bcc,49020aad1d8044b4990b71c826059c07,processing,2025-08-16 06:51:00,
0ad1c8e7d9674b1b9d3290990a4fd48a,1428b3cdeaed4dacb10c3e63ad9ef35b,processing,2025-09-07 19:52:00,
9e8f258bf41443ba912ad6bca2f983c6,cf5f645125234f03913ac02b17b2a13a,delivered,2025-06-06 16:13:00,2025-06-11 16:13:00
7c04cd5467f14b9aba09360bf9bc48d9,a6da74a2dfd84d6fbaa21a46a04c3ea0,shipped,2025-04-08 13:22:00,
e2d2da89548c4a959c6a95f77646d64e,677f75d49da84712b87334a1b977ca72,processing,2025-09-20 15:14:00,
f4088250d57f454a91cba62f60cc72ae,41996235ccd24a438e2c568341897928,delivered,2025-02-05 08:32:00,2025-02-19 08:32:00
8b68fd4bac8842fd9abe12b422108bad,d32b7bda9a2e4e68966698aa1e7da9a3,delivered,2025-04-12 18:55:00,2025-04-15 18:55:00
c8a73b5e337f47909e650c460819b01f,d827faddc0f74d53b6faf9f24d8b6ae8,delivered,2025-09-04 16:01:00,2025-09-12 16:01:00
e52617cce4034b60970252832819c5e0,8b0ed437d6334a2c85d8bde2fd286e79,delivered,2025-04-23 13:46:00,2025-04-30 13:46:00
4173da9e51c4402a96c249f151d8127e,ba20fd71d61b4bd49c267ebd26649431,approved,2025-02-27 18:15:00,
311eb9d7fa1c4909a1b5d589d7e5ad22,a73c7205b042478c8290bd3b58cbc35b,shipped,2025-09-03 15:55:00,
615fed4a90e74fcca222fa58b4e1cf1c,d2e985459b02454f861cea643240263d,shipped,2025-08-19 13:26:00,
487707f37f7b4e3ab81c0e1b280f80ca,78eb273336e74ae9a66a7c91aab93ef9,delivered,2025-05-04 06:15:00,2025-05-10 06:15:00
1e792880d8a3454aad366ed18813180f,c33e8f8f171e47b5ac2564c5ecd3cec4,shipped,2025-08-10 06:10:00,
14c27965ed22421abfa128cf3d7cc0e4,3cada8b8cd6c4ac3a26f37dd74c5cdf1,processing,2025-04-06 10:25:00,
0bd4d58c86974b9783f49ba039af7681,dd6d77ebd8dc41cca5dd2ebae12fe7ca,shipped,2025-08-19 10:40:00,
9c1ad3fdc1214791a544de8f8b1d0432,decf67f4ce8746eeaaa844db0777796b,delivered,2025-03-08 11:38:00,2025-03-14 11:38:00
c07020731a084f3ea0578e527b96710d,21569511c2ff4d178be65c4c80cc6f2e,delivered,2025-09-08 16:05:00,2025-09-11 16:05:00
9f93ac3436834f1aa23566c30cf22279,20dec5c691cd4205ae06e9ecf2931fe3,processing,2025-10-19 13:38:00,
db8ecad2eda54ad4a95bdc62dfbfff26,0c33dc2991504bb290e73dd96f81a7a0,processing,2025-05-16 06:36:00,
e70ee9e46840455e9f6db333edb208fc,763e342296b44beab5872e94b49d2e69,delivered,2025-08-03 20:54:00,2025-08-13 20:54:00
34cccd53b3a14e8a85607d1f876a6105,051f0c844ef7418884eb93ba617e783b,approved,2025-11-20 18:17:00,
d04f8d02d17547988ec313c8a9be72eb,f3562250ec6b464b805efd376ec370c6,shipped,2025-12-12 22:42:00,
2a2cce3cab854d7aa78b34b3ea5c384b,308a4bc714224da99e7009b58e803939,processing,2025-08-15 08:13:00,
0d885043196a44b0bcbb4b88c896f6cf,bcc3a0ba175a4ff5a6f53b0a60c0978e,delivered,2025-10-31 10:50:00,2025-11-10 10:50:00
b10b5efd6e1944e69e05197fa03a766f,1a1611f6fe25463bb48963de504e4c60,delivered,2025-03-27 09:13:00,2025-04-06 09:13:00
680ae1ed6e2e49eebc049b677a28be01,b8a5d00822cc4e8dbb608c5fc1ca8588,shipped,2025-04-22 10:05:00,
2934e53fbc504abfb3ad0308bdd070cd,97c532409df243b7b6903b6e986c6fa0,approved,2025-04-28 07:56:00,
577ccd07a40b42109e02b4ad7ee85a5e,0536a5ffe3bd477980278ee5d6f2ec74,shipped,2025-05-29 11:39:00,
cfe5e61fbafe498cb1541faf4097c2ec,8fdb2c529929433b8fb89a856feacd13,delivered,2025-04-08 06:48:00,2025-04-12 06:48:00
54e72a2ccf5c441391628efd6151f8e7,9d55d113d48f41c3a81c3098718e3a33,delivered,2025-01-01 16:55:00,2025-01-11 16:55:00
2d407102a8ee4599b93e7d7e76a3dfda,d3536982fc374c28bfa653b0d712b9f3,shipped,2025-01-14 11:01:00,
21a00d6e10284e4fbcd93bd5636faed3,2739bc6fac67417c9722d38ba6ef442d,delivered,2025-01-26 06:53:00,2025-02-08 06:53:00
d6fd31dcd0634ecc825f84abf358a123,5095c17c5b2242229f0f967164c3f443,delivered,2025-07-21 12:05:00,2025-07-31 12:05:00
8dd7590e2d0641b1a53c6a02a33468bb,6be582ab504a49c88cd37b11a024d19d,delivered,2025-12-28 11:14:00,2026-01-09 11:14:00
736a9373c1e3485480391c8545982d4e,fdfd6f6eb82c429485f6142fd066f4b8,delivered,2025-09-27 21:18:00,2025-10-03 21:18:00
de65638f39914398b41b51307b6a9da7,4bc9c7d55c00448d94187b67af3afb4d,delivered,2025-05-06 06:22:00,2025-05-11 06:22:00
bdc53c14b3a64df5a19aa1a2d1071383,8023b422ef3b4523ba5061f03097a8d8,shipped,2025-03-09 21:26:00,
f33525e8735a4dc1b45d2812bf942c6a,a10e8d44afd14a9b9941da74a1fcdad7,delivered,2025-10-28 21:24:00,2025-11-11 21:24:00
eec0912a2b10453692726e905c4e7b3f,b7cdb0f28c254507913c9c534f47259c,approved,2025-11-21 11:20:00,
976c879f15b345dc9e10883375b332dd,0c8a3cf64bc848d3ad523224e40d836f,delivered,2025-05-06 20:57:00,2025-05-14 20:57:00
8cd940d23f6a4d61a97462d4a93d95bf,9da9d70f4e294fa2894fc8da018bf1ec,canceled,2025-05-13 08:14:00,
cb4e3191458d4a59a4396776ed9b67d8,e99204bc838e4e4082fcf3b6ba18b868,delivered,2025-03-16 06:14:00,2025-03-25 06:14:00
00889b2c2beb4fe0ac744968903eee24,e09f341a53e84baaa12e8fcbc6efba2d,processing,2025-11-12 15:04:00,
94035b5cbd0743b78104e0c7444681a5,dfdaf5dce1fc40cb9df8a44f45234783,delivered,2025-06-02 06:06:00,2025-06-07 06:06:00
1c1f7c809e3e4f1bb8cadcd7e770f5eb,20d9adaee7be4894aa45f6f0de002983,delivered,2025-08-30 15:10:00,2025-09-10 15:10:00
ae191cc199a74f2189bfcf18ed26187e,2e3ee94c713449579ce374c8b5400556,delivered,2025-04-14 20:06:00,2025-04-24 20:06:00
49967147e23e451dab32a3e60c5d26e0,688a29658dcb4194ab9f2fedab77499d,delivered,2025-04-06 15:00:00,2025-04-20 15:00:00
b5edd557c9cf4523b697fbcfdbd17b93,dc01184f298f46f3aa66ba29a56e2b4e,shipped,2025-09-30 22:23:00,
494b7854891c43ff96ac090b190cc228,0c25b32868b64c02ae647969ca67fac5,shipped,2025-09-14 06:11:00,
5269b20d02db4eaaadb6337adcf916c0,72479b58e1234933bd8206e48635a00a,delivered,2025-06-21 10:04:00,2025-06-25 10:04:00
385affd78db545c0ad805f1ef3e91add,58b50a29434c46eb8b1aff313bb922a9,delivered,2025-05-27 08:25:00,2025-06-02 08:25:00
eec5b9e69f13407ab08c80940e785c3c,fed1c68c77554d1da9889fc700de392f,approved,2025-12-25 17:45:00,
e66b39efca2e4281b5db5176a744d9a7,90493fa1aa2941ef962ee0aefe79a83c,approved,2025-07-08 17:36:00,
cdb13d37407e4937ab1b58a79291d020,f1a35044bebd4e46861f841ad69e4376,delivered,2025-09-02 07:12:00,2025-09-06 07:12:00
57089787eaa54f17a7385e1138532124,17560f1cbe73431494f6fe648d4594bb,delivered,2025-01-08 13:39:00,2025-01-15 13:39:00
4be27e4d13db45a999056d195f6d276f,c38a9a6c7ef144ac9c5b823ccb3bd202,delivered,2025-12-08 22:17:00,2025-12-12 22:17:00
17ce7d97c8c84c6fad865c617338d508,c83d961ae1294b46b09c930eca062ee8,shipped,2025-07-05 14:00:00,
4d8d217ca4eb4f4b8decb593a703f92c,352fd93880ce44728374e71d3004e455,shipped,2025-02-05 19:36:00,
afbc2f990794473d97d77f38970897d0,b09afc9a760249a89d27ac0ed7527cab,shipped,2025-08-06 08:14:00,
91a3bd7ea2fd43c8823755e2ff2e855c,d5767deb467942828fba31bcb5252c1b,shipped,2025-04-15 18:55:00,
15fec2b3a3d941649577b75c3706dbca,1b8bfb5b129249869af7d03002c1ac3d,delivered,2025-12-17 15:27:00,2025-12-31 15:27:00
c4b1ff2f14464f8884fff53bce4e20c6,fa6379bcfb7045b4a348e54c6025ac44,canceled,2025-06-20 17:26:00,
32e480588d754e0981af5139291d7232,9e91ae070c80459aa140840aff4afd2d,delivered,2025-09-09 20:08:00,2025-09-23 20:08:00
4b44a334847f4984a722e9057e561080,eb862f1eb8254f1490073fd83bc3b20a,delivered,2025-06-26 08:30:00,2025-06-30 08:30:00
681fd3bd267141b7bef2491c267dc338,3aeba5f4a6a24bb780da2d3aeeb676ff,delivered,2025-12-19 15:29:00,2025-12-30 15:29:00
49738979407a44318298cb938b4ad527,d38d11389b404a0babc5e8826878a0f7,delivered,2025-01-22 17:37:00,2025-02-02 17:37:00
e84fb4337225459f817aacca7ac2f8ae,f45985ee6a164b69896b971a0283db29,approved,2025-05-23 18:06:00,
4b9dad85f33040e2b4dd1f17233c5d79,d5a2aa73c85b437b9afd9db9cd9a9e60,delivered,2025-04-26 18:03:00,2025-05-04 18:03:00
ed1108d0af124adaa77c65110528af23,2fb62b822b2a4f818663959286163559,delivered,2025-05-29 21:46:00,2025-06-10 21:46:00
b625d39999074bd9aa39838cb83c5724,836c707de7a54272a25c5d794c18d424,delivered,2025-12-23 21:19:00,2025-12-25 21:19:00
6c9b808ada254653ac7a6ca8844b1316,77af3420f7d34a84b75e1b6ed28cb7f0,shipped,2025-12-17 11:24:00,
6bc1b5e8ff4247519dc621eb853a4fe2,43196c25f21c4e41b20849c92c758587,delivered,2025-09-17 20:58:00,2025-09-29 20:58:00
4f15cd79c02b4f9194246974c90f6680,2b73a99a9fc74fd1beb832e891684b8a,delivered,2025-08-18 08:06:00,2025-08-20 08:06:00
2a005d40dc644437ae69f4c3df6f68bc,de050fbd717d4c0a86ec5d161ce0b46c,approved,2025-09-18 07:57:00,
1518e95724fd479c9808d8ba8b27bd77,cb4f2c0f861b46a199633c9c5107d2ba,processing,2025-03-16 17:43:00,
8f0b697aa9124fdea03ff24d222c6239,0ca87b66706348b886507ac90a65dce5,delivered,2025-11-15 22:59:00,2025-11-17 22:59:00
62a00f324db8457ca49480179a946d7c,6ca91ae8eefa4b9ab760da7bba955f1b,processing,2025-10-02 09:18:00,
d6a145d1f6be47cb867e4fa41a34baa7,2081996722e64795aae3d1874bda54b6,delivered,2025-11-22 15:24:00,2025-12-04 15:24:00
d7edbd15413e41fb9c07df195740ebd0,955d88268eb84845affd090c1ac2acb3,delivered,2025-12-25 08:11:00,2025-12-31 08:11:00
23a1b0bd2e4042a793b1b2f4bed9b14e,15dfce279a964bdc9928776012cb7b72,delivered,2025-03-15 19:03:00,2025-03-23 19:03:00
ecc4cc18ba0a479892843f9214872684,08f2eafb94bb4bdfb0344b9aea45621e,delivered,2025-10-12 11:50:00,2025-10-25 11:50:00
64571923331b4ef99ab9bba9d0a0d476,1006a0ce50fe46ecb20d80b3fba15556,delivered,2025-03-23 16:52:00,2025-03-27 16:52:00
af14ca1df2c240cfb6ec479d6c567c58,c818b1d47951485698795df705e34df3,delivered,2025-07-30 19:28:00,2025-08-09 19:28:00
a268dbe478e248aea06fa90f92cc23cb,7ce198ca69a845e19061b865625f4042,delivered,2025-12-04 19:30:00,2025-12-11 19:30:00
2173b390040a4233a4425dd8aeb832c2,309d362d5dc5418d9a5d16fde968c388,shipped,2025-07-30 17:37:00,
2d3e7ec20808432f9a32ed8c54d7e5ef,de1a3109ab2c4e978b877a4cb624a79c,shipped,2025-10-12 18:14:00,
f7ee0c0b13104a8d994665893f9307c4,d5a2aa73c85b437b9afd9db9cd9a9e60,delivered,2025-11-25 22:22:00,2025-12-02 22:22:00
e51dc4d51dd3468f9f218b42c2c789cc,8ef52c1fa271444a9fe5b3035d9d3b7b,shipped,2025-02-26 08:49:00,
75d1fc49402e4bc092558b528dec6c3b,dafba80d13af4c51ba74077268d69fa1,shipped,2025-09-04 10:18:00,
d0a085018a8a419aa8fd94470f529154,82e63be08f3c41b695774feeda19086c,delivered,2025-02-28 22:46:00,2025-03-09 22:46:00
70bd99ad73954ccb81188d486c044987,da8032b2053b46e0bc010e1e07324746,approved,2025-04-12 12:30:00,
a06ef679425b4aa899c1f54391bcf511,27be9a3f369841f4b18075c3c88682b0,delivered,2025-08-22 14:28:00,2025-08-26 14:28:00
f364734a15c34f8f856b935ad6a679d9,dcd365e499004e58b90bd778907d9cf1,delivered,2025-08-15 12:10:00,2025-08-23 12:10:00
51a009b93f744de9bc3b3b55782b2571,1dc82ba78e984b71b9d9dfcab3f2e93c,delivered,2025-08-02 08:21:00,2025-08-14 08:21:00
3833f041dc7f47a39e3459fc510e08a0,c7a1f849177c461f8463acd00a55dc38,shipped,2025-07-24 15:03:00,
254a0b9d4b1b4509bacdfcc6538af046,18909b96f1504e1f801f3ffc65ddf65c,shipped,2025-03-10 07:44:00,
db9749dac94f4ac58956951502ceb600,dacdb28173674aab9cc0145e75bda02a,processing,2025-12-11 10:52:00,
b796cbf9089e4adfbfe413a83bcb72e0,52426db13a4c4b5d923c555e5c3519c6,delivered,2025-06-07 16:45:00,2025-06-18 16:45:00
b702162a3f9146e5833f49d430da4ebc,5512d0b0291946f482f5876d6ed8d759,delivered,2025-05-23 08:41:00,2025-05-28 08:41:00
271231891bb049b48e9007c7f06d1aa6,3aaa98f517484addbf11e0ce2a78b9c2,delivered,2025-11-04 09:46:00,2025-11-08 09:46:00
e8591b076efe4bd9b05e4cb6d26e8847,04af739973284785978c4e821f9007c9,shipped,2025-02-07 15:42:00,
a48e83aadb904af7abe408a6a06228f2,fc0f4bc14ef144a6ad8420eb86ab079b,delivered,2025-03-28 08:51:00,2025-04-04 08:51:00
1956e98965564bb09d25c2bfba45aad0,d8cc4922aafe46e28d01b269331cdbad,delivered,2025-05-11 16:47:00,2025-05-25 16:47:00
aff41336454d4ffd80c64b25fcb4ce6f,ac52c00c864d4476b089f908a193abdc,processing,2025-05-09 13:19:00,
c7fc16b00d8d4cdab23ba33d1d06530b,5d1308c33c654b77b1d1a4088283bb42,delivered,2025-03-17 17:03:00,2025-03-19 17:03:00
609ce4d12a7446f69d2bb820c3c78ae8,91459fe4a3ec4356ac0937b5e85b3d5f,approved,2025-07-15 10:02:00,
a72a99d7dc74466bbf1e03045d7f1e41,47e18a6702994b3798c1a92d49cde43d,delivered,2025-04-09 14:44:00,2025-04-23 14:44:00
c2138b95466c4627806d450b3e108ded,5ccfa02784664557bee342a8f86d17ac,delivered,2025-06-05 10:45:00,2025-06-15 10:45:00
bb83bac36b8a485c817007494e305ab5,ef8298f713b640c1b3a20494acf6f8cd,delivered,2025-05-26 10:33:00,2025-05-31 10:33:00
258ba9444f9b44c0bf47bd21f4a569a6,950e33293d4243ada2375343dd8b34d7,processing,2025-03-11 20:03:00,
ed0a560e791f45a694f1fb50efaecbce,4878c65824704caba472521f5432e494,delivered,2025-09-04 08:17:00,2025-09-15 08:17:00
5a9c94b91d5747b1aae14fe63a8baafb,48deebf85cb94e2184af13647c4ed8d3,delivered,2025-03-15 13:25:00,2025-03-26 13:25:00
4577707e27904bc4b3182d1f738a9640,678e6ccdc6b74e7c83cd211048c912b4,delivered,2025-11-26 07:15:00,2025-12-10 07:15:00
a52b882499194c08bb6f96c67bdeb5d6,ce32176982fe4c71aee733ce9ba26bfe,delivered,2025-04-04 13:18:00,2025-04-07 13:18:00
7ed92ca11c3b4ad48ca6541dcb461178,66b9169162e64b28829f263bdad7bf5b,canceled,2025-08-23 10:48:00,
c3d0b2d60c3d429b905bff2cefdb49ac,d1bd18d17a4d4c36b4fb2f445560b53a,shipped,2025-12-12 09:29:00,
71311b5ff9e14b54acc5f580d8c2042d,39fb1a1c54f04ed7b45db31de64ff02d,delivered,2025-03-25 15:20:00,2025-04-05 15:20:00
002539e7f2574b8a82ab3c835ffa58e9,336086d141a148199c4923352542f479,delivered,2025-01-13 09:10:00,2025-01-27 09:10:00
4adccdceb69344138e4891f59a6421bb,9ccea5b3c5d44ce7936cf0903477b26c,approved,2025-09-04 11:53:00,
72afd3c536b6492f820b051103ffbdf4,462a6e2b906d468eb5064f395e0027ce,delivered,2025-10-03 15:58:00,2025-10-05 15:58:00
db1926b70faf4d25bbaccfee8afd6426,897fe0f417ea458b8ae0742f5148a690,delivered,2025-01-18 14:12:00,2025-01-21 14:12:00
a7e3bfdfd6154fccb2de48ebbfa19ede,a48cd6078f0243689106014247053ec6,delivered,2025-02-17 21:07:00,2025-02-26 21:07:00
2b09f1de01d64f729600bc6177112276,5956ce5a96064f60928cf77c18ea0ef5,processing,2025-04-04 17:57:00,
8522095781254d9e87ec2929ba8eca5b,38f9b00b17d54191911b120d8ce84864,canceled,2025-12-22 08:23:00,
1927b92c25aa478b92a75e017d9ea6cf,34972bbf73514a33868f68e302351dc2,delivered,2025-10-12 18:17:00,2025-10-24 18:17:00
ff3f483d5f194930b6fb8707c796f922,cf9615a7f3ed46a483a32054fa83fa41,shipped,2025-06-23 06:18:00,
b8661c19230148fb989e355a02d4850b,e1cf87aa786a46f085182f0b9a319701,delivered,2025-07-18 06:49:00,2025-07-31 06:49:00
cd07f18ee3c64f0789f3ea51855a5b8c,f65bd7188bb941b9bf1e313775dffee1,approved,2025-03-23 22:22:00,
6b72609722a542f8a304d90bceca8f57,4681c32e0f2f469891babb24763f3538,delivered,2025-11-20 21:52:00,2025-11-26 21:52:00
8d9b54f19aa94bccb8eec0c67f7dbac2,44ffed515052456381db28c2240673bf,delivered,2025-11-19 08:33:00,2025-11-28 08:33:00
9811a75291cc4f2ab623d0e49061c851,8d5b1d9f77d24ed3a754cdab80f12f28,processing,2025-02-07 12:58:00,
b97118aded0346418da65096af4f6a7d,b1a5e8e2a2434628ae952575cd4ce2cf,delivered,2025-06-29 15:12:00,2025-07-02 15:12:00
ecf736498e124bb392d3596b689b1c83,a972b495c8ef474da6f3cddd6c1818e8,delivered,2025-03-02 08:44:00,2025-03-06 08:44:00
3ab677f00ded4068859f7172c9d5042b,3af8001384fc47b2971f9f9d40ffecaf,approved,2025-01-27 19:46:00,
3365e0df8e574ed0938f12f43a959434,56e2dac24ccf46ef80f3c051fd4c9027,delivered,2025-09-03 22:50:00,2025-09-08 22:50:00
6b510901a56845469bc8c76efe256c70,4bb868ea29764b3aa12c6e0548b5fb76,shipped,2025-10-18 06:17:00,
4c511ee566a04d5b9c49f855cc5c5e44,d614b913a1b345508671b5801daf6400,delivered,2026-01-01 08:01:00,2026-01-06 08:01:00
2f632ddd8c68409dbe89c9258af1aefe,38871e275c734f0780f65f07441ad5af,shipped,2025-04-26 21:37:00,
8ba43adb557e43dbaed522f1f0654720,83ecd727d30b4d6584f063cda27f73f7,delivered,2025-02-06 22:21:00,2025-02-19 22:21:00
b8dffbb063f84d71ba50b55fda833a27,d587572e0b764618bcc765fa1ebd01ea,delivered,2025-08-25 18:28:00,2025-08-27 18:28:00
fa30a1285a854228b5dac0ebc83906e3,90d95cbbbdf14435ae70f5108db2f995,delivered,2025-01-04 12:48:00,2025-01-06 12:48:00
67f074c59b3d43ff9a1ee25c69036d89,52b2a80660db44889f7612cdc7c25239,processing,2025-09-04 20:27:00,
064f5331ae794162b15f90d9fbd2f3f0,3ca4fcec144f4029b33cacbfebf7edf3,shipped,2025-05-29 06:24:00,
760a54ebed094be28773525decad37c8,d52acc78a3074505aca34572eee50ceb,shipped,2025-07-20 06:02:00,
be0fe04d5e1e4fbb89e73400b65de082,bbf6b044c22143809f94a428c03e4d37,delivered,2025-10-13 19:13:00,2025-10-20 19:13:00
bfe5450bc3f84b5aa36a8de8786ae1ad,b9a36a72858b496da8cf095d466f4d65,delivered,2025-10-13 22:55:00,2025-10-25 22:55:00
935e9e5c88fc48b89a205dc239dc5cce,8bde8e8cc7b2414d8616841538d6e872,delivered,2025-06-07 14:19:00,2025-06-13 14:19:00
5e83bdbf46734dfda3e170a3810792f0,5ccfa02784664557bee342a8f86d17ac,delivered,2025-09-27 10:20:00,2025-10-07 10:20:00
03972baea0e045428c3dc5358ff37055,5dcc0673000d49dcab2145fa25b435bb,delivered,2025-05-06 17:21:00,2025-05-10 17:21:00
02fdf2e205e9437a9b38e60ff96f699f,b9b9346335fa4e1a8770eb69d0959e22,delivered,2025-04-16 13:34:00,2025-04-30 13:34:00
0d8471b9e12647dca867db80cd538173,74538173235449739a34a43d622ad4bc,canceled,2025-07-16 09:31:00,
ad0224d347214b6794464d0d591e79bd,2b7c577564764d4a896671efc0a8ca86,shipped,2025-09-20 07:18:00,
9ab270e6e4d6429e9ac4627d7955158a,95bdde3f652745f8aa636d1372722dc9,delivered,2025-02-14 07:00:00,2025-02-22 07:00:00
a471fdf5855c4a03a037d930ed2b6d34,dec0ddb3aa2346019de4f051834ae41e,delivered,2025-06-11 17:01:00,2025-06-20 17:01:00
71c3cb050a1f4b9595e1a38f80466aef,c648649cbdf249fb8987a007f2a77b5b,delivered,2025-01-03 14:32:00,2025-01-11 14:32:00
dd9ec32d7d5945b4ac5687cdd97f39f0,8bb1125c09cf4b168a1b39125ab4ccc5,delivered,2025-12-04 19:38:00,2025-12-06 19:38:00
9056135a9cbe41ab858e84ceaa0b358c,ef183884ecb341b081e468cc032da19b,approved,2025-05-04 13:35:00,
d556b1a362a74decaacf598a91d65ee1,450020e9825741e08e5019b4d7c4b7b3,processing,2025-01-30 11:03:00,
256ea6cb15ef491893c599439475a856,ca947998ca574fe4b082364b5bd0408c,shipped,2025-03-01 14:38:00,
4b6834e5a7d64285a72d07a5e00c57f3,0632a1d970054ee5b0a04d77224f6b0f,delivered,2025-03-12 09:43:00,2025-03-20 09:43:00
6ca2f9ab708043c79a8059822158f096,c27fef16366c478cb61b421bec9cd279,delivered,2025-01-12 22:53:00,2025-01-23 22:53:00
a5a71aa60895429dbc7b82e9ed93a923,d93ef90f31484eda83af906b4f470825,delivered,2025-04-09 22:53:00,2025-04-21 22:53:00
81c7e1d8a0804db1944c734eeee6b16c,5e453a177ba14d86984cd77ffb0e8838,shipped,2025-05-12 18:38:00,
167cfc00550148ab877a93603d2d0ad2,b078f2618ce24c40b566985ddc344d19,shipped,2025-08-04 09:00:00,
945e4638040145b7b78de565309e327f,4d4d25ba8d13401da23e302a94fd684a,delivered,2025-04-24 13:33:00,2025-05-07 13:33:00
d193b1f73e314a9086e66546803a4e63,7b98739502a34b34b525911e44648ddc,approved,2025-03-17 12:35:00,
4b5ed3ae72e4487e8e2ab02515457be1,4a7f211219744c068c403a3969f81635,shipped,2025-04-04 13:23:00,
0c3ccb6a0b9a4d00b315e9aa679766fe,6a2226e62cd2428889c72cdb2e247144,delivered,2025-06-16 21:08:00,2025-06-25 21:08:00
098b8364544e4e68a62bf7119db40b6a,659360edcb8d4987aa5badc6e2c75af0,delivered,2025-11-10 10:48:00,2025-11-22 10:48:00
dd7bca1e135e4d30a7f8c5d281988ef4,ecd0bde68045474793f2de1d0654d435,delivered,2025-02-03 20:09:00,2025-02-05 20:09:00
de24e78d15934be0b947fcf532a7c4ba,b5fe1deb5ef34efbbff5dca0fa8d59fe,shipped,2025-07-04 20:31:00,
0ffff8910d0448189f2d36fc86ac2c4f,c09c5c544b4340bebcb7eb8a55ccd98b,delivered,2025-08-27 22:30:00,2025-08-30 22:30:00
02164ec6fb36451580a2dd752e913068,55e2b95cb59848fb9bcce7f8b130124a,approved,2025-09-20 14:52:00,
cd11f2bd6877454baaa442c67364a3e6,104b332bce35497797ef26ba791a774e,delivered,2025-09-12 10:00:00,2025-09-14 10:00:00
61ba08c785d042dfaa619111fdbbb71f,d0ebe0e33ee34e2283fc036dbc44e085,shipped,2025-04-19 10:39:00,
e06817ff4f5a47e5a65f7417d38c5955,4f2f6858f9c042e1a00d9aa23a8e070d,delivered,2025-10-16 18:22:00,2025-10-25 18:22:00
fd774b1cedb242b7b10e45e55fa00b55,39fc8981a4e145c89307320c1c0f0120,delivered,2025-10-28 13:25:00,2025-11-06 13:25:00
2f972620333944d7ad2ff524d17e2c1e,71f3374ac1a244428e13075368340cfe,delivered,2025-02-03 21:58:00,2025-02-10 21:58:00
4c94c6a2f47145a1b2155a5532de6741,c7d9c60555c64e7093fe76b46c01f666,delivered,2025-09-26 08:51:00,2025-10-09 08:51:00
906ac95d14824e5598450e7484efe37f,456f1a273ff24f41ae4e1e485dd0518e,shipped,2025-05-12 12:56:00,
6f5d9507a515436882911ea1fb45f5e7,ded97ee490484b919b5f475be28a6a14,delivered,2025-02-15 17:54:00,2025-02-20 17:54:00
ac1f7857cba748ad93f8f16b060520c7,29efedbeb626450eb2f8442e21e25f14,delivered,2025-01-04 06:48:00,2025-01-11 06:48:00
1801341dcfa74e00b11130e1b50c4448,2e3255807db14c7eba2fd26bf9609884,delivered,2025-07-09 12:19:00,2025-07-22 12:19:00
d6a68032bf17490e9731029c28969138,ed3a0dad53c44c719f82f15c1bea6572,delivered,2025-10-12 15:50:00,2025-10-16 15:50:00
b1427af1f6d94d60893274851f5c1d53,d13ad1110af04ec29cd4dffd4c03199c,delivered,2025-02-05 14:58:00,2025-02-08 14:58:00
ef093cad94804d4ca5ff2b82b5e200ec,8603e0419705477684821bb24c0094c6,approved,2025-06-04 12:56:00,
3035d59d23354948aa37f39be5d6a1cc,4b7e19dc4dc249faaea97a10f402c962,delivered,2025-02-20 22:47:00,2025-02-25 22:47:00
9511c56264604b7797433410d94af8f6,56b84bf2b8c74198a711c699d87ce0a7,processing,2025-09-02 22:07:00,
9bb5510a779846a583c2b18e7fb02b37,0bcb3126f24249908dddc6b8333a114d,delivered,2025-07-01 13:41:00,2025-07-08 13:41:00
2ef41098762a4c52866243badb3189f2,56e2031fc0004e8a8b8e9cf51400335d,delivered,2025-07-28 12:48:00,2025-08-09 12:48:00
474724063b0b4634a07776bec50c8484,75c4ead55502466494f1e6d745d32cbc,delivered,2025-04-05 16:36:00,2025-04-16 16:36:00
5ed096ea2b034bb291ff56638b121554,92002c647aab4bbf96c065c634eab84a,delivered,2025-12-15 06:04:00,2025-12-26 06:04:00
991d8375b75a46438165b3572ed1fc9b,e503204963554a75b004898ea2a96b62,approved,2025-06-10 22:05:00,
70ba0fa9d21746f3b5b1d0b87dd152cf,71c634b9fd3148e196cdf4d14d754a3d,shipped,2025-05-29 13:45:00,
a0521aacfa0340c994132a9739d51499,62144072332a47d0bdc7ab8d300a0de7,delivered,2025-06-07 17:31:00,2025-06-20 17:31:00
c8111d624d1e4582b27fee71988a550f,e4007c984801415288ba5aa6fe71327e,processing,2025-06-09 11:20:00,
0d05ea6ef9c142319d9cab653a0dffda,b7eb0516591648efa48f6850420d101c,delivered,2025-02-08 11:09:00,2025-02-18 11:09:00
e356e0ff87d849978872b8b224ac6223,c648649cbdf249fb8987a007f2a77b5b,processing,2025-06-20 10:37:00,
f1d4e42cf1ab4db586747c9a7b8a9afd,0a666d7f061d4c02920e0f851cbb3bb3,delivered,2025-11-19 22:10:00,2025-11-22 22:10:00
56bc095688b54e98bf7b46fb49601f2d,ff5a2f7f175a445c9aade6a10da4305c,delivered,2025-10-03 18:35:00,2025-10-17 18:35:00
11064d981ce94388a7a482675878de7f,d0e4186f6812408c85a10ccec30cb3e9,delivered,2025-12-16 07:02:00,2025-12-29 07:02:00
8b93a3e420544f3ba30fde33524a285c,3c067e2578e1423d856fa3dd12d863c1,delivered,2025-11-02 07:04:00,2025-11-07 07:04:00
aec706c951c94d61b432322944cf26f2,6911e8eb505d496cb024603113c8c6e1,shipped,2025-11-24 17:54:00,
c07f3dcb87cd456d9dbe592dcffa18b8,222e9a245608491da496b733fcef90c2,delivered,2025-06-05 15:51:00,2025-06-08 15:51:00
559df55f2d6342939baa60d796b10d36,08163fcff9214d8d8220a238356721a8,delivered,2025-03-18 14:48:00,2025-03-23 14:48:00
db31eefae68144e9b95da596cfa48a4f,da8032b2053b46e0bc010e1e07324746,delivered,2025-06-23 16:32:00,2025-07-03 16:32:00
d54d42cff9374d249cf3b493faa8fad1,b0a5a130b14d4b8ba0da732dfaf82668,delivered,2025-06-16 20:13:00,2025-06-27 20:13:00
440bd1e2eec24fa095dbcadff5f90cdd,d469967b5e7241519f3aa4e3e41ee2f8,shipped,2025-05-17 11:40:00,
bc47218db15143388c36fb5b87916f24,42b2ac886d2b49119a5ae687e45b5514,delivered,2025-07-03 17:02:00,2025-07-07 17:02:00
bc489ffe1112426b8f78b99f704f3e04,d95327b899b74461b4027612860b9916,delivered,2025-07-11 09:17:00,2025-07-25 09:17:00
535d1ebd88bf4eadb2e8ca10a407a2b9,13f194b1e6c54cd3a3be87c490974b5e,canceled,2025-05-02 16:13:00,
95f0e8038ebb45d3ab10a33ad917eb44,4578f9713ad74d84b54c222d252043e8,processing,2025-11-01 16:26:00,
81275730df8442218c51b0a2fcb43e7f,17ab532a8fd44758b1bd98c0818ab57d,processing,2025-08-27 11:00:00,
3c61a31e83c84ea59bb3eed0ae9221bb,59ab5ee42d234095b47465365861a051,delivered,2025-08-11 21:39:00,2025-08-21 21:39:00
252e39c3715648c7a5adc349101a4510,2e003539b7814e0da98b1b85e09d86e7,delivered,2025-04-15 21:12:00,2025-04-23 21:12:00
2a5199601d8448058939d0986cf552b5,d469967b5e7241519f3aa4e3e41ee2f8,approved,2025-01-25 09:22:00,
447fd3e092a341848a74c659fd1d33b4,28ebcb3c28434594b68c1a41d3663573,delivered,2025-09-05 12:29:00,2025-09-11 12:29:00
d004f33f77794b05acc7fc496e9088c8,0c0cd63d8c7b4f828c34a5e1fa93f33a,delivered,2025-02-17 09:34:00,2025-02-23 09:34:00
712bc5085cff45ea846d478c2d0edad3,4104b0bc4fbf4249a0e8890d10b708a2,delivered,2025-10-01 06:22:00,2025-10-05 06:22:00
111fd59bbec042568c1bedc41ae6cfb0,a28e5414d6ca4ee9978582c6f0dae585,delivered,2025-05-26 15:03:00,2025-06-06 15:03:00
0826d924301544e0833912d048e1d69a,35ecb8bed5134800bc68dd9ccf905ec5,delivered,2025-03-27 16:51:00,2025-04-03 16:51:00
ade99c4de1d9451797e6b79c62a037bf,40a7e546fbca4bfeb4796c59c92396bc,delivered,2025-03-20 16:55:00,2025-03-29 16:55:00
815422fdca7448a4b2b7f6d30bf1df94,205f062a2a524586ab30ac043fcfceb8,canceled,2025-04-19 06:11:00,
5b7cd4aeded54832a53e9fff1b5d557e,e4050819308b45a2baff0de65d4a7c4f,approved,2025-01-16 13:28:00,
595154b222514882b4accf7a2e0299a5,4ce342b56b5147edb169c673be3c91b6,approved,2025-06-27 15:02:00,
f00b89a6175d48a8a03cc91500b014cc,3f41b07ef5ae4f31adcb32449fa1f078,shipped,2025-04-13 14:49:00,
c6ce08046a5a4d39afe1482bf1a70a61,b3682a067c22475caf2996e03b3d053f,processing,2025-02-19 19:17:00,
2c9424a6fcbf4e91b65b56932f97a3ac,d1a534fc39544561be3704d41a00569c,delivered,2025-07-04 07:52:00,2025-07-17 07:52:00
f5feb972153140c99b803a9ab904df2b,95d5654486e647b0beb561fdc68a90ad,approved,2025-11-16 13:12:00,
9fd261fa5bd043f2837cb5cf238a5224,1fd6f52d250d490a8b4d0205c85d3457,delivered,2025-10-02 18:22:00,2025-10-12 18:22:00
76ef3797c2ce4ce3b734b59abd48c3f5,cab012fc6fc946f8b7279f103bf38415,delivered,2025-03-08 08:52:00,2025-03-21 08:52:00
88ac6cbe4f484e30aa34d09ad52aa888,77cd6cdcca7b445f9d9cf6c4f652915d,delivered,2025-05-14 09:36:00,2025-05-28 09:36:00
4a99c12df02f40ac99a1686c37b364f5,01ee180eecc041a08bbb98e764401ca1,delivered,2025-03-27 06:50:00,2025-04-10 06:50:00
f997f87d8ab24e77aae020f216aab49f,ff9c4fc0a2de4ac492599794aec8006f,approved,2025-02-04 17:10:00,
07db0542f6f4498d8152b0b583dfd68f,919f3264aae84d609423fc0062e2680b,delivered,2025-01-16 08:38:00,2025-01-30 08:38:00
d88d65ff85414e88a78d778ffa858396,7eb61d8856154f4a81643fff6f331f7a,delivered,2025-11-05 22:45:00,2025-11-14 22:45:00
6398af86163242bf91484271fa061400,afd2d21b9ac340a5bef881eba9e6b19d,delivered,2025-06-03 20:40:00,2025-06-16 20:40:00
67ecb18fc2c04b66a26c330daa715d04,7c03acc861bf42f2abbe98f5d00dc3fb,delivered,2025-07-24 11:08:00,2025-07-31 11:08:00
4b379250e2c24fb38d8f2643d83e8a50,5bcd288eb06548e3b114e4e1c8158d24,delivered,2025-08-20 21:21:00,2025-08-31 21:21:00
b69ef7ff6032435d8c1960048e0609cf,9ffc895d223b4f18868c31c9820fbe27,delivered,2025-05-25 07:38:00,2025-05-29 07:38:00
aaa80e98d5d8452b9b1ecd46fd6c320d,205f062a2a524586ab30ac043fcfceb8,processing,2025-04-24 19:56:00,
168f13cd8878491eaf32a0a54fe11abc,a63c88fadb1844c98ee1af816a540fa5,shipped,2025-11-25 14:31:00,
b35d50044ed94842b5ac83e322cd4eb6,05053ad7c38f4f6f8c1e3909bffed4b9,delivered,2025-11-19 06:26:00,2025-11-27 06:26:00
0fec19dc8c344f23b4124dc347291a46,58b50a29434c46eb8b1aff313bb922a9,shipped,2025-09-10 18:57:00,
f23c8eeb2c41455087213b28c482fb4e,546403ec29124e8a8d28d6276c30e5ca,delivered,2025-04-16 13:04:00,2025-04-29 13:04:00
42392d9662414a55bb19257244de4d40,710277daf1334f8fa27b06683ff6e549,delivered,2025-06-16 22:55:00,2025-06-20 22:55:00
85c1eba61aeb4e829c0c49020ea0daa4,5326ae52ee464fc49fa4064c6a3202db,approved,2025-02-13 22:45:00,
e78c105dc09f434a93b864d4f74f424a,e2e891f4ba5f45229092293585a10614,delivered,2025-01-05 09:27:00,2025-01-09 09:27:00
c2e8f1b7577741c78bc830f5ab9ebe93,d32b7bda9a2e4e68966698aa1e7da9a3,delivered,2025-05-11 14:22:00,2025-05-14 14:22:00
e0123bbab31d47298b10979cfd52073a,c4b1ca5ddd6545718ab2168b45c0698c,shipped,2025-07-30 08:13:00,
e723b6fcffe64e9ba8331bf7ba7abf22,b9a36a72858b496da8cf095d466f4d65,delivered,2025-05-14 06:52:00,2025-05-24 06:52:00
4a32ec4d4aa046b98e9e1a09203f17c5,4798a4d5450f438d94b0b0f279e27fb9,delivered,2025-09-01 22:20:00,2025-09-06 22:20:00
736d8d1822b24611b1234dc04b1c8558,54425f530a1e41d3af0225b85020b40d,delivered,2025-01-23 10:40:00,2025-02-01 10:40:00
51d0a007612f4d4b8724abeb8114e7f8,a4e03cda4c1b4bd1b439cce9df8863d9,delivered,2025-10-16 13:38:00,2025-10-29 13:38:00
11edebfc82d04391be310b7e39301f89,d0824e5bb14c4477ba8b167c88df6bcd,approved,2025-02-21 18:22:00,
e399db892b8f4d409573fb0b2cbfa99e,1e1e3da169964b948aafd074db779698,delivered,2025-05-24 06:26:00,2025-05-28 06:26:00
9bd111f138024f04be47ed56731ec494,168e8f50445049f1b5af4c1de4e4c2c5,delivered,2025-06-11 10:47:00,2025-06-25 10:47:00
374f521067c64a62a09f06845703e247,a6052707a9c44707ba563cd285d49418,shipped,2025-09-14 18:03:00,
7294a2911f864d74ab8ca31d0241f727,f0d6888e7f4040eeab265662d086979f,delivered,2025-02-01 12:12:00,2025-02-13 12:12:00
30fd6a1cfa8141ab9854d6a431a3bdd3,16fc16031dba4f96b903aa657be0feee,shipped,2025-01-12 10:03:00,
d6dc846a9e27478ca8532d8ef5e047c3,c62e6169de384ba5a71c98cc1efc51d7,processing,2025-04-06 10:00:00,
efffeb2d563e42c081cd47166ed228cc,546403ec29124e8a8d28d6276c30e5ca,delivered,2025-09-19 15:21:00,2025-10-03 15:21:00
433d02cd3f0f4661a5ecaeae5e555c3c,c89f37ebd8d940f7b72c232f772060d0,delivered,2025-04-16 14:36:00,2025-04-25 14:36:00
b9d09e09a62e432c924b5474f924b9ec,9c41957953d545d5b7aa128f646eb8c6,delivered,2025-08-17 16:55:00,2025-08-21 16:55:00
4f03969e93194b8395ab8f571dd6c9f0,49075d9e46244763af887a573836a942,delivered,2025-07-12 08:02:00,2025-07-17 08:02:00
967eece1cd7c46548b58bbe0b2144eb2,e3a02dc90f3344b5a3156035cb0bcf77,delivered,2025-03-02 22:26:00,2025-03-06 22:26:00
d6b281c0fbd54c3cbd744aa5cbbd3839,3fc41cfafc014461b01af3723c2f19a6,processing,2025-01-23 10:23:00,
62405ddf98c6402185bc70b3aa485e48,e864818807394f70933e25d47cb6a8ec,delivered,2025-01-25 18:52:00,2025-01-29 18:52:00
255d3fffb3fe49579db61dddd24cf901,802fc4041d1442bfae1158fa0445908f,delivered,2025-12-07 19:18:00,2025-12-19 19:18:00
dbe38854fd054d63bd05d357bb1ea740,4c4dc8c02f304beb96446cd2d4f3c8dc,delivered,2025-09-09 06:30:00,2025-09-11 06:30:00
f36b3f071f564b709fd9b6a757636b09,33f56e24c6884ed8bc420f1b4f490e17,delivered,2025-07-13 11:04:00,2025-07-20 11:04:00
3e564545bf0247b08af7aedb3e62a99e,9f2c6245fc7d44688c6374bd164c4e08,delivered,2025-09-06 14:09:00,2025-09-09 14:09:00
5f8248d4e1f84d48a3b4d64a49a55141,28cdf097413c464c8f31c5a3ab65f6e8,delivered,2025-02-22 17:48:00,2025-03-03 17:48:00
ea4c30d344ec42d1b821e7e2daaee0fd,c5d55a120ecb482b8c099f856d46705a,processing,2025-06-05 09:42:00,
86b9916fb64c4c6daee8a2e4f0caf099,a5e28603a9dc4bf7831eadd183de86fb,shipped,2025-05-09 16:16:00,
269b57b798b34c3595e04ff9cfbcf639,a28e5414d6ca4ee9978582c6f0dae585,delivered,2025-06-14 15:46:00,2025-06-23 15:46:00
8af1f65e603d441da11500c6ecea0346,196a990ef0bb4eebbc398d5bb8770b02,shipped,2025-03-17 10:19:00,
fdb8ba57764945249c2eb0790b1fda4d,a35dbd517e504ceaa9edfe33741bd5de,shipped,2025-09-14 22:24:00,
b3c9aa40e30940bcad9694fb2bf273c4,75c4ead55502466494f1e6d745d32cbc,delivered,2025-12-04 09:55:00,2025-12-14 09:55:00
fc3a015e28dd427bb47b09d89efab39b,bfad96b4a258451f9802fb2ba34d6aff,approved,2025-01-07 20:17:00,
6584549e19a74c409cad463d78fc1c5e,13dc90330aa243498ba8d613f8f9e582,processing,2025-10-11 06:00:00,
d58ec9bc945d4f029fd82fb32890f396,21098d5a498846939d68848548ab87de,delivered,2025-01-21 10:55:00,2025-01-23 10:55:00
bf76aad5a63b4bb0ac7769a39993958b,1df1ece015644e199fc5866e7ade0111,delivered,2025-07-09 19:57:00,2025-07-18 19:57:00
0cb150593c454e84bfd3bbea545c3bb1,5491159a33b5405f810a5bd992e97f55,approved,2025-06-12 11:07:00,
546cc4074d0a48a2ac4923f18809d038,1f7ba741abe54ba9ba2fbaf8982e6c2c,delivered,2025-11-14 11:40:00,2025-11-20 11:40:00
744ae8abe54041e88498fda8309d7ae1,48d2cba5d02d46408aebeec94ff43c63,delivered,2025-07-01 06:28:00,2025-07-09 06:28:00
310c948364ba448ebd4b7ae4cac3f962,e87c7255962f48e7a6a617dd1ff587a1,delivered,2025-09-28 22:36:00,2025-10-01 22:36:00
ed17c7c4f78c45df959e54838d239267,39d365e7b03243eabd73b1cd9cf78eab,processing,2025-11-16 13:39:00,
47b72f30b7db425a808dce6beb6b5727,ad651a345baa40d9ad6c83f557086ae7,delivered,2025-09-09 17:43:00,2025-09-21 17:43:00
dd6b4753f61f4781979379fce0057b77,f0d9fb887b1e4b98b7ef303ef5f4eed9,approved,2025-03-10 16:59:00,
c72cfbf547a641639808c5d724ebbf14,0c0cd63d8c7b4f828c34a5e1fa93f33a,delivered,2025-09-12 15:09:00,2025-09-16 15:09:00
5127ebcf7e184c3faa98876bb866f861,f1ad79a722b44e31a18b9d01254d8131,delivered,2025-04-09 21:47:00,2025-04-14 21:47:00
c18959636a614f0badae557c2f490f01,638971f2d99449faa9550a2c55bf8655,delivered,2025-02-24 15:20:00,2025-02-28 15:20:00
d9107678723c4fb58c30a1962cccba63,3ea45829ef334e52a3d25d2c42eb831f,delivered,2025-03-09 09:48:00,2025-03-15 09:48:00
6da36d6b546f4a938424e1dec8118996,6172e0534ce94b0abd26f56c6175e4b6,shipped,2025-01-18 14:48:00,
bd2be141b856421588b27ef50e46880a,1375ce9b00ff4ef4a2b8daca9d7c8e7c,delivered,2025-04-19 16:14:00,2025-04-29 16:14:00
8a77a26de6f042b6826b5bf4116eb302,77b4e5d6131d44339dee3ad5fc4ad02b,delivered,2025-09-05 08:44:00,2025-09-15 08:44:00
d2b3d82e6a834b70a8b5d330ec5ecbc3,d411410d73fa4efe906270304723a770,delivered,2025-01-06 06:15:00,2025-01-19 06:15:00
a5781e7a1db645c78b47c0aaeb2d383f,d13ad1110af04ec29cd4dffd4c03199c,delivered,2025-05-18 07:41:00,2025-05-23 07:41:00
e566bc21fe394347bd2fc47a77989b2e,1405310c7a66408eabd0cd57f6c94fae,approved,2025-02-19 13:36:00,
f51e509e54e6479d8dad8b72f9faf18f,abd0097bfe9042f8bc3dd186a46ded8b,approved,2025-01-19 17:44:00,
a752e9f97870408fb1687c7d4d2dc0ad,3eb615d9612e4a44b4f825e8f7d2e760,delivered,2025-01-27 20:12:00,2025-01-30 20:12:00
893878dbb99144f48b442fe0ba817953,5ed92fc2a26d4c85abf86865be6cfd99,delivered,2025-12-11 19:31:00,2025-12-19 19:31:00
ba0dc9df57dd4f0f9d1fd64c8dcf8ff5,72f96ee316d143a59598504c1c57fc41,delivered,2025-05-02 22:54:00,2025-05-10 22:54:00
068c701b47184c279d547946e83a60d4,1382ce26dcad4a40b0616e1951f019bd,delivered,2025-07-27 13:01:00,2025-08-10 13:01:00
92b720c3e7864054a011f811c653e495,0338952a8b6a4745bc497f56c0705373,shipped,2025-02-09 22:03:00,
39b2dd36cd6a4130b321cf5bd14cca12,2e427a6dbd7242c487e454ec445388f5,delivered,2025-12-10 12:33:00,2025-12-19 12:33:00
1d240e2f40ff4e88b209784787716c3b,411c0dc24446433f9a734d572655bc68,processing,2025-05-21 11:25:00,
d073c6d65cc546b88c64411856ef21db,7c547cb3da864416a6ca76905bc76031,shipped,2025-05-25 06:46:00,
feb5a1d0c1ef41a5b8e8b7ac141a6f37,6a68101f380e4f798b861a01837f6e50,delivered,2025-09-10 17:23:00,2025-09-13 17:23:00
6c8717e71f74431588c0299c8729d06a,35542a144ec44f68ac93675a39bdc2c4,processing,2025-12-06 18:39:00,
673328ab0ce34bf1b7d8d900731271b7,bf09de60feda450e85e60f9efb455061,delivered,2025-03-22 11:38:00,2025-04-02 11:38:00
1a9939bdfdbe431381be5c096c5158e9,b0eaa7fba1b04212a0f75b1273f38160,shipped,2025-10-08 08:10:00,
acd2448effdd424283ee813fd6cc6f8a,42974f8a45994a2f8a9c951689ada8ae,approved,2025-01-04 08:51:00,
5fefb04622984c40972424c97d88f429,dc5c583da1634fe886af9c62f4a22a62,canceled,2025-08-28 21:44:00,
15952002152a46c5b26c1b03569be5d2,9df95f7cf7c64235a43f99cdd6b84216,delivered,2025-12-19 22:11:00,2025-12-28 22:11:00
23615cbb57cf4e6d8254f345db28ecff,4eee9aa7cc0148aebbb34b5bc30f97a0,shipped,2025-03-01 20:37:00,
d369424883604ec2a159e6652356a85b,0472d418391140ed8803e1d1bac8d611,delivered,2025-09-23 16:40:00,2025-10-03 16:40:00
404b6284883740e1bffd9b7917256929,0a45594b0ec2409a914e1287deca5292,processing,2025-08-12 09:09:00,
130d3f87999641e8af543e24ab21210a,ea780d43054a459387d22e9b2d9732e6,shipped,2025-09-08 15:46:00,
d8225794555a4538be77ab1f0de73db1,50074baeb01c47558612c439c1a60c45,delivered,2025-06-26 18:23:00,2025-07-05 18:23:00
b70c425ace05483fbbf41d4ed832d088,56e2dac24ccf46ef80f3c051fd4c9027,delivered,2025-09-04 16:55:00,2025-09-15 16:55:00
ac75426569e2436e9a355e97e261be0f,0010c6bb36b84d5499206c2f091606a5,delivered,2025-09-30 08:13:00,2025-10-04 08:13:00
2c4ff72b8553404d82fd398e2bbb84fa,42f1fd589c7a4b5e8697f155199bbbf2,processing,2025-03-01 22:00:00,
34ff4a6abf4c40398a209e173aa241ee,3e3c3f411fe84607ac461c9821da8a81,canceled,2025-11-12 17:22:00,
d96f7550901a42f092a45e408ffc1adb,00a8e1396cfb460880818364987d6306,delivered,2025-05-21 16:28:00,2025-05-26 16:28:00
28747ec643d44270afae022fb2b9be5a,66127a55a3e74c90bb8c472ea70d5091,delivered,2025-05-15 07:51:00,2025-05-24 07:51:00
a6010d938c954e2da4f01a44671197d4,3254b61f0fd44a50ac936b5b5e03b703,shipped,2025-06-05 08:12:00,
294608a278de42368dd2fdeeb8f56f38,627a73e3d91d4e98a049608cb3246e61,delivered,2025-08-09 17:09:00,2025-08-18 17:09:00
3eb2faf1502d4469a761ecd44e523e95,270dbca43e284d629f2ce105c178bf62,delivered,2025-05-15 17:27:00,2025-05-21 17:27:00
c47816de927e47f59efaf6f03a490a28,54d62987858f483389e3c5f170cb2373,delivered,2025-04-19 08:40:00,2025-04-23 08:40:00
ed1921c803d34eea81cbe2079d8da503,01282d30400643c196c3c6656c0f1ac0,delivered,2025-09-28 11:27:00,2025-10-05 11:27:00
3abb7fedee1a426e947460ee3d4e1c92,c6ca79fb4b2d4b5a865332044aba6f67,delivered,2025-10-28 14:28:00,2025-11-01 14:28:00
58e3ed900912417cabe2e6635033ff76,b3c0f28c14fe416f8a710be476302f32,delivered,2025-07-27 13:12:00,2025-08-05 13:12:00
97e3399cf7474ae59c81d70d28e4678e,af924fed7c5b4705b22fe7bf07a7a4c1,approved,2025-01-18 17:07:00,
681bed4cffcf47f6b789b7c9aa626e70,9cbcf6b3169f463e9df2dafca9360832,delivered,2025-12-16 08:43:00,2025-12-30 08:43:00
6b47f7083dbf4ee2bacc36c46b7b9d3f,268df2bc79ce4c7b96146df728f62d1b,processing,2025-03-21 20:46:00,
eef4b9ecf17a4338a302b99f766235ab,bb6c1bad6a5a4aa883a29bb402293219,delivered,2025-10-11 14:49:00,2025-10-15 14:49:00
afd1ed2c99284e2d9fd425989d474b53,dc593239a49d4948aa3914066868c601,shipped,2025-02-14 21:44:00,
7c7f834104af4cf487daea7a83badd73,9523955678a643e7be509520da388fe9,approved,2025-03-22 13:07:00,
953e6d85a96e4cdaa75e30c9ced923a3,d8ee899ff9444ba79e87033f40a07912,delivered,2025-04-21 08:44:00,2025-05-05 08:44:00
34624d0d9932465da3d15aeea6d8e081,d65be64b22ad455ea60675336a2e8c3d,delivered,2025-09-05 17:31:00,2025-09-07 17:31:00
d7b0710a1b3d4cbb9f45589ee15acba8,f538a19f22fd47f0899468a22220c90b,delivered,2025-01-15 20:54:00,2025-01-18 20:54:00
63d5b5ddf3f2440e898ffaad344cf15e,d51a2fde045c41a29ec3e8d4aafa49e9,canceled,2025-10-02 08:17:00,
d4bdbeeb6e764287b01c3d563b21bbdc,194b2553b0054c69897bd34fa68a834c,delivered,2025-04-28 18:09:00,2025-05-10 18:09:00
1b02f6d397e8423cb0ac043337569e68,e7f8184de3584c6197ed745d6a71bda0,canceled,2025-05-17 22:54:00,
d5d20594d94844b8bb613cc76d3f514a,197734af201f417a85df55ab33edfc43,delivered,2025-08-26 12:07:00,2025-09-04 12:07:00
84ead608b9a744e5a653eb86e1b07f29,5b8af8ec63584faba5085d0fcf0c9e83,delivered,2025-06-10 10:37:00,2025-06-19 10:37:00
b7cb0684f40b422d99adfb89b99ab395,b89a9f04ab8940619bb38b73cbd79282,delivered,2025-09-18 14:41:00,2025-10-02 14:41:00
1d1149f8b9c146a783d66b34a36c242e,06d34e0b7b664967938d25048ef7d39b,delivered,2025-03-05 10:25:00,2025-03-08 10:25:00
0caccb75cc804e25bfc2dba956e79866,6fcc6e78a47243a7a3d5996affc367c3,shipped,2025-12-07 17:43:00,
75dcb9280f2f4938b190648e4ea7c486,fdd2599243194722a73488b659ac4092,processing,2025-07-24 10:28:00,
1a1d6e2708ff4b92a91aa538aa3c0787,0342e4f18b814c0cbfc1baf90081b415,shipped,2025-03-24 07:53:00,
cd4448b399354b9f8555bb365fc460b0,53781c6720a14c6aab24658ff435b340,delivered,2025-11-14 09:25:00,2025-11-17 09:25:00
1ce191395b3a4eeeaacf6f927de458c0,9640ad6e92514572b828af5d944a9208,delivered,2025-02-11 09:57:00,2025-02-14 09:57:00
3b4456cc39ac449e9f44e2c5a6a751b5,1acb0d7240364008801b7c7e6230b71a,delivered,2025-06-03 06:18:00,2025-06-16 06:18:00
3e6640f2500247d3b9d4f4e96080467a,4e9739cc49b340fa8304e6b63a296299,delivered,2025-12-03 21:14:00,2025-12-12 21:14:00
511944160ed8467095d218b00b6e3224,ec4f8f41845e464ba9fcac4d2b868eed,delivered,2025-07-11 10:07:00,2025-07-24 10:07:00
079bc3575c1c4ab0a53af9d4e01199e2,3af8001384fc47b2971f9f9d40ffecaf,delivered,2025-01-02 10:02:00,2025-01-11 10:02:00
5ddf62c9eecb4de99ad69fd2acc88054,3ea45829ef334e52a3d25d2c42eb831f,delivered,2025-09-05 07:40:00,2025-09-08 07:40:00
3b5cf0373bad4dcf991d4c71789d81eb,eb9c81db7d0a4354b8adcc0f91c91e08,shipped,2025-03-05 19:08:00,
7edcd004800f49e5a70d6cf934e09dc4,2cefe5b3939843e1b4f12788c5c3d6b1,delivered,2025-02-03 07:53:00,2025-02-12 07:53:00
3bc8162ef86249a1a5ce78406b931347,48deebf85cb94e2184af13647c4ed8d3,delivered,2025-07-22 21:27:00,2025-07-31 21:27:00
450f3384a4b7455e81a36b79f4005bfa,619790b1a6dc4580a539b6dbfbb14c2e,delivered,2025-07-26 18:53:00,2025-07-28 18:53:00
3eed85a0c2c04dcfad080cd38e8ab149,01e8bd04824f48958394e62c41616bff,delivered,2025-06-23 22:34:00,2025-07-05 22:34:00
743f96a16ddf4b90865ac7d355ac17ec,04eb41109ced4aabb5690f1770228af9,processing,2025-06-09 14:42:00,
68212f2cfce746e697c94daa40c91bd0,96f9890be12e4990944da835920e9b6b,delivered,2025-01-30 14:46:00,2025-02-10 14:46:00
7fa91e94550f44b1aa293438e079dd7b,31c74c91476a467093a26da519f20298,delivered,2025-05-30 17:14:00,2025-06-09 17:14:00
e8e22e352b7f44d0a85e7f3b66ed4e65,d0b6c1c16ce744c89e0da86decdca9b5,delivered,2025-05-30 16:06:00,2025-06-03 16:06:00
47a3e75535d84e36abd19c2d09b4c67a,3bb785340c6b4484a0e4991778900f5b,delivered,2025-04-01 21:57:00,2025-04-09 21:57:00
f1424c9ffedf4a9db1f986b17b0cd60b,1c3333fde990472daa9548d6a1f0eb06,approved,2025-08-16 13:06:00,
2fb122e5b6704cac8c6eec5d7eeb3bf3,960479941df54bdea8e3bc1a1a7e1873,delivered,2025-06-11 14:05:00,2025-06-24 14:05:00
2fb2ff33d0764adfbdb6b1fedda3acee,d06dd5e6aee24446bf5094d6432d8fb3,processing,2025-04-19 11:05:00,
e3648220813f402bb654b069354d84ad,5e7930eba0b44309bf8c5b9b7861c785,delivered,2025-10-03 09:35:00,2025-10-11 09:35:00
4fb34434863f4a71beab3d74cb016674,decf67f4ce8746eeaaa844db0777796b,delivered,2025-07-20 12:19:00,2025-07-27 12:19:00
77ea0d6d82064b939912e1110187d52f,91459fe4a3ec4356ac0937b5e85b3d5f,shipped,2025-08-02 21:58:00,
bc29c1cafd9843dbbd2683e6598052c9,1a280b3028e24ebf9f08f3fd7c5915a4,delivered,2025-05-28 17:41:00,2025-06-05 17:41:00
c2b143cae3294689a4cbc54a966945f3,4a31b0f357704d51985d5974a8f2f74e,canceled,2025-10-11 11:27:00,
da4c4dcd602e422983066b40c5ad34e2,e85f51c5042547c69f67c85664dc3892,delivered,2025-04-01 15:11:00,2025-04-06 15:11:00
fb46a5d6df7e4f7595f58fa865db263c,5ab069e9811f4da69f97e6bd4321961e,shipped,2025-09-29 22:40:00,
0af688e2069e429aa7400b5fc2b9c0f1,9cbbd46085584859ba58ed8cd69267b6,delivered,2025-01-09 16:08:00,2025-01-16 16:08:00
85c1c56e80b147dcab6eccced15dbafe,134dde5fad914bca98ed91672dbf93d3,processing,2025-07-21 11:30:00,
e73e6fd5dd254f05852c6146db04d1d2,be41ede9170b49569b5c1f9d8ec2fa6e,delivered,2025-07-26 09:32:00,2025-07-30 09:32:00
6f132d51b0a448958cd1cb5d0028d191,04949f8dea9248c88ae4e4b06283ecf4,delivered,2025-05-12 06:45:00,2025-05-22 06:45:00
218a1fe47f574a22a178896fabee0884,0147f1c4837b46dcaa0cb83e18e4df95,canceled,2025-09-14 20:16:00,
6a398a183ee84b03b61910bc8c54b091,d9063846d8ba46c796ccf1b47b4235ff,delivered,2025-06-27 15:29:00,2025-06-30 15:29:00
8627f5187a484459a1bc5a678e14d6b0,ebbdfa0debbc47fba4db29fadfa83725,delivered,2025-07-12 10:30:00,2025-07-19 10:30:00
45040a837e12493baa950e57693c1ebe,d385f997b15f4c099299f235f5a05473,shipped,2025-05-04 11:02:00,
52412a093f084e31aee21dff65d0932e,4d733858200641d09c493dc753ec3a63,delivered,2025-02-27 13:27:00,2025-03-09 13:27:00
8ade373873634867ba7fde0fb7132c8c,67960566557a4629bfab5fc25d3b6ce1,delivered,2025-03-21 21:49:00,2025-03-27 21:49:00
b5e41d1b0dff4bbbbcc4c4427f778e40,6b44399a5bd34d1eb303178fbece052a,delivered,2025-04-10 13:40:00,2025-04-17 13:40:00
91a4cd5f145e49b2adc97740701ef0e4,595e3753d00a48a786119ff0924a7173,delivered,2025-09-22 14:43:00,2025-09-29 14:43:00
7341a4e35386451f81601b373f86f556,25277e9d4d96484f8cde0649fa5d1e00,delivered,2025-10-13 12:42:00,2025-10-25 12:42:00
fd7b934c2da64b1b81d62d3181c20b9a,40a7e546fbca4bfeb4796c59c92396bc,delivered,2025-02-01 20:18:00,2025-02-12 20:18:00
c9530e58545843f48164e091beac2c3b,620df9a44c6a41aab768e7c58ab01410,delivered,2025-11-09 22:54:00,2025-11-12 22:54:00
aacdabb5b1ed4855b7deea58864ff1b3,cffd34f4df9b4856bbbc168aede14043,delivered,2025-08-12 09:12:00,2025-08-26 09:12:00
862fba29bb9b4085969ffe71b474ad5d,a8841484bee84a5faa347dc351545d04,delivered,2025-12-24 07:50:00,2026-01-05 07:50:00
e8b6999c07a4457bbdf3c5a3453f0b3b,ee51a2ba5b9c4902a3d059751d6ac2f2,delivered,2025-06-15 09:54:00,2025-06-27 09:54:00
722e196b680a4ff2be45dd2157eaa45b,14df649cbae441d5802f0370a9c0772c,delivered,2025-05-18 10:20:00,2025-05-28 10:20:00
066a925372794761a12e775cddeb4d05,6301884d49b945cf94679654c5a1a0c8,delivered,2025-09-23 12:12:00,2025-09-28 12:12:00
0a6ea01e8f644a72bfb2cd65c7f72ee1,5e07ffdb19344d6eb8073034a4e79533,delivered,2025-08-18 19:35:00,2025-09-01 19:35:00
e1123bd8cf524300b03fcd6700e7c016,52426db13a4c4b5d923c555e5c3519c6,delivered,2025-09-17 14:37:00,2025-09-28 14:37:00
5d2cfbf4f54f4ec098b3b746734c1164,de2fc75d8eed456aa9e48178b1aff9b1,delivered,2025-05-19 20:29:00,2025-05-23 20:29:00
df71fa8f8ffb4180b93954737c34ebfc,10554503291b44898518e1020ecabcc2,shipped,2025-08-20 10:32:00,
e0552174775e44f2aaf68760e82ced5c,898c76528759402c94f9b035754a95a0,shipped,2025-03-13 21:29:00,
1927b0988b7f446e8a7ba79bbe56bad1,47ab0dd8e8cc4b278e62fcaff56787c9,delivered,2025-01-13 15:50:00,2025-01-21 15:50:00
cfd43e7d93bc4ba597a773c3b0dc11e8,03a750ba0544445a9faff18e7c37c0b4,delivered,2025-09-12 09:30:00,2025-09-17 09:30:00
2668f508b7b5488bbce76639ef08bbd1,b89a9f04ab8940619bb38b73cbd79282,delivered,2025-09-26 16:28:00,2025-10-09 16:28:00
f29ff0fb64604aadaca91a239279ebcb,42b2a59472154a00b651cff6e36b52a2,delivered,2025-07-06 11:58:00,2025-07-09 11:58:00
710e610b09b44e98b5eaeb117935ce5d,b479efc600554a308c3d0b750bb1bb11,delivered,2025-03-26 07:44:00,2025-03-29 07:44:00
9aa0f645c38549d386bfb1962c2bbbe7,0cd3975bc5464327832aecd1fcf3b232,shipped,2025-01-26 22:10:00,
f4d0285e82f547f4938a401d50a03b61,c0c097539819420a94f5d4889ea7d9ee,processing,2025-11-06 16:16:00,
0a556214b4344ba4921e783948f4650e,0c33dc2991504bb290e73dd96f81a7a0,delivered,2025-11-29 16:08:00,2025-12-02 16:08:00
a194d466f9a1493bae1c0088a9359f6d,bcf0a8e3d6d7455ca3f68fd80a4b4930,approved,2025-02-11 10:07:00,
d073fc632882491c98d96b3ad0e6369a,2e3255807db14c7eba2fd26bf9609884,delivered,2025-06-09 19:15:00,2025-06-14 19:15:00
2176665132fc485b84a5e14e1a12688f,6b7dcba1f6bf4dfdb624bb30abe5e5ab,delivered,2025-08-31 14:09:00,2025-09-09 14:09:00
cb4ae1db36f7423084a6b24f64267e47,0386f175ba474a0680228d215d9b8db3,approved,2025-01-24 09:29:00,
c3bba25f20bc4795b567f4c6e499c485,81f189245fa24fa19fe33e66b978e902,delivered,2025-07-12 07:44:00,2025-07-26 07:44:00
d76653ddbc5542289d28a6757ded8a92,2d00e50f6d8347bbb36452a7f5d2b88c,approved,2025-04-11 20:03:00,
5f7a698dc2a74e3a87d4d05fdb783f40,71c40f59e8354c85a6232f9d702cc868,delivered,2025-11-21 13:24:00,2025-11-26 13:24:00
78957e7e2d2e40d8aa6e06717fd181ab,4948984c99634cff97590c64885e2669,processing,2025-11-09 22:51:00,
50bd6f5269cf4f59b14120b7cda9f7e8,643177893a544ea5bb211654c7370d65,delivered,2025-06-23 08:57:00,2025-06-29 08:57:00
82bcc1baa2394bc8809b1d88d242d53f,e4509ab4ca444e3894da75680ea71409,approved,2025-04-21 19:16:00,
928a05f4f573473791212c2507d1b22f,ee66e7ce4d774bbfa93e270eb7cb653a,delivered,2025-07-15 07:22:00,2025-07-21 07:22:00
b5487e3c162f49f08059e7ebb8677c16,d1d89388de7a474ca8756b2fbc836992,delivered,2025-02-08 07:50:00,2025-02-19 07:50:00
4cc105ce1e134cf19ba8cfa559be228d,27c3c4144da04df2b49a7bbc9d293667,delivered,2025-03-05 11:20:00,2025-03-15 11:20:00
f3a22c55427346ada0de70544da0555e,09d4731331e04171974573ac66702d8e,delivered,2025-09-11 19:51:00,2025-09-13 19:51:00
fc8aac3aec564b2f95a7936281829967,31c74c91476a467093a26da519f20298,canceled,2025-05-07 06:28:00,
c95ef56aaf8042a9a059f16b311ca658,35b9f5e5beef476b856a56ee2d41aef3,delivered,2025-05-23 19:03:00,2025-05-25 19:03:00
c8f14de8278a4773a36019b559bcb33d,5f2b92bcdf2e4bcbb82da897169dcdef,delivered,2025-12-28 14:03:00,2026-01-09 14:03:00
193808575638491cac3a36dfbcb355a1,59ab5ee42d234095b47465365861a051,processing,2025-08-12 22:22:00,
301e1dbc8a5c46cfbc1895d5dd2d869e,9862cf9e4e954d41b797e5dbeaa70ad1,delivered,2025-11-01 10:20:00,2025-11-15 10:20:00
5955b3e215084a348b8c232f6cbb5486,0b2099d587904e75997c19850a962f25,canceled,2025-04-29 13:16:00,
e6a843de7d8d454caa362630e5521724,9c2bd129a5e64cec8b8070d2086ccaf9,approved,2025-07-15 16:19:00,
dbb186216a21481c93e658b2fc1e2745,b9c5a2fe662c49509a40d1fc21acb459,delivered,2025-01-03 10:11:00,2025-01-05 10:11:00
98d12acbec8645908ef903270d988fb6,ff1902504c5c4bbd805f3819253d9c3f,shipped,2025-08-05 14:24:00,
25d681ac3f7d4786901ee88c19139381,4e87f401f45a46c6a10042471e094cf9,delivered,2025-12-29 21:57:00,2026-01-10 21:57:00
abd50779a4a641b2b1b90ce87d1b380b,2332b9589a384cb9a2095534511e9619,shipped,2025-11-12 16:36:00,
445e5cc636bc4d9184ef3cb5ad0c2012,d11f9eac35ba41c895a87ea815e141cf,delivered,2025-12-10 21:16:00,2025-12-14 21:16:00
1f74bfcacc7c488091b15de0df16ce68,62d8db580c704114beb09ee049cb03a3,delivered,2025-12-04 09:57:00,2025-12-08 09:57:00
6159544a4ccf4895a18d5b7619f910f9,5927c018aba64b8a901247d27af66bbf,shipped,2025-05-28 13:40:00,
aefd4b345195412bade773c39a0bb0ea,e51610416da847e9baea4cc635dff55b,delivered,2025-08-25 16:11:00,2025-09-02 16:11:00
62bc07da6317432eb117416dae3bf2be,4d4d25ba8d13401da23e302a94fd684a,processing,2025-09-20 17:30:00,
85d10476ecc6428fae49373e292d2f5d,29b9cfa34a9d4e32b3ac6f096d0720b7,delivered,2025-11-02 08:24:00,2025-11-14 08:24:00
a8636b3591ac4f919dd59245801e0ab1,77af3420f7d34a84b75e1b6ed28cb7f0,delivered,2025-11-15 14:24:00,2025-11-25 14:24:00
0373d80bb09d4cbbb0d0d71c7a0c47d3,83ecd727d30b4d6584f063cda27f73f7,delivered,2025-03-07 21:25:00,2025-03-15 21:25:00
d5f2b32a0b204fe89d8da62dc30e9012,36f022f6242f4361b71d2ed9f9068f63,delivered,2025-04-22 22:17:00,2025-05-02 22:17:00
34480444e3244aa486934770ed85167e,d155d988dc83457bb03d9ff35cb4933e,processing,2025-08-23 10:49:00,
93eba1cf52ee45d8b5471a85a68050ef,62620f30489f48b4bf6ad7d4469b7a54,delivered,2025-03-31 16:30:00,2025-04-06 16:30:00
c96aade29ffb4e29a932b0810abc9af2,5f67f1fb1aad45aa9646254ecdde6a19,delivered,2025-06-28 12:11:00,2025-07-04 12:11:00
d44dabca5c8340a6a6f65b4290c9da53,f56727282c2a4a199ce8cfa23a458189,shipped,2025-11-23 18:54:00,
c42a596db6b546a395b0b3d934f62b49,6a31f72193484427b75ec73f9794f199,shipped,2025-02-25 22:00:00,
42c18343db6c4724a66364da9cc1d37a,a07090a5eb634994aa3296d9b0f37ee0,delivered,2025-05-20 11:02:00,2025-06-03 11:02:00
4b4427aba1264a77a22ffbc3139ff9dd,ff9c4fc0a2de4ac492599794aec8006f,delivered,2025-11-18 13:39:00,2025-12-02 13:39:00
0e77d387a73a421ab1c1fdaacb2387a6,47baeefefc8344218ff39a4c3451daa7,approved,2025-01-28 07:45:00,
96c98af959f54e1499668a2871cb0480,4d2141f00f7940439da9bb168d7f5098,delivered,2025-05-13 12:21:00,2025-05-27 12:21:00
67c68725efaa4747b29bb6feb1ee5824,170ddb3b40c34c908c40b2d31986868b,delivered,2025-09-07 20:11:00,2025-09-12 20:11:00
308ad2af181249738dd2d0774706f2e0,98aa067a51084eef97a717d8b6c1d8c6,delivered,2025-08-22 17:04:00,2025-08-25 17:04:00
02465230455b40b9bce2fa83f33c6c89,de3216cab67142ecba640f2ac9961c26,delivered,2025-08-09 16:28:00,2025-08-20 16:28:00
96e1c8716d99427c9bc52ea9f2622b8a,d11f9eac35ba41c895a87ea815e141cf,shipped,2025-10-13 09:00:00,
42f143a4db754b1ba2abf659e8845cd5,1edae9dc5894493d941a3273b658b03f,delivered,2025-03-12 11:16:00,2025-03-14 11:16:00
cbe3533c57a7487291d09229aa8f4d31,c7defa2bae1b40d28c8d637e9c4a5721,delivered,2025-12-14 11:35:00,2025-12-17 11:35:00
804c6fc8325b4557804e79564a85c5fd,2c075db566fd49d9b4172ef294eaacec,shipped,2025-11-18 16:48:00,
1331ef9f9c2e4f94906d462563264b35,6253daab070b407f8e49f368a18ad669,delivered,2025-02-03 10:16:00,2025-02-15 10:16:00
17a6b35dff7c41459516ebd934337f77,8333246657354dacb840bc93eadb592d,delivered,2025-01-05 06:55:00,2025-01-16 06:55:00
d5b2bf5ae2b844658bc411e3c3757d45,54c3545729bc46969c1751c43009dd33,delivered,2025-06-03 13:28:00,2025-06-13 13:28:00
0e95d2b1735a40688cb67889b5761182,0337ce9d1e4a400fa7f15a0d0742543f,approved,2025-02-05 09:37:00,
a44c6adecec24de5afa1e27b3328352c,703346a3d65744d4b238948f0e22e634,delivered,2025-04-25 19:57:00,2025-04-27 19:57:00
d8735b60224e4e7eba31044745ff0304,3583758b7f9945408c995677d193a759,shipped,2025-04-29 14:02:00,
b7c0f6dab9cf4a4093654ad82fc82f20,f04c6af1bc224e6bad538140692d94f0,canceled,2025-02-10 12:02:00,
03077d6febdb4bd9a53c33d35b1e88d3,abc137207f254785a1749efbf3521fe9,delivered,2025-04-06 13:36:00,2025-04-13 13:36:00
6f5a0b431b574605bdeceeb120fbd782,39bf7ce593f241069e0376091dbf6cfc,delivered,2025-10-17 09:32:00,2025-10-21 09:32:00
e261a4ab844942e58074663a26fd9886,c593385f7fea46eb9796d71887e42d6d,delivered,2025-03-05 19:31:00,2025-03-08 19:31:00
581bcb056e0841169d2bf42249db016d,c4f62879d2474c57a1f04346769b27a3,canceled,2025-11-03 19:47:00,
743bfda0240841fa92d676112c9ac741,834bfca41e174f17b0c972e7f1b00446,delivered,2025-12-04 20:49:00,2025-12-11 20:49:00
9f03c9b369fc40d49b63216deb081c37,9363c1e55ec04e10a1fa42dd380c3d4e,delivered,2025-02-17 15:18:00,2025-02-21 15:18:00
c8ffcccce1f241d3951be059e344663a,6ebfb7836b7240e58d91a6f63d6fb7ea,shipped,2025-04-23 17:52:00,
2a66ef76e0b64ee0a556ed7261c539db,09129394b77044ebb401117d50377a7a,shipped,2025-06-11 18:03:00,
57e52db5015e483394f0f0d4cf91d49b,0597af4f4a1446f6a5e18fd0f552ddde,delivered,2025-11-21 11:19:00,2025-12-05 11:19:00
a0bc7fa9d0e245f8b3ca304a7e24ffa4,2b6138bf08bf4bb28dd8988574c4b4a1,delivered,2025-07-22 22:30:00,2025-08-02 22:30:00
6642fa9f0e9d4b988a7ee93fe9cb054c,f83817c96f024710ab1cfadeabfbeeaf,canceled,2025-02-13 17:22:00,
10b3db14bb2f425c9cb7861469115766,baef5bd1f41f49fc9f55b074010ce12b,delivered,2025-01-28 12:44:00,2025-02-04 12:44:00
18d7d9240b6d4bde98e84b30a2f2260c,687c982b68fd4e6f9d231a7d6cb0e829,processing,2025-10-25 20:56:00,
896fb7d134384b3d8ea5f590b9aa3ed9,d4bd454670da4f6cba6bacc7ec38959b,delivered,2025-10-05 06:35:00,2025-10-14 06:35:00
20721ebae15241a083d245406ca47cc1,1fe68038734b48c28c1e13c1f5593ea4,shipped,2025-05-29 09:29:00,
b3ead2a92124447f9477ae1e75c17be7,28b019645eb7482183ed1e06d425d0cd,canceled,2025-08-30 13:39:00,
a39ccd522c7644ad8acc180ede8c98e3,dec0ddb3aa2346019de4f051834ae41e,delivered,2025-04-23 15:47:00,2025-05-06 15:47:00
1b803aeb4b1542a19590acf7b22b88fa,71465717997f4e379d66f5f508d107c6,delivered,2025-06-18 21:11:00,2025-06-20 21:11:00
1e07efdc430c4aa9b0f3d5381779a9ef,8790aeea94d84107b3d74951025b1b8a,delivered,2025-06-12 11:07:00,2025-06-14 11:07:00
bf7dd4a01c2c4c07a98c1c249c05aef9,bd833cbd113d40b69d7fc155cca509c2,delivered,2025-02-19 09:53:00,2025-02-25 09:53:00
1d74620ee2a8497faa03b69770be4069,e4d88aefd819446e8a86ee64e09f78b5,delivered,2025-02-15 13:56:00,2025-02-25 13:56:00
08eaa0ec1e3945b3be3d8e8f375d8d86,c05a8c75ce78439c985f13a27e5d9100,shipped,2025-04-27 13:04:00,
6570cd8a443f41c581bb1471e4720c83,40b697c3cae84db291b33c3d160fb877,delivered,2025-04-12 15:36:00,2025-04-16 15:36:00
de5dfe3722cd444780d16bd331f2e7f2,e2f4c5d55e90499fbfda95172aee5b5b,processing,2025-12-22 10:47:00,
f54517c80f1440258e1564006165fcde,0063f2466d0a4cda81fe56ce7c94282f,shipped,2025-09-07 09:02:00,
5901dff5afe84644afc22cea65d26500,0063f2466d0a4cda81fe56ce7c94282f,delivered,2025-07-23 11:51:00,2025-08-02 11:51:00
e76950d7aae84dd0b912a9c297f8b56e,0b4009b3f54a457fa90fd3fa2229ecdf,processing,2025-02-23 06:15:00,
0d5e597ee03443b5aa5bca5ba6d2283f,6ebfb7836b7240e58d91a6f63d6fb7ea,delivered,2025-02-06 19:17:00,2025-02-08 19:17:00
d9d2ce5c17a84143869a96586a75221a,81b0a5d45b804db6bd795264f99e0e3d,delivered,2025-11-11 20:48:00,2025-11-23 20:48:00
7c9d4cd42ffc4fbd958ee68c4ab73b91,3f921107c3dc47699f7be5e645be87e9,delivered,2025-02-26 22:58:00,2025-03-08 22:58:00
35826bfa302246308fd6460ecf850233,c4e83c1c37cd4a06823b41384224f79a,delivered,2025-01-19 14:15:00,2025-01-29 14:15:00
2b49c26e97da46a6919644b42846a7be,b0cd22bad4854e67936d66e804972571,delivered,2025-06-05 22:09:00,2025-06-08 22:09:00
52ec66b35ae546cc9cc2888a90a1abc2,a8841484bee84a5faa347dc351545d04,approved,2025-02-27 11:00:00,
762bcf86af4f4ec6b87190b7c6ceebba,ae07eadb56e4436ca140ff5ba91038cd,delivered,2025-05-10 15:04:00,2025-05-20 15:04:00
293f0b45b25f498c9b60b4b7ae03ec1e,729ce243f99847ada1a03b4f54084f7f,processing,2025-02-05 19:49:00,
46c26cadaafa4d27b955ed6378e3572b,ab2b660910504dab8340ae203bf57de5,shipped,2025-12-09 08:21:00,
4a14c839812344e3a6d3c5ae4a74fe87,da8032b2053b46e0bc010e1e07324746,shipped,2025-07-08 21:47:00,
d613ce6d3e6847a79618d42733f5fb8d,42409515f9084b1fb8009a2111a65ea2,delivered,2025-02-14 08:41:00,2025-02-19 08:41:00
dbc3629feab84cbd954763ee002b9f39,ea28b665411c4b35a80daa7843075247,delivered,2025-06-23 13:53:00,2025-06-27 13:53:00
90030b76058344f888e76506d8c093c2,c4306a36b271448eab6a84fd69613fef,delivered,2025-02-18 14:37:00,2025-02-23 14:37:00
ce964be349d1468383a2d035f908aaf8,44ffed515052456381db28c2240673bf,delivered,2025-09-22 10:49:00,2025-09-26 10:49:00
99ddf24ad6a646458aad491011e87887,e0e43c77f1bf45ceb26d1f6b665f9b20,delivered,2025-11-09 18:15:00,2025-11-15 18:15:00
5fb477dd0b804eb18612412d46eb8345,05c66ce8c40247b193af0014cea25481,delivered,2025-03-27 19:10:00,2025-04-09 19:10:00
b63cd1b7ca214fe28e6b4d915f61710e,d7998d7bd8d743ffb655cbe4ac6793a2,processing,2025-02-23 13:36:00,
ee695155e38e42e3bb07dc099a658b1d,66ac67ff98a042e7bcdbb878419c1057,delivered,2025-03-27 20:43:00,2025-04-05 20:43:00
3329f15c56f245ce9d3e693e5d194dc5,205f062a2a524586ab30ac043fcfceb8,delivered,2025-09-01 10:43:00,2025-09-07 10:43:00
c3167f3bb3f84c82a258369bd609a7f6,b25d233419944c1a9f75f93a95395973,delivered,2025-05-27 22:48:00,2025-05-29 22:48:00
d2371f31ff96446abff25e33e0b3be82,0da6f9b1de4b449585063f8c2dcc898e,approved,2025-03-26 17:52:00,
3cdfd6e079cc4d9d8a5c5404cd75f712,7dc05bded1144c27af26635cfa4ec257,delivered,2025-08-09 14:57:00,2025-08-22 14:57:00
e933b2241ae4422ea73d84cc4986ff4a,65d99a4bfacc4059ae00bc127f6923fe,canceled,2025-07-15 20:27:00,
ac5916a9e15f4ee991cc50eb260d1170,8343b088566a492d9c672f9af8428fd8,approved,2025-09-09 10:30:00,
edf23de84f4c415a8f5a61ff803b1044,f10a6d8d8f074a49acc66350df030e92,approved,2025-06-10 13:10:00,
ecefbe1f2e804d1abf8fb758f0fd4348,14f28ef0551949d89acfff7636387686,delivered,2025-03-09 12:40:00,2025-03-17 12:40:00
f08d2af46d43436b991e5f8eb4e56881,0c07e39465f24779962775ef1eba87f3,shipped,2025-08-11 15:16:00,
520e1190e62642808cfb9876253e4c12,869471730430410191fc9f5124c83d5e,delivered,2025-04-11 06:01:00,2025-04-14 06:01:00
c49a244fbc2e4d77af6ba06111decba2,2e3ee94c713449579ce374c8b5400556,shipped,2025-04-22 11:16:00,
6119443c23ac472483092c8eff08c38b,5f81e004e6bc49f49959e24961a92be4,delivered,2025-10-27 11:08:00,2025-11-08 11:08:00
f20a5f342e1846d4a7ac0b723bf66db5,31c74c91476a467093a26da519f20298,delivered,2025-06-08 12:24:00,2025-06-14 12:24:00
2e586c64905e40908b3612e62c96b62c,3c27e5859f9f48b7a25b96d184f695d2,delivered,2025-08-06 12:01:00,2025-08-17 12:01:00
10eec06a3bff43679fbbbfe432915356,21727ba694324c7eafefca65b7adc428,delivered,2025-08-07 16:35:00,2025-08-09 16:35:00
e405f1ab20534f9d8ea85f898e622b7b,04eb41109ced4aabb5690f1770228af9,processing,2025-05-19 06:59:00,
218d950decb643a38b0f2fc65b2222a3,d17bad49acc746d0ab10cce3b62d3d12,canceled,2025-06-04 15:26:00,
d0e99ee6a4e74f36acac9180e46c93f7,e5fd3b2f711f4a058ada04cc57728cde,delivered,2025-08-26 09:31:00,2025-09-07 09:31:00
a5b9d9bbd0e74066ae12a97c5ad29137,e09b13ef90894846bdb2f350c7152373,delivered,2025-04-29 07:00:00,2025-05-03 07:00:00
b5f9316648de4f348fc0824fa046a296,6e4cec523f7d43c3b8278bed66fe25b9,delivered,2025-05-23 10:58:00,2025-06-02 10:58:00
ed3077b6b0084253b4153a60155e5e2f,7af0d57cd4f840bba5db157e9ca9cc05,processing,2025-06-19 16:48:00,
910fdd0ff4de43cb89d3f4acba710dd5,9640ad6e92514572b828af5d944a9208,delivered,2025-11-27 11:52:00,2025-12-08 11:52:00
bcd34b3b5d9f46fa94bfd56cb45fc5af,677f75d49da84712b87334a1b977ca72,delivered,2025-10-06 06:12:00,2025-10-19 06:12:00
4449fb174dbb4563b004d1d40498cff5,5f2b92bcdf2e4bcbb82da897169dcdef,canceled,2025-12-17 14:17:00,
a85394525e354bb1a0228003854a39c7,3e82147d037f40ce9ee40614996ef494,canceled,2025-01-06 08:00:00,
feb1d412ee0a429ba1a7f69c85678891,955d88268eb84845affd090c1ac2acb3,delivered,2025-10-23 21:30:00,2025-11-03 21:30:00
9dfb6533e9ef4633a5d32bf14af9f446,b0014c120b854b88b8efdf0079563072,delivered,2025-08-10 14:57:00,2025-08-21 14:57:00
3ea6607df8f84df6809c9686bfe1014d,58c69c57f3e945d19597c67d6cf0b4f5,delivered,2025-03-10 10:53:00,2025-03-13 10:53:00
c6d0fb8acd3748efa1dd3d2f43b93862,22d3268b49e84897b942e4f4e5c60e3c,delivered,2025-12-16 22:38:00,2025-12-30 22:38:00
70593f710dcd44ab9b7af7ee7c5edbdb,6db6597929a2470c976cb0a06b9873a2,shipped,2025-08-10 21:37:00,
4fd601fa59924a838452229d74eea618,55a52c049575492ea5e5706590040cff,canceled,2025-10-25 13:53:00,
f81629aa2f9a4485b8cb5f104df92a53,b5e3c884ad784564aa193e771bfe230c,delivered,2025-06-13 19:56:00,2025-06-18 19:56:00
9d4a39e538fc4867b45373674b05bcff,8597d3bcf58542acba523d12e56cea9b,delivered,2025-03-07 12:46:00,2025-03-10 12:46:00
323d5668cd1741698f46588327285332,729ce243f99847ada1a03b4f54084f7f,delivered,2025-12-11 18:02:00,2025-12-18 18:02:00
ca95fce010db42f99028d14987f3a224,1347e0a7e6d74b00b52fb4a590f5ae3a,canceled,2025-10-31 15:35:00,
7aea7f55fcbf445ea7196f9e8c5c1018,3cbe966c15594f7795256108035ea3cc,delivered,2025-06-13 22:07:00,2025-06-15 22:07:00
6b2b0a45cde64d1086f2f67c34cedad8,ac873884346b4e319e956f490cc6b7c2,delivered,2025-07-08 15:19:00,2025-07-17 15:19:00
75ec31b320bf400db65ff79a235f557c,2eddcf346fb8436b86d60cd63ec97bd8,delivered,2025-05-14 17:31:00,2025-05-19 17:31:00
aff7570af98c496d8ade86357632eb34,c33345de9a5d45b4ac825bbfaa3b1295,shipped,2025-12-23 14:32:00,
c9cd91ee267a46b3914ac2d585ee6f92,462a6e2b906d468eb5064f395e0027ce,shipped,2025-03-17 06:51:00,
480292ed0cba4aefb16de59c4eed69a3,d32b7bda9a2e4e68966698aa1e7da9a3,delivered,2025-09-23 21:54:00,2025-10-05 21:54:00
52e97563e30b45c7aa96ae6d5eb871c6,c13614c414554e37a2f64635acc4cbe6,delivered,2025-09-25 18:45:00,2025-09-28 18:45:00
713e9d2effc9433fa119b0c4117e30f1,48deebf85cb94e2184af13647c4ed8d3,delivered,2025-05-01 10:42:00,2025-05-05 10:42:00
5a5f6af3156047cbbfaf3b37dbf4b223,b023cd252ae04dc7b41692dc81cdac97,shipped,2025-11-03 09:50:00,
a600f499b9b44cd6b623a7f5fca24384,00a208eaa27d40e193447b79f8d658ee,shipped,2025-07-04 20:14:00,
30f187db92b24938a1352c27deb8a379,e7651fe14b4443c6a23994de8f27317e,delivered,2025-03-16 11:15:00,2025-03-29 11:15:00
6d0fb52aebf64f99841123074646b099,e7bfd4c193b1441788712f74bf5fabad,delivered,2025-01-19 08:29:00,2025-01-26 08:29:00
fd4f529ada39468e83cd5afb37f09c9b,eeacc5a584c14490a549c8fdf36cde9e,delivered,2025-11-16 22:33:00,2025-11-30 22:33:00
ec12d2806a8c4af3a6a4185396775ae2,845ec010581142df9d00e862034b3a77,delivered,2025-11-11 08:08:00,2025-11-17 08:08:00
32d437b5acc34b31b76cda03a566b612,05732ac340944932adf67ec4d889b82b,delivered,2025-10-10 12:41:00,2025-10-21 12:41:00
e60d9d0bfed54f5c9d5a47f5d7006509,828f3d9db6724cd8a81224edcc2e6832,processing,2025-01-20 19:05:00,
4cbf052c68d648c5897d76a387f5b4c1,c434affd7cb444bc8a846070700e06b5,delivered,2025-06-19 18:44:00,2025-07-02 18:44:00
83acb00aa5c9441db3e0941ce9f3a0a1,b0d8294d71174b6cb4b717746b951ce8,delivered,2025-09-19 17:30:00,2025-09-24 17:30:00
72bbee5bb69f47009b3994555484a949,575cb32bfc7649519a0ec0c5fdafb119,delivered,2025-04-18 15:35:00,2025-04-24 15:35:00
36395e946155466e83cab4764e92b53a,96278d5bde5c4daf8c727ff8987a311e,shipped,2025-02-10 14:25:00,
f65733880e734e54af6bf669f94fdb7c,3e99f2fc99b049efa6ac3e71930b7c02,delivered,2025-11-27 07:39:00,2025-12-01 07:39:00
f2ef2f3830d54fccaaae47eea8dfa643,a483f4113305400eb8b0cc64c126ae32,delivered,2025-08-15 07:07:00,2025-08-25 07:07:00
3bde062af4f7465c8da3baa8c6c5afcf,1652a2206d3741d49e65f0b66fdb31d7,processing,2025-09-06 14:00:00,
6598d762b2414a33953d58fd126b5ba3,dd3b551abef7446db8bea33b0001f296,canceled,2025-08-12 15:40:00,
5842ae3b92734250bc3d49d39fca43ee,1d55d23c7f9a4e71a3e8c3bf4c631516,processing,2025-05-04 14:05:00,
93bb4ae5603d4d7bbf46eeb0d66aed56,e335268a8c724121bbb52e56701dfdb2,delivered,2025-07-04 20:41:00,2025-07-12 20:41:00
579df1615bc1424ab93fa04d626cd6f0,4232df3c75d347009c837b03036186e4,processing,2025-07-10 08:23:00,
76453bfa38bc425da0a125e99a34cf80,109a6287e399479482efb9c4ed805aea,delivered,2025-09-19 18:16:00,2025-09-26 18:16:00
44ce7c1d0b8c4500bbf6f0bc0a85e660,0708490410714152b328c5259bc92798,delivered,2025-02-14 15:07:00,2025-02-21 15:07:00
8abd8ce503a740ebb04fd7dbae6de472,bafaa32a19b94772aaa71cdb51705f93,delivered,2025-05-06 22:26:00,2025-05-09 22:26:00
884be88e618745f99e599751a86cf1ca,7e0055c66e45411ba9eab7966a9bb81a,shipped,2025-01-14 17:19:00,
8fab5bdb8d364521b129a3b06909d30c,4398c8773938456dae1a60f129f76a6c,shipped,2025-04-25 07:12:00,
eacb75d91d3e4df8b642a418d1f6fa96,7ce198ca69a845e19061b865625f4042,canceled,2025-04-24 17:20:00,
124919df72814168b24314c879fc1517,81c911d9f89c4733a2eafad751995bb0,delivered,2025-07-04 12:38:00,2025-07-13 12:38:00
86d541d2271f46b8b02e91fef4d9fcdd,c6eae6715b1646489724e61cde9c5b65,delivered,2025-12-28 16:52:00,2026-01-05 16:52:00
a2bf35421fae4aa0806baf1acd2c691d,90fa53379f264b81b7b0ef08524218f3,delivered,2025-08-02 15:54:00,2025-08-06 15:54:00
116959bd4fcb4a7589fdece71013676c,4d60e7d050664e7f990a94b1de4fb178,shipped,2025-03-14 17:36:00,
114fa1c4a7c4428e9b88f71a047ee0c5,6807c2069ecf4d4ea6f1e2af1f521aa2,processing,2025-11-13 19:29:00,
bc4c1a3c7fa1449997c77b075812e229,46bff145f2854793b9d10f93392bd34a,delivered,2025-02-14 07:24:00,2025-02-27 07:24:00
7467018bcec045aa9b3c069d202b1861,fe4350bea13841ccb9a06130b199ffbb,approved,2025-02-13 13:40:00,
ab97e18d38f84fabae1bcae49b083710,6a7963b826c1459aac7c5974363cb6d0,delivered,2025-03-25 12:42:00,2025-03-29 12:42:00
7cbe65df6e01440497f04e3c25265f7e,c903f32e4a5044e0bb39cb62c982e45d,delivered,2025-06-06 13:12:00,2025-06-19 13:12:00
62f7368102254347be45acc3b00ee0b5,b68df56e2a734b959a276f72c278ea8c,shipped,2025-05-13 16:13:00,
fc8e416e794141f8a0a639c54e79c518,ee66e7ce4d774bbfa93e270eb7cb653a,shipped,2025-06-21 18:02:00,
50d81918b63a49c78eaa11e3a1240e76,25dcb922d7e34cbda4e3db5a25457f2d,delivered,2025-12-27 15:56:00,2025-12-30 15:56:00
cfbde2e124da46b3bab21973ecc5d92d,5095c17c5b2242229f0f967164c3f443,delivered,2025-07-22 13:32:00,2025-07-26 13:32:00
6857b94fac47483cb042a44048a9e146,d7866872093e4844ae7c512fd5e997a3,delivered,2025-07-15 11:10:00,2025-07-20 11:10:00
dede57b88d2c4f96aae610ffe750f362,8c44400a44c94defbca76dd9f2e14e34,shipped,2025-03-15 14:44:00,
7924820a58aa42eb8a2ea20ac0f9fbf7,ba2b5aaa09fa464d9deb8b983a5bd3da,processing,2025-04-22 19:46:00,
338838d1d6264678954135a2e6b5f2ef,8617fede909045fd8de5dae4458e9689,shipped,2025-11-02 18:44:00,
e09746fb896a499d926eb353af5ce590,a9d3ff1826b94c21874994d12281b31a,processing,2025-10-26 12:37:00,
2d3732e6806b40508a908dcec95a9b40,02b8221d3361474dbe39f32baa64bbd2,delivered,2025-02-18 17:40:00,2025-02-20 17:40:00
cc145a4c059f417eabd05f09364ee3ce,6d0ce1857d3a47ea975759d114e60b86,delivered,2025-01-31 22:52:00,2025-02-03 22:52:00
2adb4b97ad3440d0bd15f134c019ac8e,3583758b7f9945408c995677d193a759,processing,2025-07-09 12:44:00,
1c95b55708f0487ba004524ac6a9981e,31623eeea00a4a5b8c01261c380ebcd7,delivered,2025-12-05 17:46:00,2025-12-17 17:46:00
6766e36a440742b48fd7d13574817930,caa6f5622d974ad7b2d874a55f1f0a5e,processing,2025-11-26 12:40:00,
8acd9244a4b44f5b85f637d458e2015e,d9063846d8ba46c796ccf1b47b4235ff,delivered,2025-11-12 11:35:00,2025-11-17 11:35:00
de6b11c769e94a3fa095793767083bb8,5db8221061a648e79b8a18ee4f82614b,delivered,2025-05-20 10:41:00,2025-05-26 10:41:00
95f5eb1167f94efc933de7d260167c54,2d50b00028774b5eb8dacbc0c913b7e2,shipped,2025-01-05 08:20:00,
672c834c75d04f8d95bf3d1c6928f8a6,ebbdfa0debbc47fba4db29fadfa83725,shipped,2025-12-16 06:03:00,
60972027d39f4e05a0a430efdc088071,a73c7205b042478c8290bd3b58cbc35b,processing,2025-05-15 22:58:00,
b24ee9b88aff40fb8b7c3025b874f34a,967f09c29bb64ebb9d682c7b53f0f09e,delivered,2025-11-17 16:28:00,2025-11-29 16:28:00
165bf555a9eb42618e2a2cff2a00012b,3b8099623e6542cf94b677fcf9e0f5a8,processing,2025-10-25 12:57:00,
0e67953187ce4020853dc421210bb9b7,006cc7ed386546cdbb279844bf20974f,delivered,2025-07-26 18:44:00,2025-08-01 18:44:00
f76201e523e24b46a53ad3d1162b70bc,8b8073bf031b47c9a1a185883a40cdcd,approved,2025-09-25 19:12:00,
6f6fd79023ce419b8613eff6cb09a447,a32fc27036414c96bb8a20f5d283f7d5,shipped,2025-10-16 19:32:00,
ec19c6f25b0f4ec28606fcf7651b36b4,19a7808b11ec4e0c86c29279bd058f92,delivered,2025-12-30 19:24:00,2026-01-10 19:24:00
06d421de7bc74fbd9c3f5b8ca2d057ee,5fdbe80210bf42df8cba94621e7bfa05,shipped,2025-01-28 07:20:00,
e0679146d1724c03b84699a0a86b12bd,f315e31e855e456b8f20ada0ee612070,delivered,2025-05-24 11:47:00,2025-05-30 11:47:00
5e301c64fa03483b918b65aa7ee34bb5,6c2ce8637ce74d529f7b28149de23203,delivered,2025-03-14 11:53:00,2025-03-24 11:53:00
a5e5ca55378d4a6fb64daf73a3b5dd91,06514f1ad587466a8d9e617c4702f9c8,approved,2025-04-09 10:21:00,
3775bbd5b69c406b93b1b5cb82dadcd8,42bac5972b824ea0bee04c85e4afe7eb,delivered,2025-03-23 18:25:00,2025-04-06 18:25:00
d34d85e3a9874fcfbef421a90fcacfe5,7c57730dc5ea4d36ac97c74fd4d1c22e,canceled,2025-02-03 21:41:00,
ad947d56306c45138e5385f5c70a5cb5,dc01184f298f46f3aa66ba29a56e2b4e,delivered,2025-08-13 11:38:00,2025-08-22 11:38:00
fa5f01b97ddb40b295612aa2f45e2da2,82e43736b30c44c099016e86bda39d2c,delivered,2025-08-11 06:35:00,2025-08-19 06:35:00
9977de64ad6a4b3db5ccc19e8102c9dd,8b99c223c984466fbc05b28fdf5fb73b,delivered,2025-03-08 18:14:00,2025-03-11 18:14:00
7d8fc0691ae8449fb6dd1e57b5ae2764,e54b275be58040fbbf8c2f20fa514191,delivered,2025-01-25 09:45:00,2025-01-29 09:45:00
466488fdaa8e4db3b974ddc6e3902efd,4104b0bc4fbf4249a0e8890d10b708a2,processing,2025-06-01 06:47:00,
d05c6f3163b04abc8a828845bfaf3a4e,677f75d49da84712b87334a1b977ca72,delivered,2025-02-19 21:26:00,2025-02-21 21:26:00
285ee6376ef6451d851b2dfd3237daef,d0c7ad153dc64987b6374d7b5608cff6,shipped,2025-09-07 09:12:00,
52cd9607a7c04f05a81cd401565b2466,2c35486cd4cc4d0eb11f12da928d12df,delivered,2025-11-16 12:33:00,2025-11-24 12:33:00
214fec1b8cdd414f8a47098b615388b9,2f5141585e4a40ddaf9d5c951d3f6903,delivered,2025-08-27 06:17:00,2025-08-31 06:17:00
cac03054bb9b4987a9433a26952bb7d9,d78c75e78d89436187aab2404e870a09,shipped,2025-08-05 18:46:00,
52d1142e6df8409c812332af8714d98d,4928353a2ab942eab2505d223bba0fac,delivered,2025-09-29 19:12:00,2025-10-06 19:12:00
cc5a002ae086475a8d1f4186686e438e,e85f51c5042547c69f67c85664dc3892,delivered,2025-05-18 13:00:00,2025-05-31 13:00:00
47010fe0df014664ada3aca766ca10ac,6253daab070b407f8e49f368a18ad669,delivered,2025-03-18 10:24:00,2025-03-29 10:24:00
afe8c8d65b044c69a52a7828cf93afb8,a35ddd1f25924ff786e0a9d551429bbe,delivered,2025-05-05 16:16:00,2025-05-10 16:16:00
2ed8e8e922934640992a7737d135b9cf,9e91ae070c80459aa140840aff4afd2d,delivered,2025-01-07 17:48:00,2025-01-09 17:48:00
5955290b35b9406f83bd31f5ecbe3e9c,8c44400a44c94defbca76dd9f2e14e34,delivered,2025-03-25 10:04:00,2025-04-08 10:04:00
f7e8e8516b65405186ef3d5b16ff614b,b9c5a2fe662c49509a40d1fc21acb459,approved,2025-07-11 13:11:00,
c5d7c9d800534fa2a27fbbb66afb4647,c47fe5f137484732aaba93acdca1526f,delivered,2025-12-28 22:53:00,2026-01-03 22:53:00
1cab3250e3cd4dc2bd351b243af2041d,ebb7d57563e141d3a1f8226f06b8980a,delivered,2025-11-29 21:18:00,2025-12-10 21:18:00
48236924296a4816986056f0d8bfe4cf,205f062a2a524586ab30ac043fcfceb8,delivered,2025-05-16 08:26:00,2025-05-20 08:26:00
99ddb772f96844208af5be1f2dd57dd8,450af2b6068d418aa0a55124caf1289b,processing,2025-03-16 16:41:00,
95d78336b7ae437b87deecc461d9edf4,5f44ba68fdc64d3fbf1e41e494456a86,delivered,2025-05-22 15:56:00,2025-05-24 15:56:00
6e8d0c20667c40ebbf51d9682dd3745e,c1ba8caf32034bd995953c4a0ca28da7,delivered,2025-04-11 12:08:00,2025-04-15 12:08:00
6b8996bc57e744c3b944044d55f55e7c,48deebf85cb94e2184af13647c4ed8d3,delivered,2025-01-11 12:37:00,2025-01-15 12:37:00
baa47272f31340cb86edfca1e3705bc2,45f65679ca4747abb94fad9642da4390,delivered,2025-07-30 16:32:00,2025-08-13 16:32:00
a964907d0db3429a9a548f38e56eea7c,bcc3a0ba175a4ff5a6f53b0a60c0978e,delivered,2025-04-20 22:23:00,2025-05-04 22:23:00
120e288a18a14261968faf881c7f23ec,94b21744d06a4230ae1c154ec707e96f,shipped,2025-03-13 22:27:00,
9515482b621846bebd12bfcc68283b21,de7aeaa44b2a42ec9681f101e5a709c0,shipped,2025-02-27 22:43:00,
b71f9a803ba843fd93a0de15c99612f2,3e82147d037f40ce9ee40614996ef494,delivered,2025-05-06 06:39:00,2025-05-15 06:39:00
3b9c484b3ca64ff88ec52dc019b34a54,610d0f115aa04cadad09fbfd6c289b8f,delivered,2025-12-04 15:24:00,2025-12-09 15:24:00
f8eff8b82b5040a18ea405795e6afe01,0432ee9891054426b7e6f7287546f75f,delivered,2025-08-31 13:47:00,2025-09-03 13:47:00
a2e2d5b556684acc94e2d4d852b0b368,dc868fb7edcf4a63b3d41018779e345f,processing,2025-06-22 13:55:00,
59a68efb1ff34346b59d9683b31dc0b7,8855e99c568e4702a16a8142b8d778c4,delivered,2025-05-03 12:22:00,2025-05-14 12:22:00
213fb9e57f634425b2c10b7fa491373d,4798a4d5450f438d94b0b0f279e27fb9,shipped,2025-11-23 07:36:00,
f0f2baf04b804aeb81d365eba64a6524,7047796e687642c0848354ff46830f7c,canceled,2025-12-02 13:58:00,
0a888c363e124abaaa3801a30d040a5b,2cd1d5d8b5cc4507ae2ca9a6a3d70294,approved,2025-11-27 14:43:00,
e2453650f65446f7a9bfcf6af38f34f6,89467b3d79e440349bf4fcdbe2a444e9,shipped,2025-04-11 16:55:00,
1c545661f01f4b3ea00cd53e58d6591b,849a2c50556d4cdeb0119ebf0ae4e364,delivered,2025-09-27 15:55:00,2025-10-03 15:55:00
eddd4be9764f4b7eb1b773d7aaccade4,ada3c1dbf1fe493497edd66d166fd9fe,delivered,2025-09-22 06:10:00,2025-09-29 06:10:00
78468eb84d794f3b8ca80648a726ae4a,27ebf7e773ee4f82a92ef0be9479f839,delivered,2025-02-15 11:30:00,2025-02-25 11:30:00
7f876f29c3bf49dd8bd9b303b4c2042f,d68ba190d67440da9b762ac6e8c88eaf,processing,2025-07-21 18:16:00,
05ced360abc64ea587c5ee79ddfd10a0,dfdaf5dce1fc40cb9df8a44f45234783,delivered,2025-11-25 19:51:00,2025-12-04 19:51:00
b0f5ff95810344aaa9763c92ef932c6b,1ae41550eae74fa581b10e7e754bf84e,shipped,2025-07-12 22:38:00,
82f121ca276c4234b30882034d29f8f5,6e8f34279d0c43e1a612d1f053ef740e,delivered,2025-09-14 17:45:00,2025-09-21 17:45:00
6448a0d4910440bcab4537eacc36f3aa,8cab4545d96b4e48b2887274970c53a8,delivered,2025-01-28 09:06:00,2025-02-07 09:06:00
560c16f1f5964b3693bad66fcaad29ee,546b1eca3b4543fb8a25c17d37b8de1e,delivered,2025-01-29 18:14:00,2025-02-12 18:14:00
25a63c99dcc54067a1a7f16787a07f58,3518abc583d84955b066fbc7a01765b4,delivered,2025-12-24 16:21:00,2025-12-30 16:21:00
0c4180faa13d407f9a440f0cab38fc13,e0716f2f72344fc283b91d442182f236,delivered,2025-06-22 09:21:00,2025-06-28 09:21:00
e278a35fe97d412a9f015e53e985ee92,b91321b69ebc42f993d1c3f55ae31a31,delivered,2025-05-23 11:58:00,2025-05-28 11:58:00
e2f6f8c4a23441f7bcbc17d504797e96,928133bcc8ab4980a222cf47da699e24,canceled,2025-08-03 08:19:00,
c1eaa5d094434b1983aa0ff5d98e7a6e,7047796e687642c0848354ff46830f7c,delivered,2025-06-06 09:14:00,2025-06-18 09:14:00
69d38cf464054d66b7cdc7e196e7d070,38f9b00b17d54191911b120d8ce84864,delivered,2025-03-21 17:49:00,2025-03-31 17:49:00
66004f34f4dc437bb1e7bd34a808ece7,eccdfebe4c72428fa84d7bfdd52b939f,delivered,2025-01-18 08:40:00,2025-01-20 08:40:00
4f78911c47754caca41f3aa969ac13a8,59065095a8e64fccac0361eba9da2837,shipped,2025-10-23 06:22:00,
b11019aacb614b0eb30c6e17e5092321,2b36423ba04b4e989e0a6c9065a5807d,shipped,2025-06-07 11:42:00,
56a339d47b4a4d0cb7357be59c30a7e9,43bf796c20e84f2893f1ce5f8440f0d9,delivered,2025-06-06 16:32:00,2025-06-19 16:32:00
f79f5bc7a8824964a518a89a91f7f336,2d4eed15f82d4e329513c048844781bf,canceled,2025-11-29 22:06:00,
fae2f65a900341caa03f27690e4ebf23,a1f274d96212488ebece9e37db4fd5b8,shipped,2025-07-23 13:58:00,
0104e5ef577b44009542434c1b7ea5bb,173e3e68b5de4d8e876bb1dc53bc957d,delivered,2025-10-24 21:50:00,2025-10-28 21:50:00
262bb3f44fc6461e98e3cae64d7c7088,b83b7fbbb5f24c36b657b6049ed82a5f,delivered,2025-12-29 14:22:00,2026-01-05 14:22:00
93cc253bbe1440db95245cfde58a436b,95d5654486e647b0beb561fdc68a90ad,delivered,2025-10-10 11:18:00,2025-10-19 11:18:00
757083f3a51b4d70adce1c1201be332a,c62e6169de384ba5a71c98cc1efc51d7,delivered,2025-12-20 16:59:00,2025-12-30 16:59:00
756927f5397842d59da28031eed96753,7ee497c60c9241e3b14ca167e8e55b4f,delivered,2025-09-13 10:09:00,2025-09-15 10:09:00
bd0f7420802d49848bd8891283967920,14cb17c4bac5486db8b480b5ea42169e,delivered,2025-12-18 08:24:00,2025-12-20 08:24:00
2f61dc285c4a4dbdba753d2c80715c36,2803ecdfa73c41ca8bb1bc280bd7779d,canceled,2025-08-08 22:19:00,
56ff12fbed714c8fa4428ca7cf49311b,5473c47c62a1498c992b824db8a8e98a,delivered,2025-09-01 20:56:00,2025-09-10 20:56:00
c1eba813da25449bbaa4a2eb8d67c3b8,f56727282c2a4a199ce8cfa23a458189,shipped,2025-10-27 11:03:00,
2b98b63799434fbf9c3d05579fbdd1b0,f83817c96f024710ab1cfadeabfbeeaf,delivered,2025-08-27 18:15:00,2025-09-05 18:15:00
55232d43072b4e11a80352ee9fe175c2,bcd4661914d34aee8f934897f2cf67b7,delivered,2025-07-04 20:39:00,2025-07-10 20:39:00
f263da69d9bf402293c6728a81c10dcf,08e5f4aac8144b57b9a67789cf7646e7,delivered,2025-12-15 12:54:00,2025-12-23 12:54:00
cbc37e0f22334bebb7a4603a3c90d31f,9862cf9e4e954d41b797e5dbeaa70ad1,delivered,2025-02-17 08:25:00,2025-02-21 08:25:00
7761c13f04ac4837955a1c4311a480ab,fe6216cd798e4d01912df13a8bc6711c,delivered,2025-04-02 10:38:00,2025-04-07 10:38:00
7717607f5e394a82a9ddf523184f536f,92b3529a7d634e4a9a16a22473952964,delivered,2025-10-22 08:34:00,2025-10-31 08:34:00
60fff95968d94866a7d7127a743f365d,a6438f8029db4e6ea710e83f8c8a1c4e,delivered,2025-12-04 20:21:00,2025-12-15 20:21:00
731d4144aff14792a4ce7fcf08816e1e,5f79d6142fa14843b3ad1711fe2c22e8,canceled,2025-08-21 10:30:00,
9558f2ecf8ff48559a17d15126ea5ef4,6a68101f380e4f798b861a01837f6e50,canceled,2025-04-21 08:49:00,
3d47a7b8d0a84d4ca573d171081a177b,345feae42eb24a12b8bdca5ca6053481,delivered,2025-07-14 10:55:00,2025-07-16 10:55:00
555606ec73a241138620a5f78aa91136,9ccea5b3c5d44ce7936cf0903477b26c,delivered,2025-04-16 22:36:00,2025-04-22 22:36:00
f08a23ed004e4c5b8cb829307030d3e4,a8bc351d9efb43babdcb321a07e0389a,shipped,2025-12-09 16:19:00,
cd530b7bfaeb409fa875a12e5e3751fb,090a5b1903154dea9ef0d28fb5298c8d,shipped,2025-08-16 14:58:00,
0493ad4935be4fcfa91145eb7d857e85,242a48c6a0564c06b592e7e54f9624bf,delivered,2025-04-19 14:05:00,2025-04-22 14:05:00
07293628e408414caa25b196099e9b47,b19bcd4f2bf044e18a5cf1c31710128c,approved,2025-07-28 15:52:00,
8004f07127fb4c8581b6331e2420a4e2,b9c5a2fe662c49509a40d1fc21acb459,shipped,2025-11-28 16:03:00,
649e10c7e5444a5fa9a6e49d69b2d586,4fce70a754b14dc8baf55d2e2b27d89b,delivered,2025-08-22 10:46:00,2025-08-24 10:46:00
0cb3002b113c4342ad52909102bc2088,f62add79108d403ba4377e84cfffad09,canceled,2025-05-17 20:19:00,
cbb51b01743f4e22af1650de13cc61a3,4a3920defcf84335a62c3f6c45b7fdea,shipped,2025-07-09 06:14:00,
5b96802a05bc48cf90289d5d2ba80447,c9a463f9445c423899d099ed0d7021c4,delivered,2025-03-05 19:00:00,2025-03-12 19:00:00
117e7e58c6934773b785f318013fee99,538c98328f664290ad78310c27f79ae6,delivered,2025-01-23 14:54:00,2025-02-01 14:54:00
d80313c0294147c2a62b0017199fcdc9,0ca87b66706348b886507ac90a65dce5,approved,2025-12-09 08:58:00,
b963edc4223b4a0eb0e6ea463b6ee6c1,f83817c96f024710ab1cfadeabfbeeaf,delivered,2025-04-01 21:45:00,2025-04-06 21:45:00
fb590b1e82e140f6b09673dfc976fd65,d5cbecb0f1e649c78ba130c4d1e7ad34,delivered,2025-09-23 17:27:00,2025-09-29 17:27:00
bb6854a85a8f45af84038e0d8b7974b5,26217f508e1442fd8af9e911ece76813,shipped,2025-06-27 12:48:00,
f422ad92fcb94df399e06cb7f9eaaf3e,6c0d6fb5d1ab4a8dbd979225f6f57ce9,approved,2025-12-02 07:39:00,
3f4ed5c2f7e74c42bfb6d3e38b26e141,e9ed99ca26ef4a18b74db997f32df043,delivered,2025-02-11 21:44:00,2025-02-20 21:44:00
170caeb8740b4fc581aee02eed76de26,53304f60cd624ae5a03d43a5c4a18156,approved,2025-02-19 19:33:00,
07745f25e55a4735bbb448251e42da21,651a4be3c87c42a2a23205f28aaf2ed4,delivered,2025-12-19 14:33:00,2025-12-30 14:33:00
52e4af06ff7449f7b0fbb536a86e6211,2e726deeeeeb4a1687d369be24949991,delivered,2025-12-20 16:54:00,2025-12-23 16:54:00
a5c45bf0725e4956a5e9818013a81967,181e291b234942d0934dbffb4c4f46e7,shipped,2025-01-08 06:35:00,
36dee142d5f1410fb38dfdbfe92fed35,131e6b794ba648ffa4d61699ea8ebdc3,delivered,2025-04-15 17:47:00,2025-04-25 17:47:00
5022da6039ed4795b6326a4002d38ff0,ae79c1846c5f4adcadb866387e012cb5,approved,2025-02-24 06:03:00,
ed04488b96384519aa9bb75dea045135,3bb785340c6b4484a0e4991778900f5b,shipped,2025-08-30 07:50:00,
5a3f8e7e5f4f489d8385d1ef34863bc1,76172bb2f94644e58ccd18411439aade,delivered,2025-08-10 06:15:00,2025-08-23 06:15:00
5ee1bf12f5df45afb892972163d67def,8212e4c5d251489184430acd261c898d,delivered,2025-07-07 13:01:00,2025-07-09 13:01:00
ded00b5229c24f65b61d28d08b165ca6,dde0336249344bc69f6b29aadf374ad9,processing,2025-08-23 12:17:00,
6e825c32880c419a944406e787fd39d6,18e2de068df841b4a66c9a9dcb816ff3,delivered,2025-09-03 14:48:00,2025-09-15 14:48:00
5ef12cb7b43f454597a2fd0d584f5ed6,e4b79c9c5fc94d84af6f92517447889e,shipped,2025-03-14 09:15:00,
82d7963f936f4f26a502ca75081ac634,1e15c36dd6e44247aaacffa458eba2e7,canceled,2025-11-08 15:15:00,
6e6d4b8b6e394798aee6bec89683938c,6e4cec523f7d43c3b8278bed66fe25b9,delivered,2025-10-08 07:34:00,2025-10-17 07:34:00
7b13cae482a24eabb93bc6e68757ea2c,73cc75bcc1a64075b4afa3fa7a022fa0,delivered,2025-04-07 20:19:00,2025-04-10 20:19:00
2a68222b335743069b36510726b670dd,427e75f622044da0b49928ea54d9ecc4,shipped,2025-01-10 06:59:00,
0a7a122a5c4147c0b48f9a5998b71246,4e487c6403494666939db1f8e7e7e62f,canceled,2025-08-05 20:17:00,
17932dcf66c847e8baa77d6e5cac5b15,d5767deb467942828fba31bcb5252c1b,shipped,2025-09-20 18:04:00,
08f2dcb9098a4abb84f49dfb8a39bf72,a6e78355672e41a9bbf691b0a91fcfd8,delivered,2025-12-04 14:08:00,2025-12-18 14:08:00
044f8e7b78414e66b5067ae6a40dc627,4de3818f04e341468e4ec00e9f4d3de0,delivered,2025-05-31 20:32:00,2025-06-04 20:32:00
b6d9fcaebf804d58be7779ad61603ff4,d4bd9ac951e64870a2a0feea67818af7,approved,2025-03-24 10:22:00,
598e8736e1a54612bd5dc6559ffd9dad,ff3436db30c5427785b0a7599efbbdee,processing,2025-08-08 17:50:00,
ca1db5db278a46ecbd5f57413ce23d1f,fc302038d55d41f5980c8bc58a294fd1,delivered,2025-01-12 16:12:00,2025-01-26 16:12:00
996a955d8dcf418284918adf838d1a6d,e335268a8c724121bbb52e56701dfdb2,delivered,2025-09-26 07:14:00,2025-09-28 07:14:00
6138f5131fcf4cf1ac1a2ec4aee00602,427e75f622044da0b49928ea54d9ecc4,canceled,2025-02-22 17:29:00,
e5bf66d93c8948b7a81d09b4ed9aad0a,3cacdf1b3e4a4f66afc5bfe46075317d,delivered,2025-02-02 16:45:00,2025-02-08 16:45:00
8f5b66c465ca4af3b753535a7ad8cacd,c0661e38c21c4403aec9bf090b5b6e65,delivered,2025-04-08 06:48:00,2025-04-20 06:48:00
5d1c937b736547b890dc6c9a9374e0a0,54c3545729bc46969c1751c43009dd33,canceled,2025-02-24 17:43:00,
3b6c1b54fefd4441b3c52d9d675cf6aa,7ba257570d9e4957b03d08fa57d2f6da,delivered,2025-02-09 12:32:00,2025-02-14 12:32:00
6a7790dae76f492d86251d7a55104a10,1f9098833ce94885ae442708e9bb6487,shipped,2025-02-04 14:27:00,
819be2464ba14d89a954e6ce49132afc,431236d15c4e4ed3b9f461fcea73b2a2,delivered,2025-08-25 18:23:00,2025-09-04 18:23:00
959e8034c4b9430abb17526722e930ca,83e843e268bb4163be2a72cf57566757,delivered,2025-10-11 16:56:00,2025-10-17 16:56:00
427d5074f2db4b63ab92ab8c9f1d2af0,b1a5e8e2a2434628ae952575cd4ce2cf,shipped,2025-07-29 11:00:00,
6b4706e4006144c7a90b24ff4ea42114,95a2d1a7d0cb40d49c34b51b75832a49,canceled,2025-04-29 15:49:00,
4b1937dbe1484e73a74d3bc773b07903,8774b33f43754566a36ad32bdb2749d6,approved,2025-09-06 12:29:00,
d8aedf3f636f4944ab8690ed12d5e06b,462e9b697c6248bb8e33f23af997b515,approved,2025-04-05 09:45:00,
d3c02a6f25b94948aed55fae54c875f2,37fa44c7f4c1420fbeaafb46c9cde4ff,delivered,2025-03-03 21:52:00,2025-03-09 21:52:00
d39ad12a925c4f1fa3e96aafce723691,5c71d2e083624d789a977861c277e97b,delivered,2025-08-04 15:46:00,2025-08-07 15:46:00
97bbbe0a0313463d9f3a677cec9b25ea,35fca956a46e4a37bbb0656870ca8fc2,delivered,2025-12-11 11:23:00,2025-12-18 11:23:00
f51701bb941b42a6b00ba6c15d084f52,4ed65af6009a41ada0dcb7bf5bb3913d,delivered,2025-10-11 22:21:00,2025-10-13 22:21:00
4e71f4210ca243e39fc1ca87ba00c4ac,cc32f1a33a2e47beb7f550a23504e2f4,delivered,2025-10-27 06:39:00,2025-10-30 06:39:00
5500577385574e539f626ec6e5696880,e806cf0fa54045b4a999778913145d27,approved,2025-01-29 11:24:00,
ea3871968ebc47e8ba4b1617eae448ac,41b2f858a59447adbf028042e0b75a70,approved,2025-10-26 07:00:00,
7d5d341b918d476eaa22d932631238f8,01ee180eecc041a08bbb98e764401ca1,approved,2025-02-22 06:28:00,
f59af06b0f894090bf295a8e6ff10ce3,e9b2d16947924cb08d301840b36d3957,delivered,2025-05-20 13:19:00,2025-05-22 13:19:00
85a2939aa14d40b98c28def734042a26,a89db92f6fc2401e9c3eea887ba9aca0,shipped,2025-08-05 06:28:00,
b604676f5b394f2dba88a061fd85d0c5,1a7fb3ae3a404f328cf54274e0042fb4,delivered,2025-02-03 20:11:00,2025-02-17 20:11:00
50d2bcc400d248cdbd2ce784c51b602d,71465717997f4e379d66f5f508d107c6,delivered,2025-04-08 14:20:00,2025-04-10 14:20:00
57e283ac6ab643e080c1e3236ab13edb,006cc7ed386546cdbb279844bf20974f,delivered,2025-11-19 22:47:00,2025-11-23 22:47:00
152211f1573345ddb5f9d3bb62d56d55,aa68715e42c742a6a999a8739f02ba41,delivered,2025-05-09 14:58:00,2025-05-17 14:58:00
165f7e2885bf4743861b3d6a4de5d736,a922e5f814aa4ec68bd9069d195164a5,processing,2025-05-26 12:39:00,
ef4e04e227a04b4ab8d9b8dc8c55e840,8ebeacc34b684ae2b56d522f4c3243b8,processing,2025-08-30 15:11:00,
6ed70c3066e642f4ab9bc70eb6b6587d,62620f30489f48b4bf6ad7d4469b7a54,delivered,2025-09-09 22:14:00,2025-09-11 22:14:00
1b08e5b260d9472aa77f2a2c3f44b47a,dfdaf5dce1fc40cb9df8a44f45234783,approved,2025-03-09 09:17:00,
4c8c57a210104644ac0395363e812255,546403ec29124e8a8d28d6276c30e5ca,delivered,2025-03-24 12:15:00,2025-03-28 12:15:00
137f568a8387433c9880412d57252877,48801d64dcb74acc99bdc93e23566ac2,delivered,2025-01-19 08:54:00,2025-01-30 08:54:00
f8fe7da9d76e4350a4091ac7ab45929b,1405310c7a66408eabd0cd57f6c94fae,delivered,2025-07-16 22:49:00,2025-07-20 22:49:00
333313f47e4f44138f948a08891c4321,312e86ba66c24424a4901f0faa635fc7,delivered,2025-03-30 13:21:00,2025-04-07 13:21:00
fdb1d3e8ce8241db84c9fd5faf24709c,1375ce9b00ff4ef4a2b8daca9d7c8e7c,delivered,2025-05-28 12:26:00,2025-05-31 12:26:00
f6d194499b0f404ba597d27ba1e5f350,619fa2ae9c364816950594b8b6951051,delivered,2025-06-17 18:08:00,2025-06-28 18:08:00
d601822d196f4de3b80a8184a12f3e57,2b7c29b9715f4876a5a63269af83c00e,delivered,2025-03-18 13:22:00,2025-03-25 13:22:00
0e108ea955e04f2d90c9063914d0a72c,87ddef2bdf3846afba6969e82f6cb4d4,canceled,2025-09-30 14:18:00,
252433fb8b494b62a9d8cf2638cf5109,752bc182213d4e2fa6ab467ff0a6fb45,shipped,2025-07-19 07:19:00,
a6308ef83aa24151ac1e94a5edef71ba,9c41957953d545d5b7aa128f646eb8c6,delivered,2025-06-21 18:12:00,2025-06-27 18:12:00
5194e055e99f497781ddbc26a6924bb1,61da041bb99a44d9b34a77322875fb63,delivered,2025-08-09 22:03:00,2025-08-12 22:03:00
45e7552490314785be9fe366c657525e,9214b30509ae448cb899b1d3ada84ed1,delivered,2025-01-30 19:38:00,2025-02-07 19:38:00
e7bee9d0419a44bf8d0031dea7b1bc83,29e1a55e26d64920b7a848ae5def7bda,delivered,2025-07-22 17:59:00,2025-07-24 17:59:00
cb2cbcaedd6f47a48e559715adf2389b,c13614c414554e37a2f64635acc4cbe6,delivered,2025-07-09 18:46:00,2025-07-15 18:46:00
e3cb8821e43f4c619f660264eebcea90,fc25680b74aa4f45862f5ac8ee2531f9,delivered,2025-01-18 21:29:00,2025-01-21 21:29:00
c030de3557b240768a6f08dcff71a5d8,5ceab32583464cc4a163f46982cbf933,approved,2025-02-11 06:20:00,
36665f2dafb9498e8de62abf6c3af643,fb07b886190c4fb1ae2d6b45eab0d13a,delivered,2025-02-13 12:28:00,2025-02-16 12:28:00
50cba299789045f9a584c14977ab0d70,42974f8a45994a2f8a9c951689ada8ae,delivered,2025-05-14 21:44:00,2025-05-25 21:44:00
11057b934ef14f4fbb8f5457250e332b,545976d458084711be9bad7dd3b5edf5,delivered,2025-03-20 09:03:00,2025-04-02 09:03:00
e539cda636a945fd8404358a02a36df8,7087560d5e67464fac6a3e50ceeab448,approved,2025-08-14 20:34:00,
29f449bf58b14b958e7926ea1ce10b63,c5f45a7a0be845ea8a7575e40812ae29,approved,2025-09-17 16:39:00,
71ca9f710e7f43058d5d0d049d6db4b8,b61707a1b2a649c48ba8c31f46f0aeea,delivered,2025-12-14 11:32:00,2025-12-25 11:32:00
e863e3aa6d8b4e6f84c0a82b34f4839f,4232df3c75d347009c837b03036186e4,shipped,2025-03-02 20:27:00,
37de551c286d4810ad8a557674a697b6,c05a8c75ce78439c985f13a27e5d9100,processing,2025-01-30 13:34:00,
59d05f5fd5304ed2b66732be859496b8,a8e0169022e6456c9ee272cf7917ec57,delivered,2025-09-26 19:09:00,2025-10-04 19:09:00
33c278c8af9a4315b9bd088e193793c6,9ff748dc2b3c4469aec75645595d740b,delivered,2025-02-12 18:07:00,2025-02-19 18:07:00
872557ceb0fd4c1491a1ff51bee5d427,c1bc91e1330f4d9dae069681d6ab7e5e,shipped,2025-02-04 19:01:00,
99352b5ab57d4cfd917920f0688e54fa,006ffef175304fcba4a29196b7eab6c5,delivered,2025-06-17 07:56:00,2025-06-30 07:56:00
924125205c884755a91d5c0b3b87090b,a13af56b41df48d19fb71c708cb76bb5,delivered,2025-12-02 21:34:00,2025-12-16 21:34:00
7a0178d3b19c44fcaaad9385f8e1ee67,c09c5c544b4340bebcb7eb8a55ccd98b,delivered,2025-02-19 14:01:00,2025-03-03 14:01:00
74888542774f44b6946370609819f558,89eca6c33dbb47e1a25a30810dff4c2c,delivered,2025-01-11 13:19:00,2025-01-23 13:19:00
142feee9cf21497d862ebf85386bd39a,04bfe0bbc95c478d9fd3a1a3e2a393da,delivered,2025-09-17 10:25:00,2025-09-22 10:25:00
64f12a0cd1cb4372bfa4bd9f4da67134,6742a2b2b4314bfc8d017cc0c8c5f3ca,approved,2025-12-11 19:50:00,
b9e1646d233c42858f6f7fbe58cd16af,fe86233e83644cf79990da351631560d,delivered,2025-03-11 17:02:00,2025-03-23 17:02:00
e503bd4f01ac4d5a93697f26c4332583,2b7c29b9715f4876a5a63269af83c00e,delivered,2025-08-11 11:05:00,2025-08-22 11:05:00
6115702344e54140a525b5dac0e69ab4,e9046c5b246b4906ad9360b59725101e,processing,2025-05-05 12:47:00,
b816bb1f6a534c9b875fcbe27f80fe1b,d647f82cd7394771b5d22424b51f1749,delivered,2025-04-28 06:04:00,2025-05-06 06:04:00
4cc7de30a4d04498b5251d45c157f09c,42974f8a45994a2f8a9c951689ada8ae,processing,2025-10-17 20:03:00,
8c979b9a98ae421dbd94155c8db56b63,8603e0419705477684821bb24c0094c6,delivered,2025-10-28 10:23:00,2025-11-06 10:23:00
7892845a681c40b7af186f3d07fcc6f7,345feae42eb24a12b8bdca5ca6053481,delivered,2025-08-23 08:16:00,2025-08-29 08:16:00
6c5cfd73e89749169c5c273ad906cb93,659360edcb8d4987aa5badc6e2c75af0,delivered,2025-04-09 15:11:00,2025-04-19 15:11:00
721a6f6f7b88476a87626e643b82f0c0,464a8e640c3f44e6afa9e273975d6d61,delivered,2025-11-20 18:28:00,2025-11-25 18:28:00
cb83ad1eed564088ba75a1c500a89a56,d38b36a2e137440c9f61234152a5eb47,delivered,2025-02-24 07:07:00,2025-03-05 07:07:00
0eeaa9ba4cc64b83b9ad449087964d76,4abdcd4acb664e95aebf1597fd3c371a,delivered,2025-04-04 20:39:00,2025-04-07 20:39:00
ea3416d183ed41e7b275f9239e7d1241,6e55003c4fe64263ba876998a4fdfa95,delivered,2025-08-01 08:22:00,2025-08-07 08:22:00
a500b2c8e5984d0a99aa56498e409dec,2dc886df88cd433ba297544b9f2be1b8,approved,2025-09-20 17:25:00,
86fdc81996ba49b5a7ec01d955bc2223,2f17693c0672499a9739ad9b0b7d2472,approved,2025-01-03 13:37:00,
530e5d647bcb4f499c3acac26a08d5ba,4a2c9950efd040f9a7dd6fec449f09f0,delivered,2025-03-04 07:03:00,2025-03-09 07:03:00
a16469f8171f46dea30862010c42613d,9fef91c7fe21478d956a6e19f263db96,delivered,2025-06-24 12:49:00,2025-07-05 12:49:00
6273007f5bd44ecf9acd795b5dd651ae,2e427a6dbd7242c487e454ec445388f5,delivered,2025-09-01 15:46:00,2025-09-05 15:46:00
45dc177ca2f6490eae4528ac77f37883,02e47ecdd5784535bb3d83b07e28e69c,delivered,2025-07-05 22:06:00,2025-07-08 22:06:00
673f2354578a40e2924a0de349c016c2,8841615b3e184e13a4f6a285a70cc0ef,shipped,2025-09-02 08:12:00,
3ba0650c7dd047f8b3df5984714c5293,0cb15e122f2749c5b51f331ab60e074e,processing,2025-08-16 22:41:00,
26f0887529b947ee872a5cb52b5f128d,8c85f2d75bad446884f196cc4749b29a,delivered,2025-08-15 10:34:00,2025-08-17 10:34:00
c7bf15428e594879abf1d7955284133f,06d34e0b7b664967938d25048ef7d39b,approved,2025-11-13 18:42:00,
2933ec93d80c4231afd2fd0e645aa844,14eae22ab0974fd1b895f8db8a0a31a0,delivered,2025-09-25 08:31:00,2025-10-09 08:31:00
3a4ed354ec3045ecb15e5c2ed0d1eb0a,090a5b1903154dea9ef0d28fb5298c8d,processing,2025-04-06 21:06:00,
ad4da2da4b5e4422b721bd14e8c42526,ede90c8024944747a0d3410bf0719a5e,delivered,2025-12-15 16:47:00,2025-12-25 16:47:00
bb47537c50ec45879ab367aed205c8dc,f8868579acee40b2a4db364142d16a6d,delivered,2025-10-03 15:51:00,2025-10-08 15:51:00
d7a2f245fc3040b29f4ff7d322077c4a,0063f2466d0a4cda81fe56ce7c94282f,shipped,2025-02-17 09:10:00,
4b604dc8d4d2484aa48247565aac9f85,3e3c3f411fe84607ac461c9821da8a81,shipped,2025-04-04 22:47:00,
5503ed2f961c44efa4b32b496208611c,8676124047c14634abcafc643fe33177,delivered,2025-05-13 17:19:00,2025-05-22 17:19:00
39ebd6f6f7a745fcb0c5b0e717b84921,e07900e0d95f492b98b2b893908ed68e,shipped,2025-06-13 15:58:00,
d8526a36a9aa46e6b8fe11c18b653266,66bd4edab52e4bf68d6b61a9734d1f22,delivered,2025-02-17 10:20:00,2025-02-28 10:20:00
68769800bad54624bb192fcc12ca379b,be7a9c948bf04d6cb77d3b0c8afd0ddd,delivered,2025-05-31 12:09:00,2025-06-13 12:09:00
089c1411c68a4671a442318fd8f12b38,ec70e0bdd6ff4d0fb5f456e5f5dd4a07,delivered,2025-04-21 11:11:00,2025-04-23 11:11:00
c9d1b8dfe1d540018e363445bd13957a,aa120f96c26e4d5c8e5072f63df6e8a3,delivered,2025-11-30 09:52:00,2025-12-02 09:52:00
bdf1d294656142bca847d6a1521db84f,d13ad1110af04ec29cd4dffd4c03199c,shipped,2025-01-16 14:46:00,
f27ef0ec30fe4193b084683affceca06,e5b49c5ff8994d69bc337837c4a0fb74,shipped,2025-12-19 08:25:00,
0ce204df66674d8eabd3ee1b0794f269,b61707a1b2a649c48ba8c31f46f0aeea,canceled,2025-03-24 13:59:00,
1d24622298544d418e4b02ac386aec82,640e457b41074bff8b499180657b09f1,delivered,2025-05-06 17:06:00,2025-05-19 17:06:00
b447da67b528429bbbd9e36359042927,e07900e0d95f492b98b2b893908ed68e,delivered,2025-09-20 17:04:00,2025-09-27 17:04:00
4ea44fb5925a4967babdb80a1b233c4c,1405310c7a66408eabd0cd57f6c94fae,delivered,2025-04-19 17:27:00,2025-04-28 17:27:00
a44bd56d4916485bb8bbba04bfb7cffc,fac436a91c4a470f8bcf551e9bc3bd33,delivered,2025-06-26 15:57:00,2025-07-08 15:57:00
65ba1d75cdc544c6a4c8cc82fec9449d,28652920c99e408eb9b6716549a253c6,approved,2025-06-04 19:06:00,
82262236657144f1ade1e551b853991a,b552845229124bf5b3eb38a95ef322d3,delivered,2025-06-13 19:12:00,2025-06-27 19:12:00
c9dcbd1675b74ba898fc03ff2d7b9d52,61da041bb99a44d9b34a77322875fb63,delivered,2025-01-20 09:33:00,2025-01-29 09:33:00
c5ec2bd28ed04a52bc549b3af14eb49b,dd0e36a901064e8a9c9e3c93d97fc89d,shipped,2025-02-15 13:51:00,
1e5a866c1ceb43c6b9caf58ec8b590b8,48b28d017c0941c0b40b743d80756be1,delivered,2025-04-07 15:02:00,2025-04-18 15:02:00
3c2265e7b1d043e086172525ddb3b916,7c3226a906e845e89e136f7b6d302c57,processing,2025-02-19 11:56:00,
a3354382087c44efb0484a8d9ba90f6e,300509439881431b8671c1db3287ebd7,approved,2025-10-21 11:24:00,
2085b4e2d75b4d73a18395fbb0c5c7fe,62620f30489f48b4bf6ad7d4469b7a54,shipped,2025-04-27 18:07:00,
84d2f53a65de4c0bb574c12773efa75c,84032334bf324c64b16a066ccaab0fa1,processing,2025-07-07 20:37:00,
024ff08b01df41d99a167dee7ed98034,8e8b98ed6486451f8ae502209c3118ee,delivered,2025-05-28 10:12:00,2025-06-06 10:12:00
2e64a9e4c6a949b9ac1091a42ae9ec74,10d1077db5d44117a65cdab08a997a0c,shipped,2025-06-11 07:28:00,
16abed3cc67a45c196489c216bd18336,632d55ad6d1945bcbb0b933454b1e533,shipped,2025-11-25 15:29:00,
f4da42ac6ed5488e9badd524f2ceba1f,c704b95799644cb6845d54030a280244,delivered,2025-04-11 06:49:00,2025-04-16 06:49:00
c15989eb4e16453795b8d044670270fd,d64492ddc5f44216b63d8c91bf9b657c,shipped,2025-06-10 06:06:00,
6823113acf134504a8f23aa037788986,186e3aa2f8e443c39dea0df472a5b965,delivered,2025-10-19 06:52:00,2025-10-21 06:52:00
4257ab77e09f4286a4e0ce7dbdef0e71,c78fd8c8d9fc464d9923bd45bbf364fd,processing,2025-12-28 11:51:00,
f98940c27d9a4617818875247d6fd5e0,a6deaeaebd824ebeba5de9e724b1b0a6,shipped,2025-05-24 09:40:00,
d49b08c3a4294c3d87d9e3fd96002c99,4a06842627b44fcd838f1ee9ceac2a49,shipped,2025-03-19 10:05:00,
4f94212ff3d443fdbda52ad8dc78f8a3,efaf0f03115449d49304bad0eef3e3f8,approved,2025-07-09 08:06:00,
5c520b349f0d469faddffcf52fa3fae0,b6e0654c070a4aeca104c616d35e6c81,delivered,2025-01-01 16:59:00,2025-01-03 16:59:00
6145ddbe00da4cf2a3833e910f955063,4d0f552964ac45bea04a5d647d1f4e3d,delivered,2025-07-10 13:21:00,2025-07-18 13:21:00
a1632bc6d9274c66bb4f25f784a5cc73,a9392530c4204be48f70493702ebdab9,shipped,2025-01-30 06:35:00,
6dfc07bb58334c358f50aa53086f8b44,a4d89bb7c82c4505883b7f2d3421d91e,delivered,2025-12-12 17:08:00,2025-12-24 17:08:00
24d5202f3f63435789f912324df017e9,06eae5f3a1d748be88c92da201b4af6c,delivered,2025-07-26 10:51:00,2025-07-29 10:51:00
e9c3dbef44f6458c88d9a96ba4454777,d0254706bb024483a780814c103786f4,shipped,2025-05-15 21:46:00,
71a6be561e954884a3166a5929cd3886,e19f68a2505447c69734f33e2c98d994,approved,2025-05-09 16:11:00,
460f8e6a66fa4aec80d2e941dab766a4,038d8873f6d3404e938d306903ecf1bc,delivered,2025-11-13 14:42:00,2025-11-24 14:42:00
89ebeb91e1084798973f77aa7d321e0f,4466f798c7164f90b73bf01d5cd00aa1,delivered,2025-08-15 18:56:00,2025-08-20 18:56:00
a67ad8a95b28439abb1af27b384906e5,9f4353e478d04fc4b1d4696d43788ae3,delivered,2025-01-16 07:28:00,2025-01-24 07:28:00
53b46a3d2b224ee1b5fbada0f3cdb275,bfa392eee2b74f14be27461c2e7fbf01,delivered,2025-12-21 19:20:00,2026-01-02 19:20:00
71d5bcd6b5ca4d5f8cc36a884815445e,b0a5a130b14d4b8ba0da732dfaf82668,delivered,2025-02-07 17:08:00,2025-02-18 17:08:00
2f4bcc95aa1e48bbab92626d884f364f,a04d238e823e4374baaac1875cfc5f8c,delivered,2025-08-02 13:48:00,2025-08-09 13:48:00
82c993d74cff49388dd9837c4d0bb293,4928353a2ab942eab2505d223bba0fac,delivered,2025-12-30 19:28:00,2026-01-09 19:28:00
95bfa77ef8b74f549be0897e1d34fe4e,8f6630c6471e4c87a5d40fb15ae8fef9,delivered,2025-01-14 14:19:00,2025-01-21 14:19:00
4946ac423abb44809f9cfe06dbcf890e,e8f3fd8cad104cbd8075e006d1f73675,delivered,2025-06-26 22:59:00,2025-07-08 22:59:00
95ecf9af1bcb4cca83fdbc08b43b93de,caa6f5622d974ad7b2d874a55f1f0a5e,delivered,2025-11-18 18:15:00,2025-11-22 18:15:00
d47de57dff604237b36a83edce6dc978,5fda70083ce3481497d5d9945b214683,delivered,2025-04-18 12:20:00,2025-04-20 12:20:00
deb08e86915246c4902b858547537062,fd3fed9fc73a47f68bd11b31c58b2aff,approved,2025-06-30 08:55:00,
0a415d948b814381b243baa0fdddc51a,b7d5c91413424c16ae18c5d2ef6d83e0,delivered,2025-08-26 14:57:00,2025-09-05 14:57:00
30c06bfa8acc48b498bf41a07ed712bf,bce79a5a4ba14e01a11136990175b002,shipped,2025-07-16 10:26:00,
4b307039f34243f2abb63bf7d6eead69,aafbf4eb785e44169d9293ff1c29aab6,delivered,2025-03-30 06:21:00,2025-04-07 06:21:00
5563ee9f19d54c0b9aa0b2449b0b1f23,d6d3f4c4948643b797795e2c25a33ce1,delivered,2025-06-20 12:09:00,2025-07-02 12:09:00
124880cafbae408d834205dae03b927e,eccdfebe4c72428fa84d7bfdd52b939f,delivered,2025-05-20 18:23:00,2025-05-28 18:23:00
fb0f31d9acf84e958fb0bc54c057c664,0c190580cd884321a14c14ed0077c583,canceled,2025-09-29 10:23:00,
d1e5f26630be45bfb6e4348673c02913,f158496e4cb74e598ec3454dc15bbe47,delivered,2025-03-22 22:28:00,2025-04-03 22:28:00
ce83340f110346c4af630efbfc82e958,336086d141a148199c4923352542f479,delivered,2025-12-24 20:45:00,2026-01-01 20:45:00
d45f2f0716ad41cd85ce3270bc26eef5,679e771331fd467d9ff858c91b37856b,delivered,2025-09-17 09:01:00,2025-09-21 09:01:00
12dcda4050ca422fa7dfc371a38a3406,ae4bfc9da0c941d6ae3ff4931d178bcf,delivered,2025-09-13 15:02:00,2025-09-17 15:02:00
1e2f87d07b8d4d42b690434cdbcfe88e,591386df1afa49c2b6f78d6ae0e4f88b,delivered,2025-04-30 19:21:00,2025-05-12 19:21:00
e1ba7718d880461bbeed3e816378fcaa,21441cea5cc1443cb8b0250675e6e1cd,delivered,2025-12-08 13:04:00,2025-12-19 13:04:00
0f2a0e2ad946412791b97ed33a35bb45,505fb25e645e406d855a246f70dac89b,delivered,2025-08-22 11:20:00,2025-09-01 11:20:00
f7791d19bb75410b9834fa5f4781dfb6,5118c07429cb43dbb9f245393e2d5aa3,approved,2025-04-05 06:32:00,
5c5a273e07ad42a9a7ca9e849df3cec4,e4509ab4ca444e3894da75680ea71409,delivered,2025-03-06 07:29:00,2025-03-15 07:29:00
9c0544916bb64bda87214cfc8809cb42,bb7a9029d25443d9bed438f847d73c18,processing,2025-07-19 07:11:00,
f8a419f2c259490ca635334d2f5c8238,82ab4e6286b449138dc88fd2d7cb3740,processing,2025-04-29 21:53:00,
b3d49a543c9a4c41be9362344f396dd2,0ca87b66706348b886507ac90a65dce5,canceled,2025-02-15 18:37:00,
68a8f78c7f7546a9bfe1545b29e87111,f652d98040f4489098e0379ba6b4220b,shipped,2025-08-13 10:54:00,
68c32b2a4b62473fac226cd8ad0058e7,2d25dd5c598442b7b558b2d85dfd7a93,delivered,2025-12-02 22:23:00,2025-12-09 22:23:00
99997348045441a4ad670922a1641f17,46fb938babea40e393f25686c35d2286,processing,2025-10-29 21:17:00,
5f6e065aeda441eaad608509a08ed183,3863e23ec50f4c4d9bbc6aacb67ff12e,approved,2025-01-01 22:23:00,
b1d404e87ed6417fae15df2f765f7fa3,84ed3c2d546f4913894c082ec59ba9ee,processing,2025-04-03 22:26:00,
3846e043cf2940dbb874b4d0c0c652ce,07c429c6620a41fbb95a4146fc027f43,canceled,2025-09-28 10:28:00,
01b1403e3b4e4143991c172d2f87a597,389eb5035d8c4f62bb0f3d0994699707,delivered,2025-01-04 18:21:00,2025-01-13 18:21:00
4bfd2211023e4568bca33e7c68f86720,50bbe030f2534c958eb8b214b5199908,delivered,2025-12-28 19:30:00,2026-01-01 19:30:00
c8493b73aed744598c69c50a15b8815c,4b1e226f9d04459c9572ac9e2019e3ce,delivered,2025-06-07 09:52:00,2025-06-20 09:52:00
eb6d270a72804ef586e41cf24929a837,e6123c3291fa40aeb4957b8a3cdfa7d7,approved,2025-11-16 20:32:00,
9f5c2750a116420dbb0c37f328e8c07a,7abb88ed45374750a9ae14eb1d283e1a,processing,2025-09-17 07:16:00,
5e65ee79136342a38a76638f31cf98a0,f8868579acee40b2a4db364142d16a6d,delivered,2025-09-08 22:43:00,2025-09-19 22:43:00
c425376d93d441c2a6346f14b7d49126,c89f37ebd8d940f7b72c232f772060d0,delivered,2025-10-19 22:25:00,2025-10-28 22:25:00
9621faf11afc48d8b49db61301116b49,dfbf5d02019f496daf2f45bc411bbfa0,delivered,2025-06-01 09:57:00,2025-06-12 09:57:00
b2b422ea19634b0f937c78beff9d5583,17e2efa8082c4b3992ca550acb27ad92,delivered,2025-03-05 17:30:00,2025-03-08 17:30:00
99ef5df4d95a41c09331ab629e5a9805,5af85052bfd1492589c368203b93b40b,delivered,2025-07-26 18:29:00,2025-07-30 18:29:00
727972a3d21b425c8ddf2732b0a51dba,5342c4f5746f435da62562379cca29dd,canceled,2025-03-12 17:31:00,
aed925a91b514698af9f7cd560396aeb,8b99c223c984466fbc05b28fdf5fb73b,processing,2025-06-28 16:54:00,
64c21a22d2ca4f16ad42668eacfc18c8,0472d418391140ed8803e1d1bac8d611,approved,2025-05-15 19:58:00,
08d4271dff0d4cd1a40af1edf49d9701,8597d3bcf58542acba523d12e56cea9b,shipped,2025-09-16 13:04:00,
d173a2307bd341c69f6f1a761c8d83d3,79d82d89a45246eba04458012ff76bfc,delivered,2025-01-30 17:14:00,2025-02-03 17:14:00
b9eabf34a7b94090a2c2522e49441196,12c165805985416489139dd13aa82889,delivered,2025-05-02 09:55:00,2025-05-14 09:55:00
61a5d78cb9cd42709beb6c756b734938,045008e729a944068ca616c956a27371,canceled,2025-05-08 07:20:00,
da4e145426524e698e9a8470055b718d,b959c2f2f21f4267b6590787c0766f48,delivered,2025-07-14 17:16:00,2025-07-24 17:16:00
f5db36599f8c47b78cb354f542ec30a6,f155ffe4cfd34943916f77039ab587fd,processing,2025-12-09 22:35:00,
002c8e392ae041edb6dfff27bf3e387e,5748a4dd2f9e46a5964e74e76f31e464,delivered,2025-02-25 09:31:00,2025-03-03 09:31:00
39ddb6b19b564ebaac1fa8e6418725b4,5eaba68f0ccf47a5beae02ab820a24fa,delivered,2025-02-12 22:54:00,2025-02-24 22:54:00
02f505ef8f9d45f1bb3c46dda5c8d36a,8ff605fd9dfb46b99437b6eb7d7650c2,shipped,2025-06-18 19:24:00,
c0e047e17097482aa88fb31f455949bc,047765236c794a34b0fda8398832565a,approved,2025-08-31 09:53:00,
866e5a0be3a747b49ca30712f5a32704,941c3e27ad364ba4809b713e1bfca873,shipped,2025-03-06 15:54:00,
275514fed4ad423f85668cc4bd0614e1,89839ac46dcd43e4afedb8f5b85aa0c7,delivered,2025-08-22 17:33:00,2025-08-30 17:33:00
183eccd00ed54c9fa02131c063d0eb7f,3254b61f0fd44a50ac936b5b5e03b703,canceled,2025-05-07 13:17:00,
9e5e91107f2a443ab5289751551bb6be,e51610416da847e9baea4cc635dff55b,delivered,2025-12-07 17:52:00,2025-12-09 17:52:00
a4811479b2a4450b8c651b891999c5b7,c6cf95b8a77c4421987575769ef619a3,delivered,2025-02-02 17:40:00,2025-02-04 17:40:00
7267f7bfe38c4f368e463d9f077f4b95,a49bab17d99b4ff3a103dfc5f3fbccf5,shipped,2025-08-08 07:12:00,
60b9351c13ce4fb09cfe4a32d9dcfa7f,4398c8773938456dae1a60f129f76a6c,canceled,2025-12-02 22:19:00,
b89168ea3f8b498aa3f210cfcabe5ca0,816827a440ca4bf3a2abe900b26d252d,processing,2025-04-30 14:33:00,
bf390fc20f874575bd61d93659a82506,1afd681274ad4bcf8188da10b3efc0c2,delivered,2025-08-08 16:34:00,2025-08-18 16:34:00
de646fc4d2f74720b3ecdf8278b09b98,8ade1ec35fea4099910310225f1a1281,shipped,2025-04-09 15:52:00,
03d2da5c819c4a54aa3e96430c310723,fdef474a9a7741768949c3870ed75d76,approved,2025-05-12 18:38:00,
a244e857aba248d69ec59d868291bf20,0dce23ba854d4cc893194e144a35bad9,delivered,2025-05-16 08:12:00,2025-05-25 08:12:00
97dfdc7c14c548f2bfab3cddc77fb5d4,e19f68a2505447c69734f33e2c98d994,delivered,2025-08-29 06:14:00,2025-09-10 06:14:00
884bcef0854245f89ea65c17140140c4,3e31904d7fb8429aa82f61fd70bed96b,processing,2025-02-14 14:04:00,
4730bfc33d0e4c9bab7c7341b26b4367,9849a5af32ec40be93bad28a2974e2bc,delivered,2025-07-18 07:27:00,2025-07-31 07:27:00
9e6a590ee13e469e8a730389e433c13c,d78c75e78d89436187aab2404e870a09,processing,2025-09-28 11:59:00,
b3587048dc244d16be165b4db85a685d,1298cb43e2614f88ba0cb14a00caafce,shipped,2025-08-31 20:57:00,
b4567da52e754a49af21d48fe2a5530c,ab2b660910504dab8340ae203bf57de5,delivered,2025-11-26 18:31:00,2025-11-28 18:31:00
18515f1d64024f40898194d922c4f081,29418aae53d04e3e932636eeabcd985b,approved,2025-06-02 11:00:00,
46d0961c67d44868b363994116abb45f,bbf6b044c22143809f94a428c03e4d37,delivered,2025-02-01 07:56:00,2025-02-03 07:56:00
0dd2d4918423421b92fc5c6b40a30cb1,5855cfcdf5ee4dd1ac8bcca50371d78b,delivered,2025-12-01 10:26:00,2025-12-03 10:26:00
6f663da1b95e4786a85aa01dc1c8cbbf,65064d4bcf264316a05ce4c018e3476b,delivered,2025-02-01 09:07:00,2025-02-12 09:07:00
70bb793ada2544e4b4272c6bec62546b,ac7782581f034a969ac2312c93ac2885,delivered,2025-07-16 21:56:00,2025-07-18 21:56:00
75ebaa405e5a4845b1c5f98b9c42e5ad,9c1d2e6f27e744c98346a48e2a7091b1,shipped,2025-10-26 07:51:00,
0556745c9fad40728eba742f9c96073d,752bc182213d4e2fa6ab467ff0a6fb45,delivered,2025-03-18 19:47:00,2025-03-30 19:47:00
1770c931798f4eef82721cee9a4afccc,faca583210e84984bb57613f9b23b27f,delivered,2025-05-24 17:25:00,2025-05-30 17:25:00
d72acb202d3c4b919b9aeb672c2ae16f,5e07ffdb19344d6eb8073034a4e79533,delivered,2025-11-17 14:49:00,2025-11-19 14:49:00
bc5f886c91e549998cd78011abf7876f,0c251a2ced4f43739aaa0a8e1abb8cbe,delivered,2025-12-15 15:51:00,2025-12-19 15:51:00
1658e75e09074c54b609d535fe9a4722,13f29dd1d7324a52a46bd54b41177e5d,delivered,2025-11-03 10:08:00,2025-11-05 10:08:00
e5aa7f945d2f47fca169ac4158b744b7,953860f738e24896ae076117e5959580,delivered,2025-04-27 16:50:00,2025-05-01 16:50:00
253b383b20b942fe9a9dd83ede35ac7e,db15f328403643ca9145d8b35e9582ab,delivered,2025-07-31 14:43:00,2025-08-05 14:43:00
2e01537d4f844e29b4eea0cb5f51d7de,42b2a59472154a00b651cff6e36b52a2,delivered,2025-03-19 17:26:00,2025-03-22 17:26:00
2a5d57386ed14d2ca2fe170874f671b5,32b6939847034f6db5fcea99db6a3099,delivered,2025-04-14 21:02:00,2025-04-17 21:02:00
e9dfb8f808bd4edbbe1f52398cd6a6cd,e138063ca84b4ecfbfc8401866e19ff0,delivered,2025-09-03 15:19:00,2025-09-06 15:19:00
32f62d083d76455f8d56a25b9dc8047e,71f3374ac1a244428e13075368340cfe,delivered,2025-08-05 10:07:00,2025-08-11 10:07:00
c069fd0de02541d2944a091b5e91cbc7,c775825876c04d939d92eb08e7bba7b8,delivered,2025-10-16 22:19:00,2025-10-28 22:19:00
f94a1635b1544329b6a576d976c21721,b74882e9cbec4b4180eed167cc103c57,delivered,2025-12-24 14:30:00,2026-01-05 14:30:00
3426563930914ec88722960d72283b89,02b8221d3361474dbe39f32baa64bbd2,delivered,2025-11-28 13:26:00,2025-12-11 13:26:00
028eded02e134c56a1773e35e4de6070,67283a1da64c4d4fa75a086bde188c21,delivered,2025-06-14 18:35:00,2025-06-18 18:35:00
09b122ceca334cf8b0b9c28e9b32f9a6,092445909e954aec8f5c05eb342bb8a0,processing,2025-07-24 08:56:00,
e73d3eb21dcb4c64a7c3a771b9e255fe,50074baeb01c47558612c439c1a60c45,shipped,2025-07-07 16:42:00,
3047f5587f6a492ab82725724caf05b7,4de3818f04e341468e4ec00e9f4d3de0,approved,2025-11-22 15:21:00,
0e87906e922642459d3a42b0211dd3b9,a38e64ea2d3e4ba7bd43608367f4798a,delivered,2025-05-25 06:55:00,2025-05-28 06:55:00
c162eeac679e4e459f197ef088b34998,688ab405c36a4a4496d064526a5edf05,canceled,2025-11-25 13:29:00,
f6172816ad5e49be81d036f52c962879,3d315d841b7049e5abd38f02d367d9b4,delivered,2025-02-16 09:40:00,2025-02-20 09:40:00
db0e7ecd78694f058a1350f1fb63a4b3,91459fe4a3ec4356ac0937b5e85b3d5f,shipped,2025-12-25 08:14:00,
bacf4dbc15ae40daba145ce957a7d6f0,1006a0ce50fe46ecb20d80b3fba15556,processing,2025-09-25 22:13:00,
21f76a8641814a5fa7a4a8459f902c9b,37feb572ed024871a18f53972ee558a2,delivered,2025-08-18 07:05:00,2025-08-26 07:05:00
d637b8e3ae81458bbb220ccc9ecab287,9df95f7cf7c64235a43f99cdd6b84216,delivered,2025-02-14 17:52:00,2025-02-25 17:52:00
6812e297d8da4882b5d4f4eaca0dece7,036126457aa44332972647afb1d0457d,approved,2025-06-27 13:20:00,
241269d44eef4b88b8358400143f28df,841ff44f11994af284603eecc68f66ee,approved,2025-05-02 20:00:00,
bdd4ad25c23945d2a7c694ccbb162b67,4d4d25ba8d13401da23e302a94fd684a,delivered,2025-01-15 18:22:00,2025-01-26 18:22:00
6777981dbfea48529cb984e64eab9fa0,ff70a9366ec6468ea4c8674656811980,delivered,2025-06-15 14:17:00,2025-06-17 14:17:00
b79b5c2c651b47059aa4c999d07b216a,f2c68bc4c9f0498a92d95164e9844c0d,canceled,2025-10-27 16:35:00,
502ee1b26e3a4209b533176032044e58,0f188de1fb8148acaff494d44055a101,delivered,2025-12-06 22:08:00,2025-12-09 22:08:00
d686a7ef6aff46ddad2c325f06fd0927,830d8d1fc5884e97aace27d75c7f7049,delivered,2025-06-06 19:12:00,2025-06-08 19:12:00
d59550fc24a94b8ab137b19dfdab07ac,4a31b0f357704d51985d5974a8f2f74e,delivered,2025-12-23 21:30:00,2025-12-27 21:30:00
b496d520d15b4d8cb3137244d242db8e,cd4f42fa37ac4724948ea6e85e3fe666,processing,2025-02-28 22:14:00,
4ba43a117bbe47aca51be493516ad733,e4b1feeeb0e74f908b957eac82d634d5,delivered,2025-11-20 16:15:00,2025-11-26 16:15:00
6dac693f8c9e4be0bdb497952d010d8c,50fd2b70ee5e48d9b6b5df4d71655935,canceled,2025-01-18 11:51:00,
28d84eda568b487eae173897834a1729,fc4f2f37c87a43aa85f15e0c6dda3a24,delivered,2025-10-07 19:18:00,2025-10-18 19:18:00
0588f99edb72441fa9d8d5a42f6092d6,c3ef3719fa3c447db4ddf0744fc05ef8,delivered,2025-05-13 21:00:00,2025-05-22 21:00:00
4dbbcd929cad4993adc88935595b4ee5,e2aa549a4eb24151b062824684497796,approved,2025-05-29 17:12:00,
76c98ef8e255490880996ff128e8fd9b,c9e480c7d48844eaabbf00ae2225f087,delivered,2025-03-29 10:15:00,2025-04-10 10:15:00
fd7b91acb2d440f993c72ed10d086d18,c38a9a6c7ef144ac9c5b823ccb3bd202,delivered,2025-10-17 09:28:00,2025-10-19 09:28:00
965819466bae45a882f6510e96c08e26,b84df03efaf44d008d435e1f1dab8938,canceled,2025-10-17 16:57:00,
7aaa723d4a3b4235b9a6dfe3adcff69c,688ab405c36a4a4496d064526a5edf05,canceled,2025-06-06 12:33:00,
36c67e0fbdf74bb78564d93eb11f9695,7e826d58633848af8f54d3246a0f1f58,delivered,2025-09-28 10:35:00,2025-10-02 10:35:00
12e6fdf1ccba4f5693b987acda021fec,e1aa033dd1e44f29a494da3fb289c924,delivered,2025-09-23 20:24:00,2025-10-03 20:24:00
fff73b809f0e48b28b6dd508a22d3630,5bcd288eb06548e3b114e4e1c8158d24,delivered,2025-10-11 08:02:00,2025-10-18 08:02:00
48492f1ed95d47dd8490138259c93c7c,54425f530a1e41d3af0225b85020b40d,shipped,2025-02-25 15:27:00,
bce704332f0641c1a23d7e0140798fa3,5da0549c89bd4a4b9e0ce004ff684256,processing,2025-10-25 13:13:00,
077f028221dc418f817b833a0c36d209,b9edde4f42124efc86506497bec19346,delivered,2025-12-12 12:16:00,2025-12-19 12:16:00
3f23ccce0cd04584b518521788f911a9,e0c6bbf2dd7b43e6a95422ea01fc5e32,delivered,2025-04-25 18:50:00,2025-04-30 18:50:00
7ce03aecab0a494c89ebd56597e5dff5,1f9098833ce94885ae442708e9bb6487,delivered,2025-09-26 16:47:00,2025-10-09 16:47:00
0cbc80b47c144734962a5ce58d28f1e2,104b332bce35497797ef26ba791a774e,delivered,2025-11-27 08:06:00,2025-12-09 08:06:00
e00f594192e1451b9cd67ff38d1cc275,347107eff03945fc96db6e1fad46f253,processing,2025-09-07 17:33:00,
e1db61a0e78d44c99a92073f5de811e9,8eac6823a9894a44a77c238ff764796d,delivered,2025-09-30 19:34:00,2025-10-10 19:34:00
ceb8944c01234cbaa2286fc8561d0ad4,97bf7eb2ddef4e25a05120b4f1cbd8dc,delivered,2025-12-21 20:19:00,2025-12-28 20:19:00
330567b7ab554cee9b4cd2eb396fc2b4,dfdf1616709b49338800cd70e032e8aa,delivered,2025-04-02 15:29:00,2025-04-05 15:29:00
3eb62fee828c4a0fa17991c0828efebd,91459fe4a3ec4356ac0937b5e85b3d5f,shipped,2025-02-13 06:41:00,
36ef1c30c8a14caf96938d6d539b4426,753e3c586c55423f9cc17ebcbc6020a0,delivered,2025-04-12 06:57:00,2025-04-14 06:57:00
abff581ccdfc4694965b421c425f7cc3,f32707b6e9274097ba5cc59d92f6ad9b,delivered,2025-03-10 21:20:00,2025-03-13 21:20:00
1e1c2053e3b841d690b6293050c40e35,a6a062cbeba24896b1287a63cb245fe9,shipped,2025-09-29 18:14:00,
099895bb2fa04e949c51ded1ce848778,7559a22aa56f4dcba6a6c7a5f0ac2613,delivered,2025-06-06 21:56:00,2025-06-20 21:56:00
768e0a19e8284fcc92719ffdf3f1f6e1,f81c42b16e3848b3aacde7ec8396df22,delivered,2025-05-03 19:58:00,2025-05-17 19:58:00
ca971e3668514afdadbb9ee8b0c30272,1baed8e1c97e4a1e859de3ee26f49d9f,shipped,2025-01-22 10:38:00,
f8e910f9f1734bb6a2a4fd04dc16e137,6cfbbc90d996425b83bd0b8217fc38d8,delivered,2025-11-26 17:41:00,2025-12-03 17:41:00
fabe17c54baf4d8cbf93df41efc4143c,250bfab3c7424c76bcf2d980ea3af87c,delivered,2025-09-16 08:18:00,2025-09-30 08:18:00
95a6c124e21145e3bf21fb975beb41b7,6bd9f45d72b54202a3862db2296f3cd0,shipped,2025-08-27 11:53:00,
8d5e4fab201d49dea7d45ee081a7c9dc,627c664474814453af869d206969224a,delivered,2025-10-12 09:13:00,2025-10-22 09:13:00
6d8c0635458a4b87b68b6d6d99acbe34,da7e13dabd5e47819474aa6b3d3160ac,delivered,2025-03-06 09:31:00,2025-03-18 09:31:00
9851717199c641daac542edfe427cd37,292d126d7731404b8b92ac682562a75c,shipped,2025-05-06 18:00:00,
1d7e00b946e848fca48cf97699a49161,50bbe030f2534c958eb8b214b5199908,shipped,2025-08-05 22:48:00,
c4a39c2d398b4ed2b96aca95024a7332,0147f1c4837b46dcaa0cb83e18e4df95,processing,2025-10-07 21:37:00,
8024dce896ef4018aee437a227a7b784,7e02f2f854d24967b08bbe7b504b7c3a,shipped,2025-02-14 20:12:00,
9253e593c5434b269f8b57f7f85cda51,d5e3a0411a604fc6b6b1b9a38d6a4459,approved,2025-03-08 06:26:00,
e18ff74e3eee481fa9ee33839dfed123,d1756bba44444d47ae4a4a01ab8874cc,delivered,2025-12-29 06:29:00,2026-01-02 06:29:00
dc9e237ddcbf45e4a39354e4d0ee9f0a,4312daba871849599e3822a4bcd0598f,delivered,2025-06-21 22:43:00,2025-06-28 22:43:00
438c461212e44ebe95e6edaedfdcae46,1e0956dbdba54df185a36f84c667a863,delivered,2025-03-07 22:31:00,2025-03-20 22:31:00
d9f8d0e49c6c45489c6ac7d1be3430d6,f45985ee6a164b69896b971a0283db29,canceled,2025-05-06 15:08:00,
cd59e1a0caa2467c9cfe83394e3f59e9,259b9a1901774eab85be01bb2f28e8b6,canceled,2025-06-19 06:10:00,
51d0f9556cac464782c030908c56b32b,eeacc5a584c14490a549c8fdf36cde9e,delivered,2025-10-26 06:22:00,2025-10-28 06:22:00
32c518dcfbe34cd5b0db07b0446e64df,08dc37b62899407bbfdd5bad08986cfe,shipped,2025-12-30 15:22:00,
246db995fd794a23a57f1a2a294eb8c5,d4cec67206894f489f5992feb865c56a,delivered,2025-08-20 13:23:00,2025-08-22 13:23:00
d9b6b753e38d49aaa1fdda04885c1e7d,acae7e5b9c8a4ff1a2ed9477528e1552,delivered,2025-11-30 18:58:00,2025-12-14 18:58:00
e19e2930b67849e09b2c7dc90e5c266e,051f0c844ef7418884eb93ba617e783b,delivered,2025-12-24 11:27:00,2025-12-27 11:27:00
fa9906bdd60548189483898a2a20b7cb,9ccea5b3c5d44ce7936cf0903477b26c,delivered,2025-07-07 14:05:00,2025-07-17 14:05:00
a732c45e516a460a848258598d92dff9,724c9131df1c46e5ab1508214d1e1bd5,shipped,2025-12-30 11:59:00,
4bd69bad6fa9410ea411584f67d2e3ef,a6e57481230347d1a9ff970a3274d2a0,delivered,2025-01-17 07:09:00,2025-01-20 07:09:00
f3aa10ca2b2843a9bd26b90f4ecbdeae,ede90c8024944747a0d3410bf0719a5e,delivered,2025-11-30 08:13:00,2025-12-11 08:13:00
8919cfc550ec4b5c914d6cb7e207e089,0943a0e99e6842708a9bf7a627fd4e19,delivered,2025-03-29 12:09:00,2025-04-03 12:09:00
5bf7aa763a764dc682c232ec1c0cb9c2,193f5335bbdc4c3aae39facf7a5bedfe,shipped,2026-01-01 20:53:00,
883804599d3c407da12be84e76074991,82e63be08f3c41b695774feeda19086c,delivered,2025-12-13 15:21:00,2025-12-16 15:21:00
929f7e4946fc4a659892054173f48140,7a73752138a7429d852a25570f446617,delivered,2025-08-04 06:55:00,2025-08-13 06:55:00
e1c357328c0f473a9280fafb0c79cd9d,5342c4f5746f435da62562379cca29dd,delivered,2025-01-04 20:59:00,2025-01-17 20:59:00
605fa87836ac43ca9c2f4d51daa6f3b4,de7aeaa44b2a42ec9681f101e5a709c0,delivered,2025-11-29 10:48:00,2025-12-01 10:48:00
cb51485c2b564a9e97fa3ff3e10ff671,e7980dfb3703432f9531eaddb72678dc,delivered,2025-09-08 09:14:00,2025-09-20 09:14:00
7dc394fe2fde4ef08b399d1b324f458e,65f9d716059e4fc49b6c84b7ed5c41ce,shipped,2025-11-10 10:46:00,
18496ce4edb0402abb6c004475b2527f,4ab8938440be4f97948a44502b643459,approved,2025-02-15 11:35:00,
dc6cde3d208f40648d6166dc110b9621,cee15a6794bd4b54a85d5a7c841a745d,delivered,2025-06-11 09:05:00,2025-06-21 09:05:00
1d093fb69e18428da2506fe0d5298d90,ee66e7ce4d774bbfa93e270eb7cb653a,shipped,2025-01-02 17:17:00,
97ff9458cb2d4bcd9333651055532695,8256ad4255274182a4a5ffd3a13e6f44,delivered,2025-02-08 09:41:00,2025-02-12 09:41:00
52b23607e99e4a67b121562f14aaa350,3d3938065e764df591504a8f4b72b259,approved,2025-06-30 20:17:00,
1fdc852340cf4355a5e1847935506538,c28027f381944a0b8fa95ead20e25530,canceled,2025-05-24 18:25:00,
b7ac0f808a8f4352a52c0c4a1c945d7a,08bf6d23404b4993b0f8fd424d9921fb,delivered,2025-07-17 16:21:00,2025-07-19 16:21:00
98cf6c5193e14fd3a5dcbf98e08f1bdc,045008e729a944068ca616c956a27371,delivered,2025-12-03 08:36:00,2025-12-09 08:36:00
177da50040474a5fad0e488404ca7489,3ef0fe8033c44ebc9686358022466616,delivered,2025-06-22 14:32:00,2025-06-26 14:32:00
ac5eae23f46940529014a89253f61eb3,cbe0ca1badbd4121b0b7a5a5bd9a4424,delivered,2025-01-05 17:47:00,2025-01-19 17:47:00
81dad1f95fd14f3081d74e8b2661337c,3fade7e98bff4ba2991acd4fc1f8c6a0,delivered,2025-06-06 14:28:00,2025-06-19 14:28:00
ec92f20deaaa47a1bb0bd09b278907e6,0438d8697a124b8c83ab2c7d627c969a,approved,2025-01-05 15:27:00,
63ebebe611af4229bb068638d1266bbf,1326409215a845b5b607703d2e0b9972,delivered,2025-03-29 16:19:00,2025-04-10 16:19:00
1733c24555d54d80a605fa7bd86a34fd,84704ceaae574ad286636d1364a5f98b,canceled,2025-09-14 06:41:00,
c22b41f8e43c4f08828bce0ef02f252a,ae79c1846c5f4adcadb866387e012cb5,shipped,2025-08-04 06:10:00,
343447c0377446e6aae6c641955fd676,822d836163674a809ab9af4cb841f977,delivered,2025-12-26 15:49:00,2026-01-05 15:49:00
45c42dce5f87417eade85d11628b527a,898c76528759402c94f9b035754a95a0,processing,2025-08-22 19:44:00,
04c2c2486b004decbbd5074e5f78116f,b1940ade44634eda91ee31f4a3f90510,delivered,2025-12-09 12:59:00,2025-12-14 12:59:00
f885a75947d44e1eaba8aa7eeb4b97a2,8f505114df6f4f6f837bef5376e659a4,delivered,2025-02-21 22:35:00,2025-03-04 22:35:00
f88ee317e2674626b540c32761445e7e,5523cc629d6c4514a59b6207a36c3847,delivered,2025-02-16 08:03:00,2025-02-28 08:03:00
321b75651ae242daa9a913ea46004f0b,a6d772395cb84d98acab09e96d2b3bec,delivered,2025-08-10 12:02:00,2025-08-14 12:02:00
52081d400f9b4a118ff4f43479b6e524,5f67f1fb1aad45aa9646254ecdde6a19,approved,2025-08-05 19:55:00,
034b00c8482046ff923e8026b17e6d41,8eac6823a9894a44a77c238ff764796d,processing,2025-11-29 17:15:00,
5f4b794f90cc49fda9d2f9d7380c817c,56fa2a3157b74aeaaaf24c217cd2ee31,canceled,2025-12-04 08:35:00,
2c67bf75c80145f4a0a9e475d7b08fe9,2cefe5b3939843e1b4f12788c5c3d6b1,processing,2025-07-01 20:39:00,
b414cbd8e43247148493342b6bc33c55,678e6ccdc6b74e7c83cd211048c912b4,shipped,2025-03-23 08:16:00,
2cc42d4a883b4a248237f9de912bd33e,2b23706ee65345bb9a98746eadfe794e,delivered,2025-10-02 11:40:00,2025-10-07 11:40:00
d322607a996146739097defcf73602b1,302353657a884503a68710ff595434ac,shipped,2025-07-02 17:07:00,
ea0b20d77d6e497da19c6224a14ca222,f2e10fec67ea4ee9981f70aa480108a2,delivered,2025-01-15 13:57:00,2025-01-21 13:57:00
747f1d5827ba426dacfb08b8fdbfe20c,8b8315969a5f4b97a4c5cb452c2f37ca,delivered,2025-05-01 07:32:00,2025-05-11 07:32:00
19d76ade3aaa4f9cb593ef245db032e7,170ddb3b40c34c908c40b2d31986868b,delivered,2025-12-06 06:33:00,2025-12-09 06:33:00
e6c4fda709f644dda63e8de060b59c97,cb9eecede62f42b3a258c0d50a763dc5,shipped,2025-03-07 21:44:00,
50e200c5ecf34d31a68a4e47c2083825,26804501b20142188a522e5cdd5357a8,delivered,2025-01-22 08:48:00,2025-01-25 08:48:00
d8ca083274454ffeaa10c4dd01d81215,7fd1544019c94b1f95b2ecb29ac6935d,delivered,2025-08-01 13:40:00,2025-08-04 13:40:00
9b73c1033a4e4bbe86b8e5e1b6165783,301acb89085949a88d19c5f7da62d38f,delivered,2025-09-18 14:34:00,2025-09-25 14:34:00
47851df7367e46e684a107813b5d81c6,e408c0bbdcce40daa1694112663f15dc,delivered,2025-11-07 12:55:00,2025-11-18 12:55:00
e99cd9a064ab404c8b731acda2a35bb6,b8f65eadf7f64c7fa344183ac102f2b8,processing,2025-04-25 22:06:00,
df46263848604ceea25bba9aad431c35,c4c559c74c7d45608741734d1ac66d2a,delivered,2025-02-23 15:31:00,2025-03-03 15:31:00
f0f3c6ecf9dc45508df9d2ca77680d15,1c020b1d150f4ca7a7fb44ab8eaf8856,delivered,2025-07-23 14:35:00,2025-07-29 14:35:00
835c02a85c104295855554ffbe572225,ef30579ed573425da778bea65720403b,delivered,2025-06-19 09:01:00,2025-06-22 09:01:00
f3267337111743669c87a2f2421fb444,90f9102235bf43b4af18bed5ee6ed589,delivered,2025-10-21 20:41:00,2025-11-04 20:41:00
a1bb46e023ab4893b192c6ea9bba9b9b,f9be2928d96b4875afdc126425e8a9c2,delivered,2025-04-14 06:17:00,2025-04-19 06:17:00
ec068ec851e9413e8888236df79ed064,7bb61d00dea64d1a874d6ed424354df4,approved,2025-02-05 12:32:00,
6ee0aff8f228416b8166d68c639bece9,5f4b3e17c5594d96b57a81a629258559,approved,2025-01-04 12:04:00,
59cd785941274e93951af95ec5e4e91a,090a5b1903154dea9ef0d28fb5298c8d,delivered,2025-07-30 09:30:00,2025-08-04 09:30:00
a514e92ac2514e5b8326951cc00c509c,e408c0bbdcce40daa1694112663f15dc,shipped,2025-12-07 21:07:00,
e8df9349e30b4fbc8bd160732ec82e18,1bd3f5d10b66420d84fc8813a73e03b4,delivered,2025-03-22 09:27:00,2025-03-30 09:27:00
ae6026737f1045e9976984ae9a57d0c8,77cd6cdcca7b445f9d9cf6c4f652915d,delivered,2025-02-10 18:11:00,2025-02-17 18:11:00
b14803e9bfce495b83982eeee20ab020,d9be4afce9e84d2793d422b6741cd5cb,delivered,2025-05-11 17:17:00,2025-05-20 17:17:00
538d41b5d69245d3bd77d0033d0d0269,406c75553c1f45d1af1c9b58abd2185f,processing,2025-03-13 06:32:00,
1175ed2e4dfc4c5598920bfadce5c854,37fa44c7f4c1420fbeaafb46c9cde4ff,processing,2025-04-10 21:09:00,
8ff34a3afafb4c65a71c25bb70e1323f,1a587243fda94f52b1725270b150feda,delivered,2025-08-08 09:25:00,2025-08-21 09:25:00
34a28706a29a495b9dd22999219ad1aa,6e832c8cae32495097dd5c760e62b6b5,delivered,2025-10-15 12:54:00,2025-10-24 12:54:00
8e456df838204837b9d2361dbf111982,65cddc01448f405a9b30ed524b4490e1,delivered,2025-02-24 15:35:00,2025-02-27 15:35:00
3d7caef8875241a4a316dc818899628c,7bb61d00dea64d1a874d6ed424354df4,delivered,2025-03-28 21:01:00,2025-04-11 21:01:00
c412ca0cc89f465e8c4cb9e956426aeb,fe92a5a7d1ee464295a3835abc4b34da,delivered,2025-05-22 18:22:00,2025-06-04 18:22:00
5a740653b38946ebbfe1a9e873f15674,7f9182095e29477baa290ee702792398,delivered,2025-11-19 07:23:00,2025-11-23 07:23:00
f59684468b1f4624acc8eb4085370cbd,dae8a817d4794cf08b3a9a54740120f5,delivered,2025-12-16 21:52:00,2025-12-23 21:52:00
acc9010bbc0c487c99e24783eca6a45b,01d52c6552024cbe8729b7005aa7a1ae,approved,2025-06-16 15:30:00,
c82740dc617844f98e46089fc7e4d6df,56b9703af734486097cc9aa82ee507e7,delivered,2025-12-17 07:07:00,2025-12-24 07:07:00
6340ffcb45994d348ae828c7bfb6db94,1e9a5ad2068242f497ac86f76f568ac9,delivered,2025-12-03 06:31:00,2025-12-09 06:31:00
60c54e6608c54c1ab2eb093e35721224,c9e480c7d48844eaabbf00ae2225f087,delivered,2026-01-01 12:21:00,2026-01-11 12:21:00
27c09094e27a4d86a7fe406ffafe8037,a6e78355672e41a9bbf691b0a91fcfd8,delivered,2025-09-06 14:28:00,2025-09-17 14:28:00
87464f68fb5b46b4b8f844d019d2abc5,9849a5af32ec40be93bad28a2974e2bc,canceled,2025-12-31 18:57:00,
6fb0b197da8e4b1ea6e94426b131ae64,7e0d4850f0834b0c9411d025fd544d4f,canceled,2025-10-20 08:18:00,
33d5884f048747cfa14bb387fffab53f,e06e5fdcc1c047e2a9f98d13a88a4cd2,delivered,2025-01-09 13:11:00,2025-01-22 13:11:00
8869ec5cddb84bf9a0b3e31318603431,0b6729ef792f4984a67d7959079284d7,delivered,2025-05-15 22:41:00,2025-05-28 22:41:00
97513010a5cd42a3bbf2d3a76436c6ff,1e8a170b317b4fe0a0f790523b0ee33c,canceled,2025-05-11 11:31:00,
aa6abf1192344dc887657c872fed8e32,5a2b72461ea34525a43ed0d7e79c8bc3,delivered,2025-12-15 16:32:00,2025-12-26 16:32:00
ad4ab69325254dd6806561d5fc5c1dc3,12c165805985416489139dd13aa82889,delivered,2025-11-04 18:20:00,2025-11-10 18:20:00
aecbc60a0dff4c1caeedf622818626c2,26a708f834d549e7bcf50d93d1242e32,approved,2025-10-05 10:51:00,
6400c89ac3b04f5faa6960967f1e42d9,56b9703af734486097cc9aa82ee507e7,approved,2025-08-23 11:01:00,
135a8c17adaf4dd0af1a9baeea426fef,50074baeb01c47558612c439c1a60c45,delivered,2025-09-17 12:38:00,2025-09-30 12:38:00
51e57578a0324cbdba3b4183ada8f3ba,7af0d57cd4f840bba5db157e9ca9cc05,delivered,2025-03-03 22:55:00,2025-03-10 22:55:00
213a3ba253834f9f8cce4d3085588aa8,05053ad7c38f4f6f8c1e3909bffed4b9,delivered,2025-10-28 07:00:00,2025-11-05 07:00:00
1c521d64a59844cb90ff6a8394833c49,42215b4558c5476cbbeb965c54dc5d13,delivered,2025-01-07 22:45:00,2025-01-16 22:45:00
9410ba16ba9540ccbcbc37daf613b988,b83b7fbbb5f24c36b657b6049ed82a5f,canceled,2025-05-18 06:32:00,
fec439cacda34e5ba16e5dd92b4d387d,61f85b6fd0a6474895d08b1f4a84f062,delivered,2025-04-21 07:01:00,2025-05-03 07:01:00
dc98ad16410347c4a438d41aeb99a636,14f28ef0551949d89acfff7636387686,delivered,2025-04-22 13:33:00,2025-04-29 13:33:00
89172a7ab3c94b2ba67e30e6cfe41590,9dee75d213b9490e82c76424260c7050,delivered,2025-11-04 11:54:00,2025-11-11 11:54:00
bb10ad4331054cf5841515bb2bf9b400,b68df56e2a734b959a276f72c278ea8c,delivered,2025-03-14 18:43:00,2025-03-23 18:43:00
447ba08eeaf644e78b9d4b26cd0f3dd4,091e6b14e431492d9d626438623fa38c,delivered,2025-03-27 17:31:00,2025-03-30 17:31:00
f642220e64604e70be4aa26ed8fc8576,1316ccf60c2f491d88a75d33703090d9,delivered,2025-04-29 09:30:00,2025-05-06 09:30:00
2c7738f6d634451aa8b32375d94c2f4e,774b9a315b344196aef05d82a2932f31,processing,2025-04-27 20:34:00,
509885797a5445e2aa5a97a40081c606,081647d21039445ebe60f2666353aa60,shipped,2025-01-22 13:25:00,
103b0b5c3bbb4051a4c825f069a440f6,61ab6229006844a69c2f5f7c1ae98565,processing,2025-09-27 14:15:00,
6ea287a2d3df4d088c42523d40fd1412,e9c8fe8f1c2345d7a06e18dcff54403e,shipped,2025-10-02 11:10:00,
454e96c8fb134b2aa22079815869fba2,d13e9407c6bf4361b55a9e5f87b53382,delivered,2025-04-07 12:26:00,2025-04-18 12:26:00
dee3aaf396044edcbec7b03184e09947,fc570b266b544861a927b85c4f559dcd,delivered,2025-08-14 09:30:00,2025-08-24 09:30:00
f3ec58e6eb454eecbdb465f3d97ad32b,d59603b059cd44abb2e93c02b9fe4ddc,delivered,2025-12-21 12:01:00,2026-01-02 12:01:00
4eb3b1ad937a446383bca2284fdd6e07,2e3ee94c713449579ce374c8b5400556,delivered,2025-05-09 08:20:00,2025-05-19 08:20:00
8a9f94ba2a504e02b07469ee0480baa3,c36fe8351c524844888fd59896e41972,delivered,2025-10-24 21:54:00,2025-10-30 21:54:00
83f8dfa6d60d48298f9d7ec0c7d6d22b,c7c9cb062eb74acebc8d77dd5f76195e,delivered,2025-10-07 20:20:00,2025-10-19 20:20:00
2c7c20f0d7f940c082505a1a2e7dc1ef,53a06f7f775946ec992013ff065e49c7,shipped,2025-12-17 12:48:00,
56491f71f66543189a7de41a28811ce6,dd0e36a901064e8a9c9e3c93d97fc89d,canceled,2025-12-02 13:42:00,
6e01fc210caa4382b38930e69230e296,6c0d6fb5d1ab4a8dbd979225f6f57ce9,delivered,2025-03-08 08:20:00,2025-03-21 08:20:00
5eebc669004e4da78359ac4eb19f2d1a,de65fb488f284daa9c10e5fc0b7a60f2,delivered,2025-11-23 10:00:00,2025-12-03 10:00:00
df0e9159e7bf43f986ce6c9939836321,3c2228d887f1412fba2196d69fe39c94,shipped,2025-02-21 18:44:00,
b0bb5997afca4fdd8582726ffc4dd0aa,b19bcd4f2bf044e18a5cf1c31710128c,delivered,2025-08-29 15:30:00,2025-09-03 15:30:00
f52de8699f0648d1ad38507304796c90,98aac6f011684ec6ae0d9004206fe159,canceled,2025-01-08 22:52:00,
e86f8c1e303e41609ddca2ad3bef32a9,7559a22aa56f4dcba6a6c7a5f0ac2613,delivered,2025-05-31 22:53:00,2025-06-03 22:53:00
ce2bdfbad6004d2cb324c77d9ba60531,71cd9231ac5746fe9cf8f9bcf61473cc,delivered,2025-04-07 13:27:00,2025-04-11 13:27:00
ad9d79699c794baf997e47dffde3f57c,ebfa236beff144f28cb6935550d6bd4b,delivered,2025-07-09 21:50:00,2025-07-21 21:50:00
f0355c5e5f2e40648588178e5c4d8459,4aa34c02cf4942faa233cec4605b2327,delivered,2025-10-06 19:30:00,2025-10-09 19:30:00
58c9e5a9ce664452a096197bcf12f49d,ffa9a6f254e742a5b43fe1df7fa78867,delivered,2025-03-23 19:41:00,2025-03-28 19:41:00
70e43003ab774fdb9c2860912b9054c5,990e4a4d4688424b80ffd45e2479055d,delivered,2025-12-10 19:57:00,2025-12-18 19:57:00
628b56b92bba442db1f06acd3f86fcb1,8dc40b8f8739423c8a3fb62e8abef60f,delivered,2025-04-15 10:41:00,2025-04-27 10:41:00
5c7fbab34f4049e2b62f92670970e21a,721b8266b3c444d9893f648f6e15f717,shipped,2025-04-18 19:27:00,
29c4faa91076432bb8a11f71002e2ef8,06a46b0f159b41bb9448eefaeb75265d,delivered,2025-01-11 08:13:00,2025-01-20 08:13:00
e8a140038a0743c586b20181bb64a3a6,41aed6e89f4745f7a477d8ecb00a49bd,delivered,2025-03-23 12:46:00,2025-04-03 12:46:00
626185d7c3cc4567870a9eb3572d7885,d32b7bda9a2e4e68966698aa1e7da9a3,delivered,2025-08-15 17:42:00,2025-08-29 17:42:00
5879df891d9143ed98fe9c1153d594a1,5372d610ebdd47a4b2d49cdf97296602,delivered,2025-06-23 07:43:00,2025-07-03 07:43:00
b334e2341420459d911d97f2ef57ba39,ddb40d3f353a412881e9572c20210c71,delivered,2025-01-06 14:31:00,2025-01-18 14:31:00
1cd3a45d33784e7196a3373f5bbc1ec5,4232df3c75d347009c837b03036186e4,shipped,2025-04-23 06:06:00,
8200bc06c7524be694e47283d45e4806,6ef992d7950d46389c6f35fa2232fbb2,delivered,2025-10-22 06:54:00,2025-10-31 06:54:00
d64c8c32676040628b6c6522207558ff,7647d3564d014eb898dff5dee230072a,canceled,2025-09-29 11:17:00,
956d6be9cc6e4d1b9200808d0aecf131,c7defa2bae1b40d28c8d637e9c4a5721,approved,2025-04-20 12:22:00,
5240cc5411354524bcd96e0efcc4d9a3,4878c65824704caba472521f5432e494,delivered,2025-01-16 21:43:00,2025-01-28 21:43:00
e0f1a24f0ec64cff85a41b7507ee0806,caa6f5622d974ad7b2d874a55f1f0a5e,processing,2025-10-29 06:06:00,
aba758794e224e9d818093557087b08f,cdaa3a861f4d4448be1656b3ba10ac30,shipped,2025-04-25 14:47:00,
6e148e78e48945d0a18421bb549c92d7,439e264fb021479cac9e049524567fbb,delivered,2025-03-30 07:33:00,2025-04-10 07:33:00
7eaef422047b4e98a3248219e12144bc,390a0b6b3c78450aaab04983a67b771d,delivered,2025-01-06 06:42:00,2025-01-09 06:42:00
360b9bf120a4416cb5067d1eaceba44b,f42609a24721436ebf5d31312af8f7dc,processing,2025-02-08 20:53:00,
d28184b07024493489fdc1e7ece3a568,2e46a09bed034328b00ecb0444d8b17c,shipped,2025-10-31 22:26:00,
a350498641cd4f1db92408d1f391f7ef,c67c8c579c9043fa8cac0f6ff08a5f51,delivered,2025-07-28 19:30:00,2025-08-02 19:30:00
a36f0a580aaf41c7af142373ab3982d1,c0661e38c21c4403aec9bf090b5b6e65,canceled,2025-05-03 14:04:00,
22e2a83763ef4ffaa58c7c4b43e8a11d,395650a4c76c4f60b88230b23aae7b14,delivered,2025-07-03 22:49:00,2025-07-07 22:49:00
f7bc8414370148aaace09fd20ad98509,f39571f6e29047f1bab341bb560d33f8,canceled,2025-02-01 10:54:00,
fa75dd9ac81f4c0587a652c47b3c565f,4578f9713ad74d84b54c222d252043e8,shipped,2025-02-05 18:45:00,
0914dc06706247a3872405779f9fd8f0,7f5c01d4e27c4bc5ba88ef6894c1aa77,delivered,2025-02-24 17:04:00,2025-03-05 17:04:00
23cd5189699a4a58af4f6c08b6748467,fc83da48cfc94e3e90352422b5a12a25,delivered,2025-03-23 13:42:00,2025-03-29 13:42:00
fb29e38df61e429cbc37d1f9a6165be5,3c2228d887f1412fba2196d69fe39c94,canceled,2025-08-09 18:40:00,
c84c67f7c65447288c0c6a757c884295,c4f62879d2474c57a1f04346769b27a3,delivered,2025-11-15 22:42:00,2025-11-29 22:42:00
9a14281305534f8c8681dba0e6727467,181e291b234942d0934dbffb4c4f46e7,delivered,2025-08-09 16:51:00,2025-08-21 16:51:00
63493a55501b4518aa5082ff19cfbfb5,244a4640cc71451f83c614998e2c7382,delivered,2025-07-03 06:17:00,2025-07-11 06:17:00
56728a9e21934eff977525ec2e73ffe4,6cfbbc90d996425b83bd0b8217fc38d8,processing,2025-01-25 09:20:00,
8ed7b40a844f4dfeb3f9b2f8170b9cbb,bf2a97b635b348cd9dced108721d6b86,delivered,2025-07-27 17:02:00,2025-08-07 17:02:00
6435b4014b584fcdba65bf60aa5766d7,a58312881e8f4fae9930787937bf24ca,delivered,2025-01-19 20:52:00,2025-01-26 20:52:00
0bb577f5eec24723a0fd7a7430d10200,b8b3fccf3d0642c4af6d60623f1d9834,delivered,2025-07-29 12:53:00,2025-08-12 12:53:00
646fbf08d7a44a1ab165a7a5665eede5,6253daab070b407f8e49f368a18ad669,shipped,2025-08-01 13:56:00,
76b712157c2d402e8171bb73b75f4cb5,c2a62a5e04eb4efcb411145d20f2a732,processing,2025-03-30 09:38:00,
750d8fdaf9f643c6bc29715a982e4a84,29a8dad0d0234ef387e185a37013dce3,canceled,2025-11-21 16:44:00,
e09fe6a32bca46268462a7d58ae73593,03055c255fa04144811b6648da0b045c,approved,2025-05-01 14:13:00,
625760d416374282bedc98dac2f9d688,b816f624d0db4747b5877da1bfc5e884,delivered,2025-09-12 08:11:00,2025-09-17 08:11:00
c2323492f56f4ef0a8c579217ec70cf5,e15a7c7dc41b4a4c9a9ad679177161a3,delivered,2025-01-20 19:07:00,2025-01-31 19:07:00
56d50d86bddb4ffa807077959c2aa442,49075d9e46244763af887a573836a942,approved,2025-08-16 20:41:00,
f21ae5ec63214ed78d49966d4b6cda73,a1820e30cc964b5b9947416503112f2d,delivered,2025-11-11 22:53:00,2025-11-20 22:53:00
7e0112fd2837440a98a348c090b0d924,194b2553b0054c69897bd34fa68a834c,shipped,2025-11-25 08:35:00,
937e57aa76f846769374754fa2d366bf,98963c5ed68849f9946b128fd166202b,processing,2025-02-03 19:56:00,
8efe692158f84485a6a915c99258f6af,1e0956dbdba54df185a36f84c667a863,shipped,2025-10-19 12:17:00,
9fcab01ee61d44c4b91325537f52483e,6ebfb7836b7240e58d91a6f63d6fb7ea,delivered,2025-06-18 16:24:00,2025-06-27 16:24:00
6da97dde839e44579061270c76c8a578,0f4daa0406e34b10a52da7b557caaf8f,delivered,2025-03-07 20:51:00,2025-03-13 20:51:00
19aa8ff153dd4ff087eb353f08e36313,ce32176982fe4c71aee733ce9ba26bfe,delivered,2025-11-24 20:56:00,2025-12-08 20:56:00
c35f4bf211ff4240b18f3bc978e8858f,b8b02394ab03481294217ac404c84bcb,approved,2025-04-02 20:07:00,
c67e28c80b4e4eb2a5f65d8dc3b32bb6,0a68ce8c3eb945cfbb7cdeb42cb7a973,approved,2025-02-02 12:28:00,
b3f2701c45f64dea9da064891d93e047,29418aae53d04e3e932636eeabcd985b,approved,2025-07-24 15:35:00,
145c87a001744e52ac6c38e99254f47c,c4f62879d2474c57a1f04346769b27a3,processing,2025-02-27 14:52:00,
40df45ef2f5341c6aa5dbd7f79adbd7a,981a1a1836a24a26b3006070a9390fba,delivered,2025-09-30 13:53:00,2025-10-08 13:53:00
f2c2f61ad2554f719c4ab3fe57eb75d7,fc25680b74aa4f45862f5ac8ee2531f9,canceled,2025-06-11 06:56:00,
c83bea7c270f413da180b97176d166d7,547d07189ccd4b35be16e8e0daabb7b5,delivered,2025-09-02 06:03:00,2025-09-06 06:03:00
b3161bf699d84af8a2c94ccdfcd1bc3b,e5fd3b2f711f4a058ada04cc57728cde,delivered,2025-09-28 11:35:00,2025-10-01 11:35:00
4f894ec574cb4517be979faf423875ed,5b4b1d4587574b04bfa084dd3ba6a12a,delivered,2025-06-16 13:15:00,2025-06-22 13:15:00
873b3c9938294483a53181bdd4b35d54,739f6ffc83fc43ad9d07a112a1bf9916,delivered,2025-02-28 06:10:00,2025-03-04 06:10:00
fe1e0183fac3487792be84ee32fb26b7,5be208479584401890fef02d14ed3185,delivered,2025-10-16 10:04:00,2025-10-24 10:04:00
3bc1daf2c25843d982fcb3b4a614676a,24b92887603c4ceeb1243990b2c4bef8,shipped,2025-10-21 10:09:00,
eba883f1ed874994a18ee14f4b805a3b,c1a91280de7c432583dbbfa257649a2d,approved,2025-11-10 12:29:00,
dcacccdad730474fb989ae134510bc9c,ddf2fa066ccd46a2b94e01dec2939589,shipped,2025-11-02 21:59:00,
a6b14fa2a5da4a08b9b76fcff93dd6b6,63ddfee6950f4fe4895ed4d48a36a424,approved,2025-05-06 13:09:00,
cefa8f9b4cd94f5e85016b6367295395,016fef5902824745bf5d7c9309826a18,delivered,2025-04-24 07:57:00,2025-04-26 07:57:00
39cc17cf77394f5fba98ff2c05c09d2d,e0188bb0dd8a433a80b5225f29d258e2,processing,2025-03-29 16:10:00,
48f523af78544c6cb346bdac059b1813,4ed65af6009a41ada0dcb7bf5bb3913d,delivered,2025-01-05 07:24:00,2025-01-09 07:24:00
800dc24a68ee41639704ebaf2db9b7b9,1ce21a525f1046dd96895ef199059e9f,delivered,2025-09-05 15:47:00,2025-09-15 15:47:00
c4d1a7a33f1840c18ab7fd20230c8740,01e8bd04824f48958394e62c41616bff,delivered,2025-07-25 14:51:00,2025-08-05 14:51:00
745baa6f255f48eb9972243b9d16580b,919f3264aae84d609423fc0062e2680b,delivered,2025-03-22 14:29:00,2025-04-04 14:29:00
c88708ea8ea84feea361e4aadef48dd9,a4ec2b0374294bac921451b306f4c56a,shipped,2025-11-22 11:37:00,
e2a8302c374a4606b0c503d4c4a0c941,ad685a1866fd4d92952d4df5982deec0,approved,2025-03-31 20:25:00,
bcd9b5b09b4441c881bb98f39c73eeed,d52acc78a3074505aca34572eee50ceb,shipped,2025-10-25 06:52:00,
03fcb2e83a9340f193365e9177fc3cb5,ad1e2e4d73354c779dfa85aeb107ce2e,approved,2025-01-24 11:01:00,
6831254d857d4dec80d57c89ab2580e2,a4e03cda4c1b4bd1b439cce9df8863d9,approved,2025-08-10 10:29:00,
dc120d326b0b442e844b7c90352b8564,bf862d75c169410fb23e8f065a5d0463,delivered,2025-12-15 21:10:00,2025-12-28 21:10:00
164928db46014931ad243b3150d98b7d,173e3e68b5de4d8e876bb1dc53bc957d,delivered,2025-09-27 12:44:00,2025-10-06 12:44:00
f69e406185cc4ceb9ddf8d90af1e4695,1eafef8f3ae248d5813f3b37407b975a,delivered,2025-08-16 14:03:00,2025-08-19 14:03:00
5a37cd01eac34362b54c8b40392f7cc0,62144072332a47d0bdc7ab8d300a0de7,delivered,2025-05-17 07:58:00,2025-05-27 07:58:00
1f40c0d1e4a54dc3b25685bb316a0eec,bbf6b044c22143809f94a428c03e4d37,delivered,2025-04-12 10:41:00,2025-04-14 10:41:00
371b842ffd8b47cd824502b73fec63fb,524bd699896145ae83b7e07a9dd00ab5,processing,2025-06-19 13:07:00,
5b5ed522993647b3b92a352adca88949,ba195de61f9b44e5857d0a6baeffe850,canceled,2025-09-23 13:48:00,
567a102b6d4f4909a487395c4d4727bc,79260a33127e47d09c48a09fa9d20efd,approved,2025-04-01 20:38:00,
7a44bfcabab846a7b1cf40e7848f34ab,b9b48a67c29f42b481a922a65c5f9504,delivered,2025-06-11 15:21:00,2025-06-20 15:21:00
f2ebb664c3bb4e43bff7985226d51029,2e70c4c39bfe4a26a291b7c881004835,delivered,2025-10-13 16:17:00,2025-10-16 16:17:00
2cc9f72b78ed45cea0b86114db1ca09d,acf000b104914ba78e367691eafaba25,processing,2025-03-11 13:27:00,
821bf58cefaf423d834c3c801c025f0f,080d7d97e7ff43a5b155fbb6bf955682,approved,2025-02-06 19:11:00,
bd982c847d604863ae3be9293042dc14,11ab58cff1424d45995ca9ec3b2a3ae5,delivered,2025-01-17 08:38:00,2025-01-29 08:38:00
0e01aace2ea448e681b47fec42d47b6d,8d174edb495d4e068c33b914b02b70b5,delivered,2025-04-09 14:39:00,2025-04-15 14:39:00
a14f6d46876d4e40bb8c5a0dc53b1199,359894ce6e1b4eb69a1bc5371c005d3d,delivered,2025-01-08 14:22:00,2025-01-22 14:22:00
261939b6a8de470f969d22a29c293c9f,3790f63cd7914e6d9621948cf25e7246,delivered,2025-12-02 07:22:00,2025-12-06 07:22:00
835a5fe90e2e4781a5c7d2a4207088f0,638971f2d99449faa9550a2c55bf8655,shipped,2025-04-14 22:41:00,
6f62303794b842d1a2f6fa4f1b0ca9c5,cd0a4b32b7334de482216c26724ca5f6,shipped,2025-01-07 20:49:00,
6cf5e5266bc7449d96d547363bb0c1ac,303eb507c0a94c838319d61cddf56034,shipped,2025-05-08 09:40:00,
860b09bf1dbb42deac02d3657f100d76,400b126695c6412594591b51858cb320,delivered,2025-09-01 18:14:00,2025-09-13 18:14:00
e7a0ecee2e474b0f8ca8e39c431ec278,d95327b899b74461b4027612860b9916,processing,2025-06-23 15:45:00,
be38e6995a354c9c87266ba51bb34315,a411d6e6516c4767a226b244fd3225de,delivered,2025-03-29 10:00:00,2025-04-11 10:00:00
8fd59f2fb3274baab1b14605678a68fb,5371a25d55f74f3fa0a6f9c5225f9810,approved,2025-08-11 20:35:00,
3bde667b85614ce5b625f606d2b3f5d7,ebfa236beff144f28cb6935550d6bd4b,processing,2025-10-27 17:06:00,
eea4b024b38e4a43a97675078e291a08,80df998942d2450f9669179d1d56bb98,delivered,2025-01-01 16:31:00,2025-01-03 16:31:00
f65af2e055fd4377b3cff25b8b0de1f8,02c91e7a25774d4d9e3701cf6b7c7a97,delivered,2025-04-08 06:49:00,2025-04-20 06:49:00
6a96498a10204b5c9576b826e71712b9,a972b495c8ef474da6f3cddd6c1818e8,delivered,2025-04-04 07:03:00,2025-04-06 07:03:00
52e58d37386341449d02b00b8ee5d886,a922e5f814aa4ec68bd9069d195164a5,delivered,2025-10-28 06:53:00,2025-10-31 06:53:00
639c8f2cecd84e0cb813a01191ba371e,8ca98fbb89834c90a6da697ee34e87eb,delivered,2025-01-26 07:36:00,2025-01-30 07:36:00
4b0d67819f3b4444992119f609ea95dc,08dc37b62899407bbfdd5bad08986cfe,approved,2025-02-27 06:12:00,
e9d1771697f74342a55d25d1351c7f11,e745a4e1e0854ca28cca7a066e3627b2,processing,2025-09-29 21:32:00,
cab61dda90764d78aeb9e03d0c2b3ff9,07202bd8c8a84473a660e3750be0a40b,delivered,2025-05-29 09:29:00,2025-06-08 09:29:00
ff94f3ade78b489aaf27bc295c60e362,4b124e61de4946f3aeee0657665129a8,processing,2025-08-06 17:18:00,
9d2be9b0c6c64306871e568a2e25cc5f,ae94e2a8eb7045aead38710ee7b47483,processing,2025-07-21 11:47:00,
2b1c9d86397f49f58dc0f6f68ec4c53d,1a12c295bb454cfbb711a985bc9ddef5,approved,2025-11-01 17:59:00,
db6b5ec8a16246c385ab4281d913d6bb,5a1fda20181c4083aed010e3c3e945c0,approved,2025-07-08 13:32:00,
2ba1efd7f6ac41e29101b6808bbd647e,56b9703af734486097cc9aa82ee507e7,delivered,2025-09-02 08:20:00,2025-09-14 08:20:00
f79e7c70b03d4308b3e0b3d710b0c748,90967f7a6ee4460ab9041ecf13a766c5,delivered,2025-03-31 07:23:00,2025-04-10 07:23:00
c6f8e7ed2b6a42248f241a91190826f6,c8b9d0fff6754925a5b0fa68969041c0,delivered,2025-03-12 22:14:00,2025-03-21 22:14:00
e4fef0fe9e964a569d0e8896954c2f34,62b6185dbe2c43ae8dabacf85f79ce7d,shipped,2025-09-29 21:21:00,
2182eb09305d4181aa82cc13e30d3028,03ea9ad5ea6548fe9021eba95c2edf9d,delivered,2025-11-09 18:13:00,2025-11-13 18:13:00
c6fdbc5aaacd4b1483ec97e1f190607a,f45985ee6a164b69896b971a0283db29,processing,2025-05-30 18:25:00,
7f10af77712140d18c3c1441f3d26e18,e97edb86a6de48c98b03b335acf313e6,delivered,2025-04-03 14:32:00,2025-04-09 14:32:00
c42970ed1806420a8e1d6cbc915d42b2,1d04328d19b54946806f90a445771242,delivered,2025-01-13 06:00:00,2025-01-16 06:00:00
f97bb050100c40c7a34af057d7e25098,1a1611f6fe25463bb48963de504e4c60,delivered,2025-02-20 07:04:00,2025-02-28 07:04:00
54d48e48ddf84039a955a464f32eb239,984a54d5b46645b194d1924b4fe2f1e4,delivered,2025-08-15 06:47:00,2025-08-23 06:47:00
e9c41b277a4346f2ab7005179265d079,c4a2c2870a2f45bfa47c0fd6e7e80337,shipped,2025-05-11 13:00:00,
33df965a85fb4ca38952503b78c54524,7a73752138a7429d852a25570f446617,delivered,2025-11-12 12:59:00,2025-11-19 12:59:00
fd00b47b74164110aa90acbdb3f1fd6f,9dd8520e2988457aa5b4f4ed6325631f,delivered,2025-01-07 17:17:00,2025-01-11 17:17:00
f34efa165b48439d8d3b9944dd476f38,a8fa68f125ea4ac9bdd3ab2bcbd3be41,delivered,2025-06-29 21:18:00,2025-07-02 21:18:00
e980ea5b69694c6bb705499dadd03382,bcc0caab54cd4ae28b4d13bd10f2b710,delivered,2025-10-09 09:48:00,2025-10-14 09:48:00
902c7b22170e4bd1b700fb3e8c65f3cb,6e2dd5d20a70414fada4161e790928c6,canceled,2025-12-17 22:07:00,
532b4bacfe804d10a0402f26d896e2af,f9b27487c1f04997913166dc8cdc328f,delivered,2025-05-24 20:46:00,2025-05-29 20:46:00
ea0b8fb5f21e4d789d49d415516d0e2e,3fdbdb1a750141738a3e649115667046,shipped,2025-10-22 06:20:00,
db6c38df6fb4487facab91a9d2baf685,49075d9e46244763af887a573836a942,delivered,2025-12-01 09:45:00,2025-12-08 09:45:00
73789e637efa46d68312cd6e0642a3a6,26388398cecf4433b9fc66bb2d22fd60,approved,2025-09-11 10:35:00,
50356ee6e6ee42b2b03b96f679146c8f,82e63be08f3c41b695774feeda19086c,delivered,2025-10-09 15:41:00,2025-10-12 15:41:00
d08850211a7c4744ac632f228b6e20c0,113243bf008e4144bea13d05ed9da280,processing,2025-08-05 10:46:00,
ca399180d4214d8b88ac922cabd58067,618c5e0e1cf94b6d9c1e24ea2ba3473b,delivered,2025-02-28 12:54:00,2025-03-08 12:54:00
4a899c3673944ce297647a23b8f22a9e,13f803c9add844eea00cbe03d0ce072b,delivered,2025-11-21 15:42:00,2025-11-24 15:42:00
e393ea2459e54bcebf78c4012a783b8b,763e342296b44beab5872e94b49d2e69,delivered,2025-12-10 12:44:00,2025-12-24 12:44:00
6166dfeab0d540efb86e06e5ee9b1326,6143a7c1bd8448ac84d76cc6483f03bd,delivered,2025-04-28 10:37:00,2025-05-05 10:37:00
